inventory_log_id,store_id,product_id,warehouse_id,offline_stock_qty,online_stock_qty,reserved_qty,shrinkage_rate_pct,last_sync_timestamp,sync_status
INV-80001,STR-502,PRD-5001,WH-104,98,370,14,1.74,2026-07-30 20:19:20,Synced
INV-80002,STR-503,PRD-5002,WH-101,125,117,17,1.35,2026-07-30 20:19:20,Synced
INV-80003,STR-504,PRD-5003,WH-102,36,306,14,1.81,2026-07-30 20:19:20,Synced
INV-80004,STR-505,PRD-5004,WH-101,115,250,17,2.34,2026-07-30 20:19:20,Discrepancy Warning
INV-80005,STR-501,PRD-5005,WH-101,33,277,2,4.13,2026-07-30 20:19:20,Discrepancy Warning
INV-80006,STR-502,PRD-5006,WH-104,140,285,18,1.8,2026-07-30 20:19:20,Synced
INV-80007,STR-503,PRD-5007,WH-102,15,392,0,3.45,2026-07-30 20:19:20,Discrepancy Warning
INV-80008,STR-504,PRD-5008,WH-101,82,358,12,4.26,2026-07-30 20:19:20,Discrepancy Warning
INV-80009,STR-505,PRD-5009,WH-104,100,182,17,2.8,2026-07-30 20:19:20,Discrepancy Warning
INV-80010,STR-501,PRD-5010,WH-101,123,84,9,1.87,2026-07-30 20:19:20,Synced
INV-80011,STR-502,PRD-5011,WH-102,68,277,18,4.12,2026-07-30 20:19:20,Discrepancy Warning
INV-80012,STR-503,PRD-5012,WH-104,68,128,7,1.54,2026-07-30 20:19:20,Synced
INV-80013,STR-504,PRD-5013,WH-103,59,296,11,3.96,2026-07-30 20:19:20,Discrepancy Warning
INV-80014,STR-505,PRD-5014,WH-102,148,329,7,3.52,2026-07-30 20:19:20,Discrepancy Warning
INV-80015,STR-501,PRD-5015,WH-103,83,295,4,3.16,2026-07-30 20:19:20,Discrepancy Warning
INV-80016,STR-502,PRD-5016,WH-103,116,195,13,0.9,2026-07-30 20:19:20,Synced
INV-80017,STR-503,PRD-5017,WH-103,59,150,1,0.4,2026-07-30 20:19:20,Synced
INV-80018,STR-504,PRD-5018,WH-101,104,266,4,3.65,2026-07-30 20:19:20,Discrepancy Warning
INV-80019,STR-505,PRD-5019,WH-101,88,317,2,0.97,2026-07-30 20:19:20,Synced
INV-80020,STR-501,PRD-5020,WH-101,17,251,1,1.95,2026-07-30 20:19:20,Synced
INV-80021,STR-502,PRD-5021,WH-104,88,382,5,1.39,2026-07-30 20:19:20,Synced
INV-80022,STR-503,PRD-5022,WH-103,12,10,15,3.14,2026-07-30 20:19:20,Discrepancy Warning
INV-80023,STR-504,PRD-5023,WH-104,150,329,3,0.87,2026-07-30 20:19:20,Synced
INV-80024,STR-505,PRD-5024,WH-103,56,156,5,3.76,2026-07-30 20:19:20,Discrepancy Warning
INV-80025,STR-501,PRD-5025,WH-103,24,310,19,3.58,2026-07-30 20:19:20,Discrepancy Warning
INV-80026,STR-502,PRD-5026,WH-102,77,161,12,0.81,2026-07-30 20:19:20,Synced
INV-80027,STR-503,PRD-5027,WH-102,132,256,20,3.1,2026-07-30 20:19:20,Discrepancy Warning
INV-80028,STR-504,PRD-5028,WH-103,68,188,0,3.44,2026-07-30 20:19:20,Discrepancy Warning
INV-80029,STR-505,PRD-5029,WH-101,49,227,3,2.9,2026-07-30 20:19:20,Discrepancy Warning
INV-80030,STR-501,PRD-5030,WH-101,8,291,13,2.44,2026-07-30 20:19:20,Discrepancy Warning
INV-80031,STR-502,PRD-5031,WH-101,111,244,18,1.13,2026-07-30 20:19:20,Synced
INV-80032,STR-503,PRD-5032,WH-102,140,311,2,3.11,2026-07-30 20:19:20,Discrepancy Warning
INV-80033,STR-504,PRD-5033,WH-104,148,369,6,3.73,2026-07-30 20:19:20,Discrepancy Warning
INV-80034,STR-505,PRD-5034,WH-101,102,360,0,1.14,2026-07-30 20:19:20,Synced
INV-80035,STR-501,PRD-5035,WH-103,147,124,20,1.98,2026-07-30 20:19:20,Synced
INV-80036,STR-502,PRD-5036,WH-104,143,190,12,0.86,2026-07-30 20:19:20,Synced
INV-80037,STR-503,PRD-5037,WH-101,133,357,5,0.34,2026-07-30 20:19:20,Synced
INV-80038,STR-504,PRD-5038,WH-103,94,242,18,1.43,2026-07-30 20:19:20,Synced
INV-80039,STR-505,PRD-5039,WH-104,134,302,18,3.14,2026-07-30 20:19:20,Discrepancy Warning
INV-80040,STR-501,PRD-5040,WH-101,70,192,13,2.09,2026-07-30 20:19:20,Discrepancy Warning
INV-80041,STR-502,PRD-5041,WH-102,41,164,19,2.34,2026-07-30 20:19:20,Discrepancy Warning
INV-80042,STR-503,PRD-5042,WH-103,51,160,16,0.23,2026-07-30 20:19:20,Synced
INV-80043,STR-504,PRD-5043,WH-101,23,184,3,3.66,2026-07-30 20:19:20,Discrepancy Warning
INV-80044,STR-505,PRD-5044,WH-101,49,346,6,1.92,2026-07-30 20:19:20,Synced
INV-80045,STR-501,PRD-5045,WH-101,85,145,1,0.43,2026-07-30 20:19:20,Synced
INV-80046,STR-502,PRD-5046,WH-104,18,62,6,3.1,2026-07-30 20:19:20,Discrepancy Warning
INV-80047,STR-503,PRD-5047,WH-102,81,264,18,3.76,2026-07-30 20:19:20,Discrepancy Warning
INV-80048,STR-504,PRD-5048,WH-104,100,118,17,1.13,2026-07-30 20:19:20,Synced
INV-80049,STR-505,PRD-5049,WH-103,142,89,18,2.29,2026-07-30 20:19:20,Discrepancy Warning
INV-80050,STR-501,PRD-5050,WH-104,7,395,4,0.96,2026-07-30 20:19:20,Synced
INV-80051,STR-502,PRD-5051,WH-103,11,199,16,3.83,2026-07-30 20:19:20,Discrepancy Warning
INV-80052,STR-503,PRD-5052,WH-102,35,176,5,3.77,2026-07-30 20:19:20,Discrepancy Warning
INV-80053,STR-504,PRD-5053,WH-103,87,165,11,1.95,2026-07-30 20:19:20,Synced
INV-80054,STR-505,PRD-5054,WH-104,100,57,4,0.24,2026-07-30 20:19:20,Synced
INV-80055,STR-501,PRD-5055,WH-104,65,394,6,3.11,2026-07-30 20:19:20,Discrepancy Warning
INV-80056,STR-502,PRD-5056,WH-102,97,323,16,1.89,2026-07-30 20:19:20,Synced
INV-80057,STR-503,PRD-5057,WH-103,89,271,20,3.89,2026-07-30 20:19:20,Discrepancy Warning
INV-80058,STR-504,PRD-5058,WH-101,40,221,18,0.71,2026-07-30 20:19:20,Synced
INV-80059,STR-505,PRD-5059,WH-103,23,15,15,1.43,2026-07-30 20:19:20,Synced
INV-80060,STR-501,PRD-5060,WH-101,14,185,2,3.35,2026-07-30 20:19:20,Discrepancy Warning
INV-80061,STR-502,PRD-5061,WH-101,13,339,9,2.37,2026-07-30 20:19:20,Discrepancy Warning
INV-80062,STR-503,PRD-5062,WH-102,146,177,15,0.31,2026-07-30 20:19:20,Synced
INV-80063,STR-504,PRD-5063,WH-103,47,42,14,0.33,2026-07-30 20:19:20,Synced
INV-80064,STR-505,PRD-5064,WH-103,34,271,8,1.77,2026-07-30 20:19:20,Synced
INV-80065,STR-501,PRD-5065,WH-104,18,201,7,0.26,2026-07-30 20:19:20,Synced
INV-80066,STR-502,PRD-5066,WH-101,20,390,6,3.49,2026-07-30 20:19:20,Discrepancy Warning
INV-80067,STR-503,PRD-5067,WH-101,84,330,10,4.2,2026-07-30 20:19:20,Discrepancy Warning
INV-80068,STR-504,PRD-5068,WH-102,80,160,2,3.28,2026-07-30 20:19:20,Discrepancy Warning
INV-80069,STR-505,PRD-5069,WH-102,91,377,11,4.19,2026-07-30 20:19:20,Discrepancy Warning
INV-80070,STR-501,PRD-5070,WH-103,63,269,12,1.78,2026-07-30 20:19:20,Synced
INV-80071,STR-502,PRD-5071,WH-101,60,223,11,2.04,2026-07-30 20:19:20,Discrepancy Warning
INV-80072,STR-503,PRD-5072,WH-104,104,215,13,1.97,2026-07-30 20:19:20,Synced
INV-80073,STR-504,PRD-5073,WH-101,97,322,9,1.87,2026-07-30 20:19:20,Synced
INV-80074,STR-505,PRD-5074,WH-102,31,285,9,1.87,2026-07-30 20:19:20,Synced
INV-80075,STR-501,PRD-5075,WH-101,74,226,8,2.02,2026-07-30 20:19:20,Discrepancy Warning
INV-80076,STR-502,PRD-5076,WH-103,25,325,12,0.54,2026-07-30 20:19:20,Synced
INV-80077,STR-503,PRD-5077,WH-104,46,205,4,0.36,2026-07-30 20:19:20,Synced
INV-80078,STR-504,PRD-5078,WH-103,24,379,5,3.89,2026-07-30 20:19:20,Discrepancy Warning
INV-80079,STR-505,PRD-5079,WH-102,6,159,20,3.83,2026-07-30 20:19:20,Discrepancy Warning
INV-80080,STR-501,PRD-5080,WH-102,76,316,14,3.36,2026-07-30 20:19:20,Discrepancy Warning
INV-80081,STR-502,PRD-5081,WH-101,77,394,3,3.96,2026-07-30 20:19:20,Discrepancy Warning
INV-80082,STR-503,PRD-5082,WH-101,141,246,1,2.3,2026-07-30 20:19:20,Discrepancy Warning
INV-80083,STR-504,PRD-5083,WH-102,28,12,5,4.46,2026-07-30 20:19:20,Discrepancy Warning
INV-80084,STR-505,PRD-5084,WH-101,148,286,2,1.52,2026-07-30 20:19:20,Synced
INV-80085,STR-501,PRD-5085,WH-103,139,307,17,2.98,2026-07-30 20:19:20,Discrepancy Warning
INV-80086,STR-502,PRD-5086,WH-101,119,73,7,2.26,2026-07-30 20:19:20,Discrepancy Warning
INV-80087,STR-503,PRD-5087,WH-104,80,141,6,3.4,2026-07-30 20:19:20,Discrepancy Warning
INV-80088,STR-504,PRD-5088,WH-101,95,80,1,0.84,2026-07-30 20:19:20,Synced
INV-80089,STR-505,PRD-5089,WH-102,42,233,11,3.44,2026-07-30 20:19:20,Discrepancy Warning
INV-80090,STR-501,PRD-5090,WH-101,32,204,12,4.33,2026-07-30 20:19:20,Discrepancy Warning
INV-80091,STR-502,PRD-5091,WH-102,25,281,15,1.27,2026-07-30 20:19:20,Synced
INV-80092,STR-503,PRD-5092,WH-101,54,287,4,2.03,2026-07-30 20:19:20,Discrepancy Warning
INV-80093,STR-504,PRD-5093,WH-101,97,131,11,3.3,2026-07-30 20:19:20,Discrepancy Warning
INV-80094,STR-505,PRD-5094,WH-102,33,107,20,2.79,2026-07-30 20:19:20,Discrepancy Warning
INV-80095,STR-501,PRD-5095,WH-102,87,173,17,3.39,2026-07-30 20:19:20,Discrepancy Warning
INV-80096,STR-502,PRD-5096,WH-103,69,54,17,1.55,2026-07-30 20:19:20,Synced
INV-80097,STR-503,PRD-5097,WH-103,39,288,16,3.33,2026-07-30 20:19:20,Discrepancy Warning
INV-80098,STR-504,PRD-5098,WH-104,41,268,6,0.42,2026-07-30 20:19:20,Synced
INV-80099,STR-505,PRD-5099,WH-102,129,73,5,2.8,2026-07-30 20:19:20,Discrepancy Warning
INV-80100,STR-501,PRD-5100,WH-102,81,55,8,1.7,2026-07-30 20:19:20,Synced
INV-80101,STR-502,PRD-5101,WH-103,19,174,2,0.95,2026-07-30 20:19:20,Synced
INV-80102,STR-503,PRD-5102,WH-102,66,299,3,2.81,2026-07-30 20:19:20,Discrepancy Warning
INV-80103,STR-504,PRD-5103,WH-101,117,329,11,3.84,2026-07-30 20:19:20,Discrepancy Warning
INV-80104,STR-505,PRD-5104,WH-101,55,55,13,0.35,2026-07-30 20:19:20,Synced
INV-80105,STR-501,PRD-5105,WH-103,134,278,13,3.22,2026-07-30 20:19:20,Discrepancy Warning
INV-80106,STR-502,PRD-5106,WH-103,122,215,19,1.56,2026-07-30 20:19:20,Synced
INV-80107,STR-503,PRD-5107,WH-104,39,305,10,3.38,2026-07-30 20:19:20,Discrepancy Warning
INV-80108,STR-504,PRD-5108,WH-104,143,98,18,0.48,2026-07-30 20:19:20,Synced
INV-80109,STR-505,PRD-5109,WH-101,138,284,12,2.95,2026-07-30 20:19:20,Discrepancy Warning
INV-80110,STR-501,PRD-5110,WH-104,52,213,17,1.35,2026-07-30 20:19:20,Synced
INV-80111,STR-502,PRD-5111,WH-102,97,18,15,0.95,2026-07-30 20:19:20,Synced
INV-80112,STR-503,PRD-5112,WH-103,17,295,8,3.74,2026-07-30 20:19:20,Discrepancy Warning
INV-80113,STR-504,PRD-5113,WH-103,125,58,15,3.73,2026-07-30 20:19:20,Discrepancy Warning
INV-80114,STR-505,PRD-5114,WH-101,117,245,0,2.27,2026-07-30 20:19:20,Discrepancy Warning
INV-80115,STR-501,PRD-5115,WH-101,122,77,0,2.15,2026-07-30 20:19:20,Discrepancy Warning
INV-80116,STR-502,PRD-5116,WH-101,35,84,20,0.46,2026-07-30 20:19:20,Synced
INV-80117,STR-503,PRD-5117,WH-101,21,96,0,3.65,2026-07-30 20:19:20,Discrepancy Warning
INV-80118,STR-504,PRD-5118,WH-102,141,180,16,2.28,2026-07-30 20:19:20,Discrepancy Warning
INV-80119,STR-505,PRD-5119,WH-104,20,135,6,1.79,2026-07-30 20:19:20,Synced
INV-80120,STR-501,PRD-5120,WH-101,47,329,15,3.67,2026-07-30 20:19:20,Discrepancy Warning
INV-80121,STR-502,PRD-5121,WH-104,38,337,17,4.0,2026-07-30 20:19:20,Discrepancy Warning
INV-80122,STR-503,PRD-5122,WH-104,53,147,12,1.16,2026-07-30 20:19:20,Synced
INV-80123,STR-504,PRD-5123,WH-101,142,108,19,2.12,2026-07-30 20:19:20,Discrepancy Warning
INV-80124,STR-505,PRD-5124,WH-102,108,110,13,4.1,2026-07-30 20:19:20,Discrepancy Warning
INV-80125,STR-501,PRD-5125,WH-102,29,195,9,1.28,2026-07-30 20:19:20,Synced
INV-80126,STR-502,PRD-5126,WH-102,11,203,19,3.32,2026-07-30 20:19:20,Discrepancy Warning
INV-80127,STR-503,PRD-5127,WH-104,106,194,5,1.39,2026-07-30 20:19:20,Synced
INV-80128,STR-504,PRD-5128,WH-103,30,31,20,3.81,2026-07-30 20:19:20,Discrepancy Warning
INV-80129,STR-505,PRD-5129,WH-102,6,94,4,0.3,2026-07-30 20:19:20,Synced
INV-80130,STR-501,PRD-5130,WH-102,90,174,16,2.24,2026-07-30 20:19:20,Discrepancy Warning
INV-80131,STR-502,PRD-5131,WH-104,91,22,7,3.09,2026-07-30 20:19:20,Discrepancy Warning
INV-80132,STR-503,PRD-5132,WH-102,78,160,18,2.96,2026-07-30 20:19:20,Discrepancy Warning
INV-80133,STR-504,PRD-5133,WH-104,45,225,16,2.2,2026-07-30 20:19:20,Discrepancy Warning
INV-80134,STR-505,PRD-5134,WH-102,18,205,15,1.83,2026-07-30 20:19:20,Synced
INV-80135,STR-501,PRD-5135,WH-104,88,189,8,1.77,2026-07-30 20:19:20,Synced
INV-80136,STR-502,PRD-5136,WH-103,45,138,15,3.51,2026-07-30 20:19:20,Discrepancy Warning
INV-80137,STR-503,PRD-5137,WH-104,137,165,4,2.53,2026-07-30 20:19:20,Discrepancy Warning
INV-80138,STR-504,PRD-5138,WH-101,46,350,20,2.53,2026-07-30 20:19:20,Discrepancy Warning
INV-80139,STR-505,PRD-5139,WH-103,128,90,2,1.2,2026-07-30 20:19:20,Synced
INV-80140,STR-501,PRD-5140,WH-102,40,299,8,2.85,2026-07-30 20:19:20,Discrepancy Warning
INV-80141,STR-502,PRD-5141,WH-103,28,153,2,1.5,2026-07-30 20:19:20,Synced
INV-80142,STR-503,PRD-5142,WH-104,62,122,15,2.21,2026-07-30 20:19:20,Discrepancy Warning
INV-80143,STR-504,PRD-5143,WH-103,54,116,6,1.36,2026-07-30 20:19:20,Synced
INV-80144,STR-505,PRD-5144,WH-104,5,165,1,1.11,2026-07-30 20:19:20,Synced
INV-80145,STR-501,PRD-5145,WH-101,21,18,8,4.05,2026-07-30 20:19:20,Discrepancy Warning
INV-80146,STR-502,PRD-5146,WH-102,107,309,11,0.78,2026-07-30 20:19:20,Synced
INV-80147,STR-503,PRD-5147,WH-101,95,275,17,2.78,2026-07-30 20:19:20,Discrepancy Warning
INV-80148,STR-504,PRD-5148,WH-101,146,307,20,0.29,2026-07-30 20:19:20,Synced
INV-80149,STR-505,PRD-5149,WH-104,120,366,20,2.25,2026-07-30 20:19:20,Discrepancy Warning
INV-80150,STR-501,PRD-5150,WH-102,116,108,12,3.13,2026-07-30 20:19:20,Discrepancy Warning
INV-80151,STR-502,PRD-5151,WH-102,91,359,2,3.19,2026-07-30 20:19:20,Discrepancy Warning
INV-80152,STR-503,PRD-5152,WH-104,109,21,0,2.04,2026-07-30 20:19:20,Discrepancy Warning
INV-80153,STR-504,PRD-5153,WH-102,48,240,6,0.88,2026-07-30 20:19:20,Synced
INV-80154,STR-505,PRD-5154,WH-101,104,100,14,2.55,2026-07-30 20:19:20,Discrepancy Warning
INV-80155,STR-501,PRD-5155,WH-103,50,21,14,1.85,2026-07-30 20:19:20,Synced
INV-80156,STR-502,PRD-5156,WH-103,48,305,0,0.27,2026-07-30 20:19:20,Synced
INV-80157,STR-503,PRD-5157,WH-101,32,300,7,1.44,2026-07-30 20:19:20,Synced
INV-80158,STR-504,PRD-5158,WH-102,69,336,14,1.84,2026-07-30 20:19:20,Synced
INV-80159,STR-505,PRD-5159,WH-104,132,102,16,2.21,2026-07-30 20:19:20,Discrepancy Warning
INV-80160,STR-501,PRD-5160,WH-103,70,254,1,3.8,2026-07-30 20:19:20,Discrepancy Warning
INV-80161,STR-502,PRD-5161,WH-103,70,291,6,2.58,2026-07-30 20:19:20,Discrepancy Warning
INV-80162,STR-503,PRD-5162,WH-104,68,229,5,3.6,2026-07-30 20:19:20,Discrepancy Warning
INV-80163,STR-504,PRD-5163,WH-101,31,155,10,1.5,2026-07-30 20:19:20,Synced
INV-80164,STR-505,PRD-5164,WH-103,57,90,18,2.51,2026-07-30 20:19:20,Discrepancy Warning
INV-80165,STR-501,PRD-5165,WH-104,47,45,5,2.92,2026-07-30 20:19:20,Discrepancy Warning
INV-80166,STR-502,PRD-5166,WH-102,6,121,14,0.29,2026-07-30 20:19:20,Synced
INV-80167,STR-503,PRD-5167,WH-101,86,213,8,1.04,2026-07-30 20:19:20,Synced
INV-80168,STR-504,PRD-5168,WH-102,41,279,8,4.2,2026-07-30 20:19:20,Discrepancy Warning
INV-80169,STR-505,PRD-5169,WH-102,45,342,5,0.5,2026-07-30 20:19:20,Synced
INV-80170,STR-501,PRD-5170,WH-102,31,343,0,1.53,2026-07-30 20:19:20,Synced
INV-80171,STR-502,PRD-5171,WH-101,42,121,2,1.15,2026-07-30 20:19:20,Synced
INV-80172,STR-503,PRD-5172,WH-103,111,370,17,3.26,2026-07-30 20:19:20,Discrepancy Warning
INV-80173,STR-504,PRD-5173,WH-104,64,336,20,2.97,2026-07-30 20:19:20,Discrepancy Warning
INV-80174,STR-505,PRD-5174,WH-101,92,116,17,4.16,2026-07-30 20:19:20,Discrepancy Warning
INV-80175,STR-501,PRD-5175,WH-102,19,135,5,2.12,2026-07-30 20:19:20,Discrepancy Warning
INV-80176,STR-502,PRD-5176,WH-103,115,96,20,1.95,2026-07-30 20:19:20,Synced
INV-80177,STR-503,PRD-5177,WH-104,58,108,7,2.07,2026-07-30 20:19:20,Discrepancy Warning
INV-80178,STR-504,PRD-5178,WH-102,65,375,18,2.54,2026-07-30 20:19:20,Discrepancy Warning
INV-80179,STR-505,PRD-5179,WH-102,34,359,17,0.23,2026-07-30 20:19:20,Synced
INV-80180,STR-501,PRD-5180,WH-104,81,60,1,4.01,2026-07-30 20:19:20,Discrepancy Warning
INV-80181,STR-502,PRD-5181,WH-102,18,302,8,1.0,2026-07-30 20:19:20,Synced
INV-80182,STR-503,PRD-5182,WH-103,135,242,4,0.29,2026-07-30 20:19:20,Synced
INV-80183,STR-504,PRD-5183,WH-104,49,159,15,4.09,2026-07-30 20:19:20,Discrepancy Warning
INV-80184,STR-505,PRD-5184,WH-102,129,207,17,2.03,2026-07-30 20:19:20,Discrepancy Warning
INV-80185,STR-501,PRD-5185,WH-101,83,38,7,3.36,2026-07-30 20:19:20,Discrepancy Warning
INV-80186,STR-502,PRD-5186,WH-101,23,351,15,2.07,2026-07-30 20:19:20,Discrepancy Warning
INV-80187,STR-503,PRD-5187,WH-103,99,183,16,3.85,2026-07-30 20:19:20,Discrepancy Warning
INV-80188,STR-504,PRD-5188,WH-103,130,309,13,4.06,2026-07-30 20:19:20,Discrepancy Warning
INV-80189,STR-505,PRD-5189,WH-103,33,160,10,4.37,2026-07-30 20:19:20,Discrepancy Warning
INV-80190,STR-501,PRD-5190,WH-101,23,84,13,0.42,2026-07-30 20:19:20,Synced
INV-80191,STR-502,PRD-5191,WH-104,120,30,5,2.73,2026-07-30 20:19:20,Discrepancy Warning
INV-80192,STR-503,PRD-5192,WH-101,135,191,0,1.2,2026-07-30 20:19:20,Synced
INV-80193,STR-504,PRD-5193,WH-104,69,237,18,0.22,2026-07-30 20:19:20,Synced
INV-80194,STR-505,PRD-5194,WH-101,127,68,11,0.37,2026-07-30 20:19:20,Synced
INV-80195,STR-501,PRD-5195,WH-102,139,38,10,2.19,2026-07-30 20:19:20,Discrepancy Warning
INV-80196,STR-502,PRD-5196,WH-101,41,297,20,1.65,2026-07-30 20:19:20,Synced
INV-80197,STR-503,PRD-5197,WH-101,143,337,5,2.55,2026-07-30 20:19:20,Discrepancy Warning
INV-80198,STR-504,PRD-5198,WH-104,26,79,3,2.77,2026-07-30 20:19:20,Discrepancy Warning
INV-80199,STR-505,PRD-5199,WH-103,44,169,8,3.16,2026-07-30 20:19:20,Discrepancy Warning
INV-80200,STR-501,PRD-5200,WH-101,99,248,0,0.8,2026-07-30 20:19:20,Synced
INV-80201,STR-502,PRD-5201,WH-104,87,221,4,0.45,2026-07-30 20:19:20,Synced
INV-80202,STR-503,PRD-5202,WH-101,12,137,16,4.04,2026-07-30 20:19:20,Discrepancy Warning
INV-80203,STR-504,PRD-5203,WH-103,28,269,7,3.5,2026-07-30 20:19:20,Discrepancy Warning
INV-80204,STR-505,PRD-5204,WH-101,114,184,11,2.92,2026-07-30 20:19:20,Discrepancy Warning
INV-80205,STR-501,PRD-5205,WH-104,73,142,7,3.26,2026-07-30 20:19:20,Discrepancy Warning
INV-80206,STR-502,PRD-5206,WH-103,120,149,18,1.28,2026-07-30 20:19:20,Synced
INV-80207,STR-503,PRD-5207,WH-101,96,224,15,1.27,2026-07-30 20:19:20,Synced
INV-80208,STR-504,PRD-5208,WH-103,79,101,14,2.24,2026-07-30 20:19:20,Discrepancy Warning
INV-80209,STR-505,PRD-5209,WH-102,67,99,11,1.19,2026-07-30 20:19:20,Synced
INV-80210,STR-501,PRD-5210,WH-102,10,106,14,0.99,2026-07-30 20:19:20,Synced
INV-80211,STR-502,PRD-5211,WH-103,145,274,9,0.73,2026-07-30 20:19:20,Synced
INV-80212,STR-503,PRD-5212,WH-104,71,210,19,0.8,2026-07-30 20:19:20,Synced
INV-80213,STR-504,PRD-5213,WH-103,37,214,20,4.27,2026-07-30 20:19:20,Discrepancy Warning
INV-80214,STR-505,PRD-5214,WH-102,146,312,20,3.55,2026-07-30 20:19:20,Discrepancy Warning
INV-80215,STR-501,PRD-5215,WH-102,133,371,4,0.45,2026-07-30 20:19:20,Synced
INV-80216,STR-502,PRD-5216,WH-102,142,78,8,1.03,2026-07-30 20:19:20,Synced
INV-80217,STR-503,PRD-5217,WH-102,91,271,3,2.03,2026-07-30 20:19:20,Discrepancy Warning
INV-80218,STR-504,PRD-5218,WH-102,37,277,19,1.46,2026-07-30 20:19:20,Synced
INV-80219,STR-505,PRD-5219,WH-102,119,100,7,2.85,2026-07-30 20:19:20,Discrepancy Warning
INV-80220,STR-501,PRD-5220,WH-104,126,78,8,3.81,2026-07-30 20:19:20,Discrepancy Warning
INV-80221,STR-502,PRD-5221,WH-104,7,29,9,0.39,2026-07-30 20:19:20,Synced
INV-80222,STR-503,PRD-5222,WH-103,134,328,19,2.72,2026-07-30 20:19:20,Discrepancy Warning
INV-80223,STR-504,PRD-5223,WH-103,121,15,19,2.56,2026-07-30 20:19:20,Discrepancy Warning
INV-80224,STR-505,PRD-5224,WH-104,13,130,14,1.39,2026-07-30 20:19:20,Synced
INV-80225,STR-501,PRD-5225,WH-101,34,370,10,3.7,2026-07-30 20:19:20,Discrepancy Warning
INV-80226,STR-502,PRD-5226,WH-101,113,364,4,4.47,2026-07-30 20:19:20,Discrepancy Warning
INV-80227,STR-503,PRD-5227,WH-104,35,47,14,1.76,2026-07-30 20:19:20,Synced
INV-80228,STR-504,PRD-5228,WH-101,101,365,7,1.16,2026-07-30 20:19:20,Synced
INV-80229,STR-505,PRD-5229,WH-101,126,121,9,4.02,2026-07-30 20:19:20,Discrepancy Warning
INV-80230,STR-501,PRD-5230,WH-102,38,187,7,2.07,2026-07-30 20:19:20,Discrepancy Warning
INV-80231,STR-502,PRD-5231,WH-102,12,244,6,2.05,2026-07-30 20:19:20,Discrepancy Warning
INV-80232,STR-503,PRD-5232,WH-102,136,175,13,2.01,2026-07-30 20:19:20,Discrepancy Warning
INV-80233,STR-504,PRD-5233,WH-104,133,148,16,1.08,2026-07-30 20:19:20,Synced
INV-80234,STR-505,PRD-5234,WH-102,6,32,0,1.66,2026-07-30 20:19:20,Synced
INV-80235,STR-501,PRD-5235,WH-101,135,212,16,3.15,2026-07-30 20:19:20,Discrepancy Warning
INV-80236,STR-502,PRD-5236,WH-103,110,319,12,2.63,2026-07-30 20:19:20,Discrepancy Warning
INV-80237,STR-503,PRD-5237,WH-102,25,56,14,3.55,2026-07-30 20:19:20,Discrepancy Warning
INV-80238,STR-504,PRD-5238,WH-103,29,172,15,2.03,2026-07-30 20:19:20,Discrepancy Warning
INV-80239,STR-505,PRD-5239,WH-102,87,186,9,3.96,2026-07-30 20:19:20,Discrepancy Warning
INV-80240,STR-501,PRD-5240,WH-104,70,24,20,0.52,2026-07-30 20:19:20,Synced
INV-80241,STR-502,PRD-5241,WH-101,116,118,1,2.51,2026-07-30 20:19:20,Discrepancy Warning
INV-80242,STR-503,PRD-5242,WH-102,70,200,2,3.15,2026-07-30 20:19:20,Discrepancy Warning
INV-80243,STR-504,PRD-5243,WH-103,65,68,2,4.48,2026-07-30 20:19:20,Discrepancy Warning
INV-80244,STR-505,PRD-5244,WH-101,11,63,16,4.01,2026-07-30 20:19:20,Discrepancy Warning
INV-80245,STR-501,PRD-5245,WH-101,100,329,3,0.43,2026-07-30 20:19:20,Synced
INV-80246,STR-502,PRD-5246,WH-104,6,89,7,3.92,2026-07-30 20:19:20,Discrepancy Warning
INV-80247,STR-503,PRD-5247,WH-103,72,164,6,2.49,2026-07-30 20:19:20,Discrepancy Warning
INV-80248,STR-504,PRD-5248,WH-103,46,227,3,0.67,2026-07-30 20:19:20,Synced
INV-80249,STR-505,PRD-5249,WH-101,5,128,17,2.45,2026-07-30 20:19:20,Discrepancy Warning
INV-80250,STR-501,PRD-5250,WH-101,17,337,4,3.53,2026-07-30 20:19:20,Discrepancy Warning
INV-80251,STR-502,PRD-5251,WH-104,130,171,19,2.63,2026-07-30 20:19:20,Discrepancy Warning
INV-80252,STR-503,PRD-5252,WH-102,68,345,1,1.27,2026-07-30 20:19:20,Synced
INV-80253,STR-504,PRD-5253,WH-101,34,277,4,1.68,2026-07-30 20:19:20,Synced
INV-80254,STR-505,PRD-5254,WH-104,71,156,13,1.34,2026-07-30 20:19:20,Synced
INV-80255,STR-501,PRD-5255,WH-103,120,261,17,1.16,2026-07-30 20:19:20,Synced
INV-80256,STR-502,PRD-5256,WH-102,11,160,19,1.18,2026-07-30 20:19:20,Synced
INV-80257,STR-503,PRD-5257,WH-103,129,39,9,0.82,2026-07-30 20:19:20,Synced
INV-80258,STR-504,PRD-5258,WH-103,117,283,17,0.5,2026-07-30 20:19:20,Synced
INV-80259,STR-505,PRD-5259,WH-103,16,95,3,0.9,2026-07-30 20:19:20,Synced
INV-80260,STR-501,PRD-5260,WH-101,111,382,4,0.23,2026-07-30 20:19:20,Synced
INV-80261,STR-502,PRD-5261,WH-101,112,306,12,3.93,2026-07-30 20:19:20,Discrepancy Warning
INV-80262,STR-503,PRD-5262,WH-104,89,123,8,1.28,2026-07-30 20:19:20,Synced
INV-80263,STR-504,PRD-5263,WH-104,97,217,3,2.89,2026-07-30 20:19:20,Discrepancy Warning
INV-80264,STR-505,PRD-5264,WH-102,26,264,5,1.17,2026-07-30 20:19:20,Synced
INV-80265,STR-501,PRD-5265,WH-101,75,221,10,3.23,2026-07-30 20:19:20,Discrepancy Warning
INV-80266,STR-502,PRD-5266,WH-102,9,360,7,2.81,2026-07-30 20:19:20,Discrepancy Warning
INV-80267,STR-503,PRD-5267,WH-102,145,357,6,1.92,2026-07-30 20:19:20,Synced
INV-80268,STR-504,PRD-5268,WH-101,73,29,8,3.29,2026-07-30 20:19:20,Discrepancy Warning
INV-80269,STR-505,PRD-5269,WH-101,113,116,16,2.41,2026-07-30 20:19:20,Discrepancy Warning
INV-80270,STR-501,PRD-5270,WH-101,14,106,17,4.06,2026-07-30 20:19:20,Discrepancy Warning
INV-80271,STR-502,PRD-5271,WH-104,99,307,15,1.75,2026-07-30 20:19:20,Synced
INV-80272,STR-503,PRD-5272,WH-104,109,123,9,2.59,2026-07-30 20:19:20,Discrepancy Warning
INV-80273,STR-504,PRD-5273,WH-104,145,399,0,1.17,2026-07-30 20:19:20,Synced
INV-80274,STR-505,PRD-5274,WH-102,127,206,15,1.28,2026-07-30 20:19:20,Synced
INV-80275,STR-501,PRD-5275,WH-103,83,255,11,3.31,2026-07-30 20:19:20,Discrepancy Warning
INV-80276,STR-502,PRD-5276,WH-104,31,45,6,0.24,2026-07-30 20:19:20,Synced
INV-80277,STR-503,PRD-5277,WH-104,28,334,10,3.67,2026-07-30 20:19:20,Discrepancy Warning
INV-80278,STR-504,PRD-5278,WH-103,61,319,3,0.7,2026-07-30 20:19:20,Synced
INV-80279,STR-505,PRD-5279,WH-101,145,260,9,4.44,2026-07-30 20:19:20,Discrepancy Warning
INV-80280,STR-501,PRD-5280,WH-101,114,46,6,1.49,2026-07-30 20:19:20,Synced
INV-80281,STR-502,PRD-5281,WH-104,13,120,2,4.08,2026-07-30 20:19:20,Discrepancy Warning
INV-80282,STR-503,PRD-5282,WH-101,62,234,12,0.22,2026-07-30 20:19:20,Synced
INV-80283,STR-504,PRD-5283,WH-102,30,101,8,0.29,2026-07-30 20:19:20,Synced
INV-80284,STR-505,PRD-5284,WH-104,82,339,13,3.75,2026-07-30 20:19:20,Discrepancy Warning
INV-80285,STR-501,PRD-5285,WH-102,57,137,20,2.37,2026-07-30 20:19:20,Discrepancy Warning
INV-80286,STR-502,PRD-5286,WH-103,99,349,10,1.07,2026-07-30 20:19:20,Synced
INV-80287,STR-503,PRD-5287,WH-102,24,25,20,0.75,2026-07-30 20:19:20,Synced
INV-80288,STR-504,PRD-5288,WH-101,82,331,11,0.64,2026-07-30 20:19:20,Synced
INV-80289,STR-505,PRD-5289,WH-104,97,210,20,4.14,2026-07-30 20:19:20,Discrepancy Warning
INV-80290,STR-501,PRD-5290,WH-103,40,39,9,3.14,2026-07-30 20:19:20,Discrepancy Warning
INV-80291,STR-502,PRD-5291,WH-104,40,123,6,0.34,2026-07-30 20:19:20,Synced
INV-80292,STR-503,PRD-5292,WH-103,47,82,0,2.33,2026-07-30 20:19:20,Discrepancy Warning
INV-80293,STR-504,PRD-5293,WH-103,81,269,9,1.06,2026-07-30 20:19:20,Synced
INV-80294,STR-505,PRD-5294,WH-103,119,329,4,3.15,2026-07-30 20:19:20,Discrepancy Warning
INV-80295,STR-501,PRD-5295,WH-104,37,372,6,1.48,2026-07-30 20:19:20,Synced
INV-80296,STR-502,PRD-5296,WH-103,123,199,19,4.18,2026-07-30 20:19:20,Discrepancy Warning
INV-80297,STR-503,PRD-5297,WH-101,140,253,19,1.74,2026-07-30 20:19:20,Synced
INV-80298,STR-504,PRD-5298,WH-101,54,309,1,3.24,2026-07-30 20:19:20,Discrepancy Warning
INV-80299,STR-505,PRD-5299,WH-101,117,367,14,3.83,2026-07-30 20:19:20,Discrepancy Warning
INV-80300,STR-501,PRD-5300,WH-101,48,294,3,2.93,2026-07-30 20:19:20,Discrepancy Warning
INV-80301,STR-502,PRD-5301,WH-102,98,188,3,0.27,2026-07-30 20:19:20,Synced
INV-80302,STR-503,PRD-5302,WH-102,41,83,15,4.29,2026-07-30 20:19:20,Discrepancy Warning
INV-80303,STR-504,PRD-5303,WH-102,49,90,9,0.34,2026-07-30 20:19:20,Synced
INV-80304,STR-505,PRD-5304,WH-103,112,121,2,1.38,2026-07-30 20:19:20,Synced
INV-80305,STR-501,PRD-5305,WH-103,81,123,12,2.34,2026-07-30 20:19:20,Discrepancy Warning
INV-80306,STR-502,PRD-5306,WH-101,30,261,13,0.45,2026-07-30 20:19:20,Synced
INV-80307,STR-503,PRD-5307,WH-101,124,39,12,0.42,2026-07-30 20:19:20,Synced
INV-80308,STR-504,PRD-5308,WH-101,139,295,19,4.44,2026-07-30 20:19:20,Discrepancy Warning
INV-80309,STR-505,PRD-5309,WH-104,78,92,19,1.65,2026-07-30 20:19:20,Synced
INV-80310,STR-501,PRD-5310,WH-103,29,266,11,1.34,2026-07-30 20:19:20,Synced
INV-80311,STR-502,PRD-5311,WH-104,134,50,12,1.53,2026-07-30 20:19:20,Synced
INV-80312,STR-503,PRD-5312,WH-101,19,207,3,0.74,2026-07-30 20:19:20,Synced
INV-80313,STR-504,PRD-5313,WH-102,78,330,2,2.16,2026-07-30 20:19:20,Discrepancy Warning
INV-80314,STR-505,PRD-5314,WH-103,85,35,9,1.21,2026-07-30 20:19:20,Synced
INV-80315,STR-501,PRD-5315,WH-103,23,143,5,4.22,2026-07-30 20:19:20,Discrepancy Warning
INV-80316,STR-502,PRD-5316,WH-101,114,251,7,0.78,2026-07-30 20:19:20,Synced
INV-80317,STR-503,PRD-5317,WH-103,80,91,16,3.39,2026-07-30 20:19:20,Discrepancy Warning
INV-80318,STR-504,PRD-5318,WH-101,87,327,12,1.95,2026-07-30 20:19:20,Synced
INV-80319,STR-505,PRD-5319,WH-104,11,297,9,2.04,2026-07-30 20:19:20,Discrepancy Warning
INV-80320,STR-501,PRD-5320,WH-101,47,267,8,1.34,2026-07-30 20:19:20,Synced
INV-80321,STR-502,PRD-5321,WH-104,27,17,13,0.35,2026-07-30 20:19:20,Synced
INV-80322,STR-503,PRD-5322,WH-102,108,75,1,4.1,2026-07-30 20:19:20,Discrepancy Warning
INV-80323,STR-504,PRD-5323,WH-103,32,103,9,2.07,2026-07-30 20:19:20,Discrepancy Warning
INV-80324,STR-505,PRD-5324,WH-103,117,116,14,3.74,2026-07-30 20:19:20,Discrepancy Warning
INV-80325,STR-501,PRD-5325,WH-103,142,62,15,1.04,2026-07-30 20:19:20,Synced
INV-80326,STR-502,PRD-5326,WH-102,49,135,13,3.11,2026-07-30 20:19:20,Discrepancy Warning
INV-80327,STR-503,PRD-5327,WH-102,29,67,19,0.33,2026-07-30 20:19:20,Synced
INV-80328,STR-504,PRD-5328,WH-101,38,16,17,2.34,2026-07-30 20:19:20,Discrepancy Warning
INV-80329,STR-505,PRD-5329,WH-101,107,241,16,2.51,2026-07-30 20:19:20,Discrepancy Warning
INV-80330,STR-501,PRD-5330,WH-102,141,69,5,0.47,2026-07-30 20:19:20,Synced
INV-80331,STR-502,PRD-5331,WH-102,15,42,20,1.96,2026-07-30 20:19:20,Synced
INV-80332,STR-503,PRD-5332,WH-102,113,238,19,0.24,2026-07-30 20:19:20,Synced
INV-80333,STR-504,PRD-5333,WH-101,61,181,12,1.2,2026-07-30 20:19:20,Synced
INV-80334,STR-505,PRD-5334,WH-104,150,377,1,1.72,2026-07-30 20:19:20,Synced
INV-80335,STR-501,PRD-5335,WH-104,147,371,14,3.61,2026-07-30 20:19:20,Discrepancy Warning
INV-80336,STR-502,PRD-5336,WH-104,16,70,14,2.96,2026-07-30 20:19:20,Discrepancy Warning
INV-80337,STR-503,PRD-5337,WH-102,34,375,8,4.4,2026-07-30 20:19:20,Discrepancy Warning
INV-80338,STR-504,PRD-5338,WH-104,44,38,14,0.68,2026-07-30 20:19:20,Synced
INV-80339,STR-505,PRD-5339,WH-103,87,215,7,3.27,2026-07-30 20:19:20,Discrepancy Warning
INV-80340,STR-501,PRD-5340,WH-102,106,151,12,1.19,2026-07-30 20:19:20,Synced
INV-80341,STR-502,PRD-5341,WH-103,132,320,0,2.82,2026-07-30 20:19:20,Discrepancy Warning
INV-80342,STR-503,PRD-5342,WH-102,59,343,2,3.27,2026-07-30 20:19:20,Discrepancy Warning
INV-80343,STR-504,PRD-5343,WH-101,13,154,7,2.04,2026-07-30 20:19:20,Discrepancy Warning
INV-80344,STR-505,PRD-5344,WH-104,90,185,8,0.27,2026-07-30 20:19:20,Synced
INV-80345,STR-501,PRD-5345,WH-104,124,22,2,3.55,2026-07-30 20:19:20,Discrepancy Warning
INV-80346,STR-502,PRD-5346,WH-104,105,203,8,2.59,2026-07-30 20:19:20,Discrepancy Warning
INV-80347,STR-503,PRD-5347,WH-103,52,191,13,2.3,2026-07-30 20:19:20,Discrepancy Warning
INV-80348,STR-504,PRD-5348,WH-102,21,65,19,4.26,2026-07-30 20:19:20,Discrepancy Warning
INV-80349,STR-505,PRD-5349,WH-104,112,330,18,2.73,2026-07-30 20:19:20,Discrepancy Warning
INV-80350,STR-501,PRD-5350,WH-103,92,347,18,3.66,2026-07-30 20:19:20,Discrepancy Warning
INV-80351,STR-502,PRD-5351,WH-104,104,104,11,0.79,2026-07-30 20:19:20,Synced
INV-80352,STR-503,PRD-5352,WH-102,15,55,17,1.2,2026-07-30 20:19:20,Synced
INV-80353,STR-504,PRD-5353,WH-102,127,90,0,2.09,2026-07-30 20:19:20,Discrepancy Warning
INV-80354,STR-505,PRD-5354,WH-101,131,313,20,1.77,2026-07-30 20:19:20,Synced
INV-80355,STR-501,PRD-5355,WH-104,82,86,10,1.64,2026-07-30 20:19:20,Synced
INV-80356,STR-502,PRD-5356,WH-101,41,149,16,1.09,2026-07-30 20:19:20,Synced
INV-80357,STR-503,PRD-5357,WH-102,59,126,6,1.57,2026-07-30 20:19:20,Synced
INV-80358,STR-504,PRD-5358,WH-104,140,80,16,3.15,2026-07-30 20:19:20,Discrepancy Warning
INV-80359,STR-505,PRD-5359,WH-102,74,378,4,1.4,2026-07-30 20:19:20,Synced
INV-80360,STR-501,PRD-5360,WH-103,87,198,3,0.99,2026-07-30 20:19:20,Synced
INV-80361,STR-502,PRD-5361,WH-104,74,276,20,1.89,2026-07-30 20:19:20,Synced
INV-80362,STR-503,PRD-5362,WH-101,114,348,2,3.75,2026-07-30 20:19:20,Discrepancy Warning
INV-80363,STR-504,PRD-5363,WH-104,107,143,2,0.46,2026-07-30 20:19:20,Synced
INV-80364,STR-505,PRD-5364,WH-104,5,31,7,3.52,2026-07-30 20:19:20,Discrepancy Warning
INV-80365,STR-501,PRD-5365,WH-103,70,274,20,1.46,2026-07-30 20:19:20,Synced
INV-80366,STR-502,PRD-5366,WH-103,86,169,17,0.49,2026-07-30 20:19:20,Synced
INV-80367,STR-503,PRD-5367,WH-103,118,148,11,0.66,2026-07-30 20:19:20,Synced
INV-80368,STR-504,PRD-5368,WH-104,143,145,16,1.69,2026-07-30 20:19:20,Synced
INV-80369,STR-505,PRD-5369,WH-101,144,253,1,2.32,2026-07-30 20:19:20,Discrepancy Warning
INV-80370,STR-501,PRD-5370,WH-104,41,264,1,1.06,2026-07-30 20:19:20,Synced
INV-80371,STR-502,PRD-5371,WH-103,81,313,0,4.35,2026-07-30 20:19:20,Discrepancy Warning
INV-80372,STR-503,PRD-5372,WH-104,101,14,17,2.92,2026-07-30 20:19:20,Discrepancy Warning
INV-80373,STR-504,PRD-5373,WH-101,150,102,12,3.31,2026-07-30 20:19:20,Discrepancy Warning
INV-80374,STR-505,PRD-5374,WH-104,107,358,6,4.36,2026-07-30 20:19:20,Discrepancy Warning
INV-80375,STR-501,PRD-5375,WH-102,80,221,16,2.36,2026-07-30 20:19:20,Discrepancy Warning
INV-80376,STR-502,PRD-5376,WH-102,150,123,11,1.52,2026-07-30 20:19:20,Synced
INV-80377,STR-503,PRD-5377,WH-103,42,109,11,3.77,2026-07-30 20:19:20,Discrepancy Warning
INV-80378,STR-504,PRD-5378,WH-103,74,265,11,3.51,2026-07-30 20:19:20,Discrepancy Warning
INV-80379,STR-505,PRD-5379,WH-104,140,152,16,3.79,2026-07-30 20:19:20,Discrepancy Warning
INV-80380,STR-501,PRD-5380,WH-103,65,348,12,2.81,2026-07-30 20:19:20,Discrepancy Warning
INV-80381,STR-502,PRD-5381,WH-102,137,84,13,4.31,2026-07-30 20:19:20,Discrepancy Warning
INV-80382,STR-503,PRD-5382,WH-104,127,208,17,2.73,2026-07-30 20:19:20,Discrepancy Warning
INV-80383,STR-504,PRD-5383,WH-103,72,87,18,0.75,2026-07-30 20:19:20,Synced
INV-80384,STR-505,PRD-5384,WH-104,122,122,9,0.6,2026-07-30 20:19:20,Synced
INV-80385,STR-501,PRD-5385,WH-103,107,199,8,3.97,2026-07-30 20:19:20,Discrepancy Warning
INV-80386,STR-502,PRD-5386,WH-103,120,125,20,0.43,2026-07-30 20:19:20,Synced
INV-80387,STR-503,PRD-5387,WH-101,126,152,18,2.24,2026-07-30 20:19:20,Discrepancy Warning
INV-80388,STR-504,PRD-5388,WH-104,61,390,11,1.96,2026-07-30 20:19:20,Synced
INV-80389,STR-505,PRD-5389,WH-101,125,289,0,1.11,2026-07-30 20:19:20,Synced
INV-80390,STR-501,PRD-5390,WH-104,139,256,11,1.64,2026-07-30 20:19:20,Synced
INV-80391,STR-502,PRD-5391,WH-102,147,375,0,1.51,2026-07-30 20:19:20,Synced
INV-80392,STR-503,PRD-5392,WH-104,75,388,2,0.29,2026-07-30 20:19:20,Synced
INV-80393,STR-504,PRD-5393,WH-101,77,283,9,3.47,2026-07-30 20:19:20,Discrepancy Warning
INV-80394,STR-505,PRD-5394,WH-103,150,307,7,0.66,2026-07-30 20:19:20,Synced
INV-80395,STR-501,PRD-5395,WH-104,143,137,1,3.33,2026-07-30 20:19:20,Discrepancy Warning
INV-80396,STR-502,PRD-5396,WH-101,33,368,8,2.01,2026-07-30 20:19:20,Discrepancy Warning
INV-80397,STR-503,PRD-5397,WH-103,112,395,12,3.21,2026-07-30 20:19:20,Discrepancy Warning
INV-80398,STR-504,PRD-5398,WH-103,121,69,14,2.74,2026-07-30 20:19:20,Discrepancy Warning
INV-80399,STR-505,PRD-5399,WH-101,122,24,10,3.77,2026-07-30 20:19:20,Discrepancy Warning
INV-80400,STR-501,PRD-5400,WH-101,21,296,17,0.45,2026-07-30 20:19:20,Synced
INV-80401,STR-502,PRD-5401,WH-102,38,183,18,2.12,2026-07-30 20:19:20,Discrepancy Warning
INV-80402,STR-503,PRD-5402,WH-104,115,278,15,3.11,2026-07-30 20:19:20,Discrepancy Warning
INV-80403,STR-504,PRD-5403,WH-103,92,390,11,1.85,2026-07-30 20:19:20,Synced
INV-80404,STR-505,PRD-5404,WH-101,14,387,19,4.23,2026-07-30 20:19:20,Discrepancy Warning
INV-80405,STR-501,PRD-5405,WH-104,62,81,8,2.37,2026-07-30 20:19:20,Discrepancy Warning
INV-80406,STR-502,PRD-5406,WH-101,79,96,8,0.71,2026-07-30 20:19:20,Synced
INV-80407,STR-503,PRD-5407,WH-104,54,339,20,3.16,2026-07-30 20:19:20,Discrepancy Warning
INV-80408,STR-504,PRD-5408,WH-103,61,152,11,2.13,2026-07-30 20:19:20,Discrepancy Warning
INV-80409,STR-505,PRD-5409,WH-104,75,215,7,2.37,2026-07-30 20:19:20,Discrepancy Warning
INV-80410,STR-501,PRD-5410,WH-101,146,339,3,1.12,2026-07-30 20:19:20,Synced
INV-80411,STR-502,PRD-5411,WH-101,43,175,10,1.29,2026-07-30 20:19:20,Synced
INV-80412,STR-503,PRD-5412,WH-104,73,330,12,1.62,2026-07-30 20:19:20,Synced
INV-80413,STR-504,PRD-5413,WH-101,59,350,5,3.04,2026-07-30 20:19:20,Discrepancy Warning
INV-80414,STR-505,PRD-5414,WH-101,141,98,0,3.14,2026-07-30 20:19:20,Discrepancy Warning
INV-80415,STR-501,PRD-5415,WH-102,149,244,7,3.89,2026-07-30 20:19:20,Discrepancy Warning
INV-80416,STR-502,PRD-5416,WH-103,10,27,10,4.29,2026-07-30 20:19:20,Discrepancy Warning
INV-80417,STR-503,PRD-5417,WH-102,94,92,15,3.17,2026-07-30 20:19:20,Discrepancy Warning
INV-80418,STR-504,PRD-5418,WH-102,150,214,11,0.37,2026-07-30 20:19:20,Synced
INV-80419,STR-505,PRD-5419,WH-102,75,156,15,1.73,2026-07-30 20:19:20,Synced
INV-80420,STR-501,PRD-5420,WH-101,115,134,0,2.71,2026-07-30 20:19:20,Discrepancy Warning
INV-80421,STR-502,PRD-5421,WH-101,143,115,17,2.25,2026-07-30 20:19:20,Discrepancy Warning
INV-80422,STR-503,PRD-5422,WH-103,55,88,4,1.02,2026-07-30 20:19:20,Synced
INV-80423,STR-504,PRD-5423,WH-103,39,85,3,0.24,2026-07-30 20:19:20,Synced
INV-80424,STR-505,PRD-5424,WH-101,142,83,20,4.23,2026-07-30 20:19:20,Discrepancy Warning
INV-80425,STR-501,PRD-5425,WH-102,140,234,1,0.97,2026-07-30 20:19:20,Synced
INV-80426,STR-502,PRD-5426,WH-101,149,231,4,2.98,2026-07-30 20:19:20,Discrepancy Warning
INV-80427,STR-503,PRD-5427,WH-102,9,205,20,1.13,2026-07-30 20:19:20,Synced
INV-80428,STR-504,PRD-5428,WH-103,51,32,11,4.47,2026-07-30 20:19:20,Discrepancy Warning
INV-80429,STR-505,PRD-5429,WH-101,14,199,19,0.82,2026-07-30 20:19:20,Synced
INV-80430,STR-501,PRD-5430,WH-103,141,242,19,0.2,2026-07-30 20:19:20,Synced
INV-80431,STR-502,PRD-5431,WH-101,110,289,4,3.88,2026-07-30 20:19:20,Discrepancy Warning
INV-80432,STR-503,PRD-5432,WH-101,80,203,19,2.67,2026-07-30 20:19:20,Discrepancy Warning
INV-80433,STR-504,PRD-5433,WH-103,56,323,18,4.37,2026-07-30 20:19:20,Discrepancy Warning
INV-80434,STR-505,PRD-5434,WH-101,8,266,8,4.18,2026-07-30 20:19:20,Discrepancy Warning
INV-80435,STR-501,PRD-5435,WH-103,106,83,2,4.36,2026-07-30 20:19:20,Discrepancy Warning
INV-80436,STR-502,PRD-5436,WH-102,83,225,3,0.91,2026-07-30 20:19:20,Synced
INV-80437,STR-503,PRD-5437,WH-101,97,145,5,0.26,2026-07-30 20:19:20,Synced
INV-80438,STR-504,PRD-5438,WH-103,79,164,0,1.35,2026-07-30 20:19:20,Synced
INV-80439,STR-505,PRD-5439,WH-101,55,60,11,1.82,2026-07-30 20:19:20,Synced
INV-80440,STR-501,PRD-5440,WH-101,59,50,16,0.95,2026-07-30 20:19:20,Synced
INV-80441,STR-502,PRD-5441,WH-103,89,55,2,3.92,2026-07-30 20:19:20,Discrepancy Warning
INV-80442,STR-503,PRD-5442,WH-102,78,322,19,2.41,2026-07-30 20:19:20,Discrepancy Warning
INV-80443,STR-504,PRD-5443,WH-103,34,309,3,3.25,2026-07-30 20:19:20,Discrepancy Warning
INV-80444,STR-505,PRD-5444,WH-101,135,100,2,4.42,2026-07-30 20:19:20,Discrepancy Warning
INV-80445,STR-501,PRD-5445,WH-101,134,260,19,4.46,2026-07-30 20:19:20,Discrepancy Warning
INV-80446,STR-502,PRD-5446,WH-104,134,11,7,4.14,2026-07-30 20:19:20,Discrepancy Warning
INV-80447,STR-503,PRD-5447,WH-102,83,189,5,1.88,2026-07-30 20:19:20,Synced
INV-80448,STR-504,PRD-5448,WH-102,22,197,19,1.48,2026-07-30 20:19:20,Synced
INV-80449,STR-505,PRD-5449,WH-102,64,236,14,1.07,2026-07-30 20:19:20,Synced
INV-80450,STR-501,PRD-5450,WH-104,73,56,7,1.76,2026-07-30 20:19:20,Synced
INV-80451,STR-502,PRD-5451,WH-103,54,36,8,1.14,2026-07-30 20:19:20,Synced
INV-80452,STR-503,PRD-5452,WH-102,122,125,3,1.76,2026-07-30 20:19:20,Synced
INV-80453,STR-504,PRD-5453,WH-104,27,304,1,1.43,2026-07-30 20:19:20,Synced
INV-80454,STR-505,PRD-5454,WH-102,67,345,12,4.27,2026-07-30 20:19:20,Discrepancy Warning
INV-80455,STR-501,PRD-5455,WH-103,105,256,14,2.43,2026-07-30 20:19:20,Discrepancy Warning
INV-80456,STR-502,PRD-5456,WH-103,127,157,8,2.26,2026-07-30 20:19:20,Discrepancy Warning
INV-80457,STR-503,PRD-5457,WH-102,111,210,7,1.67,2026-07-30 20:19:20,Synced
INV-80458,STR-504,PRD-5458,WH-104,37,14,18,3.01,2026-07-30 20:19:20,Discrepancy Warning
INV-80459,STR-505,PRD-5459,WH-103,74,300,8,0.22,2026-07-30 20:19:20,Synced
INV-80460,STR-501,PRD-5460,WH-103,39,354,4,1.86,2026-07-30 20:19:20,Synced
INV-80461,STR-502,PRD-5461,WH-101,105,343,3,3.58,2026-07-30 20:19:20,Discrepancy Warning
INV-80462,STR-503,PRD-5462,WH-101,21,125,14,1.89,2026-07-30 20:19:20,Synced
INV-80463,STR-504,PRD-5463,WH-102,68,314,0,1.01,2026-07-30 20:19:20,Synced
INV-80464,STR-505,PRD-5464,WH-103,13,175,8,0.65,2026-07-30 20:19:20,Synced
INV-80465,STR-501,PRD-5465,WH-102,137,106,4,1.87,2026-07-30 20:19:20,Synced
INV-80466,STR-502,PRD-5466,WH-102,144,21,16,3.76,2026-07-30 20:19:20,Discrepancy Warning
INV-80467,STR-503,PRD-5467,WH-103,86,189,3,2.81,2026-07-30 20:19:20,Discrepancy Warning
INV-80468,STR-504,PRD-5468,WH-101,130,254,20,1.01,2026-07-30 20:19:20,Synced
INV-80469,STR-505,PRD-5469,WH-103,91,54,14,2.05,2026-07-30 20:19:20,Discrepancy Warning
INV-80470,STR-501,PRD-5470,WH-102,40,306,8,3.21,2026-07-30 20:19:20,Discrepancy Warning
INV-80471,STR-502,PRD-5471,WH-104,48,203,18,1.62,2026-07-30 20:19:20,Synced
INV-80472,STR-503,PRD-5472,WH-102,43,296,9,4.15,2026-07-30 20:19:20,Discrepancy Warning
INV-80473,STR-504,PRD-5473,WH-104,44,395,19,1.19,2026-07-30 20:19:20,Synced
INV-80474,STR-505,PRD-5474,WH-104,146,353,0,2.5,2026-07-30 20:19:20,Discrepancy Warning
INV-80475,STR-501,PRD-5475,WH-103,76,305,1,4.2,2026-07-30 20:19:20,Discrepancy Warning
INV-80476,STR-502,PRD-5476,WH-104,66,364,6,4.25,2026-07-30 20:19:20,Discrepancy Warning
INV-80477,STR-503,PRD-5477,WH-103,87,206,3,1.44,2026-07-30 20:19:20,Synced
INV-80478,STR-504,PRD-5478,WH-102,16,175,7,4.42,2026-07-30 20:19:20,Discrepancy Warning
INV-80479,STR-505,PRD-5479,WH-103,19,293,12,3.87,2026-07-30 20:19:20,Discrepancy Warning
INV-80480,STR-501,PRD-5480,WH-102,68,356,17,1.12,2026-07-30 20:19:20,Synced
INV-80481,STR-502,PRD-5481,WH-102,88,14,11,3.08,2026-07-30 20:19:20,Discrepancy Warning
INV-80482,STR-503,PRD-5482,WH-103,96,14,20,0.28,2026-07-30 20:19:20,Synced
INV-80483,STR-504,PRD-5483,WH-102,54,25,20,4.29,2026-07-30 20:19:20,Discrepancy Warning
INV-80484,STR-505,PRD-5484,WH-104,61,374,19,4.27,2026-07-30 20:19:20,Discrepancy Warning
INV-80485,STR-501,PRD-5485,WH-103,114,288,11,1.59,2026-07-30 20:19:20,Synced
INV-80486,STR-502,PRD-5486,WH-104,24,76,12,3.41,2026-07-30 20:19:20,Discrepancy Warning
INV-80487,STR-503,PRD-5487,WH-102,15,377,3,3.21,2026-07-30 20:19:20,Discrepancy Warning
INV-80488,STR-504,PRD-5488,WH-103,11,136,20,3.86,2026-07-30 20:19:20,Discrepancy Warning
INV-80489,STR-505,PRD-5489,WH-102,73,124,3,1.53,2026-07-30 20:19:20,Synced
INV-80490,STR-501,PRD-5490,WH-103,115,70,19,1.77,2026-07-30 20:19:20,Synced
INV-80491,STR-502,PRD-5491,WH-104,56,142,10,0.84,2026-07-30 20:19:20,Synced
INV-80492,STR-503,PRD-5492,WH-104,41,103,20,3.84,2026-07-30 20:19:20,Discrepancy Warning
INV-80493,STR-504,PRD-5493,WH-101,15,219,6,0.59,2026-07-30 20:19:20,Synced
INV-80494,STR-505,PRD-5494,WH-101,75,352,11,1.49,2026-07-30 20:19:20,Synced
INV-80495,STR-501,PRD-5495,WH-104,116,86,12,3.82,2026-07-30 20:19:20,Discrepancy Warning
INV-80496,STR-502,PRD-5496,WH-103,122,230,16,3.13,2026-07-30 20:19:20,Discrepancy Warning
INV-80497,STR-503,PRD-5497,WH-103,118,190,12,2.32,2026-07-30 20:19:20,Discrepancy Warning
INV-80498,STR-504,PRD-5498,WH-104,115,286,18,0.39,2026-07-30 20:19:20,Synced
INV-80499,STR-505,PRD-5499,WH-103,58,137,15,4.2,2026-07-30 20:19:20,Discrepancy Warning
INV-80500,STR-501,PRD-5500,WH-103,150,393,14,1.08,2026-07-30 20:19:20,Synced
INV-80501,STR-502,PRD-5501,WH-101,84,39,6,3.22,2026-07-30 20:19:20,Discrepancy Warning
INV-80502,STR-503,PRD-5502,WH-101,55,45,18,2.91,2026-07-30 20:19:20,Discrepancy Warning
INV-80503,STR-504,PRD-5503,WH-104,122,287,8,1.42,2026-07-30 20:19:20,Synced
INV-80504,STR-505,PRD-5504,WH-104,69,365,12,3.96,2026-07-30 20:19:20,Discrepancy Warning
INV-80505,STR-501,PRD-5505,WH-101,62,235,4,2.35,2026-07-30 20:19:20,Discrepancy Warning
INV-80506,STR-502,PRD-5506,WH-104,82,388,13,4.35,2026-07-30 20:19:20,Discrepancy Warning
INV-80507,STR-503,PRD-5507,WH-103,15,151,12,2.94,2026-07-30 20:19:20,Discrepancy Warning
INV-80508,STR-504,PRD-5508,WH-101,77,183,11,0.68,2026-07-30 20:19:20,Synced
INV-80509,STR-505,PRD-5509,WH-101,98,156,19,4.01,2026-07-30 20:19:20,Discrepancy Warning
INV-80510,STR-501,PRD-5510,WH-104,35,41,6,3.37,2026-07-30 20:19:20,Discrepancy Warning
INV-80511,STR-502,PRD-5511,WH-104,117,251,12,2.61,2026-07-30 20:19:20,Discrepancy Warning
INV-80512,STR-503,PRD-5512,WH-104,142,304,11,3.0,2026-07-30 20:19:20,Discrepancy Warning
INV-80513,STR-504,PRD-5513,WH-103,54,98,20,2.82,2026-07-30 20:19:20,Discrepancy Warning
INV-80514,STR-505,PRD-5514,WH-102,140,210,2,1.2,2026-07-30 20:19:20,Synced
INV-80515,STR-501,PRD-5515,WH-101,66,163,7,4.38,2026-07-30 20:19:20,Discrepancy Warning
INV-80516,STR-502,PRD-5516,WH-104,55,279,11,3.82,2026-07-30 20:19:20,Discrepancy Warning
INV-80517,STR-503,PRD-5517,WH-104,73,316,6,4.28,2026-07-30 20:19:20,Discrepancy Warning
INV-80518,STR-504,PRD-5518,WH-101,103,114,15,0.38,2026-07-30 20:19:20,Synced
INV-80519,STR-505,PRD-5519,WH-104,83,317,10,3.8,2026-07-30 20:19:20,Discrepancy Warning
INV-80520,STR-501,PRD-5520,WH-102,91,340,17,4.18,2026-07-30 20:19:20,Discrepancy Warning
INV-80521,STR-502,PRD-5521,WH-101,30,176,11,0.97,2026-07-30 20:19:20,Synced
INV-80522,STR-503,PRD-5522,WH-101,114,313,18,3.71,2026-07-30 20:19:20,Discrepancy Warning
INV-80523,STR-504,PRD-5523,WH-101,21,261,13,2.98,2026-07-30 20:19:20,Discrepancy Warning
INV-80524,STR-505,PRD-5524,WH-103,75,171,0,1.57,2026-07-30 20:19:20,Synced
INV-80525,STR-501,PRD-5525,WH-102,146,276,16,3.0,2026-07-30 20:19:20,Discrepancy Warning
INV-80526,STR-502,PRD-5526,WH-103,117,138,8,1.38,2026-07-30 20:19:20,Synced
INV-80527,STR-503,PRD-5527,WH-101,56,280,1,4.27,2026-07-30 20:19:20,Discrepancy Warning
INV-80528,STR-504,PRD-5528,WH-103,34,122,9,1.35,2026-07-30 20:19:20,Synced
INV-80529,STR-505,PRD-5529,WH-102,140,168,4,3.14,2026-07-30 20:19:20,Discrepancy Warning
INV-80530,STR-501,PRD-5530,WH-103,125,75,9,0.84,2026-07-30 20:19:20,Synced
INV-80531,STR-502,PRD-5531,WH-104,8,53,2,2.19,2026-07-30 20:19:20,Discrepancy Warning
INV-80532,STR-503,PRD-5532,WH-101,57,186,19,1.41,2026-07-30 20:19:20,Synced
INV-80533,STR-504,PRD-5533,WH-104,134,229,2,1.3,2026-07-30 20:19:20,Synced
INV-80534,STR-505,PRD-5534,WH-104,82,300,19,1.75,2026-07-30 20:19:20,Synced
INV-80535,STR-501,PRD-5535,WH-101,98,139,6,3.22,2026-07-30 20:19:20,Discrepancy Warning
INV-80536,STR-502,PRD-5536,WH-103,83,42,1,3.01,2026-07-30 20:19:20,Discrepancy Warning
INV-80537,STR-503,PRD-5537,WH-102,90,197,17,3.64,2026-07-30 20:19:20,Discrepancy Warning
INV-80538,STR-504,PRD-5538,WH-104,37,179,11,0.96,2026-07-30 20:19:20,Synced
INV-80539,STR-505,PRD-5539,WH-102,112,105,12,3.3,2026-07-30 20:19:20,Discrepancy Warning
INV-80540,STR-501,PRD-5540,WH-101,101,396,8,2.86,2026-07-30 20:19:20,Discrepancy Warning
INV-80541,STR-502,PRD-5541,WH-104,136,354,10,2.84,2026-07-30 20:19:20,Discrepancy Warning
INV-80542,STR-503,PRD-5542,WH-102,149,35,12,2.15,2026-07-30 20:19:20,Discrepancy Warning
INV-80543,STR-504,PRD-5543,WH-104,38,254,1,0.88,2026-07-30 20:19:20,Synced
INV-80544,STR-505,PRD-5544,WH-102,106,367,1,1.81,2026-07-30 20:19:20,Synced
INV-80545,STR-501,PRD-5545,WH-102,146,132,6,2.52,2026-07-30 20:19:20,Discrepancy Warning
INV-80546,STR-502,PRD-5546,WH-103,90,58,4,4.04,2026-07-30 20:19:20,Discrepancy Warning
INV-80547,STR-503,PRD-5547,WH-102,83,150,4,3.99,2026-07-30 20:19:20,Discrepancy Warning
INV-80548,STR-504,PRD-5548,WH-104,68,31,1,2.59,2026-07-30 20:19:20,Discrepancy Warning
INV-80549,STR-505,PRD-5549,WH-102,89,296,3,3.87,2026-07-30 20:19:20,Discrepancy Warning
INV-80550,STR-501,PRD-5550,WH-102,7,389,15,1.57,2026-07-30 20:19:20,Synced
INV-80551,STR-502,PRD-5551,WH-103,6,365,14,1.06,2026-07-30 20:19:20,Synced
INV-80552,STR-503,PRD-5552,WH-101,30,283,12,1.12,2026-07-30 20:19:20,Synced
INV-80553,STR-504,PRD-5553,WH-103,123,64,11,2.51,2026-07-30 20:19:20,Discrepancy Warning
INV-80554,STR-505,PRD-5554,WH-102,115,232,1,4.1,2026-07-30 20:19:20,Discrepancy Warning
INV-80555,STR-501,PRD-5555,WH-101,19,25,5,1.22,2026-07-30 20:19:20,Synced
INV-80556,STR-502,PRD-5556,WH-102,144,185,14,2.5,2026-07-30 20:19:20,Discrepancy Warning
INV-80557,STR-503,PRD-5557,WH-101,48,360,16,3.98,2026-07-30 20:19:20,Discrepancy Warning
INV-80558,STR-504,PRD-5558,WH-101,50,290,19,3.24,2026-07-30 20:19:20,Discrepancy Warning
INV-80559,STR-505,PRD-5559,WH-102,84,206,7,2.81,2026-07-30 20:19:20,Discrepancy Warning
INV-80560,STR-501,PRD-5560,WH-103,141,263,6,2.08,2026-07-30 20:19:20,Discrepancy Warning
INV-80561,STR-502,PRD-5561,WH-102,63,263,16,0.43,2026-07-30 20:19:20,Synced
INV-80562,STR-503,PRD-5562,WH-101,103,66,17,4.19,2026-07-30 20:19:20,Discrepancy Warning
INV-80563,STR-504,PRD-5563,WH-104,39,333,2,0.59,2026-07-30 20:19:20,Synced
INV-80564,STR-505,PRD-5564,WH-103,113,258,9,3.42,2026-07-30 20:19:20,Discrepancy Warning
INV-80565,STR-501,PRD-5565,WH-101,89,178,16,3.24,2026-07-30 20:19:20,Discrepancy Warning
INV-80566,STR-502,PRD-5566,WH-101,26,150,13,1.14,2026-07-30 20:19:20,Synced
INV-80567,STR-503,PRD-5567,WH-103,33,51,18,0.49,2026-07-30 20:19:20,Synced
INV-80568,STR-504,PRD-5568,WH-104,104,385,15,0.64,2026-07-30 20:19:20,Synced
INV-80569,STR-505,PRD-5569,WH-103,5,137,13,1.49,2026-07-30 20:19:20,Synced
INV-80570,STR-501,PRD-5570,WH-104,49,154,14,4.06,2026-07-30 20:19:20,Discrepancy Warning
INV-80571,STR-502,PRD-5571,WH-101,48,215,13,3.85,2026-07-30 20:19:20,Discrepancy Warning
INV-80572,STR-503,PRD-5572,WH-101,5,114,2,3.53,2026-07-30 20:19:20,Discrepancy Warning
INV-80573,STR-504,PRD-5573,WH-103,69,299,12,2.45,2026-07-30 20:19:20,Discrepancy Warning
INV-80574,STR-505,PRD-5574,WH-103,110,249,1,0.4,2026-07-30 20:19:20,Synced
INV-80575,STR-501,PRD-5575,WH-102,46,201,17,1.1,2026-07-30 20:19:20,Synced
INV-80576,STR-502,PRD-5576,WH-102,29,158,6,2.72,2026-07-30 20:19:20,Discrepancy Warning
INV-80577,STR-503,PRD-5577,WH-101,130,374,17,1.05,2026-07-30 20:19:20,Synced
INV-80578,STR-504,PRD-5578,WH-101,89,192,16,2.26,2026-07-30 20:19:20,Discrepancy Warning
INV-80579,STR-505,PRD-5579,WH-104,148,77,2,1.24,2026-07-30 20:19:20,Synced
INV-80580,STR-501,PRD-5580,WH-102,42,202,6,0.66,2026-07-30 20:19:20,Synced
INV-80581,STR-502,PRD-5581,WH-104,89,365,15,1.13,2026-07-30 20:19:20,Synced
INV-80582,STR-503,PRD-5582,WH-102,53,198,2,0.72,2026-07-30 20:19:20,Synced
INV-80583,STR-504,PRD-5583,WH-104,55,142,8,2.33,2026-07-30 20:19:20,Discrepancy Warning
INV-80584,STR-505,PRD-5584,WH-103,148,370,16,2.1,2026-07-30 20:19:20,Discrepancy Warning
INV-80585,STR-501,PRD-5585,WH-104,27,339,8,0.34,2026-07-30 20:19:20,Synced
INV-80586,STR-502,PRD-5586,WH-102,13,284,10,2.09,2026-07-30 20:19:20,Discrepancy Warning
INV-80587,STR-503,PRD-5587,WH-102,136,374,7,3.34,2026-07-30 20:19:20,Discrepancy Warning
INV-80588,STR-504,PRD-5588,WH-103,79,280,17,3.18,2026-07-30 20:19:20,Discrepancy Warning
INV-80589,STR-505,PRD-5589,WH-104,94,375,2,3.54,2026-07-30 20:19:20,Discrepancy Warning
INV-80590,STR-501,PRD-5590,WH-103,118,226,15,2.15,2026-07-30 20:19:20,Discrepancy Warning
INV-80591,STR-502,PRD-5591,WH-104,73,161,3,3.59,2026-07-30 20:19:20,Discrepancy Warning
INV-80592,STR-503,PRD-5592,WH-102,142,282,19,3.82,2026-07-30 20:19:20,Discrepancy Warning
INV-80593,STR-504,PRD-5593,WH-104,16,143,15,1.47,2026-07-30 20:19:20,Synced
INV-80594,STR-505,PRD-5594,WH-101,38,168,17,3.72,2026-07-30 20:19:20,Discrepancy Warning
INV-80595,STR-501,PRD-5595,WH-103,78,186,5,0.57,2026-07-30 20:19:20,Synced
INV-80596,STR-502,PRD-5596,WH-103,58,177,15,3.05,2026-07-30 20:19:20,Discrepancy Warning
INV-80597,STR-503,PRD-5597,WH-101,66,49,19,0.38,2026-07-30 20:19:20,Synced
INV-80598,STR-504,PRD-5598,WH-102,45,16,14,1.68,2026-07-30 20:19:20,Synced
INV-80599,STR-505,PRD-5599,WH-103,78,398,8,0.75,2026-07-30 20:19:20,Synced
INV-80600,STR-501,PRD-5600,WH-103,55,348,9,3.72,2026-07-30 20:19:20,Discrepancy Warning
INV-80601,STR-502,PRD-5601,WH-103,61,140,11,4.44,2026-07-30 20:19:20,Discrepancy Warning
INV-80602,STR-503,PRD-5602,WH-102,83,302,19,4.27,2026-07-30 20:19:20,Discrepancy Warning
INV-80603,STR-504,PRD-5603,WH-104,57,17,10,1.6,2026-07-30 20:19:20,Synced
INV-80604,STR-505,PRD-5604,WH-101,11,108,15,2.76,2026-07-30 20:19:20,Discrepancy Warning
INV-80605,STR-501,PRD-5605,WH-104,49,317,20,1.43,2026-07-30 20:19:20,Synced
INV-80606,STR-502,PRD-5606,WH-104,30,330,10,3.69,2026-07-30 20:19:20,Discrepancy Warning
INV-80607,STR-503,PRD-5607,WH-101,98,88,8,1.47,2026-07-30 20:19:20,Synced
INV-80608,STR-504,PRD-5608,WH-104,41,270,7,2.25,2026-07-30 20:19:20,Discrepancy Warning
INV-80609,STR-505,PRD-5609,WH-101,102,138,18,1.56,2026-07-30 20:19:20,Synced
INV-80610,STR-501,PRD-5610,WH-102,43,192,9,3.37,2026-07-30 20:19:20,Discrepancy Warning
INV-80611,STR-502,PRD-5611,WH-103,128,358,1,1.88,2026-07-30 20:19:20,Synced
INV-80612,STR-503,PRD-5612,WH-103,108,335,6,2.8,2026-07-30 20:19:20,Discrepancy Warning
INV-80613,STR-504,PRD-5613,WH-101,143,75,19,0.23,2026-07-30 20:19:20,Synced
INV-80614,STR-505,PRD-5614,WH-101,99,275,5,2.74,2026-07-30 20:19:20,Discrepancy Warning
INV-80615,STR-501,PRD-5615,WH-104,58,47,8,3.5,2026-07-30 20:19:20,Discrepancy Warning
INV-80616,STR-502,PRD-5616,WH-104,88,392,1,1.21,2026-07-30 20:19:20,Synced
INV-80617,STR-503,PRD-5617,WH-101,78,367,18,3.31,2026-07-30 20:19:20,Discrepancy Warning
INV-80618,STR-504,PRD-5618,WH-104,50,298,11,0.74,2026-07-30 20:19:20,Synced
INV-80619,STR-505,PRD-5619,WH-104,111,185,11,2.44,2026-07-30 20:19:20,Discrepancy Warning
INV-80620,STR-501,PRD-5620,WH-101,121,119,15,1.68,2026-07-30 20:19:20,Synced
INV-80621,STR-502,PRD-5621,WH-104,113,344,0,3.12,2026-07-30 20:19:20,Discrepancy Warning
INV-80622,STR-503,PRD-5622,WH-102,12,141,10,1.9,2026-07-30 20:19:20,Synced
INV-80623,STR-504,PRD-5623,WH-104,94,109,7,0.58,2026-07-30 20:19:20,Synced
INV-80624,STR-505,PRD-5624,WH-101,43,312,5,2.52,2026-07-30 20:19:20,Discrepancy Warning
INV-80625,STR-501,PRD-5625,WH-102,40,31,17,0.64,2026-07-30 20:19:20,Synced
INV-80626,STR-502,PRD-5626,WH-101,68,55,11,4.26,2026-07-30 20:19:20,Discrepancy Warning
INV-80627,STR-503,PRD-5627,WH-104,88,62,17,2.5,2026-07-30 20:19:20,Discrepancy Warning
INV-80628,STR-504,PRD-5628,WH-101,76,199,2,0.79,2026-07-30 20:19:20,Synced
INV-80629,STR-505,PRD-5629,WH-101,36,368,8,0.58,2026-07-30 20:19:20,Synced
INV-80630,STR-501,PRD-5630,WH-104,11,266,10,1.79,2026-07-30 20:19:20,Synced
INV-80631,STR-502,PRD-5631,WH-103,8,249,19,3.32,2026-07-30 20:19:20,Discrepancy Warning
INV-80632,STR-503,PRD-5632,WH-103,129,121,15,2.89,2026-07-30 20:19:20,Discrepancy Warning
INV-80633,STR-504,PRD-5633,WH-101,45,136,2,0.4,2026-07-30 20:19:20,Synced
INV-80634,STR-505,PRD-5634,WH-101,64,384,19,3.11,2026-07-30 20:19:20,Discrepancy Warning
INV-80635,STR-501,PRD-5635,WH-104,67,394,13,2.94,2026-07-30 20:19:20,Discrepancy Warning
INV-80636,STR-502,PRD-5636,WH-101,12,152,20,1.18,2026-07-30 20:19:20,Synced
INV-80637,STR-503,PRD-5637,WH-103,24,206,13,2.3,2026-07-30 20:19:20,Discrepancy Warning
INV-80638,STR-504,PRD-5638,WH-103,59,228,7,2.94,2026-07-30 20:19:20,Discrepancy Warning
INV-80639,STR-505,PRD-5639,WH-102,42,123,15,4.15,2026-07-30 20:19:20,Discrepancy Warning
INV-80640,STR-501,PRD-5640,WH-103,115,229,5,1.86,2026-07-30 20:19:20,Synced
INV-80641,STR-502,PRD-5641,WH-104,13,195,2,2.8,2026-07-30 20:19:20,Discrepancy Warning
INV-80642,STR-503,PRD-5642,WH-102,76,252,12,3.0,2026-07-30 20:19:20,Discrepancy Warning
INV-80643,STR-504,PRD-5643,WH-102,58,283,11,0.29,2026-07-30 20:19:20,Synced
INV-80644,STR-505,PRD-5644,WH-104,77,86,16,0.26,2026-07-30 20:19:20,Synced
INV-80645,STR-501,PRD-5645,WH-103,56,69,12,2.77,2026-07-30 20:19:20,Discrepancy Warning
INV-80646,STR-502,PRD-5646,WH-104,51,171,18,3.25,2026-07-30 20:19:20,Discrepancy Warning
INV-80647,STR-503,PRD-5647,WH-102,65,294,2,4.41,2026-07-30 20:19:20,Discrepancy Warning
INV-80648,STR-504,PRD-5648,WH-104,136,35,16,4.34,2026-07-30 20:19:20,Discrepancy Warning
INV-80649,STR-505,PRD-5649,WH-103,85,374,15,3.34,2026-07-30 20:19:20,Discrepancy Warning
INV-80650,STR-501,PRD-5650,WH-101,59,52,1,2.25,2026-07-30 20:19:20,Discrepancy Warning
INV-80651,STR-502,PRD-5651,WH-103,39,14,6,2.36,2026-07-30 20:19:20,Discrepancy Warning
INV-80652,STR-503,PRD-5652,WH-103,29,253,6,4.48,2026-07-30 20:19:20,Discrepancy Warning
INV-80653,STR-504,PRD-5653,WH-104,147,79,0,3.91,2026-07-30 20:19:20,Discrepancy Warning
INV-80654,STR-505,PRD-5654,WH-104,144,387,0,2.89,2026-07-30 20:19:20,Discrepancy Warning
INV-80655,STR-501,PRD-5655,WH-104,143,353,7,1.19,2026-07-30 20:19:20,Synced
INV-80656,STR-502,PRD-5656,WH-104,133,238,11,3.32,2026-07-30 20:19:20,Discrepancy Warning
INV-80657,STR-503,PRD-5657,WH-104,41,133,11,0.64,2026-07-30 20:19:20,Synced
INV-80658,STR-504,PRD-5658,WH-103,103,243,9,1.93,2026-07-30 20:19:20,Synced
INV-80659,STR-505,PRD-5659,WH-103,139,319,13,0.29,2026-07-30 20:19:20,Synced
INV-80660,STR-501,PRD-5660,WH-104,10,207,6,4.36,2026-07-30 20:19:20,Discrepancy Warning
INV-80661,STR-502,PRD-5661,WH-102,104,24,9,3.68,2026-07-30 20:19:20,Discrepancy Warning
INV-80662,STR-503,PRD-5662,WH-101,35,22,4,0.57,2026-07-30 20:19:20,Synced
INV-80663,STR-504,PRD-5663,WH-104,84,276,9,2.84,2026-07-30 20:19:20,Discrepancy Warning
INV-80664,STR-505,PRD-5664,WH-104,98,326,9,2.95,2026-07-30 20:19:20,Discrepancy Warning
INV-80665,STR-501,PRD-5665,WH-101,86,59,5,2.89,2026-07-30 20:19:20,Discrepancy Warning
INV-80666,STR-502,PRD-5666,WH-101,62,135,10,3.36,2026-07-30 20:19:20,Discrepancy Warning
INV-80667,STR-503,PRD-5667,WH-103,21,51,9,3.82,2026-07-30 20:19:20,Discrepancy Warning
INV-80668,STR-504,PRD-5668,WH-103,88,13,7,1.04,2026-07-30 20:19:20,Synced
INV-80669,STR-505,PRD-5669,WH-103,137,90,9,1.41,2026-07-30 20:19:20,Synced
INV-80670,STR-501,PRD-5670,WH-103,105,165,0,0.26,2026-07-30 20:19:20,Synced
INV-80671,STR-502,PRD-5671,WH-103,35,287,10,3.33,2026-07-30 20:19:20,Discrepancy Warning
INV-80672,STR-503,PRD-5672,WH-104,21,170,14,0.26,2026-07-30 20:19:20,Synced
INV-80673,STR-504,PRD-5673,WH-101,35,121,3,2.87,2026-07-30 20:19:20,Discrepancy Warning
INV-80674,STR-505,PRD-5674,WH-102,18,285,4,2.21,2026-07-30 20:19:20,Discrepancy Warning
INV-80675,STR-501,PRD-5675,WH-104,38,84,6,3.34,2026-07-30 20:19:20,Discrepancy Warning
INV-80676,STR-502,PRD-5676,WH-102,35,387,7,3.28,2026-07-30 20:19:20,Discrepancy Warning
INV-80677,STR-503,PRD-5677,WH-104,55,104,9,4.3,2026-07-30 20:19:20,Discrepancy Warning
INV-80678,STR-504,PRD-5678,WH-104,86,260,11,3.38,2026-07-30 20:19:20,Discrepancy Warning
INV-80679,STR-505,PRD-5679,WH-102,12,166,16,0.4,2026-07-30 20:19:20,Synced
INV-80680,STR-501,PRD-5680,WH-101,76,72,20,4.33,2026-07-30 20:19:20,Discrepancy Warning
INV-80681,STR-502,PRD-5681,WH-103,108,365,15,4.44,2026-07-30 20:19:20,Discrepancy Warning
INV-80682,STR-503,PRD-5682,WH-101,6,301,1,3.4,2026-07-30 20:19:20,Discrepancy Warning
INV-80683,STR-504,PRD-5683,WH-104,14,316,7,4.46,2026-07-30 20:19:20,Discrepancy Warning
INV-80684,STR-505,PRD-5684,WH-103,31,289,10,0.96,2026-07-30 20:19:20,Synced
INV-80685,STR-501,PRD-5685,WH-104,97,41,8,1.02,2026-07-30 20:19:20,Synced
INV-80686,STR-502,PRD-5686,WH-101,83,296,16,2.93,2026-07-30 20:19:20,Discrepancy Warning
INV-80687,STR-503,PRD-5687,WH-104,132,91,15,2.89,2026-07-30 20:19:20,Discrepancy Warning
INV-80688,STR-504,PRD-5688,WH-104,20,30,5,0.81,2026-07-30 20:19:20,Synced
INV-80689,STR-505,PRD-5689,WH-104,94,110,18,1.19,2026-07-30 20:19:20,Synced
INV-80690,STR-501,PRD-5690,WH-104,49,169,4,1.75,2026-07-30 20:19:20,Synced
INV-80691,STR-502,PRD-5691,WH-104,52,281,9,0.87,2026-07-30 20:19:20,Synced
INV-80692,STR-503,PRD-5692,WH-104,84,382,15,2.13,2026-07-30 20:19:20,Discrepancy Warning
INV-80693,STR-504,PRD-5693,WH-103,96,208,13,2.97,2026-07-30 20:19:20,Discrepancy Warning
INV-80694,STR-505,PRD-5694,WH-101,81,219,2,3.52,2026-07-30 20:19:20,Discrepancy Warning
INV-80695,STR-501,PRD-5695,WH-101,84,292,10,1.49,2026-07-30 20:19:20,Synced
INV-80696,STR-502,PRD-5696,WH-103,29,55,11,2.46,2026-07-30 20:19:20,Discrepancy Warning
INV-80697,STR-503,PRD-5697,WH-101,111,76,15,1.56,2026-07-30 20:19:20,Synced
INV-80698,STR-504,PRD-5698,WH-102,6,149,5,4.44,2026-07-30 20:19:20,Discrepancy Warning
INV-80699,STR-505,PRD-5699,WH-103,144,151,11,0.84,2026-07-30 20:19:20,Synced
INV-80700,STR-501,PRD-5700,WH-103,127,214,15,2.97,2026-07-30 20:19:20,Discrepancy Warning
INV-80701,STR-502,PRD-5701,WH-104,56,354,4,3.69,2026-07-30 20:19:20,Discrepancy Warning
INV-80702,STR-503,PRD-5702,WH-104,26,328,18,2.26,2026-07-30 20:19:20,Discrepancy Warning
INV-80703,STR-504,PRD-5703,WH-101,64,176,8,3.9,2026-07-30 20:19:20,Discrepancy Warning
INV-80704,STR-505,PRD-5704,WH-104,40,249,6,0.68,2026-07-30 20:19:20,Synced
INV-80705,STR-501,PRD-5705,WH-103,146,289,0,3.57,2026-07-30 20:19:20,Discrepancy Warning
INV-80706,STR-502,PRD-5706,WH-103,14,44,17,1.65,2026-07-30 20:19:20,Synced
INV-80707,STR-503,PRD-5707,WH-103,47,303,15,2.72,2026-07-30 20:19:20,Discrepancy Warning
INV-80708,STR-504,PRD-5708,WH-103,91,198,1,4.46,2026-07-30 20:19:20,Discrepancy Warning
INV-80709,STR-505,PRD-5709,WH-104,94,287,16,1.25,2026-07-30 20:19:20,Synced
INV-80710,STR-501,PRD-5710,WH-104,104,118,0,2.61,2026-07-30 20:19:20,Discrepancy Warning
INV-80711,STR-502,PRD-5711,WH-103,29,30,20,2.22,2026-07-30 20:19:20,Discrepancy Warning
INV-80712,STR-503,PRD-5712,WH-101,70,106,3,1.38,2026-07-30 20:19:20,Synced
INV-80713,STR-504,PRD-5713,WH-103,82,197,11,0.36,2026-07-30 20:19:20,Synced
INV-80714,STR-505,PRD-5714,WH-104,23,83,11,2.18,2026-07-30 20:19:20,Discrepancy Warning
INV-80715,STR-501,PRD-5715,WH-102,141,297,20,1.63,2026-07-30 20:19:20,Synced
INV-80716,STR-502,PRD-5716,WH-104,31,368,5,0.39,2026-07-30 20:19:20,Synced
INV-80717,STR-503,PRD-5717,WH-104,113,107,12,2.18,2026-07-30 20:19:20,Discrepancy Warning
INV-80718,STR-504,PRD-5718,WH-101,67,356,14,2.81,2026-07-30 20:19:20,Discrepancy Warning
INV-80719,STR-505,PRD-5719,WH-104,58,142,14,1.02,2026-07-30 20:19:20,Synced
INV-80720,STR-501,PRD-5720,WH-104,76,102,18,1.72,2026-07-30 20:19:20,Synced
INV-80721,STR-502,PRD-5721,WH-104,116,394,17,3.12,2026-07-30 20:19:20,Discrepancy Warning
INV-80722,STR-503,PRD-5722,WH-104,108,202,19,2.44,2026-07-30 20:19:20,Discrepancy Warning
INV-80723,STR-504,PRD-5723,WH-101,145,22,17,2.54,2026-07-30 20:19:20,Discrepancy Warning
INV-80724,STR-505,PRD-5724,WH-103,32,193,11,1.12,2026-07-30 20:19:20,Synced
INV-80725,STR-501,PRD-5725,WH-103,7,28,20,2.12,2026-07-30 20:19:20,Discrepancy Warning
INV-80726,STR-502,PRD-5726,WH-103,148,118,9,0.7,2026-07-30 20:19:20,Synced
INV-80727,STR-503,PRD-5727,WH-104,60,142,18,3.55,2026-07-30 20:19:20,Discrepancy Warning
INV-80728,STR-504,PRD-5728,WH-101,42,33,18,2.59,2026-07-30 20:19:20,Discrepancy Warning
INV-80729,STR-505,PRD-5729,WH-104,110,318,8,3.78,2026-07-30 20:19:20,Discrepancy Warning
INV-80730,STR-501,PRD-5730,WH-102,86,347,9,0.68,2026-07-30 20:19:20,Synced
INV-80731,STR-502,PRD-5731,WH-101,94,213,16,0.49,2026-07-30 20:19:20,Synced
INV-80732,STR-503,PRD-5732,WH-101,78,102,9,1.18,2026-07-30 20:19:20,Synced
INV-80733,STR-504,PRD-5733,WH-103,84,274,11,2.49,2026-07-30 20:19:20,Discrepancy Warning
INV-80734,STR-505,PRD-5734,WH-104,145,214,6,1.13,2026-07-30 20:19:20,Synced
INV-80735,STR-501,PRD-5735,WH-102,120,331,5,0.88,2026-07-30 20:19:20,Synced
INV-80736,STR-502,PRD-5736,WH-102,7,135,5,0.97,2026-07-30 20:19:20,Synced
INV-80737,STR-503,PRD-5737,WH-102,130,44,9,0.83,2026-07-30 20:19:20,Synced
INV-80738,STR-504,PRD-5738,WH-104,119,158,16,3.79,2026-07-30 20:19:20,Discrepancy Warning
INV-80739,STR-505,PRD-5739,WH-101,102,117,1,2.71,2026-07-30 20:19:20,Discrepancy Warning
INV-80740,STR-501,PRD-5740,WH-102,123,350,7,2.67,2026-07-30 20:19:20,Discrepancy Warning
INV-80741,STR-502,PRD-5741,WH-103,100,393,16,3.35,2026-07-30 20:19:20,Discrepancy Warning
INV-80742,STR-503,PRD-5742,WH-103,26,78,2,0.4,2026-07-30 20:19:20,Synced
INV-80743,STR-504,PRD-5743,WH-104,31,221,16,2.98,2026-07-30 20:19:20,Discrepancy Warning
INV-80744,STR-505,PRD-5744,WH-104,70,136,15,3.89,2026-07-30 20:19:20,Discrepancy Warning
INV-80745,STR-501,PRD-5745,WH-101,136,157,19,1.43,2026-07-30 20:19:20,Synced
INV-80746,STR-502,PRD-5746,WH-103,116,296,18,3.9,2026-07-30 20:19:20,Discrepancy Warning
INV-80747,STR-503,PRD-5747,WH-103,120,342,19,3.34,2026-07-30 20:19:20,Discrepancy Warning
INV-80748,STR-504,PRD-5748,WH-103,73,137,19,0.86,2026-07-30 20:19:20,Synced
INV-80749,STR-505,PRD-5749,WH-104,11,139,6,0.86,2026-07-30 20:19:20,Synced
INV-80750,STR-501,PRD-5750,WH-103,141,96,12,2.37,2026-07-30 20:19:20,Discrepancy Warning
INV-80751,STR-502,PRD-5751,WH-101,88,153,7,1.73,2026-07-30 20:19:20,Synced
INV-80752,STR-503,PRD-5752,WH-101,89,38,3,4.06,2026-07-30 20:19:20,Discrepancy Warning
INV-80753,STR-504,PRD-5753,WH-101,56,94,15,2.92,2026-07-30 20:19:20,Discrepancy Warning
INV-80754,STR-505,PRD-5754,WH-102,142,102,11,0.55,2026-07-30 20:19:20,Synced
INV-80755,STR-501,PRD-5755,WH-103,27,260,5,2.48,2026-07-30 20:19:20,Discrepancy Warning
INV-80756,STR-502,PRD-5756,WH-102,95,264,17,3.68,2026-07-30 20:19:20,Discrepancy Warning
INV-80757,STR-503,PRD-5757,WH-103,51,161,17,2.21,2026-07-30 20:19:20,Discrepancy Warning
INV-80758,STR-504,PRD-5758,WH-101,94,345,3,3.96,2026-07-30 20:19:20,Discrepancy Warning
INV-80759,STR-505,PRD-5759,WH-104,35,262,2,1.49,2026-07-30 20:19:20,Synced
INV-80760,STR-501,PRD-5760,WH-102,149,251,1,1.55,2026-07-30 20:19:20,Synced
INV-80761,STR-502,PRD-5761,WH-102,143,16,10,1.94,2026-07-30 20:19:20,Synced
INV-80762,STR-503,PRD-5762,WH-104,44,225,10,1.6,2026-07-30 20:19:20,Synced
INV-80763,STR-504,PRD-5763,WH-103,149,74,7,2.73,2026-07-30 20:19:20,Discrepancy Warning
INV-80764,STR-505,PRD-5764,WH-101,66,233,10,2.88,2026-07-30 20:19:20,Discrepancy Warning
INV-80765,STR-501,PRD-5765,WH-101,79,333,16,1.46,2026-07-30 20:19:20,Synced
INV-80766,STR-502,PRD-5766,WH-104,144,301,19,1.74,2026-07-30 20:19:20,Synced
INV-80767,STR-503,PRD-5767,WH-102,41,371,11,1.84,2026-07-30 20:19:20,Synced
INV-80768,STR-504,PRD-5768,WH-101,126,308,14,0.79,2026-07-30 20:19:20,Synced
INV-80769,STR-505,PRD-5769,WH-104,135,300,16,1.53,2026-07-30 20:19:20,Synced
INV-80770,STR-501,PRD-5770,WH-101,83,261,9,2.09,2026-07-30 20:19:20,Discrepancy Warning
INV-80771,STR-502,PRD-5771,WH-104,14,283,4,4.04,2026-07-30 20:19:20,Discrepancy Warning
INV-80772,STR-503,PRD-5772,WH-102,16,64,6,2.1,2026-07-30 20:19:20,Discrepancy Warning
INV-80773,STR-504,PRD-5773,WH-102,127,240,17,4.35,2026-07-30 20:19:20,Discrepancy Warning
INV-80774,STR-505,PRD-5774,WH-103,116,68,1,3.69,2026-07-30 20:19:20,Discrepancy Warning
INV-80775,STR-501,PRD-5775,WH-104,90,238,4,0.34,2026-07-30 20:19:20,Synced
INV-80776,STR-502,PRD-5776,WH-102,37,287,20,4.21,2026-07-30 20:19:20,Discrepancy Warning
INV-80777,STR-503,PRD-5777,WH-104,10,375,6,3.19,2026-07-30 20:19:20,Discrepancy Warning
INV-80778,STR-504,PRD-5778,WH-104,123,307,3,2.66,2026-07-30 20:19:20,Discrepancy Warning
INV-80779,STR-505,PRD-5779,WH-103,26,134,18,1.67,2026-07-30 20:19:20,Synced
INV-80780,STR-501,PRD-5780,WH-101,136,216,14,1.7,2026-07-30 20:19:20,Synced
INV-80781,STR-502,PRD-5781,WH-104,52,73,0,2.44,2026-07-30 20:19:20,Discrepancy Warning
INV-80782,STR-503,PRD-5782,WH-104,12,192,13,0.59,2026-07-30 20:19:20,Synced
INV-80783,STR-504,PRD-5783,WH-101,124,309,3,4.01,2026-07-30 20:19:20,Discrepancy Warning
INV-80784,STR-505,PRD-5784,WH-104,53,167,15,3.56,2026-07-30 20:19:20,Discrepancy Warning
INV-80785,STR-501,PRD-5785,WH-104,38,136,18,3.3,2026-07-30 20:19:20,Discrepancy Warning
INV-80786,STR-502,PRD-5786,WH-103,53,360,17,2.83,2026-07-30 20:19:20,Discrepancy Warning
INV-80787,STR-503,PRD-5787,WH-101,89,65,20,4.44,2026-07-30 20:19:20,Discrepancy Warning
INV-80788,STR-504,PRD-5788,WH-103,59,163,15,2.95,2026-07-30 20:19:20,Discrepancy Warning
INV-80789,STR-505,PRD-5789,WH-104,110,92,17,3.45,2026-07-30 20:19:20,Discrepancy Warning
INV-80790,STR-501,PRD-5790,WH-104,28,169,3,2.6,2026-07-30 20:19:20,Discrepancy Warning
INV-80791,STR-502,PRD-5791,WH-104,44,348,13,3.12,2026-07-30 20:19:20,Discrepancy Warning
INV-80792,STR-503,PRD-5792,WH-104,27,233,17,3.17,2026-07-30 20:19:20,Discrepancy Warning
INV-80793,STR-504,PRD-5793,WH-104,77,111,1,0.3,2026-07-30 20:19:20,Synced
INV-80794,STR-505,PRD-5794,WH-103,72,78,7,1.14,2026-07-30 20:19:20,Synced
INV-80795,STR-501,PRD-5795,WH-102,101,235,11,1.27,2026-07-30 20:19:20,Synced
INV-80796,STR-502,PRD-5796,WH-104,32,185,7,1.95,2026-07-30 20:19:20,Synced
INV-80797,STR-503,PRD-5797,WH-102,16,258,14,1.07,2026-07-30 20:19:20,Synced
INV-80798,STR-504,PRD-5798,WH-103,52,93,2,2.04,2026-07-30 20:19:20,Discrepancy Warning
INV-80799,STR-505,PRD-5799,WH-103,39,240,14,2.64,2026-07-30 20:19:20,Discrepancy Warning
INV-80800,STR-501,PRD-5800,WH-103,103,126,10,1.38,2026-07-30 20:19:20,Synced
INV-80801,STR-502,PRD-5801,WH-104,107,144,0,1.3,2026-07-30 20:19:20,Synced
INV-80802,STR-503,PRD-5802,WH-103,54,77,6,3.22,2026-07-30 20:19:20,Discrepancy Warning
INV-80803,STR-504,PRD-5803,WH-102,70,360,11,2.16,2026-07-30 20:19:20,Discrepancy Warning
INV-80804,STR-505,PRD-5804,WH-103,39,13,4,3.08,2026-07-30 20:19:20,Discrepancy Warning
INV-80805,STR-501,PRD-5805,WH-104,32,161,8,3.11,2026-07-30 20:19:20,Discrepancy Warning
INV-80806,STR-502,PRD-5806,WH-101,98,47,19,3.43,2026-07-30 20:19:20,Discrepancy Warning
INV-80807,STR-503,PRD-5807,WH-101,64,379,13,4.36,2026-07-30 20:19:20,Discrepancy Warning
INV-80808,STR-504,PRD-5808,WH-103,70,340,4,4.07,2026-07-30 20:19:20,Discrepancy Warning
INV-80809,STR-505,PRD-5809,WH-104,75,262,1,0.39,2026-07-30 20:19:20,Synced
INV-80810,STR-501,PRD-5810,WH-103,111,347,5,4.45,2026-07-30 20:19:20,Discrepancy Warning
INV-80811,STR-502,PRD-5811,WH-103,65,323,5,3.14,2026-07-30 20:19:20,Discrepancy Warning
INV-80812,STR-503,PRD-5812,WH-104,134,261,20,3.03,2026-07-30 20:19:20,Discrepancy Warning
INV-80813,STR-504,PRD-5813,WH-102,36,98,14,0.78,2026-07-30 20:19:20,Synced
INV-80814,STR-505,PRD-5814,WH-102,62,211,3,1.57,2026-07-30 20:19:20,Synced
INV-80815,STR-501,PRD-5815,WH-104,61,347,19,2.17,2026-07-30 20:19:20,Discrepancy Warning
INV-80816,STR-502,PRD-5816,WH-104,147,233,3,3.63,2026-07-30 20:19:20,Discrepancy Warning
INV-80817,STR-503,PRD-5817,WH-101,10,326,3,2.49,2026-07-30 20:19:20,Discrepancy Warning
INV-80818,STR-504,PRD-5818,WH-103,106,54,5,2.47,2026-07-30 20:19:20,Discrepancy Warning
INV-80819,STR-505,PRD-5819,WH-103,88,192,2,0.86,2026-07-30 20:19:20,Synced
INV-80820,STR-501,PRD-5820,WH-104,20,343,13,2.19,2026-07-30 20:19:20,Discrepancy Warning
INV-80821,STR-502,PRD-5821,WH-104,30,321,14,4.13,2026-07-30 20:19:20,Discrepancy Warning
INV-80822,STR-503,PRD-5822,WH-103,77,200,12,2.85,2026-07-30 20:19:20,Discrepancy Warning
INV-80823,STR-504,PRD-5823,WH-104,131,24,19,1.23,2026-07-30 20:19:20,Synced
INV-80824,STR-505,PRD-5824,WH-102,19,378,4,0.39,2026-07-30 20:19:20,Synced
INV-80825,STR-501,PRD-5825,WH-104,29,293,4,1.69,2026-07-30 20:19:20,Synced
INV-80826,STR-502,PRD-5826,WH-103,93,295,19,2.65,2026-07-30 20:19:20,Discrepancy Warning
INV-80827,STR-503,PRD-5827,WH-103,129,352,19,4.04,2026-07-30 20:19:20,Discrepancy Warning
INV-80828,STR-504,PRD-5828,WH-102,114,13,16,0.97,2026-07-30 20:19:20,Synced
INV-80829,STR-505,PRD-5829,WH-103,101,15,0,2.96,2026-07-30 20:19:20,Discrepancy Warning
INV-80830,STR-501,PRD-5830,WH-104,45,10,2,0.34,2026-07-30 20:19:20,Synced
INV-80831,STR-502,PRD-5831,WH-104,103,117,14,3.76,2026-07-30 20:19:20,Discrepancy Warning
INV-80832,STR-503,PRD-5832,WH-101,101,367,11,0.26,2026-07-30 20:19:20,Synced
INV-80833,STR-504,PRD-5833,WH-103,30,217,3,1.91,2026-07-30 20:19:20,Synced
INV-80834,STR-505,PRD-5834,WH-103,27,18,7,1.04,2026-07-30 20:19:20,Synced
INV-80835,STR-501,PRD-5835,WH-101,27,148,1,4.05,2026-07-30 20:19:20,Discrepancy Warning
INV-80836,STR-502,PRD-5836,WH-101,77,265,12,3.04,2026-07-30 20:19:20,Discrepancy Warning
INV-80837,STR-503,PRD-5837,WH-103,148,100,5,0.33,2026-07-30 20:19:20,Synced
INV-80838,STR-504,PRD-5838,WH-104,92,84,6,2.14,2026-07-30 20:19:20,Discrepancy Warning
INV-80839,STR-505,PRD-5839,WH-101,35,70,18,2.2,2026-07-30 20:19:20,Discrepancy Warning
INV-80840,STR-501,PRD-5840,WH-104,87,267,16,2.24,2026-07-30 20:19:20,Discrepancy Warning
INV-80841,STR-502,PRD-5841,WH-102,24,75,0,1.79,2026-07-30 20:19:20,Synced
INV-80842,STR-503,PRD-5842,WH-104,54,236,18,4.32,2026-07-30 20:19:20,Discrepancy Warning
INV-80843,STR-504,PRD-5843,WH-101,14,172,18,2.01,2026-07-30 20:19:20,Discrepancy Warning
INV-80844,STR-505,PRD-5844,WH-101,138,337,18,1.15,2026-07-30 20:19:20,Synced
INV-80845,STR-501,PRD-5845,WH-101,69,225,10,3.02,2026-07-30 20:19:20,Discrepancy Warning
INV-80846,STR-502,PRD-5846,WH-104,64,221,8,2.24,2026-07-30 20:19:20,Discrepancy Warning
INV-80847,STR-503,PRD-5847,WH-101,119,38,13,2.3,2026-07-30 20:19:20,Discrepancy Warning
INV-80848,STR-504,PRD-5848,WH-103,90,120,16,3.96,2026-07-30 20:19:20,Discrepancy Warning
INV-80849,STR-505,PRD-5849,WH-103,122,326,17,1.14,2026-07-30 20:19:20,Synced
INV-80850,STR-501,PRD-5850,WH-101,12,171,13,1.48,2026-07-30 20:19:20,Synced
INV-80851,STR-502,PRD-5851,WH-101,52,321,15,3.42,2026-07-30 20:19:20,Discrepancy Warning
INV-80852,STR-503,PRD-5852,WH-104,121,375,18,3.47,2026-07-30 20:19:20,Discrepancy Warning
INV-80853,STR-504,PRD-5853,WH-101,27,382,19,0.92,2026-07-30 20:19:20,Synced
INV-80854,STR-505,PRD-5854,WH-104,102,55,12,3.4,2026-07-30 20:19:20,Discrepancy Warning
INV-80855,STR-501,PRD-5855,WH-103,114,131,8,1.74,2026-07-30 20:19:20,Synced
INV-80856,STR-502,PRD-5856,WH-102,138,140,5,3.34,2026-07-30 20:19:20,Discrepancy Warning
INV-80857,STR-503,PRD-5857,WH-104,113,192,5,3.36,2026-07-30 20:19:20,Discrepancy Warning
INV-80858,STR-504,PRD-5858,WH-101,124,282,3,1.18,2026-07-30 20:19:20,Synced
INV-80859,STR-505,PRD-5859,WH-102,144,254,15,3.24,2026-07-30 20:19:20,Discrepancy Warning
INV-80860,STR-501,PRD-5860,WH-104,111,315,5,3.63,2026-07-30 20:19:20,Discrepancy Warning
INV-80861,STR-502,PRD-5861,WH-103,114,232,1,1.39,2026-07-30 20:19:20,Synced
INV-80862,STR-503,PRD-5862,WH-101,112,353,8,3.32,2026-07-30 20:19:20,Discrepancy Warning
INV-80863,STR-504,PRD-5863,WH-104,59,386,13,3.26,2026-07-30 20:19:20,Discrepancy Warning
INV-80864,STR-505,PRD-5864,WH-104,93,60,17,2.07,2026-07-30 20:19:20,Discrepancy Warning
INV-80865,STR-501,PRD-5865,WH-102,134,66,16,2.25,2026-07-30 20:19:20,Discrepancy Warning
INV-80866,STR-502,PRD-5866,WH-102,8,72,6,2.42,2026-07-30 20:19:20,Discrepancy Warning
INV-80867,STR-503,PRD-5867,WH-101,65,259,19,3.67,2026-07-30 20:19:20,Discrepancy Warning
INV-80868,STR-504,PRD-5868,WH-103,73,114,15,2.01,2026-07-30 20:19:20,Discrepancy Warning
INV-80869,STR-505,PRD-5869,WH-102,104,320,16,2.78,2026-07-30 20:19:20,Discrepancy Warning
INV-80870,STR-501,PRD-5870,WH-104,49,95,19,1.94,2026-07-30 20:19:20,Synced
INV-80871,STR-502,PRD-5871,WH-101,75,276,17,1.57,2026-07-30 20:19:20,Synced
INV-80872,STR-503,PRD-5872,WH-104,146,377,12,1.85,2026-07-30 20:19:20,Synced
INV-80873,STR-504,PRD-5873,WH-103,27,101,2,1.04,2026-07-30 20:19:20,Synced
INV-80874,STR-505,PRD-5874,WH-103,17,142,11,1.34,2026-07-30 20:19:20,Synced
INV-80875,STR-501,PRD-5875,WH-103,71,190,15,0.56,2026-07-30 20:19:20,Synced
INV-80876,STR-502,PRD-5876,WH-101,139,348,7,3.59,2026-07-30 20:19:20,Discrepancy Warning
INV-80877,STR-503,PRD-5877,WH-103,54,240,4,0.9,2026-07-30 20:19:20,Synced
INV-80878,STR-504,PRD-5878,WH-101,24,216,8,2.71,2026-07-30 20:19:20,Discrepancy Warning
INV-80879,STR-505,PRD-5879,WH-103,12,98,8,4.46,2026-07-30 20:19:20,Discrepancy Warning
INV-80880,STR-501,PRD-5880,WH-101,71,247,13,1.14,2026-07-30 20:19:20,Synced
INV-80881,STR-502,PRD-5881,WH-103,25,306,1,4.01,2026-07-30 20:19:20,Discrepancy Warning
INV-80882,STR-503,PRD-5882,WH-102,112,352,16,0.87,2026-07-30 20:19:20,Synced
INV-80883,STR-504,PRD-5883,WH-101,94,144,19,3.35,2026-07-30 20:19:20,Discrepancy Warning
INV-80884,STR-505,PRD-5884,WH-101,115,87,10,3.13,2026-07-30 20:19:20,Discrepancy Warning
INV-80885,STR-501,PRD-5885,WH-102,33,147,17,3.92,2026-07-30 20:19:20,Discrepancy Warning
INV-80886,STR-502,PRD-5886,WH-101,17,36,20,1.31,2026-07-30 20:19:20,Synced
INV-80887,STR-503,PRD-5887,WH-102,46,290,15,4.28,2026-07-30 20:19:20,Discrepancy Warning
INV-80888,STR-504,PRD-5888,WH-102,31,267,19,3.85,2026-07-30 20:19:20,Discrepancy Warning
INV-80889,STR-505,PRD-5889,WH-103,123,49,20,3.17,2026-07-30 20:19:20,Discrepancy Warning
INV-80890,STR-501,PRD-5890,WH-103,147,48,18,3.28,2026-07-30 20:19:20,Discrepancy Warning
INV-80891,STR-502,PRD-5891,WH-102,85,221,5,2.57,2026-07-30 20:19:20,Discrepancy Warning
INV-80892,STR-503,PRD-5892,WH-101,22,399,8,4.5,2026-07-30 20:19:20,Discrepancy Warning
INV-80893,STR-504,PRD-5893,WH-103,34,197,6,4.13,2026-07-30 20:19:20,Discrepancy Warning
INV-80894,STR-505,PRD-5894,WH-102,73,152,5,3.86,2026-07-30 20:19:20,Discrepancy Warning
INV-80895,STR-501,PRD-5895,WH-103,117,394,4,1.78,2026-07-30 20:19:20,Synced
INV-80896,STR-502,PRD-5896,WH-102,113,329,17,2.32,2026-07-30 20:19:20,Discrepancy Warning
INV-80897,STR-503,PRD-5897,WH-101,6,275,9,0.3,2026-07-30 20:19:20,Synced
INV-80898,STR-504,PRD-5898,WH-102,15,313,20,3.82,2026-07-30 20:19:20,Discrepancy Warning
INV-80899,STR-505,PRD-5899,WH-102,7,155,6,1.68,2026-07-30 20:19:20,Synced
INV-80900,STR-501,PRD-5900,WH-102,26,110,11,4.22,2026-07-30 20:19:20,Discrepancy Warning
INV-80901,STR-502,PRD-5901,WH-103,54,213,14,1.66,2026-07-30 20:19:20,Synced
INV-80902,STR-503,PRD-5902,WH-102,59,325,14,4.43,2026-07-30 20:19:20,Discrepancy Warning
INV-80903,STR-504,PRD-5903,WH-102,91,216,12,0.7,2026-07-30 20:19:20,Synced
INV-80904,STR-505,PRD-5904,WH-103,17,387,2,2.17,2026-07-30 20:19:20,Discrepancy Warning
INV-80905,STR-501,PRD-5905,WH-102,92,55,5,2.02,2026-07-30 20:19:20,Discrepancy Warning
INV-80906,STR-502,PRD-5906,WH-103,28,129,11,3.22,2026-07-30 20:19:20,Discrepancy Warning
INV-80907,STR-503,PRD-5907,WH-101,76,356,15,3.29,2026-07-30 20:19:20,Discrepancy Warning
INV-80908,STR-504,PRD-5908,WH-103,14,276,6,0.39,2026-07-30 20:19:20,Synced
INV-80909,STR-505,PRD-5909,WH-101,26,358,2,1.06,2026-07-30 20:19:20,Synced
INV-80910,STR-501,PRD-5910,WH-102,78,380,3,2.96,2026-07-30 20:19:20,Discrepancy Warning
INV-80911,STR-502,PRD-5911,WH-103,150,147,19,0.97,2026-07-30 20:19:20,Synced
INV-80912,STR-503,PRD-5912,WH-101,118,180,10,2.67,2026-07-30 20:19:20,Discrepancy Warning
INV-80913,STR-504,PRD-5913,WH-103,38,22,20,1.66,2026-07-30 20:19:20,Synced
INV-80914,STR-505,PRD-5914,WH-101,31,227,17,1.46,2026-07-30 20:19:20,Synced
INV-80915,STR-501,PRD-5915,WH-104,47,30,13,1.13,2026-07-30 20:19:20,Synced
INV-80916,STR-502,PRD-5916,WH-103,101,58,16,3.99,2026-07-30 20:19:20,Discrepancy Warning
INV-80917,STR-503,PRD-5917,WH-101,35,340,16,3.99,2026-07-30 20:19:20,Discrepancy Warning
INV-80918,STR-504,PRD-5918,WH-101,119,321,9,0.86,2026-07-30 20:19:20,Synced
INV-80919,STR-505,PRD-5919,WH-101,5,308,3,1.75,2026-07-30 20:19:20,Synced
INV-80920,STR-501,PRD-5920,WH-104,81,152,1,3.51,2026-07-30 20:19:20,Discrepancy Warning
INV-80921,STR-502,PRD-5921,WH-102,27,366,19,3.68,2026-07-30 20:19:20,Discrepancy Warning
INV-80922,STR-503,PRD-5922,WH-104,128,368,12,2.88,2026-07-30 20:19:20,Discrepancy Warning
INV-80923,STR-504,PRD-5923,WH-104,33,73,10,0.46,2026-07-30 20:19:20,Synced
INV-80924,STR-505,PRD-5924,WH-103,5,266,0,1.33,2026-07-30 20:19:20,Synced
INV-80925,STR-501,PRD-5925,WH-102,117,194,8,3.27,2026-07-30 20:19:20,Discrepancy Warning
INV-80926,STR-502,PRD-5926,WH-103,52,127,5,0.51,2026-07-30 20:19:20,Synced
INV-80927,STR-503,PRD-5927,WH-101,70,363,6,0.93,2026-07-30 20:19:20,Synced
INV-80928,STR-504,PRD-5928,WH-102,9,254,6,4.11,2026-07-30 20:19:20,Discrepancy Warning
INV-80929,STR-505,PRD-5929,WH-102,146,152,2,1.28,2026-07-30 20:19:20,Synced
INV-80930,STR-501,PRD-5930,WH-101,93,111,0,3.06,2026-07-30 20:19:20,Discrepancy Warning
INV-80931,STR-502,PRD-5931,WH-102,19,21,7,0.63,2026-07-30 20:19:20,Synced
INV-80932,STR-503,PRD-5932,WH-103,126,313,2,3.71,2026-07-30 20:19:20,Discrepancy Warning
INV-80933,STR-504,PRD-5933,WH-101,58,275,13,0.5,2026-07-30 20:19:20,Synced
INV-80934,STR-505,PRD-5934,WH-102,74,394,7,1.92,2026-07-30 20:19:20,Synced
INV-80935,STR-501,PRD-5935,WH-101,82,339,3,3.8,2026-07-30 20:19:20,Discrepancy Warning
INV-80936,STR-502,PRD-5936,WH-101,93,226,2,3.95,2026-07-30 20:19:20,Discrepancy Warning
INV-80937,STR-503,PRD-5937,WH-104,40,130,19,0.59,2026-07-30 20:19:20,Synced
INV-80938,STR-504,PRD-5938,WH-104,146,343,1,3.74,2026-07-30 20:19:20,Discrepancy Warning
INV-80939,STR-505,PRD-5939,WH-101,100,347,15,1.32,2026-07-30 20:19:20,Synced
INV-80940,STR-501,PRD-5940,WH-103,34,248,13,2.68,2026-07-30 20:19:20,Discrepancy Warning
INV-80941,STR-502,PRD-5941,WH-101,110,197,9,0.22,2026-07-30 20:19:20,Synced
INV-80942,STR-503,PRD-5942,WH-104,102,44,10,1.54,2026-07-30 20:19:20,Synced
INV-80943,STR-504,PRD-5943,WH-102,63,16,6,2.69,2026-07-30 20:19:20,Discrepancy Warning
INV-80944,STR-505,PRD-5944,WH-102,39,358,2,2.09,2026-07-30 20:19:20,Discrepancy Warning
INV-80945,STR-501,PRD-5945,WH-101,127,188,5,1.42,2026-07-30 20:19:20,Synced
INV-80946,STR-502,PRD-5946,WH-101,122,34,2,2.95,2026-07-30 20:19:20,Discrepancy Warning
INV-80947,STR-503,PRD-5947,WH-102,121,231,0,3.54,2026-07-30 20:19:20,Discrepancy Warning
INV-80948,STR-504,PRD-5948,WH-103,72,315,0,0.41,2026-07-30 20:19:20,Synced
INV-80949,STR-505,PRD-5949,WH-103,120,312,3,3.61,2026-07-30 20:19:20,Discrepancy Warning
INV-80950,STR-501,PRD-5950,WH-102,98,20,9,3.49,2026-07-30 20:19:20,Discrepancy Warning
INV-80951,STR-502,PRD-5951,WH-103,108,21,10,1.41,2026-07-30 20:19:20,Synced
INV-80952,STR-503,PRD-5952,WH-102,116,92,11,2.47,2026-07-30 20:19:20,Discrepancy Warning
INV-80953,STR-504,PRD-5953,WH-103,131,234,16,0.97,2026-07-30 20:19:20,Synced
INV-80954,STR-505,PRD-5954,WH-104,38,59,5,2.65,2026-07-30 20:19:20,Discrepancy Warning
INV-80955,STR-501,PRD-5955,WH-101,42,66,7,2.83,2026-07-30 20:19:20,Discrepancy Warning
INV-80956,STR-502,PRD-5956,WH-101,19,162,16,3.66,2026-07-30 20:19:20,Discrepancy Warning
INV-80957,STR-503,PRD-5957,WH-104,102,184,4,0.23,2026-07-30 20:19:20,Synced
INV-80958,STR-504,PRD-5958,WH-102,80,382,14,3.33,2026-07-30 20:19:20,Discrepancy Warning
INV-80959,STR-505,PRD-5959,WH-103,22,351,15,2.96,2026-07-30 20:19:20,Discrepancy Warning
INV-80960,STR-501,PRD-5960,WH-102,15,395,7,0.31,2026-07-30 20:19:20,Synced
INV-80961,STR-502,PRD-5961,WH-101,54,243,13,0.63,2026-07-30 20:19:20,Synced
INV-80962,STR-503,PRD-5962,WH-104,141,70,19,3.9,2026-07-30 20:19:20,Discrepancy Warning
INV-80963,STR-504,PRD-5963,WH-103,105,221,8,1.86,2026-07-30 20:19:20,Synced
INV-80964,STR-505,PRD-5964,WH-104,125,322,3,3.43,2026-07-30 20:19:20,Discrepancy Warning
INV-80965,STR-501,PRD-5965,WH-101,21,53,9,4.44,2026-07-30 20:19:20,Discrepancy Warning
INV-80966,STR-502,PRD-5966,WH-101,69,73,19,0.95,2026-07-30 20:19:20,Synced
INV-80967,STR-503,PRD-5967,WH-101,63,255,16,0.79,2026-07-30 20:19:20,Synced
INV-80968,STR-504,PRD-5968,WH-104,99,359,13,3.16,2026-07-30 20:19:20,Discrepancy Warning
INV-80969,STR-505,PRD-5969,WH-102,28,265,19,1.22,2026-07-30 20:19:20,Synced
INV-80970,STR-501,PRD-5970,WH-104,130,214,4,2.44,2026-07-30 20:19:20,Discrepancy Warning
INV-80971,STR-502,PRD-5971,WH-103,76,314,14,2.83,2026-07-30 20:19:20,Discrepancy Warning
INV-80972,STR-503,PRD-5972,WH-104,33,367,1,3.19,2026-07-30 20:19:20,Discrepancy Warning
INV-80973,STR-504,PRD-5973,WH-104,69,185,2,3.31,2026-07-30 20:19:20,Discrepancy Warning
INV-80974,STR-505,PRD-5974,WH-102,8,162,15,3.04,2026-07-30 20:19:20,Discrepancy Warning
INV-80975,STR-501,PRD-5975,WH-104,7,233,13,1.99,2026-07-30 20:19:20,Synced
INV-80976,STR-502,PRD-5976,WH-102,91,275,7,1.22,2026-07-30 20:19:20,Synced
INV-80977,STR-503,PRD-5977,WH-102,15,137,14,3.18,2026-07-30 20:19:20,Discrepancy Warning
INV-80978,STR-504,PRD-5978,WH-103,60,194,11,4.3,2026-07-30 20:19:20,Discrepancy Warning
INV-80979,STR-505,PRD-5979,WH-102,88,181,14,1.68,2026-07-30 20:19:20,Synced
INV-80980,STR-501,PRD-5980,WH-101,68,214,19,3.33,2026-07-30 20:19:20,Discrepancy Warning
INV-80981,STR-502,PRD-5981,WH-104,74,14,17,3.7,2026-07-30 20:19:20,Discrepancy Warning
INV-80982,STR-503,PRD-5982,WH-101,44,192,20,4.27,2026-07-30 20:19:20,Discrepancy Warning
INV-80983,STR-504,PRD-5983,WH-103,64,129,16,1.25,2026-07-30 20:19:20,Synced
INV-80984,STR-505,PRD-5984,WH-101,27,32,18,0.71,2026-07-30 20:19:20,Synced
INV-80985,STR-501,PRD-5985,WH-104,36,26,6,3.94,2026-07-30 20:19:20,Discrepancy Warning
INV-80986,STR-502,PRD-5986,WH-101,6,39,3,2.37,2026-07-30 20:19:20,Discrepancy Warning
INV-80987,STR-503,PRD-5987,WH-104,102,150,20,0.81,2026-07-30 20:19:20,Synced
INV-80988,STR-504,PRD-5988,WH-101,140,335,0,1.59,2026-07-30 20:19:20,Synced
INV-80989,STR-505,PRD-5989,WH-101,38,26,17,4.0,2026-07-30 20:19:20,Discrepancy Warning
INV-80990,STR-501,PRD-5990,WH-101,12,380,15,2.09,2026-07-30 20:19:20,Discrepancy Warning
INV-80991,STR-502,PRD-5991,WH-101,50,270,11,0.3,2026-07-30 20:19:20,Synced
INV-80992,STR-503,PRD-5992,WH-103,96,347,16,0.4,2026-07-30 20:19:20,Synced
INV-80993,STR-504,PRD-5993,WH-101,133,208,4,0.94,2026-07-30 20:19:20,Synced
INV-80994,STR-505,PRD-5994,WH-102,80,228,15,1.94,2026-07-30 20:19:20,Synced
INV-80995,STR-501,PRD-5995,WH-104,82,309,12,4.38,2026-07-30 20:19:20,Discrepancy Warning
INV-80996,STR-502,PRD-5996,WH-101,95,139,0,3.53,2026-07-30 20:19:20,Discrepancy Warning
INV-80997,STR-503,PRD-5997,WH-103,131,74,6,2.25,2026-07-30 20:19:20,Discrepancy Warning
INV-80998,STR-504,PRD-5998,WH-103,58,43,5,0.26,2026-07-30 20:19:20,Synced
INV-80999,STR-505,PRD-5999,WH-101,56,112,8,2.41,2026-07-30 20:19:20,Discrepancy Warning
INV-81000,STR-501,PRD-6000,WH-102,67,387,6,2.45,2026-07-30 20:19:20,Discrepancy Warning
INV-81001,STR-502,PRD-6001,WH-102,25,262,15,3.06,2026-07-30 20:19:20,Discrepancy Warning
INV-81002,STR-503,PRD-6002,WH-101,65,236,19,3.5,2026-07-30 20:19:20,Discrepancy Warning
INV-81003,STR-504,PRD-6003,WH-101,17,368,12,1.23,2026-07-30 20:19:20,Synced
INV-81004,STR-505,PRD-6004,WH-102,47,361,6,2.37,2026-07-30 20:19:20,Discrepancy Warning
INV-81005,STR-501,PRD-6005,WH-103,137,222,0,2.61,2026-07-30 20:19:20,Discrepancy Warning
INV-81006,STR-502,PRD-6006,WH-101,37,234,2,4.17,2026-07-30 20:19:20,Discrepancy Warning
INV-81007,STR-503,PRD-6007,WH-101,13,121,0,1.28,2026-07-30 20:19:20,Synced
INV-81008,STR-504,PRD-6008,WH-104,76,113,18,0.69,2026-07-30 20:19:20,Synced
INV-81009,STR-505,PRD-6009,WH-102,125,19,12,2.19,2026-07-30 20:19:20,Discrepancy Warning
INV-81010,STR-501,PRD-6010,WH-102,98,181,8,3.1,2026-07-30 20:19:20,Discrepancy Warning
INV-81011,STR-502,PRD-6011,WH-101,82,296,2,0.2,2026-07-30 20:19:20,Synced
INV-81012,STR-503,PRD-6012,WH-101,49,310,17,0.64,2026-07-30 20:19:20,Synced
INV-81013,STR-504,PRD-6013,WH-101,50,310,18,2.35,2026-07-30 20:19:20,Discrepancy Warning
INV-81014,STR-505,PRD-6014,WH-103,37,316,9,1.76,2026-07-30 20:19:20,Synced
INV-81015,STR-501,PRD-6015,WH-102,139,384,3,2.62,2026-07-30 20:19:20,Discrepancy Warning
INV-81016,STR-502,PRD-6016,WH-102,119,209,4,4.15,2026-07-30 20:19:20,Discrepancy Warning
INV-81017,STR-503,PRD-6017,WH-102,81,20,8,1.69,2026-07-30 20:19:20,Synced
INV-81018,STR-504,PRD-6018,WH-102,81,168,13,3.29,2026-07-30 20:19:20,Discrepancy Warning
INV-81019,STR-505,PRD-6019,WH-101,45,353,15,4.1,2026-07-30 20:19:20,Discrepancy Warning
INV-81020,STR-501,PRD-6020,WH-103,105,254,11,4.49,2026-07-30 20:19:20,Discrepancy Warning
INV-81021,STR-502,PRD-6021,WH-103,150,68,18,3.34,2026-07-30 20:19:20,Discrepancy Warning
INV-81022,STR-503,PRD-6022,WH-102,137,37,17,4.36,2026-07-30 20:19:20,Discrepancy Warning
INV-81023,STR-504,PRD-6023,WH-101,115,16,0,1.08,2026-07-30 20:19:20,Synced
INV-81024,STR-505,PRD-6024,WH-103,117,142,13,1.42,2026-07-30 20:19:20,Synced
INV-81025,STR-501,PRD-6025,WH-102,6,137,10,0.44,2026-07-30 20:19:20,Synced
INV-81026,STR-502,PRD-6026,WH-104,66,399,16,1.33,2026-07-30 20:19:20,Synced
INV-81027,STR-503,PRD-6027,WH-101,54,362,5,0.55,2026-07-30 20:19:20,Synced
INV-81028,STR-504,PRD-6028,WH-102,33,196,18,2.31,2026-07-30 20:19:20,Discrepancy Warning
INV-81029,STR-505,PRD-6029,WH-103,12,111,6,0.33,2026-07-30 20:19:20,Synced
INV-81030,STR-501,PRD-6030,WH-103,51,120,18,3.27,2026-07-30 20:19:20,Discrepancy Warning
INV-81031,STR-502,PRD-6031,WH-101,45,251,8,3.1,2026-07-30 20:19:20,Discrepancy Warning
INV-81032,STR-503,PRD-6032,WH-104,31,16,8,2.36,2026-07-30 20:19:20,Discrepancy Warning
INV-81033,STR-504,PRD-6033,WH-103,109,39,12,3.97,2026-07-30 20:19:20,Discrepancy Warning
INV-81034,STR-505,PRD-6034,WH-103,104,215,15,1.08,2026-07-30 20:19:20,Synced
INV-81035,STR-501,PRD-6035,WH-101,25,87,13,3.42,2026-07-30 20:19:20,Discrepancy Warning
INV-81036,STR-502,PRD-6036,WH-102,37,13,8,1.68,2026-07-30 20:19:20,Synced
INV-81037,STR-503,PRD-6037,WH-103,94,114,4,4.01,2026-07-30 20:19:20,Discrepancy Warning
INV-81038,STR-504,PRD-6038,WH-103,81,68,19,0.38,2026-07-30 20:19:20,Synced
INV-81039,STR-505,PRD-6039,WH-104,87,224,11,2.12,2026-07-30 20:19:20,Discrepancy Warning
INV-81040,STR-501,PRD-6040,WH-102,67,73,18,3.37,2026-07-30 20:19:20,Discrepancy Warning
INV-81041,STR-502,PRD-6041,WH-104,10,63,12,0.72,2026-07-30 20:19:20,Synced
INV-81042,STR-503,PRD-6042,WH-102,137,22,12,0.61,2026-07-30 20:19:20,Synced
INV-81043,STR-504,PRD-6043,WH-103,118,71,0,2.25,2026-07-30 20:19:20,Discrepancy Warning
INV-81044,STR-505,PRD-6044,WH-103,83,354,5,4.19,2026-07-30 20:19:20,Discrepancy Warning
INV-81045,STR-501,PRD-6045,WH-101,60,382,14,3.14,2026-07-30 20:19:20,Discrepancy Warning
INV-81046,STR-502,PRD-6046,WH-103,61,100,15,1.67,2026-07-30 20:19:20,Synced
INV-81047,STR-503,PRD-6047,WH-102,29,247,3,2.2,2026-07-30 20:19:20,Discrepancy Warning
INV-81048,STR-504,PRD-6048,WH-101,94,118,14,0.64,2026-07-30 20:19:20,Synced
INV-81049,STR-505,PRD-6049,WH-104,77,85,15,0.31,2026-07-30 20:19:20,Synced
INV-81050,STR-501,PRD-6050,WH-104,91,175,3,3.36,2026-07-30 20:19:20,Discrepancy Warning
INV-81051,STR-502,PRD-6051,WH-104,85,158,15,3.42,2026-07-30 20:19:20,Discrepancy Warning
INV-81052,STR-503,PRD-6052,WH-103,65,342,19,2.72,2026-07-30 20:19:20,Discrepancy Warning
INV-81053,STR-504,PRD-6053,WH-102,110,144,18,3.88,2026-07-30 20:19:20,Discrepancy Warning
INV-81054,STR-505,PRD-6054,WH-102,28,212,12,0.49,2026-07-30 20:19:20,Synced
INV-81055,STR-501,PRD-6055,WH-103,21,150,19,3.05,2026-07-30 20:19:20,Discrepancy Warning
INV-81056,STR-502,PRD-6056,WH-102,81,220,9,3.52,2026-07-30 20:19:20,Discrepancy Warning
INV-81057,STR-503,PRD-6057,WH-101,40,61,4,1.1,2026-07-30 20:19:20,Synced
INV-81058,STR-504,PRD-6058,WH-102,113,231,5,0.36,2026-07-30 20:19:20,Synced
INV-81059,STR-505,PRD-6059,WH-101,122,301,3,3.92,2026-07-30 20:19:20,Discrepancy Warning
INV-81060,STR-501,PRD-6060,WH-101,31,321,6,2.93,2026-07-30 20:19:20,Discrepancy Warning
INV-81061,STR-502,PRD-6061,WH-103,23,211,16,2.74,2026-07-30 20:19:20,Discrepancy Warning
INV-81062,STR-503,PRD-6062,WH-104,44,244,8,2.45,2026-07-30 20:19:20,Discrepancy Warning
INV-81063,STR-504,PRD-6063,WH-101,139,273,7,0.41,2026-07-30 20:19:20,Synced
INV-81064,STR-505,PRD-6064,WH-102,35,248,16,2.06,2026-07-30 20:19:20,Discrepancy Warning
INV-81065,STR-501,PRD-6065,WH-101,114,203,3,3.14,2026-07-30 20:19:20,Discrepancy Warning
INV-81066,STR-502,PRD-6066,WH-102,103,294,3,3.6,2026-07-30 20:19:20,Discrepancy Warning
INV-81067,STR-503,PRD-6067,WH-101,54,258,13,3.27,2026-07-30 20:19:20,Discrepancy Warning
INV-81068,STR-504,PRD-6068,WH-102,35,352,14,2.93,2026-07-30 20:19:20,Discrepancy Warning
INV-81069,STR-505,PRD-6069,WH-102,55,169,20,3.77,2026-07-30 20:19:20,Discrepancy Warning
INV-81070,STR-501,PRD-6070,WH-103,14,109,20,2.32,2026-07-30 20:19:20,Discrepancy Warning
INV-81071,STR-502,PRD-6071,WH-103,120,233,17,1.61,2026-07-30 20:19:20,Synced
INV-81072,STR-503,PRD-6072,WH-101,31,153,17,1.46,2026-07-30 20:19:20,Synced
INV-81073,STR-504,PRD-6073,WH-102,34,232,13,0.65,2026-07-30 20:19:20,Synced
INV-81074,STR-505,PRD-6074,WH-102,59,74,13,2.52,2026-07-30 20:19:20,Discrepancy Warning
INV-81075,STR-501,PRD-6075,WH-104,147,217,4,0.85,2026-07-30 20:19:20,Synced
INV-81076,STR-502,PRD-6076,WH-101,115,71,9,0.47,2026-07-30 20:19:20,Synced
INV-81077,STR-503,PRD-6077,WH-101,113,164,5,0.91,2026-07-30 20:19:20,Synced
INV-81078,STR-504,PRD-6078,WH-104,24,261,3,0.7,2026-07-30 20:19:20,Synced
INV-81079,STR-505,PRD-6079,WH-104,57,33,8,3.49,2026-07-30 20:19:20,Discrepancy Warning
INV-81080,STR-501,PRD-6080,WH-101,130,319,13,1.17,2026-07-30 20:19:20,Synced
INV-81081,STR-502,PRD-6081,WH-103,148,135,17,2.82,2026-07-30 20:19:20,Discrepancy Warning
INV-81082,STR-503,PRD-6082,WH-102,53,115,9,0.64,2026-07-30 20:19:20,Synced
INV-81083,STR-504,PRD-6083,WH-104,99,18,9,1.12,2026-07-30 20:19:20,Synced
INV-81084,STR-505,PRD-6084,WH-104,34,166,0,0.72,2026-07-30 20:19:20,Synced
INV-81085,STR-501,PRD-6085,WH-102,34,25,14,1.12,2026-07-30 20:19:20,Synced
INV-81086,STR-502,PRD-6086,WH-103,30,374,9,2.07,2026-07-30 20:19:20,Discrepancy Warning
INV-81087,STR-503,PRD-6087,WH-102,38,140,9,3.25,2026-07-30 20:19:20,Discrepancy Warning
INV-81088,STR-504,PRD-6088,WH-101,29,210,20,2.24,2026-07-30 20:19:20,Discrepancy Warning
INV-81089,STR-505,PRD-6089,WH-101,49,79,8,4.07,2026-07-30 20:19:20,Discrepancy Warning
INV-81090,STR-501,PRD-6090,WH-104,76,23,19,1.26,2026-07-30 20:19:20,Synced
INV-81091,STR-502,PRD-6091,WH-103,39,181,2,2.23,2026-07-30 20:19:20,Discrepancy Warning
INV-81092,STR-503,PRD-6092,WH-102,45,37,9,2.22,2026-07-30 20:19:20,Discrepancy Warning
INV-81093,STR-504,PRD-6093,WH-102,75,188,10,2.2,2026-07-30 20:19:20,Discrepancy Warning
INV-81094,STR-505,PRD-6094,WH-104,77,76,3,2.26,2026-07-30 20:19:20,Discrepancy Warning
INV-81095,STR-501,PRD-6095,WH-103,20,30,11,3.04,2026-07-30 20:19:20,Discrepancy Warning
INV-81096,STR-502,PRD-6096,WH-104,107,337,15,0.77,2026-07-30 20:19:20,Synced
INV-81097,STR-503,PRD-6097,WH-103,147,10,12,3.44,2026-07-30 20:19:20,Discrepancy Warning
INV-81098,STR-504,PRD-6098,WH-102,68,262,18,1.83,2026-07-30 20:19:20,Synced
INV-81099,STR-505,PRD-6099,WH-103,97,216,20,1.52,2026-07-30 20:19:20,Synced
INV-81100,STR-501,PRD-6100,WH-101,37,52,5,3.97,2026-07-30 20:19:20,Discrepancy Warning
INV-81101,STR-502,PRD-6101,WH-104,8,323,17,3.29,2026-07-30 20:19:20,Discrepancy Warning
INV-81102,STR-503,PRD-6102,WH-104,7,109,9,3.44,2026-07-30 20:19:20,Discrepancy Warning
INV-81103,STR-504,PRD-6103,WH-102,126,43,3,3.5,2026-07-30 20:19:20,Discrepancy Warning
INV-81104,STR-505,PRD-6104,WH-104,89,326,9,0.57,2026-07-30 20:19:20,Synced
INV-81105,STR-501,PRD-6105,WH-102,118,381,7,0.41,2026-07-30 20:19:20,Synced
INV-81106,STR-502,PRD-6106,WH-102,65,216,2,3.69,2026-07-30 20:19:20,Discrepancy Warning
INV-81107,STR-503,PRD-6107,WH-103,126,322,18,1.46,2026-07-30 20:19:20,Synced
INV-81108,STR-504,PRD-6108,WH-103,92,181,19,1.31,2026-07-30 20:19:20,Synced
INV-81109,STR-505,PRD-6109,WH-103,34,279,2,0.27,2026-07-30 20:19:20,Synced
INV-81110,STR-501,PRD-6110,WH-104,5,357,0,0.67,2026-07-30 20:19:20,Synced
INV-81111,STR-502,PRD-6111,WH-101,51,215,1,2.25,2026-07-30 20:19:20,Discrepancy Warning
INV-81112,STR-503,PRD-6112,WH-103,71,385,7,0.73,2026-07-30 20:19:20,Synced
INV-81113,STR-504,PRD-6113,WH-102,26,55,10,3.64,2026-07-30 20:19:20,Discrepancy Warning
INV-81114,STR-505,PRD-6114,WH-104,137,227,16,1.17,2026-07-30 20:19:20,Synced
INV-81115,STR-501,PRD-6115,WH-103,12,315,2,1.74,2026-07-30 20:19:20,Synced
INV-81116,STR-502,PRD-6116,WH-101,116,16,13,1.05,2026-07-30 20:19:20,Synced
INV-81117,STR-503,PRD-6117,WH-101,118,244,15,1.17,2026-07-30 20:19:20,Synced
INV-81118,STR-504,PRD-6118,WH-103,145,97,5,4.44,2026-07-30 20:19:20,Discrepancy Warning
INV-81119,STR-505,PRD-6119,WH-103,108,364,15,0.31,2026-07-30 20:19:20,Synced
INV-81120,STR-501,PRD-6120,WH-103,70,335,9,1.32,2026-07-30 20:19:20,Synced
INV-81121,STR-502,PRD-6121,WH-103,141,191,14,2.27,2026-07-30 20:19:20,Discrepancy Warning
INV-81122,STR-503,PRD-6122,WH-102,108,106,10,4.02,2026-07-30 20:19:20,Discrepancy Warning
INV-81123,STR-504,PRD-6123,WH-101,103,76,8,0.32,2026-07-30 20:19:20,Synced
INV-81124,STR-505,PRD-6124,WH-104,65,346,11,1.93,2026-07-30 20:19:20,Synced
INV-81125,STR-501,PRD-6125,WH-101,108,365,11,2.66,2026-07-30 20:19:20,Discrepancy Warning
INV-81126,STR-502,PRD-6126,WH-102,145,272,16,3.01,2026-07-30 20:19:20,Discrepancy Warning
INV-81127,STR-503,PRD-6127,WH-103,121,123,17,1.98,2026-07-30 20:19:20,Synced
INV-81128,STR-504,PRD-6128,WH-102,71,193,8,2.47,2026-07-30 20:19:20,Discrepancy Warning
INV-81129,STR-505,PRD-6129,WH-104,49,43,5,1.79,2026-07-30 20:19:20,Synced
INV-81130,STR-501,PRD-6130,WH-104,124,22,0,1.15,2026-07-30 20:19:20,Synced
INV-81131,STR-502,PRD-6131,WH-101,15,51,12,3.08,2026-07-30 20:19:20,Discrepancy Warning
INV-81132,STR-503,PRD-6132,WH-102,91,392,6,3.57,2026-07-30 20:19:20,Discrepancy Warning
INV-81133,STR-504,PRD-6133,WH-102,14,121,11,1.34,2026-07-30 20:19:20,Synced
INV-81134,STR-505,PRD-6134,WH-104,81,306,9,3.14,2026-07-30 20:19:20,Discrepancy Warning
INV-81135,STR-501,PRD-6135,WH-103,38,90,10,2.53,2026-07-30 20:19:20,Discrepancy Warning
INV-81136,STR-502,PRD-6136,WH-104,38,78,13,3.8,2026-07-30 20:19:20,Discrepancy Warning
INV-81137,STR-503,PRD-6137,WH-103,12,286,13,0.42,2026-07-30 20:19:20,Synced
INV-81138,STR-504,PRD-6138,WH-103,46,184,3,1.55,2026-07-30 20:19:20,Synced
INV-81139,STR-505,PRD-6139,WH-101,101,86,6,3.87,2026-07-30 20:19:20,Discrepancy Warning
INV-81140,STR-501,PRD-6140,WH-103,144,124,3,4.18,2026-07-30 20:19:20,Discrepancy Warning
INV-81141,STR-502,PRD-6141,WH-102,25,222,1,2.39,2026-07-30 20:19:20,Discrepancy Warning
INV-81142,STR-503,PRD-6142,WH-104,97,373,13,4.25,2026-07-30 20:19:20,Discrepancy Warning
INV-81143,STR-504,PRD-6143,WH-101,58,196,3,2.79,2026-07-30 20:19:20,Discrepancy Warning
INV-81144,STR-505,PRD-6144,WH-101,107,323,7,0.34,2026-07-30 20:19:20,Synced
INV-81145,STR-501,PRD-6145,WH-104,134,326,0,3.34,2026-07-30 20:19:20,Discrepancy Warning
INV-81146,STR-502,PRD-6146,WH-104,12,71,4,3.07,2026-07-30 20:19:20,Discrepancy Warning
INV-81147,STR-503,PRD-6147,WH-101,134,269,2,2.32,2026-07-30 20:19:20,Discrepancy Warning
INV-81148,STR-504,PRD-6148,WH-104,71,46,19,3.43,2026-07-30 20:19:20,Discrepancy Warning
INV-81149,STR-505,PRD-6149,WH-101,144,172,3,1.47,2026-07-30 20:19:20,Synced
INV-81150,STR-501,PRD-6150,WH-101,117,20,2,1.79,2026-07-30 20:19:20,Synced
INV-81151,STR-502,PRD-6151,WH-101,50,272,7,1.69,2026-07-30 20:19:20,Synced
INV-81152,STR-503,PRD-6152,WH-104,28,14,0,0.56,2026-07-30 20:19:20,Synced
INV-81153,STR-504,PRD-6153,WH-104,43,90,20,2.15,2026-07-30 20:19:20,Discrepancy Warning
INV-81154,STR-505,PRD-6154,WH-104,65,189,3,3.88,2026-07-30 20:19:20,Discrepancy Warning
INV-81155,STR-501,PRD-6155,WH-104,125,148,14,1.09,2026-07-30 20:19:20,Synced
INV-81156,STR-502,PRD-6156,WH-101,83,298,4,4.47,2026-07-30 20:19:20,Discrepancy Warning
INV-81157,STR-503,PRD-6157,WH-102,126,129,5,1.01,2026-07-30 20:19:20,Synced
INV-81158,STR-504,PRD-6158,WH-102,67,312,9,1.89,2026-07-30 20:19:20,Synced
INV-81159,STR-505,PRD-6159,WH-102,5,391,17,4.19,2026-07-30 20:19:20,Discrepancy Warning
INV-81160,STR-501,PRD-6160,WH-104,23,139,5,2.75,2026-07-30 20:19:20,Discrepancy Warning
INV-81161,STR-502,PRD-6161,WH-101,144,363,3,3.34,2026-07-30 20:19:20,Discrepancy Warning
INV-81162,STR-503,PRD-6162,WH-103,117,273,12,0.27,2026-07-30 20:19:20,Synced
INV-81163,STR-504,PRD-6163,WH-103,97,192,6,4.46,2026-07-30 20:19:20,Discrepancy Warning
INV-81164,STR-505,PRD-6164,WH-102,8,92,8,1.08,2026-07-30 20:19:20,Synced
INV-81165,STR-501,PRD-6165,WH-103,51,309,10,2.51,2026-07-30 20:19:20,Discrepancy Warning
INV-81166,STR-502,PRD-6166,WH-104,86,315,15,3.7,2026-07-30 20:19:20,Discrepancy Warning
INV-81167,STR-503,PRD-6167,WH-103,97,134,16,3.66,2026-07-30 20:19:20,Discrepancy Warning
INV-81168,STR-504,PRD-6168,WH-102,5,296,16,3.97,2026-07-30 20:19:20,Discrepancy Warning
INV-81169,STR-505,PRD-6169,WH-104,55,68,9,0.72,2026-07-30 20:19:20,Synced
INV-81170,STR-501,PRD-6170,WH-103,18,155,4,1.49,2026-07-30 20:19:20,Synced
INV-81171,STR-502,PRD-6171,WH-104,78,133,0,2.13,2026-07-30 20:19:20,Discrepancy Warning
INV-81172,STR-503,PRD-6172,WH-104,18,283,14,0.74,2026-07-30 20:19:20,Synced
INV-81173,STR-504,PRD-6173,WH-103,81,127,17,1.14,2026-07-30 20:19:20,Synced
INV-81174,STR-505,PRD-6174,WH-103,11,37,17,1.96,2026-07-30 20:19:20,Synced
INV-81175,STR-501,PRD-6175,WH-101,87,45,13,1.45,2026-07-30 20:19:20,Synced
INV-81176,STR-502,PRD-6176,WH-102,12,270,6,1.66,2026-07-30 20:19:20,Synced
INV-81177,STR-503,PRD-6177,WH-101,139,258,19,3.48,2026-07-30 20:19:20,Discrepancy Warning
INV-81178,STR-504,PRD-6178,WH-103,17,90,2,0.71,2026-07-30 20:19:20,Synced
INV-81179,STR-505,PRD-6179,WH-101,149,395,7,2.83,2026-07-30 20:19:20,Discrepancy Warning
INV-81180,STR-501,PRD-6180,WH-102,83,213,6,1.34,2026-07-30 20:19:20,Synced
INV-81181,STR-502,PRD-6181,WH-101,19,353,12,0.36,2026-07-30 20:19:20,Synced
INV-81182,STR-503,PRD-6182,WH-103,57,225,6,3.83,2026-07-30 20:19:20,Discrepancy Warning
INV-81183,STR-504,PRD-6183,WH-102,86,74,17,0.21,2026-07-30 20:19:20,Synced
INV-81184,STR-505,PRD-6184,WH-103,143,87,6,2.32,2026-07-30 20:19:20,Discrepancy Warning
INV-81185,STR-501,PRD-6185,WH-103,48,256,14,1.95,2026-07-30 20:19:20,Synced
INV-81186,STR-502,PRD-6186,WH-102,128,36,20,2.34,2026-07-30 20:19:20,Discrepancy Warning
INV-81187,STR-503,PRD-6187,WH-104,125,330,9,0.92,2026-07-30 20:19:20,Synced
INV-81188,STR-504,PRD-6188,WH-104,136,144,16,2.34,2026-07-30 20:19:20,Discrepancy Warning
INV-81189,STR-505,PRD-6189,WH-103,146,246,0,1.15,2026-07-30 20:19:20,Synced
INV-81190,STR-501,PRD-6190,WH-103,43,84,8,4.27,2026-07-30 20:19:20,Discrepancy Warning
INV-81191,STR-502,PRD-6191,WH-103,13,347,6,4.16,2026-07-30 20:19:20,Discrepancy Warning
INV-81192,STR-503,PRD-6192,WH-101,63,164,11,1.16,2026-07-30 20:19:20,Synced
INV-81193,STR-504,PRD-6193,WH-101,73,335,14,3.75,2026-07-30 20:19:20,Discrepancy Warning
INV-81194,STR-505,PRD-6194,WH-102,65,242,14,2.06,2026-07-30 20:19:20,Discrepancy Warning
INV-81195,STR-501,PRD-6195,WH-104,73,368,14,2.03,2026-07-30 20:19:20,Discrepancy Warning
INV-81196,STR-502,PRD-6196,WH-102,124,125,11,0.72,2026-07-30 20:19:20,Synced
INV-81197,STR-503,PRD-6197,WH-104,28,354,17,3.71,2026-07-30 20:19:20,Discrepancy Warning
INV-81198,STR-504,PRD-6198,WH-101,85,94,10,2.06,2026-07-30 20:19:20,Discrepancy Warning
INV-81199,STR-505,PRD-6199,WH-101,49,142,8,2.38,2026-07-30 20:19:20,Discrepancy Warning
INV-81200,STR-501,PRD-6200,WH-101,84,386,13,1.7,2026-07-30 20:19:20,Synced
INV-81201,STR-502,PRD-6201,WH-102,35,99,2,3.96,2026-07-30 20:19:20,Discrepancy Warning
INV-81202,STR-503,PRD-6202,WH-101,116,284,10,3.01,2026-07-30 20:19:20,Discrepancy Warning
INV-81203,STR-504,PRD-6203,WH-102,42,139,4,3.69,2026-07-30 20:19:20,Discrepancy Warning
INV-81204,STR-505,PRD-6204,WH-104,35,351,12,1.2,2026-07-30 20:19:20,Synced
INV-81205,STR-501,PRD-6205,WH-104,86,201,20,0.91,2026-07-30 20:19:20,Synced
INV-81206,STR-502,PRD-6206,WH-102,67,238,8,2.17,2026-07-30 20:19:20,Discrepancy Warning
INV-81207,STR-503,PRD-6207,WH-101,66,64,13,1.71,2026-07-30 20:19:20,Synced
INV-81208,STR-504,PRD-6208,WH-104,20,330,18,1.23,2026-07-30 20:19:20,Synced
INV-81209,STR-505,PRD-6209,WH-101,142,254,13,1.79,2026-07-30 20:19:20,Synced
INV-81210,STR-501,PRD-6210,WH-102,112,167,11,4.47,2026-07-30 20:19:20,Discrepancy Warning
INV-81211,STR-502,PRD-6211,WH-104,15,36,2,1.68,2026-07-30 20:19:20,Synced
INV-81212,STR-503,PRD-6212,WH-102,103,140,13,1.66,2026-07-30 20:19:20,Synced
INV-81213,STR-504,PRD-6213,WH-103,133,304,16,1.56,2026-07-30 20:19:20,Synced
INV-81214,STR-505,PRD-6214,WH-102,58,156,17,2.81,2026-07-30 20:19:20,Discrepancy Warning
INV-81215,STR-501,PRD-6215,WH-103,32,173,1,1.28,2026-07-30 20:19:20,Synced
INV-81216,STR-502,PRD-6216,WH-102,147,275,13,4.17,2026-07-30 20:19:20,Discrepancy Warning
INV-81217,STR-503,PRD-6217,WH-102,7,263,13,4.48,2026-07-30 20:19:20,Discrepancy Warning
INV-81218,STR-504,PRD-6218,WH-101,43,42,18,1.07,2026-07-30 20:19:20,Synced
INV-81219,STR-505,PRD-6219,WH-101,61,366,8,1.75,2026-07-30 20:19:20,Synced
INV-81220,STR-501,PRD-6220,WH-104,61,60,12,0.36,2026-07-30 20:19:20,Synced
INV-81221,STR-502,PRD-6221,WH-103,5,288,0,2.75,2026-07-30 20:19:20,Discrepancy Warning
INV-81222,STR-503,PRD-6222,WH-104,149,376,11,2.37,2026-07-30 20:19:20,Discrepancy Warning
INV-81223,STR-504,PRD-6223,WH-101,87,205,8,1.55,2026-07-30 20:19:20,Synced
INV-81224,STR-505,PRD-6224,WH-104,38,272,13,2.58,2026-07-30 20:19:20,Discrepancy Warning
INV-81225,STR-501,PRD-6225,WH-101,82,13,17,3.2,2026-07-30 20:19:20,Discrepancy Warning
INV-81226,STR-502,PRD-6226,WH-104,77,188,7,2.52,2026-07-30 20:19:20,Discrepancy Warning
INV-81227,STR-503,PRD-6227,WH-101,26,88,12,0.8,2026-07-30 20:19:20,Synced
INV-81228,STR-504,PRD-6228,WH-104,94,132,12,4.46,2026-07-30 20:19:20,Discrepancy Warning
INV-81229,STR-505,PRD-6229,WH-102,123,235,12,4.22,2026-07-30 20:19:20,Discrepancy Warning
INV-81230,STR-501,PRD-6230,WH-103,35,357,19,0.85,2026-07-30 20:19:20,Synced
INV-81231,STR-502,PRD-6231,WH-104,18,101,5,2.85,2026-07-30 20:19:20,Discrepancy Warning
INV-81232,STR-503,PRD-6232,WH-104,25,116,19,2.22,2026-07-30 20:19:20,Discrepancy Warning
INV-81233,STR-504,PRD-6233,WH-101,44,64,2,1.85,2026-07-30 20:19:20,Synced
INV-81234,STR-505,PRD-6234,WH-103,50,289,20,0.69,2026-07-30 20:19:20,Synced
INV-81235,STR-501,PRD-6235,WH-101,33,144,8,2.3,2026-07-30 20:19:20,Discrepancy Warning
INV-81236,STR-502,PRD-6236,WH-103,141,121,7,2.93,2026-07-30 20:19:20,Discrepancy Warning
INV-81237,STR-503,PRD-6237,WH-104,60,336,7,0.51,2026-07-30 20:19:20,Synced
INV-81238,STR-504,PRD-6238,WH-101,79,330,1,1.96,2026-07-30 20:19:20,Synced
INV-81239,STR-505,PRD-6239,WH-103,135,372,2,2.07,2026-07-30 20:19:20,Discrepancy Warning
INV-81240,STR-501,PRD-6240,WH-103,78,148,8,3.86,2026-07-30 20:19:20,Discrepancy Warning
INV-81241,STR-502,PRD-6241,WH-103,128,342,8,2.1,2026-07-30 20:19:20,Discrepancy Warning
INV-81242,STR-503,PRD-6242,WH-104,134,100,4,0.81,2026-07-30 20:19:20,Synced
INV-81243,STR-504,PRD-6243,WH-101,23,74,14,4.35,2026-07-30 20:19:20,Discrepancy Warning
INV-81244,STR-505,PRD-6244,WH-102,79,165,5,2.17,2026-07-30 20:19:20,Discrepancy Warning
INV-81245,STR-501,PRD-6245,WH-101,15,227,13,2.87,2026-07-30 20:19:20,Discrepancy Warning
INV-81246,STR-502,PRD-6246,WH-104,69,365,17,0.53,2026-07-30 20:19:20,Synced
INV-81247,STR-503,PRD-6247,WH-104,98,150,1,1.1,2026-07-30 20:19:20,Synced
INV-81248,STR-504,PRD-6248,WH-103,59,266,5,1.74,2026-07-30 20:19:20,Synced
INV-81249,STR-505,PRD-6249,WH-103,30,301,20,3.0,2026-07-30 20:19:20,Discrepancy Warning
INV-81250,STR-501,PRD-6250,WH-102,52,251,8,1.14,2026-07-30 20:19:20,Synced
INV-81251,STR-502,PRD-6251,WH-104,29,283,11,3.28,2026-07-30 20:19:20,Discrepancy Warning
INV-81252,STR-503,PRD-6252,WH-102,108,113,9,3.83,2026-07-30 20:19:20,Discrepancy Warning
INV-81253,STR-504,PRD-6253,WH-103,90,214,12,0.67,2026-07-30 20:19:20,Synced
INV-81254,STR-505,PRD-6254,WH-102,11,233,0,2.65,2026-07-30 20:19:20,Discrepancy Warning
INV-81255,STR-501,PRD-6255,WH-101,132,167,16,1.82,2026-07-30 20:19:20,Synced
INV-81256,STR-502,PRD-6256,WH-104,19,81,20,4.32,2026-07-30 20:19:20,Discrepancy Warning
INV-81257,STR-503,PRD-6257,WH-104,49,49,10,1.82,2026-07-30 20:19:20,Synced
INV-81258,STR-504,PRD-6258,WH-101,12,234,2,0.42,2026-07-30 20:19:20,Synced
INV-81259,STR-505,PRD-6259,WH-103,94,256,17,3.54,2026-07-30 20:19:20,Discrepancy Warning
INV-81260,STR-501,PRD-6260,WH-101,83,33,14,1.47,2026-07-30 20:19:20,Synced
INV-81261,STR-502,PRD-6261,WH-101,110,261,11,3.41,2026-07-30 20:19:20,Discrepancy Warning
INV-81262,STR-503,PRD-6262,WH-104,57,217,9,3.18,2026-07-30 20:19:20,Discrepancy Warning
INV-81263,STR-504,PRD-6263,WH-101,90,304,3,1.28,2026-07-30 20:19:20,Synced
INV-81264,STR-505,PRD-6264,WH-102,134,122,17,1.06,2026-07-30 20:19:20,Synced
INV-81265,STR-501,PRD-6265,WH-103,125,118,14,1.96,2026-07-30 20:19:20,Synced
INV-81266,STR-502,PRD-6266,WH-102,38,354,15,1.84,2026-07-30 20:19:20,Synced
INV-81267,STR-503,PRD-6267,WH-103,104,256,15,3.07,2026-07-30 20:19:20,Discrepancy Warning
INV-81268,STR-504,PRD-6268,WH-104,46,23,4,2.49,2026-07-30 20:19:20,Discrepancy Warning
INV-81269,STR-505,PRD-6269,WH-102,43,179,17,0.73,2026-07-30 20:19:20,Synced
INV-81270,STR-501,PRD-6270,WH-103,82,332,0,0.64,2026-07-30 20:19:20,Synced
INV-81271,STR-502,PRD-6271,WH-104,9,146,0,3.75,2026-07-30 20:19:20,Discrepancy Warning
INV-81272,STR-503,PRD-6272,WH-103,23,237,15,0.38,2026-07-30 20:19:20,Synced
INV-81273,STR-504,PRD-6273,WH-101,24,369,16,3.49,2026-07-30 20:19:20,Discrepancy Warning
INV-81274,STR-505,PRD-6274,WH-104,142,331,10,4.19,2026-07-30 20:19:20,Discrepancy Warning
INV-81275,STR-501,PRD-6275,WH-104,121,284,5,3.63,2026-07-30 20:19:20,Discrepancy Warning
INV-81276,STR-502,PRD-6276,WH-104,27,94,0,1.21,2026-07-30 20:19:20,Synced
INV-81277,STR-503,PRD-6277,WH-102,65,116,8,3.36,2026-07-30 20:19:20,Discrepancy Warning
INV-81278,STR-504,PRD-6278,WH-101,117,236,15,1.76,2026-07-30 20:19:20,Synced
INV-81279,STR-505,PRD-6279,WH-104,80,42,20,4.35,2026-07-30 20:19:20,Discrepancy Warning
INV-81280,STR-501,PRD-6280,WH-102,58,11,8,2.19,2026-07-30 20:19:20,Discrepancy Warning
INV-81281,STR-502,PRD-6281,WH-104,145,204,13,2.18,2026-07-30 20:19:20,Discrepancy Warning
INV-81282,STR-503,PRD-6282,WH-102,51,305,11,3.83,2026-07-30 20:19:20,Discrepancy Warning
INV-81283,STR-504,PRD-6283,WH-101,109,289,4,3.98,2026-07-30 20:19:20,Discrepancy Warning
INV-81284,STR-505,PRD-6284,WH-102,17,141,2,1.72,2026-07-30 20:19:20,Synced
INV-81285,STR-501,PRD-6285,WH-101,128,82,8,1.57,2026-07-30 20:19:20,Synced
INV-81286,STR-502,PRD-6286,WH-102,134,25,5,4.15,2026-07-30 20:19:20,Discrepancy Warning
INV-81287,STR-503,PRD-6287,WH-103,43,54,8,3.75,2026-07-30 20:19:20,Discrepancy Warning
INV-81288,STR-504,PRD-6288,WH-101,105,207,18,1.41,2026-07-30 20:19:20,Synced
INV-81289,STR-505,PRD-6289,WH-102,150,170,5,4.14,2026-07-30 20:19:20,Discrepancy Warning
INV-81290,STR-501,PRD-6290,WH-103,94,48,16,4.11,2026-07-30 20:19:20,Discrepancy Warning
INV-81291,STR-502,PRD-6291,WH-102,150,331,11,2.04,2026-07-30 20:19:20,Discrepancy Warning
INV-81292,STR-503,PRD-6292,WH-104,41,280,6,2.3,2026-07-30 20:19:20,Discrepancy Warning
INV-81293,STR-504,PRD-6293,WH-101,18,224,9,0.55,2026-07-30 20:19:20,Synced
INV-81294,STR-505,PRD-6294,WH-101,105,218,16,3.48,2026-07-30 20:19:20,Discrepancy Warning
INV-81295,STR-501,PRD-6295,WH-102,77,99,8,0.91,2026-07-30 20:19:20,Synced
INV-81296,STR-502,PRD-6296,WH-101,66,281,12,0.61,2026-07-30 20:19:20,Synced
INV-81297,STR-503,PRD-6297,WH-104,126,37,0,0.68,2026-07-30 20:19:20,Synced
INV-81298,STR-504,PRD-6298,WH-101,113,282,10,1.54,2026-07-30 20:19:20,Synced
INV-81299,STR-505,PRD-6299,WH-104,122,60,5,3.04,2026-07-30 20:19:20,Discrepancy Warning
INV-81300,STR-501,PRD-6300,WH-104,149,95,15,2.93,2026-07-30 20:19:20,Discrepancy Warning
INV-81301,STR-502,PRD-6301,WH-103,63,325,15,3.95,2026-07-30 20:19:20,Discrepancy Warning
INV-81302,STR-503,PRD-6302,WH-104,47,132,9,2.13,2026-07-30 20:19:20,Discrepancy Warning
INV-81303,STR-504,PRD-6303,WH-102,22,30,3,1.23,2026-07-30 20:19:20,Synced
INV-81304,STR-505,PRD-6304,WH-102,98,86,9,0.92,2026-07-30 20:19:20,Synced
INV-81305,STR-501,PRD-6305,WH-104,41,82,19,1.82,2026-07-30 20:19:20,Synced
INV-81306,STR-502,PRD-6306,WH-104,21,203,14,1.55,2026-07-30 20:19:20,Synced
INV-81307,STR-503,PRD-6307,WH-101,61,203,16,4.4,2026-07-30 20:19:20,Discrepancy Warning
INV-81308,STR-504,PRD-6308,WH-104,137,170,20,1.87,2026-07-30 20:19:20,Synced
INV-81309,STR-505,PRD-6309,WH-103,28,299,15,1.1,2026-07-30 20:19:20,Synced
INV-81310,STR-501,PRD-6310,WH-102,41,192,18,2.4,2026-07-30 20:19:20,Discrepancy Warning
INV-81311,STR-502,PRD-6311,WH-102,108,109,4,2.53,2026-07-30 20:19:20,Discrepancy Warning
INV-81312,STR-503,PRD-6312,WH-102,80,159,0,3.45,2026-07-30 20:19:20,Discrepancy Warning
INV-81313,STR-504,PRD-6313,WH-102,122,307,5,0.27,2026-07-30 20:19:20,Synced
INV-81314,STR-505,PRD-6314,WH-103,81,176,1,0.95,2026-07-30 20:19:20,Synced
INV-81315,STR-501,PRD-6315,WH-104,32,148,15,2.22,2026-07-30 20:19:20,Discrepancy Warning
INV-81316,STR-502,PRD-6316,WH-103,79,177,14,0.59,2026-07-30 20:19:20,Synced
INV-81317,STR-503,PRD-6317,WH-102,90,171,16,0.81,2026-07-30 20:19:20,Synced
INV-81318,STR-504,PRD-6318,WH-101,42,305,1,3.99,2026-07-30 20:19:20,Discrepancy Warning
INV-81319,STR-505,PRD-6319,WH-102,8,252,4,3.63,2026-07-30 20:19:20,Discrepancy Warning
INV-81320,STR-501,PRD-6320,WH-101,85,204,18,0.83,2026-07-30 20:19:20,Synced
INV-81321,STR-502,PRD-6321,WH-102,34,375,1,4.08,2026-07-30 20:19:20,Discrepancy Warning
INV-81322,STR-503,PRD-6322,WH-102,99,157,11,1.68,2026-07-30 20:19:20,Synced
INV-81323,STR-504,PRD-6323,WH-102,53,390,1,0.27,2026-07-30 20:19:20,Synced
INV-81324,STR-505,PRD-6324,WH-103,35,65,16,0.58,2026-07-30 20:19:20,Synced
INV-81325,STR-501,PRD-6325,WH-101,56,120,16,2.76,2026-07-30 20:19:20,Discrepancy Warning
INV-81326,STR-502,PRD-6326,WH-102,142,95,5,3.72,2026-07-30 20:19:20,Discrepancy Warning
INV-81327,STR-503,PRD-6327,WH-104,88,395,20,1.07,2026-07-30 20:19:20,Synced
INV-81328,STR-504,PRD-6328,WH-103,66,55,6,3.1,2026-07-30 20:19:20,Discrepancy Warning
INV-81329,STR-505,PRD-6329,WH-101,110,77,18,4.31,2026-07-30 20:19:20,Discrepancy Warning
INV-81330,STR-501,PRD-6330,WH-104,52,147,10,2.87,2026-07-30 20:19:20,Discrepancy Warning
INV-81331,STR-502,PRD-6331,WH-101,32,19,4,2.19,2026-07-30 20:19:20,Discrepancy Warning
INV-81332,STR-503,PRD-6332,WH-101,76,353,2,2.04,2026-07-30 20:19:20,Discrepancy Warning
INV-81333,STR-504,PRD-6333,WH-103,121,365,11,4.26,2026-07-30 20:19:20,Discrepancy Warning
INV-81334,STR-505,PRD-6334,WH-104,32,269,5,2.12,2026-07-30 20:19:20,Discrepancy Warning
INV-81335,STR-501,PRD-6335,WH-103,131,118,4,2.88,2026-07-30 20:19:20,Discrepancy Warning
INV-81336,STR-502,PRD-6336,WH-103,148,153,10,3.35,2026-07-30 20:19:20,Discrepancy Warning
INV-81337,STR-503,PRD-6337,WH-102,142,70,4,3.69,2026-07-30 20:19:20,Discrepancy Warning
INV-81338,STR-504,PRD-6338,WH-101,87,333,16,0.26,2026-07-30 20:19:20,Synced
INV-81339,STR-505,PRD-6339,WH-101,105,162,1,0.42,2026-07-30 20:19:20,Synced
INV-81340,STR-501,PRD-6340,WH-102,16,298,12,0.25,2026-07-30 20:19:20,Synced
INV-81341,STR-502,PRD-6341,WH-101,14,296,18,2.46,2026-07-30 20:19:20,Discrepancy Warning
INV-81342,STR-503,PRD-6342,WH-101,7,229,7,3.91,2026-07-30 20:19:20,Discrepancy Warning
INV-81343,STR-504,PRD-6343,WH-103,91,278,1,1.29,2026-07-30 20:19:20,Synced
INV-81344,STR-505,PRD-6344,WH-103,48,185,17,0.93,2026-07-30 20:19:20,Synced
INV-81345,STR-501,PRD-6345,WH-102,89,395,11,1.73,2026-07-30 20:19:20,Synced
INV-81346,STR-502,PRD-6346,WH-102,77,168,0,2.09,2026-07-30 20:19:20,Discrepancy Warning
INV-81347,STR-503,PRD-6347,WH-103,82,265,16,4.31,2026-07-30 20:19:20,Discrepancy Warning
INV-81348,STR-504,PRD-6348,WH-101,62,264,1,1.19,2026-07-30 20:19:20,Synced
INV-81349,STR-505,PRD-6349,WH-102,11,98,8,2.99,2026-07-30 20:19:20,Discrepancy Warning
INV-81350,STR-501,PRD-6350,WH-102,26,73,19,0.65,2026-07-30 20:19:20,Synced
INV-81351,STR-502,PRD-6351,WH-104,20,381,0,1.51,2026-07-30 20:19:20,Synced
INV-81352,STR-503,PRD-6352,WH-101,73,299,12,1.19,2026-07-30 20:19:20,Synced
INV-81353,STR-504,PRD-6353,WH-104,148,168,2,1.69,2026-07-30 20:19:20,Synced
INV-81354,STR-505,PRD-6354,WH-101,85,14,9,4.11,2026-07-30 20:19:20,Discrepancy Warning
INV-81355,STR-501,PRD-6355,WH-102,131,208,10,2.92,2026-07-30 20:19:20,Discrepancy Warning
INV-81356,STR-502,PRD-6356,WH-102,82,168,14,2.9,2026-07-30 20:19:20,Discrepancy Warning
INV-81357,STR-503,PRD-6357,WH-102,102,132,19,3.63,2026-07-30 20:19:20,Discrepancy Warning
INV-81358,STR-504,PRD-6358,WH-101,88,116,14,1.37,2026-07-30 20:19:20,Synced
INV-81359,STR-505,PRD-6359,WH-104,61,280,19,2.33,2026-07-30 20:19:20,Discrepancy Warning
INV-81360,STR-501,PRD-6360,WH-101,108,197,14,3.32,2026-07-30 20:19:20,Discrepancy Warning
INV-81361,STR-502,PRD-6361,WH-104,63,344,2,0.73,2026-07-30 20:19:20,Synced
INV-81362,STR-503,PRD-6362,WH-103,61,229,9,2.42,2026-07-30 20:19:20,Discrepancy Warning
INV-81363,STR-504,PRD-6363,WH-104,150,151,13,2.11,2026-07-30 20:19:20,Discrepancy Warning
INV-81364,STR-505,PRD-6364,WH-102,99,396,12,0.62,2026-07-30 20:19:20,Synced
INV-81365,STR-501,PRD-6365,WH-102,138,174,17,3.5,2026-07-30 20:19:20,Discrepancy Warning
INV-81366,STR-502,PRD-6366,WH-101,58,265,7,1.28,2026-07-30 20:19:20,Synced
INV-81367,STR-503,PRD-6367,WH-101,148,47,12,0.87,2026-07-30 20:19:20,Synced
INV-81368,STR-504,PRD-6368,WH-101,72,354,20,1.11,2026-07-30 20:19:20,Synced
INV-81369,STR-505,PRD-6369,WH-101,121,168,16,1.17,2026-07-30 20:19:20,Synced
INV-81370,STR-501,PRD-6370,WH-102,110,214,3,3.2,2026-07-30 20:19:20,Discrepancy Warning
INV-81371,STR-502,PRD-6371,WH-102,102,200,3,1.83,2026-07-30 20:19:20,Synced
INV-81372,STR-503,PRD-6372,WH-103,85,113,4,0.44,2026-07-30 20:19:20,Synced
INV-81373,STR-504,PRD-6373,WH-101,104,309,7,1.32,2026-07-30 20:19:20,Synced
INV-81374,STR-505,PRD-6374,WH-103,106,143,16,1.99,2026-07-30 20:19:20,Synced
INV-81375,STR-501,PRD-6375,WH-104,38,136,16,2.02,2026-07-30 20:19:20,Discrepancy Warning
INV-81376,STR-502,PRD-6376,WH-104,41,365,11,1.42,2026-07-30 20:19:20,Synced
INV-81377,STR-503,PRD-6377,WH-102,47,303,19,3.9,2026-07-30 20:19:20,Discrepancy Warning
INV-81378,STR-504,PRD-6378,WH-104,16,47,5,2.6,2026-07-30 20:19:20,Discrepancy Warning
INV-81379,STR-505,PRD-6379,WH-103,87,375,17,2.57,2026-07-30 20:19:20,Discrepancy Warning
INV-81380,STR-501,PRD-6380,WH-102,141,213,3,3.49,2026-07-30 20:19:20,Discrepancy Warning
INV-81381,STR-502,PRD-6381,WH-102,121,212,5,1.07,2026-07-30 20:19:20,Synced
INV-81382,STR-503,PRD-6382,WH-104,94,36,16,2.87,2026-07-30 20:19:20,Discrepancy Warning
INV-81383,STR-504,PRD-6383,WH-102,62,173,4,1.93,2026-07-30 20:19:20,Synced
INV-81384,STR-505,PRD-6384,WH-101,69,358,1,0.57,2026-07-30 20:19:20,Synced
INV-81385,STR-501,PRD-6385,WH-102,136,247,20,4.23,2026-07-30 20:19:20,Discrepancy Warning
INV-81386,STR-502,PRD-6386,WH-103,104,230,5,4.26,2026-07-30 20:19:20,Discrepancy Warning
INV-81387,STR-503,PRD-6387,WH-103,149,289,7,1.45,2026-07-30 20:19:20,Synced
INV-81388,STR-504,PRD-6388,WH-101,38,133,6,4.22,2026-07-30 20:19:20,Discrepancy Warning
INV-81389,STR-505,PRD-6389,WH-104,14,250,14,3.45,2026-07-30 20:19:20,Discrepancy Warning
INV-81390,STR-501,PRD-6390,WH-104,68,317,15,1.22,2026-07-30 20:19:20,Synced
INV-81391,STR-502,PRD-6391,WH-103,142,101,6,2.33,2026-07-30 20:19:20,Discrepancy Warning
INV-81392,STR-503,PRD-6392,WH-103,79,260,7,0.41,2026-07-30 20:19:20,Synced
INV-81393,STR-504,PRD-6393,WH-103,44,391,9,0.93,2026-07-30 20:19:20,Synced
INV-81394,STR-505,PRD-6394,WH-103,119,247,17,1.65,2026-07-30 20:19:20,Synced
INV-81395,STR-501,PRD-6395,WH-101,39,82,8,0.48,2026-07-30 20:19:20,Synced
INV-81396,STR-502,PRD-6396,WH-103,39,200,3,4.0,2026-07-30 20:19:20,Discrepancy Warning
INV-81397,STR-503,PRD-6397,WH-103,27,52,8,0.3,2026-07-30 20:19:20,Synced
INV-81398,STR-504,PRD-6398,WH-102,15,11,1,1.7,2026-07-30 20:19:20,Synced
INV-81399,STR-505,PRD-6399,WH-104,63,331,10,4.42,2026-07-30 20:19:20,Discrepancy Warning
INV-81400,STR-501,PRD-6400,WH-102,7,66,4,3.57,2026-07-30 20:19:20,Discrepancy Warning
INV-81401,STR-502,PRD-6401,WH-102,124,248,16,4.13,2026-07-30 20:19:20,Discrepancy Warning
INV-81402,STR-503,PRD-6402,WH-103,135,324,11,0.81,2026-07-30 20:19:20,Synced
INV-81403,STR-504,PRD-6403,WH-104,52,353,5,3.67,2026-07-30 20:19:20,Discrepancy Warning
INV-81404,STR-505,PRD-6404,WH-102,94,389,0,3.75,2026-07-30 20:19:20,Discrepancy Warning
INV-81405,STR-501,PRD-6405,WH-101,13,164,18,0.87,2026-07-30 20:19:20,Synced
INV-81406,STR-502,PRD-6406,WH-102,106,344,14,3.63,2026-07-30 20:19:20,Discrepancy Warning
INV-81407,STR-503,PRD-6407,WH-101,129,239,4,0.33,2026-07-30 20:19:20,Synced
INV-81408,STR-504,PRD-6408,WH-101,47,198,19,3.62,2026-07-30 20:19:20,Discrepancy Warning
INV-81409,STR-505,PRD-6409,WH-104,95,70,16,2.48,2026-07-30 20:19:20,Discrepancy Warning
INV-81410,STR-501,PRD-6410,WH-102,125,312,6,4.42,2026-07-30 20:19:20,Discrepancy Warning
INV-81411,STR-502,PRD-6411,WH-102,128,200,3,4.06,2026-07-30 20:19:20,Discrepancy Warning
INV-81412,STR-503,PRD-6412,WH-104,147,110,17,0.32,2026-07-30 20:19:20,Synced
INV-81413,STR-504,PRD-6413,WH-102,57,317,8,2.08,2026-07-30 20:19:20,Discrepancy Warning
INV-81414,STR-505,PRD-6414,WH-101,94,75,12,0.51,2026-07-30 20:19:20,Synced
INV-81415,STR-501,PRD-6415,WH-102,95,120,3,2.47,2026-07-30 20:19:20,Discrepancy Warning
INV-81416,STR-502,PRD-6416,WH-102,118,277,19,0.32,2026-07-30 20:19:20,Synced
INV-81417,STR-503,PRD-6417,WH-104,43,263,1,2.04,2026-07-30 20:19:20,Discrepancy Warning
INV-81418,STR-504,PRD-6418,WH-101,58,380,4,4.47,2026-07-30 20:19:20,Discrepancy Warning
INV-81419,STR-505,PRD-6419,WH-102,15,389,8,0.25,2026-07-30 20:19:20,Synced
INV-81420,STR-501,PRD-6420,WH-104,23,288,9,2.39,2026-07-30 20:19:20,Discrepancy Warning
INV-81421,STR-502,PRD-6421,WH-101,92,299,19,2.23,2026-07-30 20:19:20,Discrepancy Warning
INV-81422,STR-503,PRD-6422,WH-102,122,21,13,2.02,2026-07-30 20:19:20,Discrepancy Warning
INV-81423,STR-504,PRD-6423,WH-102,48,281,15,0.7,2026-07-30 20:19:20,Synced
INV-81424,STR-505,PRD-6424,WH-101,99,105,12,0.42,2026-07-30 20:19:20,Synced
INV-81425,STR-501,PRD-6425,WH-104,21,30,9,2.22,2026-07-30 20:19:20,Discrepancy Warning
INV-81426,STR-502,PRD-6426,WH-102,112,293,10,1.16,2026-07-30 20:19:20,Synced
INV-81427,STR-503,PRD-6427,WH-101,59,395,6,0.87,2026-07-30 20:19:20,Synced
INV-81428,STR-504,PRD-6428,WH-104,18,348,11,4.42,2026-07-30 20:19:20,Discrepancy Warning
INV-81429,STR-505,PRD-6429,WH-104,108,347,4,4.44,2026-07-30 20:19:20,Discrepancy Warning
INV-81430,STR-501,PRD-6430,WH-104,35,144,16,2.27,2026-07-30 20:19:20,Discrepancy Warning
INV-81431,STR-502,PRD-6431,WH-103,78,391,6,3.05,2026-07-30 20:19:20,Discrepancy Warning
INV-81432,STR-503,PRD-6432,WH-101,76,342,12,1.97,2026-07-30 20:19:20,Synced
INV-81433,STR-504,PRD-6433,WH-102,64,226,20,2.03,2026-07-30 20:19:20,Discrepancy Warning
INV-81434,STR-505,PRD-6434,WH-102,16,300,11,4.44,2026-07-30 20:19:20,Discrepancy Warning
INV-81435,STR-501,PRD-6435,WH-101,120,328,13,2.77,2026-07-30 20:19:20,Discrepancy Warning
INV-81436,STR-502,PRD-6436,WH-102,34,175,9,0.58,2026-07-30 20:19:20,Synced
INV-81437,STR-503,PRD-6437,WH-104,74,319,2,2.44,2026-07-30 20:19:20,Discrepancy Warning
INV-81438,STR-504,PRD-6438,WH-103,150,270,17,0.36,2026-07-30 20:19:20,Synced
INV-81439,STR-505,PRD-6439,WH-104,150,311,18,1.33,2026-07-30 20:19:20,Synced
INV-81440,STR-501,PRD-6440,WH-104,20,215,0,1.47,2026-07-30 20:19:20,Synced
INV-81441,STR-502,PRD-6441,WH-101,145,345,6,4.03,2026-07-30 20:19:20,Discrepancy Warning
INV-81442,STR-503,PRD-6442,WH-103,54,122,1,3.38,2026-07-30 20:19:20,Discrepancy Warning
INV-81443,STR-504,PRD-6443,WH-104,63,264,12,2.95,2026-07-30 20:19:20,Discrepancy Warning
INV-81444,STR-505,PRD-6444,WH-104,111,285,11,1.66,2026-07-30 20:19:20,Synced
INV-81445,STR-501,PRD-6445,WH-101,36,229,2,2.79,2026-07-30 20:19:20,Discrepancy Warning
INV-81446,STR-502,PRD-6446,WH-104,145,261,1,2.03,2026-07-30 20:19:20,Discrepancy Warning
INV-81447,STR-503,PRD-6447,WH-101,116,372,7,2.5,2026-07-30 20:19:20,Discrepancy Warning
INV-81448,STR-504,PRD-6448,WH-103,128,108,13,3.79,2026-07-30 20:19:20,Discrepancy Warning
INV-81449,STR-505,PRD-6449,WH-101,69,252,11,2.39,2026-07-30 20:19:20,Discrepancy Warning
INV-81450,STR-501,PRD-6450,WH-104,81,135,3,2.39,2026-07-30 20:19:20,Discrepancy Warning
INV-81451,STR-502,PRD-6451,WH-101,13,130,5,1.24,2026-07-30 20:19:20,Synced
INV-81452,STR-503,PRD-6452,WH-103,66,124,20,2.15,2026-07-30 20:19:20,Discrepancy Warning
INV-81453,STR-504,PRD-6453,WH-101,24,176,20,2.34,2026-07-30 20:19:20,Discrepancy Warning
INV-81454,STR-505,PRD-6454,WH-102,52,220,4,1.83,2026-07-30 20:19:20,Synced
INV-81455,STR-501,PRD-6455,WH-103,5,220,20,0.87,2026-07-30 20:19:20,Synced
INV-81456,STR-502,PRD-6456,WH-103,78,172,4,3.53,2026-07-30 20:19:20,Discrepancy Warning
INV-81457,STR-503,PRD-6457,WH-101,107,143,11,0.39,2026-07-30 20:19:20,Synced
INV-81458,STR-504,PRD-6458,WH-102,40,261,1,0.4,2026-07-30 20:19:20,Synced
INV-81459,STR-505,PRD-6459,WH-103,60,257,15,2.91,2026-07-30 20:19:20,Discrepancy Warning
INV-81460,STR-501,PRD-6460,WH-101,80,346,14,3.99,2026-07-30 20:19:20,Discrepancy Warning
INV-81461,STR-502,PRD-6461,WH-102,125,354,13,3.15,2026-07-30 20:19:20,Discrepancy Warning
INV-81462,STR-503,PRD-6462,WH-102,106,283,18,3.69,2026-07-30 20:19:20,Discrepancy Warning
INV-81463,STR-504,PRD-6463,WH-104,23,172,18,0.9,2026-07-30 20:19:20,Synced
INV-81464,STR-505,PRD-6464,WH-103,40,233,18,4.03,2026-07-30 20:19:20,Discrepancy Warning
INV-81465,STR-501,PRD-6465,WH-102,18,390,1,0.22,2026-07-30 20:19:20,Synced
INV-81466,STR-502,PRD-6466,WH-103,74,152,10,3.13,2026-07-30 20:19:20,Discrepancy Warning
INV-81467,STR-503,PRD-6467,WH-102,42,152,3,4.5,2026-07-30 20:19:20,Discrepancy Warning
INV-81468,STR-504,PRD-6468,WH-102,88,143,20,0.35,2026-07-30 20:19:20,Synced
INV-81469,STR-505,PRD-6469,WH-103,112,45,15,3.57,2026-07-30 20:19:20,Discrepancy Warning
INV-81470,STR-501,PRD-6470,WH-103,97,321,5,0.63,2026-07-30 20:19:20,Synced
INV-81471,STR-502,PRD-6471,WH-102,57,335,7,4.19,2026-07-30 20:19:20,Discrepancy Warning
INV-81472,STR-503,PRD-6472,WH-103,36,288,16,1.52,2026-07-30 20:19:20,Synced
INV-81473,STR-504,PRD-6473,WH-103,63,358,3,0.51,2026-07-30 20:19:20,Synced
INV-81474,STR-505,PRD-6474,WH-101,150,206,16,1.23,2026-07-30 20:19:20,Synced
INV-81475,STR-501,PRD-6475,WH-101,23,163,4,3.82,2026-07-30 20:19:20,Discrepancy Warning
INV-81476,STR-502,PRD-6476,WH-104,72,111,4,0.88,2026-07-30 20:19:20,Synced
INV-81477,STR-503,PRD-6477,WH-102,13,290,20,2.33,2026-07-30 20:19:20,Discrepancy Warning
INV-81478,STR-504,PRD-6478,WH-102,75,241,5,3.98,2026-07-30 20:19:20,Discrepancy Warning
INV-81479,STR-505,PRD-6479,WH-103,98,37,13,3.82,2026-07-30 20:19:20,Discrepancy Warning
INV-81480,STR-501,PRD-6480,WH-101,126,355,8,2.23,2026-07-30 20:19:20,Discrepancy Warning
INV-81481,STR-502,PRD-6481,WH-104,88,114,6,2.56,2026-07-30 20:19:20,Discrepancy Warning
INV-81482,STR-503,PRD-6482,WH-101,141,277,20,3.19,2026-07-30 20:19:20,Discrepancy Warning
INV-81483,STR-504,PRD-6483,WH-102,22,15,7,1.96,2026-07-30 20:19:20,Synced
INV-81484,STR-505,PRD-6484,WH-104,32,134,20,1.89,2026-07-30 20:19:20,Synced
INV-81485,STR-501,PRD-6485,WH-102,137,256,16,1.26,2026-07-30 20:19:20,Synced
INV-81486,STR-502,PRD-6486,WH-103,133,339,6,3.23,2026-07-30 20:19:20,Discrepancy Warning
INV-81487,STR-503,PRD-6487,WH-101,62,63,19,3.24,2026-07-30 20:19:20,Discrepancy Warning
INV-81488,STR-504,PRD-6488,WH-103,45,95,1,1.78,2026-07-30 20:19:20,Synced
INV-81489,STR-505,PRD-6489,WH-103,114,38,2,3.04,2026-07-30 20:19:20,Discrepancy Warning
INV-81490,STR-501,PRD-6490,WH-104,38,243,15,1.84,2026-07-30 20:19:20,Synced
INV-81491,STR-502,PRD-6491,WH-104,10,353,5,1.41,2026-07-30 20:19:20,Synced
INV-81492,STR-503,PRD-6492,WH-101,12,89,19,4.35,2026-07-30 20:19:20,Discrepancy Warning
INV-81493,STR-504,PRD-6493,WH-102,44,65,9,1.59,2026-07-30 20:19:20,Synced
INV-81494,STR-505,PRD-6494,WH-102,133,388,11,1.74,2026-07-30 20:19:20,Synced
INV-81495,STR-501,PRD-6495,WH-103,68,176,14,3.5,2026-07-30 20:19:20,Discrepancy Warning
INV-81496,STR-502,PRD-6496,WH-104,121,215,6,1.29,2026-07-30 20:19:20,Synced
INV-81497,STR-503,PRD-6497,WH-104,29,214,18,2.05,2026-07-30 20:19:20,Discrepancy Warning
INV-81498,STR-504,PRD-6498,WH-101,60,39,9,0.95,2026-07-30 20:19:20,Synced
INV-81499,STR-505,PRD-6499,WH-101,126,395,6,1.77,2026-07-30 20:19:20,Synced
INV-81500,STR-501,PRD-6500,WH-102,145,383,8,0.72,2026-07-30 20:19:20,Synced
INV-81501,STR-502,PRD-6501,WH-102,92,148,5,1.72,2026-07-30 20:19:20,Synced
INV-81502,STR-503,PRD-6502,WH-101,47,250,8,4.29,2026-07-30 20:19:20,Discrepancy Warning
INV-81503,STR-504,PRD-6503,WH-102,34,18,12,3.15,2026-07-30 20:19:20,Discrepancy Warning
INV-81504,STR-505,PRD-6504,WH-104,15,283,3,2.41,2026-07-30 20:19:20,Discrepancy Warning
INV-81505,STR-501,PRD-6505,WH-101,115,353,16,0.27,2026-07-30 20:19:20,Synced
INV-81506,STR-502,PRD-6506,WH-101,138,59,11,3.29,2026-07-30 20:19:20,Discrepancy Warning
INV-81507,STR-503,PRD-6507,WH-103,131,108,20,3.25,2026-07-30 20:19:20,Discrepancy Warning
INV-81508,STR-504,PRD-6508,WH-103,96,142,16,3.96,2026-07-30 20:19:20,Discrepancy Warning
INV-81509,STR-505,PRD-6509,WH-101,141,17,18,4.17,2026-07-30 20:19:20,Discrepancy Warning
INV-81510,STR-501,PRD-6510,WH-104,104,318,20,2.22,2026-07-30 20:19:20,Discrepancy Warning
INV-81511,STR-502,PRD-6511,WH-104,118,272,12,1.76,2026-07-30 20:19:20,Synced
INV-81512,STR-503,PRD-6512,WH-103,26,339,19,0.48,2026-07-30 20:19:20,Synced
INV-81513,STR-504,PRD-6513,WH-104,32,356,13,0.93,2026-07-30 20:19:20,Synced
INV-81514,STR-505,PRD-6514,WH-103,16,172,6,1.01,2026-07-30 20:19:20,Synced
INV-81515,STR-501,PRD-6515,WH-104,127,237,9,2.52,2026-07-30 20:19:20,Discrepancy Warning
INV-81516,STR-502,PRD-6516,WH-104,100,217,0,3.59,2026-07-30 20:19:20,Discrepancy Warning
INV-81517,STR-503,PRD-6517,WH-102,113,166,1,0.66,2026-07-30 20:19:20,Synced
INV-81518,STR-504,PRD-6518,WH-101,109,78,11,3.96,2026-07-30 20:19:20,Discrepancy Warning
INV-81519,STR-505,PRD-6519,WH-102,31,399,14,1.53,2026-07-30 20:19:20,Synced
INV-81520,STR-501,PRD-6520,WH-104,22,30,18,1.13,2026-07-30 20:19:20,Synced
INV-81521,STR-502,PRD-6521,WH-101,69,246,3,2.19,2026-07-30 20:19:20,Discrepancy Warning
INV-81522,STR-503,PRD-6522,WH-103,138,41,12,0.47,2026-07-30 20:19:20,Synced
INV-81523,STR-504,PRD-6523,WH-101,100,12,7,3.12,2026-07-30 20:19:20,Discrepancy Warning
INV-81524,STR-505,PRD-6524,WH-103,135,166,12,3.97,2026-07-30 20:19:20,Discrepancy Warning
INV-81525,STR-501,PRD-6525,WH-103,64,294,3,0.49,2026-07-30 20:19:20,Synced
INV-81526,STR-502,PRD-6526,WH-101,6,199,6,4.19,2026-07-30 20:19:20,Discrepancy Warning
INV-81527,STR-503,PRD-6527,WH-101,32,39,12,3.8,2026-07-30 20:19:20,Discrepancy Warning
INV-81528,STR-504,PRD-6528,WH-104,114,236,11,3.54,2026-07-30 20:19:20,Discrepancy Warning
INV-81529,STR-505,PRD-6529,WH-104,131,351,18,1.71,2026-07-30 20:19:20,Synced
INV-81530,STR-501,PRD-6530,WH-103,66,17,18,1.96,2026-07-30 20:19:20,Synced
INV-81531,STR-502,PRD-6531,WH-102,17,397,18,3.77,2026-07-30 20:19:20,Discrepancy Warning
INV-81532,STR-503,PRD-6532,WH-102,48,237,1,2.38,2026-07-30 20:19:20,Discrepancy Warning
INV-81533,STR-504,PRD-6533,WH-102,16,172,5,1.89,2026-07-30 20:19:20,Synced
INV-81534,STR-505,PRD-6534,WH-103,141,110,16,0.22,2026-07-30 20:19:20,Synced
INV-81535,STR-501,PRD-6535,WH-101,148,63,8,3.26,2026-07-30 20:19:20,Discrepancy Warning
INV-81536,STR-502,PRD-6536,WH-102,116,112,2,0.82,2026-07-30 20:19:20,Synced
INV-81537,STR-503,PRD-6537,WH-104,137,122,7,0.58,2026-07-30 20:19:20,Synced
INV-81538,STR-504,PRD-6538,WH-104,116,131,11,3.24,2026-07-30 20:19:20,Discrepancy Warning
INV-81539,STR-505,PRD-6539,WH-101,125,94,11,2.65,2026-07-30 20:19:20,Discrepancy Warning
INV-81540,STR-501,PRD-6540,WH-103,78,144,4,2.34,2026-07-30 20:19:20,Discrepancy Warning
INV-81541,STR-502,PRD-6541,WH-104,135,323,13,3.06,2026-07-30 20:19:20,Discrepancy Warning
INV-81542,STR-503,PRD-6542,WH-102,45,104,15,3.71,2026-07-30 20:19:20,Discrepancy Warning
INV-81543,STR-504,PRD-6543,WH-101,38,264,18,0.61,2026-07-30 20:19:20,Synced
INV-81544,STR-505,PRD-6544,WH-103,102,223,4,3.75,2026-07-30 20:19:20,Discrepancy Warning
INV-81545,STR-501,PRD-6545,WH-102,74,323,7,0.55,2026-07-30 20:19:20,Synced
INV-81546,STR-502,PRD-6546,WH-101,110,56,6,4.16,2026-07-30 20:19:20,Discrepancy Warning
INV-81547,STR-503,PRD-6547,WH-102,110,107,13,1.74,2026-07-30 20:19:20,Synced
INV-81548,STR-504,PRD-6548,WH-103,88,104,13,4.39,2026-07-30 20:19:20,Discrepancy Warning
INV-81549,STR-505,PRD-6549,WH-102,37,282,13,1.14,2026-07-30 20:19:20,Synced
INV-81550,STR-501,PRD-6550,WH-104,136,155,7,1.59,2026-07-30 20:19:20,Synced
INV-81551,STR-502,PRD-6551,WH-104,105,374,4,3.86,2026-07-30 20:19:20,Discrepancy Warning
INV-81552,STR-503,PRD-6552,WH-102,82,229,19,3.02,2026-07-30 20:19:20,Discrepancy Warning
INV-81553,STR-504,PRD-6553,WH-101,132,327,1,3.35,2026-07-30 20:19:20,Discrepancy Warning
INV-81554,STR-505,PRD-6554,WH-103,20,163,15,0.81,2026-07-30 20:19:20,Synced
INV-81555,STR-501,PRD-6555,WH-104,12,261,4,3.62,2026-07-30 20:19:20,Discrepancy Warning
INV-81556,STR-502,PRD-6556,WH-101,109,81,5,3.56,2026-07-30 20:19:20,Discrepancy Warning
INV-81557,STR-503,PRD-6557,WH-104,142,275,20,1.14,2026-07-30 20:19:20,Synced
INV-81558,STR-504,PRD-6558,WH-102,122,157,1,0.69,2026-07-30 20:19:20,Synced
INV-81559,STR-505,PRD-6559,WH-102,117,291,12,2.32,2026-07-30 20:19:20,Discrepancy Warning
INV-81560,STR-501,PRD-6560,WH-102,41,357,5,1.95,2026-07-30 20:19:20,Synced
INV-81561,STR-502,PRD-6561,WH-103,115,347,2,0.67,2026-07-30 20:19:20,Synced
INV-81562,STR-503,PRD-6562,WH-102,117,163,0,1.81,2026-07-30 20:19:20,Synced
INV-81563,STR-504,PRD-6563,WH-103,69,238,20,0.59,2026-07-30 20:19:20,Synced
INV-81564,STR-505,PRD-6564,WH-103,141,353,14,3.18,2026-07-30 20:19:20,Discrepancy Warning
INV-81565,STR-501,PRD-6565,WH-104,99,108,8,3.51,2026-07-30 20:19:20,Discrepancy Warning
INV-81566,STR-502,PRD-6566,WH-104,123,362,9,0.5,2026-07-30 20:19:20,Synced
INV-81567,STR-503,PRD-6567,WH-103,55,240,8,2.5,2026-07-30 20:19:20,Discrepancy Warning
INV-81568,STR-504,PRD-6568,WH-103,55,127,15,4.4,2026-07-30 20:19:20,Discrepancy Warning
INV-81569,STR-505,PRD-6569,WH-103,100,39,9,3.02,2026-07-30 20:19:20,Discrepancy Warning
INV-81570,STR-501,PRD-6570,WH-102,122,299,13,2.89,2026-07-30 20:19:20,Discrepancy Warning
INV-81571,STR-502,PRD-6571,WH-103,134,310,9,2.79,2026-07-30 20:19:20,Discrepancy Warning
INV-81572,STR-503,PRD-6572,WH-101,65,10,2,0.79,2026-07-30 20:19:20,Synced
INV-81573,STR-504,PRD-6573,WH-101,120,191,0,0.78,2026-07-30 20:19:20,Synced
INV-81574,STR-505,PRD-6574,WH-102,34,22,5,3.49,2026-07-30 20:19:20,Discrepancy Warning
INV-81575,STR-501,PRD-6575,WH-102,76,347,4,0.46,2026-07-30 20:19:20,Synced
INV-81576,STR-502,PRD-6576,WH-103,150,240,10,1.79,2026-07-30 20:19:20,Synced
INV-81577,STR-503,PRD-6577,WH-104,62,219,11,0.43,2026-07-30 20:19:20,Synced
INV-81578,STR-504,PRD-6578,WH-102,146,291,18,3.4,2026-07-30 20:19:20,Discrepancy Warning
INV-81579,STR-505,PRD-6579,WH-103,137,127,16,4.13,2026-07-30 20:19:20,Discrepancy Warning
INV-81580,STR-501,PRD-6580,WH-104,19,106,16,1.53,2026-07-30 20:19:20,Synced
INV-81581,STR-502,PRD-6581,WH-103,28,133,8,4.09,2026-07-30 20:19:20,Discrepancy Warning
INV-81582,STR-503,PRD-6582,WH-102,87,34,18,2.91,2026-07-30 20:19:20,Discrepancy Warning
INV-81583,STR-504,PRD-6583,WH-104,34,125,1,3.6,2026-07-30 20:19:20,Discrepancy Warning
INV-81584,STR-505,PRD-6584,WH-104,84,248,6,2.13,2026-07-30 20:19:20,Discrepancy Warning
INV-81585,STR-501,PRD-6585,WH-102,78,12,11,1.27,2026-07-30 20:19:20,Synced
INV-81586,STR-502,PRD-6586,WH-102,32,193,9,3.08,2026-07-30 20:19:20,Discrepancy Warning
INV-81587,STR-503,PRD-6587,WH-103,61,399,13,1.47,2026-07-30 20:19:20,Synced
INV-81588,STR-504,PRD-6588,WH-101,52,107,14,2.01,2026-07-30 20:19:20,Discrepancy Warning
INV-81589,STR-505,PRD-6589,WH-103,37,303,7,4.26,2026-07-30 20:19:20,Discrepancy Warning
INV-81590,STR-501,PRD-6590,WH-103,92,226,18,3.32,2026-07-30 20:19:20,Discrepancy Warning
INV-81591,STR-502,PRD-6591,WH-103,52,166,13,0.83,2026-07-30 20:19:20,Synced
INV-81592,STR-503,PRD-6592,WH-104,63,75,15,4.47,2026-07-30 20:19:20,Discrepancy Warning
INV-81593,STR-504,PRD-6593,WH-103,140,87,10,0.72,2026-07-30 20:19:20,Synced
INV-81594,STR-505,PRD-6594,WH-102,69,350,3,4.02,2026-07-30 20:19:20,Discrepancy Warning
INV-81595,STR-501,PRD-6595,WH-102,61,172,0,0.55,2026-07-30 20:19:20,Synced
INV-81596,STR-502,PRD-6596,WH-102,113,17,11,3.95,2026-07-30 20:19:20,Discrepancy Warning
INV-81597,STR-503,PRD-6597,WH-101,100,343,7,1.63,2026-07-30 20:19:20,Synced
INV-81598,STR-504,PRD-6598,WH-102,114,299,13,2.37,2026-07-30 20:19:20,Discrepancy Warning
INV-81599,STR-505,PRD-6599,WH-104,48,257,9,2.1,2026-07-30 20:19:20,Discrepancy Warning
INV-81600,STR-501,PRD-6600,WH-103,133,265,13,3.75,2026-07-30 20:19:20,Discrepancy Warning
INV-81601,STR-502,PRD-6601,WH-101,23,89,20,2.68,2026-07-30 20:19:20,Discrepancy Warning
INV-81602,STR-503,PRD-6602,WH-103,58,97,11,1.55,2026-07-30 20:19:20,Synced
INV-81603,STR-504,PRD-6603,WH-103,84,15,9,2.81,2026-07-30 20:19:20,Discrepancy Warning
INV-81604,STR-505,PRD-6604,WH-104,19,389,6,1.46,2026-07-30 20:19:20,Synced
INV-81605,STR-501,PRD-6605,WH-102,134,265,2,3.63,2026-07-30 20:19:20,Discrepancy Warning
INV-81606,STR-502,PRD-6606,WH-104,113,20,4,2.3,2026-07-30 20:19:20,Discrepancy Warning
INV-81607,STR-503,PRD-6607,WH-102,97,63,13,1.36,2026-07-30 20:19:20,Synced
INV-81608,STR-504,PRD-6608,WH-102,28,247,2,3.9,2026-07-30 20:19:20,Discrepancy Warning
INV-81609,STR-505,PRD-6609,WH-101,135,179,10,3.17,2026-07-30 20:19:20,Discrepancy Warning
INV-81610,STR-501,PRD-6610,WH-103,106,128,5,2.72,2026-07-30 20:19:20,Discrepancy Warning
INV-81611,STR-502,PRD-6611,WH-103,102,119,20,1.94,2026-07-30 20:19:20,Synced
INV-81612,STR-503,PRD-6612,WH-101,66,15,10,1.76,2026-07-30 20:19:20,Synced
INV-81613,STR-504,PRD-6613,WH-104,135,100,12,0.99,2026-07-30 20:19:20,Synced
INV-81614,STR-505,PRD-6614,WH-104,86,320,17,2.18,2026-07-30 20:19:20,Discrepancy Warning
INV-81615,STR-501,PRD-6615,WH-104,27,325,7,0.61,2026-07-30 20:19:20,Synced
INV-81616,STR-502,PRD-6616,WH-103,109,103,3,1.33,2026-07-30 20:19:20,Synced
INV-81617,STR-503,PRD-6617,WH-104,90,262,9,2.7,2026-07-30 20:19:20,Discrepancy Warning
INV-81618,STR-504,PRD-6618,WH-102,95,207,1,2.9,2026-07-30 20:19:20,Discrepancy Warning
INV-81619,STR-505,PRD-6619,WH-104,87,71,8,3.42,2026-07-30 20:19:20,Discrepancy Warning
INV-81620,STR-501,PRD-6620,WH-101,141,354,11,2.91,2026-07-30 20:19:20,Discrepancy Warning
INV-81621,STR-502,PRD-6621,WH-104,131,120,19,3.61,2026-07-30 20:19:20,Discrepancy Warning
INV-81622,STR-503,PRD-6622,WH-103,52,209,13,4.5,2026-07-30 20:19:20,Discrepancy Warning
INV-81623,STR-504,PRD-6623,WH-102,27,380,8,2.08,2026-07-30 20:19:20,Discrepancy Warning
INV-81624,STR-505,PRD-6624,WH-101,64,227,11,4.47,2026-07-30 20:19:20,Discrepancy Warning
INV-81625,STR-501,PRD-6625,WH-103,78,275,8,3.21,2026-07-30 20:19:20,Discrepancy Warning
INV-81626,STR-502,PRD-6626,WH-103,148,288,10,2.7,2026-07-30 20:19:20,Discrepancy Warning
INV-81627,STR-503,PRD-6627,WH-101,125,71,4,1.14,2026-07-30 20:19:20,Synced
INV-81628,STR-504,PRD-6628,WH-101,139,196,16,0.59,2026-07-30 20:19:20,Synced
INV-81629,STR-505,PRD-6629,WH-102,66,374,8,2.63,2026-07-30 20:19:20,Discrepancy Warning
INV-81630,STR-501,PRD-6630,WH-102,50,74,19,0.38,2026-07-30 20:19:20,Synced
INV-81631,STR-502,PRD-6631,WH-101,139,12,19,0.54,2026-07-30 20:19:20,Synced
INV-81632,STR-503,PRD-6632,WH-104,84,305,11,3.32,2026-07-30 20:19:20,Discrepancy Warning
INV-81633,STR-504,PRD-6633,WH-104,68,270,5,0.91,2026-07-30 20:19:20,Synced
INV-81634,STR-505,PRD-6634,WH-102,110,52,2,2.64,2026-07-30 20:19:20,Discrepancy Warning
INV-81635,STR-501,PRD-6635,WH-101,18,331,9,4.1,2026-07-30 20:19:20,Discrepancy Warning
INV-81636,STR-502,PRD-6636,WH-101,81,329,18,2.88,2026-07-30 20:19:20,Discrepancy Warning
INV-81637,STR-503,PRD-6637,WH-101,128,394,15,3.35,2026-07-30 20:19:20,Discrepancy Warning
INV-81638,STR-504,PRD-6638,WH-104,15,107,18,2.85,2026-07-30 20:19:20,Discrepancy Warning
INV-81639,STR-505,PRD-6639,WH-102,53,252,13,0.5,2026-07-30 20:19:20,Synced
INV-81640,STR-501,PRD-6640,WH-104,125,321,3,1.61,2026-07-30 20:19:20,Synced
INV-81641,STR-502,PRD-6641,WH-102,50,71,9,1.08,2026-07-30 20:19:20,Synced
INV-81642,STR-503,PRD-6642,WH-101,5,234,10,3.81,2026-07-30 20:19:20,Discrepancy Warning
INV-81643,STR-504,PRD-6643,WH-103,125,390,20,2.14,2026-07-30 20:19:20,Discrepancy Warning
INV-81644,STR-505,PRD-6644,WH-104,99,179,16,1.61,2026-07-30 20:19:20,Synced
INV-81645,STR-501,PRD-6645,WH-102,95,380,19,3.75,2026-07-30 20:19:20,Discrepancy Warning
INV-81646,STR-502,PRD-6646,WH-102,59,341,14,2.13,2026-07-30 20:19:20,Discrepancy Warning
INV-81647,STR-503,PRD-6647,WH-101,76,302,0,0.85,2026-07-30 20:19:20,Synced
INV-81648,STR-504,PRD-6648,WH-102,145,84,17,2.43,2026-07-30 20:19:20,Discrepancy Warning
INV-81649,STR-505,PRD-6649,WH-104,26,93,9,0.77,2026-07-30 20:19:20,Synced
INV-81650,STR-501,PRD-6650,WH-104,90,194,2,0.69,2026-07-30 20:19:20,Synced
INV-81651,STR-502,PRD-6651,WH-102,142,31,1,2.67,2026-07-30 20:19:20,Discrepancy Warning
INV-81652,STR-503,PRD-6652,WH-103,104,255,9,0.41,2026-07-30 20:19:20,Synced
INV-81653,STR-504,PRD-6653,WH-103,43,157,9,3.01,2026-07-30 20:19:20,Discrepancy Warning
INV-81654,STR-505,PRD-6654,WH-101,67,154,14,2.72,2026-07-30 20:19:20,Discrepancy Warning
INV-81655,STR-501,PRD-6655,WH-103,92,62,6,2.97,2026-07-30 20:19:20,Discrepancy Warning
INV-81656,STR-502,PRD-6656,WH-102,36,24,1,0.3,2026-07-30 20:19:20,Synced
INV-81657,STR-503,PRD-6657,WH-102,7,262,8,2.93,2026-07-30 20:19:20,Discrepancy Warning
INV-81658,STR-504,PRD-6658,WH-103,13,240,15,3.34,2026-07-30 20:19:20,Discrepancy Warning
INV-81659,STR-505,PRD-6659,WH-102,36,236,12,1.8,2026-07-30 20:19:20,Synced
INV-81660,STR-501,PRD-6660,WH-104,79,248,16,2.96,2026-07-30 20:19:20,Discrepancy Warning
INV-81661,STR-502,PRD-6661,WH-103,125,199,2,3.17,2026-07-30 20:19:20,Discrepancy Warning
INV-81662,STR-503,PRD-6662,WH-104,127,132,11,0.9,2026-07-30 20:19:20,Synced
INV-81663,STR-504,PRD-6663,WH-102,90,83,17,2.72,2026-07-30 20:19:20,Discrepancy Warning
INV-81664,STR-505,PRD-6664,WH-102,92,47,6,1.11,2026-07-30 20:19:20,Synced
INV-81665,STR-501,PRD-6665,WH-101,10,193,10,3.67,2026-07-30 20:19:20,Discrepancy Warning
INV-81666,STR-502,PRD-6666,WH-104,73,72,4,2.1,2026-07-30 20:19:20,Discrepancy Warning
INV-81667,STR-503,PRD-6667,WH-102,58,152,12,2.52,2026-07-30 20:19:20,Discrepancy Warning
INV-81668,STR-504,PRD-6668,WH-101,58,347,12,2.85,2026-07-30 20:19:20,Discrepancy Warning
INV-81669,STR-505,PRD-6669,WH-102,48,309,0,1.9,2026-07-30 20:19:20,Synced
INV-81670,STR-501,PRD-6670,WH-103,120,332,20,2.92,2026-07-30 20:19:20,Discrepancy Warning
INV-81671,STR-502,PRD-6671,WH-101,126,390,13,3.89,2026-07-30 20:19:20,Discrepancy Warning
INV-81672,STR-503,PRD-6672,WH-101,93,159,18,1.13,2026-07-30 20:19:20,Synced
INV-81673,STR-504,PRD-6673,WH-101,128,154,20,2.59,2026-07-30 20:19:20,Discrepancy Warning
INV-81674,STR-505,PRD-6674,WH-104,139,334,9,0.46,2026-07-30 20:19:20,Synced
INV-81675,STR-501,PRD-6675,WH-103,46,231,8,0.45,2026-07-30 20:19:20,Synced
INV-81676,STR-502,PRD-6676,WH-103,95,95,19,1.69,2026-07-30 20:19:20,Synced
INV-81677,STR-503,PRD-6677,WH-101,58,44,1,2.72,2026-07-30 20:19:20,Discrepancy Warning
INV-81678,STR-504,PRD-6678,WH-103,23,366,15,0.76,2026-07-30 20:19:20,Synced
INV-81679,STR-505,PRD-6679,WH-104,41,294,6,3.26,2026-07-30 20:19:20,Discrepancy Warning
INV-81680,STR-501,PRD-6680,WH-103,130,346,13,4.1,2026-07-30 20:19:20,Discrepancy Warning
INV-81681,STR-502,PRD-6681,WH-103,49,162,0,4.36,2026-07-30 20:19:20,Discrepancy Warning
INV-81682,STR-503,PRD-6682,WH-103,129,121,15,1.55,2026-07-30 20:19:20,Synced
INV-81683,STR-504,PRD-6683,WH-102,107,266,7,2.93,2026-07-30 20:19:20,Discrepancy Warning
INV-81684,STR-505,PRD-6684,WH-102,5,194,4,1.77,2026-07-30 20:19:20,Synced
INV-81685,STR-501,PRD-6685,WH-101,133,85,16,3.14,2026-07-30 20:19:20,Discrepancy Warning
INV-81686,STR-502,PRD-6686,WH-101,150,52,0,1.57,2026-07-30 20:19:20,Synced
INV-81687,STR-503,PRD-6687,WH-102,81,47,17,2.11,2026-07-30 20:19:20,Discrepancy Warning
INV-81688,STR-504,PRD-6688,WH-103,111,140,3,0.69,2026-07-30 20:19:20,Synced
INV-81689,STR-505,PRD-6689,WH-104,132,55,7,1.49,2026-07-30 20:19:20,Synced
INV-81690,STR-501,PRD-6690,WH-102,96,66,17,3.28,2026-07-30 20:19:20,Discrepancy Warning
INV-81691,STR-502,PRD-6691,WH-103,128,74,0,3.93,2026-07-30 20:19:20,Discrepancy Warning
INV-81692,STR-503,PRD-6692,WH-101,14,357,5,2.58,2026-07-30 20:19:20,Discrepancy Warning
INV-81693,STR-504,PRD-6693,WH-102,79,21,11,0.62,2026-07-30 20:19:20,Synced
INV-81694,STR-505,PRD-6694,WH-103,121,354,12,3.92,2026-07-30 20:19:20,Discrepancy Warning
INV-81695,STR-501,PRD-6695,WH-102,18,135,15,0.89,2026-07-30 20:19:20,Synced
INV-81696,STR-502,PRD-6696,WH-102,96,165,0,2.32,2026-07-30 20:19:20,Discrepancy Warning
INV-81697,STR-503,PRD-6697,WH-103,85,334,15,3.29,2026-07-30 20:19:20,Discrepancy Warning
INV-81698,STR-504,PRD-6698,WH-104,96,218,17,2.13,2026-07-30 20:19:20,Discrepancy Warning
INV-81699,STR-505,PRD-6699,WH-104,130,303,19,0.5,2026-07-30 20:19:20,Synced
INV-81700,STR-501,PRD-6700,WH-103,29,70,10,3.64,2026-07-30 20:19:20,Discrepancy Warning
INV-81701,STR-502,PRD-6701,WH-102,80,79,3,0.88,2026-07-30 20:19:20,Synced
INV-81702,STR-503,PRD-6702,WH-104,87,25,10,2.81,2026-07-30 20:19:20,Discrepancy Warning
INV-81703,STR-504,PRD-6703,WH-101,58,44,11,1.16,2026-07-30 20:19:20,Synced
INV-81704,STR-505,PRD-6704,WH-104,48,316,9,1.47,2026-07-30 20:19:20,Synced
INV-81705,STR-501,PRD-6705,WH-102,57,128,14,3.0,2026-07-30 20:19:20,Discrepancy Warning
INV-81706,STR-502,PRD-6706,WH-103,130,86,11,1.97,2026-07-30 20:19:20,Synced
INV-81707,STR-503,PRD-6707,WH-103,141,48,12,3.93,2026-07-30 20:19:20,Discrepancy Warning
INV-81708,STR-504,PRD-6708,WH-104,33,65,6,1.36,2026-07-30 20:19:20,Synced
INV-81709,STR-505,PRD-6709,WH-103,70,148,16,0.33,2026-07-30 20:19:20,Synced
INV-81710,STR-501,PRD-6710,WH-102,13,62,1,1.43,2026-07-30 20:19:20,Synced
INV-81711,STR-502,PRD-6711,WH-104,107,190,15,0.38,2026-07-30 20:19:20,Synced
INV-81712,STR-503,PRD-6712,WH-102,95,397,12,1.24,2026-07-30 20:19:20,Synced
INV-81713,STR-504,PRD-6713,WH-102,87,79,11,3.97,2026-07-30 20:19:20,Discrepancy Warning
INV-81714,STR-505,PRD-6714,WH-101,135,242,2,4.28,2026-07-30 20:19:20,Discrepancy Warning
INV-81715,STR-501,PRD-6715,WH-103,7,71,17,3.28,2026-07-30 20:19:20,Discrepancy Warning
INV-81716,STR-502,PRD-6716,WH-104,87,142,1,0.22,2026-07-30 20:19:20,Synced
INV-81717,STR-503,PRD-6717,WH-103,68,123,3,3.52,2026-07-30 20:19:20,Discrepancy Warning
INV-81718,STR-504,PRD-6718,WH-102,13,111,13,3.84,2026-07-30 20:19:20,Discrepancy Warning
INV-81719,STR-505,PRD-6719,WH-101,134,326,3,1.7,2026-07-30 20:19:20,Synced
INV-81720,STR-501,PRD-6720,WH-103,141,58,5,2.62,2026-07-30 20:19:20,Discrepancy Warning
INV-81721,STR-502,PRD-6721,WH-103,138,238,18,3.46,2026-07-30 20:19:20,Discrepancy Warning
INV-81722,STR-503,PRD-6722,WH-103,132,19,9,1.65,2026-07-30 20:19:20,Synced
INV-81723,STR-504,PRD-6723,WH-104,18,252,10,0.31,2026-07-30 20:19:20,Synced
INV-81724,STR-505,PRD-6724,WH-103,145,36,3,3.86,2026-07-30 20:19:20,Discrepancy Warning
INV-81725,STR-501,PRD-6725,WH-103,39,279,6,1.24,2026-07-30 20:19:20,Synced
INV-81726,STR-502,PRD-6726,WH-101,114,12,19,0.45,2026-07-30 20:19:20,Synced
INV-81727,STR-503,PRD-6727,WH-101,105,74,16,3.33,2026-07-30 20:19:20,Discrepancy Warning
INV-81728,STR-504,PRD-6728,WH-101,16,359,0,0.26,2026-07-30 20:19:20,Synced
INV-81729,STR-505,PRD-6729,WH-103,114,182,9,1.98,2026-07-30 20:19:20,Synced
INV-81730,STR-501,PRD-6730,WH-102,40,262,10,4.02,2026-07-30 20:19:20,Discrepancy Warning
INV-81731,STR-502,PRD-6731,WH-101,6,328,13,4.14,2026-07-30 20:19:20,Discrepancy Warning
INV-81732,STR-503,PRD-6732,WH-103,127,192,0,2.63,2026-07-30 20:19:20,Discrepancy Warning
INV-81733,STR-504,PRD-6733,WH-101,109,277,11,1.88,2026-07-30 20:19:20,Synced
INV-81734,STR-505,PRD-6734,WH-102,73,119,12,2.14,2026-07-30 20:19:20,Discrepancy Warning
INV-81735,STR-501,PRD-6735,WH-103,104,329,10,3.3,2026-07-30 20:19:20,Discrepancy Warning
INV-81736,STR-502,PRD-6736,WH-104,6,47,13,0.91,2026-07-30 20:19:20,Synced
INV-81737,STR-503,PRD-6737,WH-101,122,121,13,1.0,2026-07-30 20:19:20,Synced
INV-81738,STR-504,PRD-6738,WH-102,117,116,11,2.83,2026-07-30 20:19:20,Discrepancy Warning
INV-81739,STR-505,PRD-6739,WH-101,40,205,13,0.36,2026-07-30 20:19:20,Synced
INV-81740,STR-501,PRD-6740,WH-102,143,396,20,3.02,2026-07-30 20:19:20,Discrepancy Warning
INV-81741,STR-502,PRD-6741,WH-104,38,266,8,2.98,2026-07-30 20:19:20,Discrepancy Warning
INV-81742,STR-503,PRD-6742,WH-104,117,29,16,2.99,2026-07-30 20:19:20,Discrepancy Warning
INV-81743,STR-504,PRD-6743,WH-102,116,264,20,2.0,2026-07-30 20:19:20,Discrepancy Warning
INV-81744,STR-505,PRD-6744,WH-102,102,97,10,2.3,2026-07-30 20:19:20,Discrepancy Warning
INV-81745,STR-501,PRD-6745,WH-102,112,197,20,0.7,2026-07-30 20:19:20,Synced
INV-81746,STR-502,PRD-6746,WH-104,95,372,19,2.17,2026-07-30 20:19:20,Discrepancy Warning
INV-81747,STR-503,PRD-6747,WH-101,13,123,9,1.5,2026-07-30 20:19:20,Synced
INV-81748,STR-504,PRD-6748,WH-101,28,189,7,0.6,2026-07-30 20:19:20,Synced
INV-81749,STR-505,PRD-6749,WH-104,86,305,12,0.29,2026-07-30 20:19:20,Synced
INV-81750,STR-501,PRD-6750,WH-103,82,230,10,4.27,2026-07-30 20:19:20,Discrepancy Warning
INV-81751,STR-502,PRD-6751,WH-104,8,103,7,1.18,2026-07-30 20:19:20,Synced
INV-81752,STR-503,PRD-6752,WH-103,10,264,10,1.64,2026-07-30 20:19:20,Synced
INV-81753,STR-504,PRD-6753,WH-104,109,52,11,0.24,2026-07-30 20:19:20,Synced
INV-81754,STR-505,PRD-6754,WH-104,41,194,10,1.92,2026-07-30 20:19:20,Synced
INV-81755,STR-501,PRD-6755,WH-102,133,320,0,0.26,2026-07-30 20:19:20,Synced
INV-81756,STR-502,PRD-6756,WH-103,134,292,16,3.46,2026-07-30 20:19:20,Discrepancy Warning
INV-81757,STR-503,PRD-6757,WH-102,24,263,12,0.81,2026-07-30 20:19:20,Synced
INV-81758,STR-504,PRD-6758,WH-102,70,14,2,2.82,2026-07-30 20:19:20,Discrepancy Warning
INV-81759,STR-505,PRD-6759,WH-103,126,256,0,3.17,2026-07-30 20:19:20,Discrepancy Warning
INV-81760,STR-501,PRD-6760,WH-103,79,13,8,2.32,2026-07-30 20:19:20,Discrepancy Warning
INV-81761,STR-502,PRD-6761,WH-102,112,248,4,3.92,2026-07-30 20:19:20,Discrepancy Warning
INV-81762,STR-503,PRD-6762,WH-102,121,343,8,0.64,2026-07-30 20:19:20,Synced
INV-81763,STR-504,PRD-6763,WH-104,49,238,13,2.82,2026-07-30 20:19:20,Discrepancy Warning
INV-81764,STR-505,PRD-6764,WH-101,74,225,0,0.42,2026-07-30 20:19:20,Synced
INV-81765,STR-501,PRD-6765,WH-102,92,139,13,3.22,2026-07-30 20:19:20,Discrepancy Warning
INV-81766,STR-502,PRD-6766,WH-104,97,50,6,3.75,2026-07-30 20:19:20,Discrepancy Warning
INV-81767,STR-503,PRD-6767,WH-101,20,185,1,1.23,2026-07-30 20:19:20,Synced
INV-81768,STR-504,PRD-6768,WH-103,15,36,18,1.93,2026-07-30 20:19:20,Synced
INV-81769,STR-505,PRD-6769,WH-101,120,295,1,0.97,2026-07-30 20:19:20,Synced
INV-81770,STR-501,PRD-6770,WH-101,127,276,17,4.17,2026-07-30 20:19:20,Discrepancy Warning
INV-81771,STR-502,PRD-6771,WH-104,93,21,15,3.11,2026-07-30 20:19:20,Discrepancy Warning
INV-81772,STR-503,PRD-6772,WH-102,58,343,3,1.91,2026-07-30 20:19:20,Synced
INV-81773,STR-504,PRD-6773,WH-104,110,142,3,1.7,2026-07-30 20:19:20,Synced
INV-81774,STR-505,PRD-6774,WH-104,15,366,19,1.13,2026-07-30 20:19:20,Synced
INV-81775,STR-501,PRD-6775,WH-104,110,380,13,2.46,2026-07-30 20:19:20,Discrepancy Warning
INV-81776,STR-502,PRD-6776,WH-103,129,263,1,2.66,2026-07-30 20:19:20,Discrepancy Warning
INV-81777,STR-503,PRD-6777,WH-101,114,100,20,2.87,2026-07-30 20:19:20,Discrepancy Warning
INV-81778,STR-504,PRD-6778,WH-104,51,359,14,1.26,2026-07-30 20:19:20,Synced
INV-81779,STR-505,PRD-6779,WH-103,121,95,18,1.07,2026-07-30 20:19:20,Synced
INV-81780,STR-501,PRD-6780,WH-104,115,29,16,1.45,2026-07-30 20:19:20,Synced
INV-81781,STR-502,PRD-6781,WH-103,95,385,8,1.02,2026-07-30 20:19:20,Synced
INV-81782,STR-503,PRD-6782,WH-102,11,391,10,4.34,2026-07-30 20:19:20,Discrepancy Warning
INV-81783,STR-504,PRD-6783,WH-104,128,29,6,4.39,2026-07-30 20:19:20,Discrepancy Warning
INV-81784,STR-505,PRD-6784,WH-104,5,233,17,2.41,2026-07-30 20:19:20,Discrepancy Warning
INV-81785,STR-501,PRD-6785,WH-102,136,400,11,2.9,2026-07-30 20:19:20,Discrepancy Warning
INV-81786,STR-502,PRD-6786,WH-104,74,362,9,0.3,2026-07-30 20:19:20,Synced
INV-81787,STR-503,PRD-6787,WH-101,87,222,6,3.04,2026-07-30 20:19:20,Discrepancy Warning
INV-81788,STR-504,PRD-6788,WH-104,115,38,19,3.9,2026-07-30 20:19:20,Discrepancy Warning
INV-81789,STR-505,PRD-6789,WH-102,116,114,3,3.25,2026-07-30 20:19:20,Discrepancy Warning
INV-81790,STR-501,PRD-6790,WH-104,84,94,10,0.37,2026-07-30 20:19:20,Synced
INV-81791,STR-502,PRD-6791,WH-104,29,77,19,2.93,2026-07-30 20:19:20,Discrepancy Warning
INV-81792,STR-503,PRD-6792,WH-102,102,347,13,2.95,2026-07-30 20:19:20,Discrepancy Warning
INV-81793,STR-504,PRD-6793,WH-102,38,258,2,4.22,2026-07-30 20:19:20,Discrepancy Warning
INV-81794,STR-505,PRD-6794,WH-103,13,71,2,3.51,2026-07-30 20:19:20,Discrepancy Warning
INV-81795,STR-501,PRD-6795,WH-102,73,260,13,2.64,2026-07-30 20:19:20,Discrepancy Warning
INV-81796,STR-502,PRD-6796,WH-101,123,326,0,0.34,2026-07-30 20:19:20,Synced
INV-81797,STR-503,PRD-6797,WH-102,150,368,5,3.4,2026-07-30 20:19:20,Discrepancy Warning
INV-81798,STR-504,PRD-6798,WH-104,46,101,14,3.14,2026-07-30 20:19:20,Discrepancy Warning
INV-81799,STR-505,PRD-6799,WH-101,8,295,15,1.5,2026-07-30 20:19:20,Synced
INV-81800,STR-501,PRD-6800,WH-104,47,213,2,2.86,2026-07-30 20:19:20,Discrepancy Warning
INV-81801,STR-502,PRD-6801,WH-101,113,299,18,0.38,2026-07-30 20:19:20,Synced
INV-81802,STR-503,PRD-6802,WH-103,41,196,18,2.16,2026-07-30 20:19:20,Discrepancy Warning
INV-81803,STR-504,PRD-6803,WH-103,86,374,9,1.17,2026-07-30 20:19:20,Synced
INV-81804,STR-505,PRD-6804,WH-103,109,210,14,3.24,2026-07-30 20:19:20,Discrepancy Warning
INV-81805,STR-501,PRD-6805,WH-104,66,377,3,0.9,2026-07-30 20:19:20,Synced
INV-81806,STR-502,PRD-6806,WH-101,72,281,18,2.23,2026-07-30 20:19:20,Discrepancy Warning
INV-81807,STR-503,PRD-6807,WH-104,134,263,10,1.4,2026-07-30 20:19:20,Synced
INV-81808,STR-504,PRD-6808,WH-102,65,322,0,1.06,2026-07-30 20:19:20,Synced
INV-81809,STR-505,PRD-6809,WH-103,76,51,3,2.01,2026-07-30 20:19:20,Discrepancy Warning
INV-81810,STR-501,PRD-6810,WH-101,66,37,13,2.26,2026-07-30 20:19:20,Discrepancy Warning
INV-81811,STR-502,PRD-6811,WH-101,41,54,17,3.84,2026-07-30 20:19:20,Discrepancy Warning
INV-81812,STR-503,PRD-6812,WH-103,54,293,20,1.32,2026-07-30 20:19:20,Synced
INV-81813,STR-504,PRD-6813,WH-104,9,78,8,3.57,2026-07-30 20:19:20,Discrepancy Warning
INV-81814,STR-505,PRD-6814,WH-104,13,63,6,1.8,2026-07-30 20:19:20,Synced
INV-81815,STR-501,PRD-6815,WH-103,100,354,5,2.8,2026-07-30 20:19:20,Discrepancy Warning
INV-81816,STR-502,PRD-6816,WH-104,87,299,7,0.44,2026-07-30 20:19:20,Synced
INV-81817,STR-503,PRD-6817,WH-102,107,136,16,0.34,2026-07-30 20:19:20,Synced
INV-81818,STR-504,PRD-6818,WH-102,131,258,13,0.49,2026-07-30 20:19:20,Synced
INV-81819,STR-505,PRD-6819,WH-101,38,231,0,2.99,2026-07-30 20:19:20,Discrepancy Warning
INV-81820,STR-501,PRD-6820,WH-103,128,205,18,3.5,2026-07-30 20:19:20,Discrepancy Warning
INV-81821,STR-502,PRD-6821,WH-103,102,195,12,3.18,2026-07-30 20:19:20,Discrepancy Warning
INV-81822,STR-503,PRD-6822,WH-103,67,240,3,0.3,2026-07-30 20:19:20,Synced
INV-81823,STR-504,PRD-6823,WH-104,76,349,5,1.5,2026-07-30 20:19:20,Synced
INV-81824,STR-505,PRD-6824,WH-102,86,372,10,3.2,2026-07-30 20:19:20,Discrepancy Warning
INV-81825,STR-501,PRD-6825,WH-103,119,45,12,2.88,2026-07-30 20:19:20,Discrepancy Warning
INV-81826,STR-502,PRD-6826,WH-103,41,269,16,0.83,2026-07-30 20:19:20,Synced
INV-81827,STR-503,PRD-6827,WH-101,18,293,10,4.11,2026-07-30 20:19:20,Discrepancy Warning
INV-81828,STR-504,PRD-6828,WH-102,33,380,13,1.85,2026-07-30 20:19:20,Synced
INV-81829,STR-505,PRD-6829,WH-101,23,42,3,0.33,2026-07-30 20:19:20,Synced
INV-81830,STR-501,PRD-6830,WH-102,51,197,16,2.04,2026-07-30 20:19:20,Discrepancy Warning
INV-81831,STR-502,PRD-6831,WH-101,108,272,1,0.51,2026-07-30 20:19:20,Synced
INV-81832,STR-503,PRD-6832,WH-102,27,181,3,0.47,2026-07-30 20:19:20,Synced
INV-81833,STR-504,PRD-6833,WH-101,35,239,10,2.45,2026-07-30 20:19:20,Discrepancy Warning
INV-81834,STR-505,PRD-6834,WH-104,37,221,6,2.67,2026-07-30 20:19:20,Discrepancy Warning
INV-81835,STR-501,PRD-6835,WH-101,51,143,11,4.29,2026-07-30 20:19:20,Discrepancy Warning
INV-81836,STR-502,PRD-6836,WH-104,91,287,16,1.8,2026-07-30 20:19:20,Synced
INV-81837,STR-503,PRD-6837,WH-104,43,235,3,2.58,2026-07-30 20:19:20,Discrepancy Warning
INV-81838,STR-504,PRD-6838,WH-103,70,167,1,0.41,2026-07-30 20:19:20,Synced
INV-81839,STR-505,PRD-6839,WH-102,122,54,2,1.97,2026-07-30 20:19:20,Synced
INV-81840,STR-501,PRD-6840,WH-103,28,149,2,2.15,2026-07-30 20:19:20,Discrepancy Warning
INV-81841,STR-502,PRD-6841,WH-101,130,107,17,1.74,2026-07-30 20:19:20,Synced
INV-81842,STR-503,PRD-6842,WH-102,102,356,0,3.05,2026-07-30 20:19:20,Discrepancy Warning
INV-81843,STR-504,PRD-6843,WH-104,34,19,18,2.21,2026-07-30 20:19:20,Discrepancy Warning
INV-81844,STR-505,PRD-6844,WH-102,32,313,5,1.18,2026-07-30 20:19:20,Synced
INV-81845,STR-501,PRD-6845,WH-103,88,10,12,0.6,2026-07-30 20:19:20,Synced
INV-81846,STR-502,PRD-6846,WH-103,143,291,3,3.83,2026-07-30 20:19:20,Discrepancy Warning
INV-81847,STR-503,PRD-6847,WH-104,116,361,18,2.76,2026-07-30 20:19:20,Discrepancy Warning
INV-81848,STR-504,PRD-6848,WH-101,121,381,1,0.27,2026-07-30 20:19:20,Synced
INV-81849,STR-505,PRD-6849,WH-102,143,94,3,3.56,2026-07-30 20:19:20,Discrepancy Warning
INV-81850,STR-501,PRD-6850,WH-104,122,398,5,3.52,2026-07-30 20:19:20,Discrepancy Warning
INV-81851,STR-502,PRD-6851,WH-103,86,23,16,3.14,2026-07-30 20:19:20,Discrepancy Warning
INV-81852,STR-503,PRD-6852,WH-102,112,361,18,3.69,2026-07-30 20:19:20,Discrepancy Warning
INV-81853,STR-504,PRD-6853,WH-102,87,94,18,0.81,2026-07-30 20:19:20,Synced
INV-81854,STR-505,PRD-6854,WH-102,35,121,7,1.58,2026-07-30 20:19:20,Synced
INV-81855,STR-501,PRD-6855,WH-104,53,399,9,0.77,2026-07-30 20:19:20,Synced
INV-81856,STR-502,PRD-6856,WH-103,144,55,0,0.66,2026-07-30 20:19:20,Synced
INV-81857,STR-503,PRD-6857,WH-101,74,387,15,2.21,2026-07-30 20:19:20,Discrepancy Warning
INV-81858,STR-504,PRD-6858,WH-104,49,380,17,4.35,2026-07-30 20:19:20,Discrepancy Warning
INV-81859,STR-505,PRD-6859,WH-102,145,39,20,4.42,2026-07-30 20:19:20,Discrepancy Warning
INV-81860,STR-501,PRD-6860,WH-102,15,268,7,0.75,2026-07-30 20:19:20,Synced
INV-81861,STR-502,PRD-6861,WH-104,82,79,2,1.29,2026-07-30 20:19:20,Synced
INV-81862,STR-503,PRD-6862,WH-102,111,337,7,2.71,2026-07-30 20:19:20,Discrepancy Warning
INV-81863,STR-504,PRD-6863,WH-101,119,182,12,1.02,2026-07-30 20:19:20,Synced
INV-81864,STR-505,PRD-6864,WH-101,41,80,4,1.47,2026-07-30 20:19:20,Synced
INV-81865,STR-501,PRD-6865,WH-103,120,56,20,2.34,2026-07-30 20:19:20,Discrepancy Warning
INV-81866,STR-502,PRD-6866,WH-104,40,326,20,1.74,2026-07-30 20:19:20,Synced
INV-81867,STR-503,PRD-6867,WH-103,24,350,8,4.36,2026-07-30 20:19:20,Discrepancy Warning
INV-81868,STR-504,PRD-6868,WH-101,14,369,17,3.83,2026-07-30 20:19:20,Discrepancy Warning
INV-81869,STR-505,PRD-6869,WH-104,46,281,19,2.54,2026-07-30 20:19:20,Discrepancy Warning
INV-81870,STR-501,PRD-6870,WH-101,33,204,15,0.36,2026-07-30 20:19:20,Synced
INV-81871,STR-502,PRD-6871,WH-104,106,286,9,0.51,2026-07-30 20:19:20,Synced
INV-81872,STR-503,PRD-6872,WH-102,115,299,9,1.44,2026-07-30 20:19:20,Synced
INV-81873,STR-504,PRD-6873,WH-101,122,40,2,1.38,2026-07-30 20:19:20,Synced
INV-81874,STR-505,PRD-6874,WH-104,32,10,19,0.81,2026-07-30 20:19:20,Synced
INV-81875,STR-501,PRD-6875,WH-103,96,366,2,1.43,2026-07-30 20:19:20,Synced
INV-81876,STR-502,PRD-6876,WH-101,141,126,16,2.87,2026-07-30 20:19:20,Discrepancy Warning
INV-81877,STR-503,PRD-6877,WH-101,15,387,12,2.94,2026-07-30 20:19:20,Discrepancy Warning
INV-81878,STR-504,PRD-6878,WH-103,95,124,8,0.26,2026-07-30 20:19:20,Synced
INV-81879,STR-505,PRD-6879,WH-102,93,328,14,2.34,2026-07-30 20:19:20,Discrepancy Warning
INV-81880,STR-501,PRD-6880,WH-101,118,308,7,1.78,2026-07-30 20:19:20,Synced
INV-81881,STR-502,PRD-6881,WH-104,147,167,16,0.55,2026-07-30 20:19:20,Synced
INV-81882,STR-503,PRD-6882,WH-102,79,386,10,2.81,2026-07-30 20:19:20,Discrepancy Warning
INV-81883,STR-504,PRD-6883,WH-102,112,180,4,1.27,2026-07-30 20:19:20,Synced
INV-81884,STR-505,PRD-6884,WH-103,60,326,19,0.99,2026-07-30 20:19:20,Synced
INV-81885,STR-501,PRD-6885,WH-103,83,139,19,3.07,2026-07-30 20:19:20,Discrepancy Warning
INV-81886,STR-502,PRD-6886,WH-101,126,173,1,2.39,2026-07-30 20:19:20,Discrepancy Warning
INV-81887,STR-503,PRD-6887,WH-101,41,370,13,0.92,2026-07-30 20:19:20,Synced
INV-81888,STR-504,PRD-6888,WH-101,119,207,1,1.9,2026-07-30 20:19:20,Synced
INV-81889,STR-505,PRD-6889,WH-102,70,99,14,3.69,2026-07-30 20:19:20,Discrepancy Warning
INV-81890,STR-501,PRD-6890,WH-101,37,350,10,3.83,2026-07-30 20:19:20,Discrepancy Warning
INV-81891,STR-502,PRD-6891,WH-103,91,344,17,4.42,2026-07-30 20:19:20,Discrepancy Warning
INV-81892,STR-503,PRD-6892,WH-102,139,62,10,1.76,2026-07-30 20:19:20,Synced
INV-81893,STR-504,PRD-6893,WH-104,38,12,12,2.92,2026-07-30 20:19:20,Discrepancy Warning
INV-81894,STR-505,PRD-6894,WH-101,126,124,16,1.87,2026-07-30 20:19:20,Synced
INV-81895,STR-501,PRD-6895,WH-101,85,97,8,2.33,2026-07-30 20:19:20,Discrepancy Warning
INV-81896,STR-502,PRD-6896,WH-102,137,194,2,4.1,2026-07-30 20:19:20,Discrepancy Warning
INV-81897,STR-503,PRD-6897,WH-103,16,42,2,4.17,2026-07-30 20:19:20,Discrepancy Warning
INV-81898,STR-504,PRD-6898,WH-103,110,237,2,1.45,2026-07-30 20:19:20,Synced
INV-81899,STR-505,PRD-6899,WH-103,63,146,5,1.61,2026-07-30 20:19:20,Synced
INV-81900,STR-501,PRD-6900,WH-104,14,42,20,3.96,2026-07-30 20:19:20,Discrepancy Warning
INV-81901,STR-502,PRD-6901,WH-102,101,308,19,2.17,2026-07-30 20:19:20,Discrepancy Warning
INV-81902,STR-503,PRD-6902,WH-101,149,346,7,3.52,2026-07-30 20:19:20,Discrepancy Warning
INV-81903,STR-504,PRD-6903,WH-102,128,133,20,0.59,2026-07-30 20:19:20,Synced
INV-81904,STR-505,PRD-6904,WH-101,11,71,16,2.34,2026-07-30 20:19:20,Discrepancy Warning
INV-81905,STR-501,PRD-6905,WH-103,20,64,17,1.32,2026-07-30 20:19:20,Synced
INV-81906,STR-502,PRD-6906,WH-102,94,122,13,1.28,2026-07-30 20:19:20,Synced
INV-81907,STR-503,PRD-6907,WH-104,103,133,5,0.32,2026-07-30 20:19:20,Synced
INV-81908,STR-504,PRD-6908,WH-102,110,268,10,3.27,2026-07-30 20:19:20,Discrepancy Warning
INV-81909,STR-505,PRD-6909,WH-102,114,249,18,0.68,2026-07-30 20:19:20,Synced
INV-81910,STR-501,PRD-6910,WH-101,98,224,9,2.68,2026-07-30 20:19:20,Discrepancy Warning
INV-81911,STR-502,PRD-6911,WH-104,90,229,14,0.62,2026-07-30 20:19:20,Synced
INV-81912,STR-503,PRD-6912,WH-104,96,73,11,3.99,2026-07-30 20:19:20,Discrepancy Warning
INV-81913,STR-504,PRD-6913,WH-102,45,11,9,0.59,2026-07-30 20:19:20,Synced
INV-81914,STR-505,PRD-6914,WH-101,122,342,10,1.98,2026-07-30 20:19:20,Synced
INV-81915,STR-501,PRD-6915,WH-101,29,281,19,1.42,2026-07-30 20:19:20,Synced
INV-81916,STR-502,PRD-6916,WH-104,116,135,3,0.91,2026-07-30 20:19:20,Synced
INV-81917,STR-503,PRD-6917,WH-103,11,210,4,1.34,2026-07-30 20:19:20,Synced
INV-81918,STR-504,PRD-6918,WH-102,50,301,12,4.17,2026-07-30 20:19:20,Discrepancy Warning
INV-81919,STR-505,PRD-6919,WH-102,92,117,5,4.35,2026-07-30 20:19:20,Discrepancy Warning
INV-81920,STR-501,PRD-6920,WH-104,109,197,8,2.71,2026-07-30 20:19:20,Discrepancy Warning
INV-81921,STR-502,PRD-6921,WH-101,73,369,16,1.36,2026-07-30 20:19:20,Synced
INV-81922,STR-503,PRD-6922,WH-103,78,346,17,1.01,2026-07-30 20:19:20,Synced
INV-81923,STR-504,PRD-6923,WH-103,60,165,10,1.49,2026-07-30 20:19:20,Synced
INV-81924,STR-505,PRD-6924,WH-101,118,62,6,0.75,2026-07-30 20:19:20,Synced
INV-81925,STR-501,PRD-6925,WH-103,22,44,15,1.87,2026-07-30 20:19:20,Synced
INV-81926,STR-502,PRD-6926,WH-102,54,104,1,2.77,2026-07-30 20:19:20,Discrepancy Warning
INV-81927,STR-503,PRD-6927,WH-101,135,360,15,2.51,2026-07-30 20:19:20,Discrepancy Warning
INV-81928,STR-504,PRD-6928,WH-104,85,271,17,4.37,2026-07-30 20:19:20,Discrepancy Warning
INV-81929,STR-505,PRD-6929,WH-103,130,346,19,3.74,2026-07-30 20:19:20,Discrepancy Warning
INV-81930,STR-501,PRD-6930,WH-104,116,384,1,3.36,2026-07-30 20:19:20,Discrepancy Warning
INV-81931,STR-502,PRD-6931,WH-102,14,12,9,1.91,2026-07-30 20:19:20,Synced
INV-81932,STR-503,PRD-6932,WH-104,130,231,12,2.39,2026-07-30 20:19:20,Discrepancy Warning
INV-81933,STR-504,PRD-6933,WH-103,48,351,11,1.79,2026-07-30 20:19:20,Synced
INV-81934,STR-505,PRD-6934,WH-101,142,306,6,0.69,2026-07-30 20:19:20,Synced
INV-81935,STR-501,PRD-6935,WH-101,134,348,8,4.12,2026-07-30 20:19:20,Discrepancy Warning
INV-81936,STR-502,PRD-6936,WH-104,144,365,6,1.12,2026-07-30 20:19:20,Synced
INV-81937,STR-503,PRD-6937,WH-104,9,215,13,3.35,2026-07-30 20:19:20,Discrepancy Warning
INV-81938,STR-504,PRD-6938,WH-101,92,167,0,0.77,2026-07-30 20:19:20,Synced
INV-81939,STR-505,PRD-6939,WH-101,146,120,17,0.55,2026-07-30 20:19:20,Synced
INV-81940,STR-501,PRD-6940,WH-103,82,250,0,2.86,2026-07-30 20:19:20,Discrepancy Warning
INV-81941,STR-502,PRD-6941,WH-101,46,286,8,3.65,2026-07-30 20:19:20,Discrepancy Warning
INV-81942,STR-503,PRD-6942,WH-104,136,255,14,1.64,2026-07-30 20:19:20,Synced
INV-81943,STR-504,PRD-6943,WH-101,47,293,3,0.5,2026-07-30 20:19:20,Synced
INV-81944,STR-505,PRD-6944,WH-104,84,117,14,4.31,2026-07-30 20:19:20,Discrepancy Warning
INV-81945,STR-501,PRD-6945,WH-101,88,142,3,3.52,2026-07-30 20:19:20,Discrepancy Warning
INV-81946,STR-502,PRD-6946,WH-101,12,188,19,0.86,2026-07-30 20:19:20,Synced
INV-81947,STR-503,PRD-6947,WH-104,126,389,5,2.77,2026-07-30 20:19:20,Discrepancy Warning
INV-81948,STR-504,PRD-6948,WH-101,52,226,6,3.15,2026-07-30 20:19:20,Discrepancy Warning
INV-81949,STR-505,PRD-6949,WH-104,49,121,10,0.96,2026-07-30 20:19:20,Synced
INV-81950,STR-501,PRD-6950,WH-104,125,367,8,3.78,2026-07-30 20:19:20,Discrepancy Warning
INV-81951,STR-502,PRD-6951,WH-101,44,367,6,4.28,2026-07-30 20:19:20,Discrepancy Warning
INV-81952,STR-503,PRD-6952,WH-104,148,130,5,3.17,2026-07-30 20:19:20,Discrepancy Warning
INV-81953,STR-504,PRD-6953,WH-104,111,22,20,0.44,2026-07-30 20:19:20,Synced
INV-81954,STR-505,PRD-6954,WH-102,118,176,11,2.69,2026-07-30 20:19:20,Discrepancy Warning
INV-81955,STR-501,PRD-6955,WH-103,108,258,5,3.84,2026-07-30 20:19:20,Discrepancy Warning
INV-81956,STR-502,PRD-6956,WH-104,117,246,1,3.3,2026-07-30 20:19:20,Discrepancy Warning
INV-81957,STR-503,PRD-6957,WH-103,129,26,15,1.29,2026-07-30 20:19:20,Synced
INV-81958,STR-504,PRD-6958,WH-101,126,251,5,2.7,2026-07-30 20:19:20,Discrepancy Warning
INV-81959,STR-505,PRD-6959,WH-103,97,102,8,0.58,2026-07-30 20:19:20,Synced
INV-81960,STR-501,PRD-6960,WH-101,103,200,16,3.2,2026-07-30 20:19:20,Discrepancy Warning
INV-81961,STR-502,PRD-6961,WH-101,143,62,14,4.47,2026-07-30 20:19:20,Discrepancy Warning
INV-81962,STR-503,PRD-6962,WH-102,69,74,7,2.89,2026-07-30 20:19:20,Discrepancy Warning
INV-81963,STR-504,PRD-6963,WH-103,79,197,6,0.84,2026-07-30 20:19:20,Synced
INV-81964,STR-505,PRD-6964,WH-103,50,284,15,0.52,2026-07-30 20:19:20,Synced
INV-81965,STR-501,PRD-6965,WH-104,10,193,5,2.54,2026-07-30 20:19:20,Discrepancy Warning
INV-81966,STR-502,PRD-6966,WH-102,96,45,18,4.02,2026-07-30 20:19:20,Discrepancy Warning
INV-81967,STR-503,PRD-6967,WH-101,30,369,1,4.04,2026-07-30 20:19:20,Discrepancy Warning
INV-81968,STR-504,PRD-6968,WH-104,23,381,20,3.15,2026-07-30 20:19:20,Discrepancy Warning
INV-81969,STR-505,PRD-6969,WH-104,18,335,7,1.91,2026-07-30 20:19:20,Synced
INV-81970,STR-501,PRD-6970,WH-102,80,12,4,2.15,2026-07-30 20:19:20,Discrepancy Warning
INV-81971,STR-502,PRD-6971,WH-103,38,45,15,2.82,2026-07-30 20:19:20,Discrepancy Warning
INV-81972,STR-503,PRD-6972,WH-103,93,86,10,0.99,2026-07-30 20:19:20,Synced
INV-81973,STR-504,PRD-6973,WH-102,22,269,4,2.4,2026-07-30 20:19:20,Discrepancy Warning
INV-81974,STR-505,PRD-6974,WH-101,6,108,12,2.61,2026-07-30 20:19:20,Discrepancy Warning
INV-81975,STR-501,PRD-6975,WH-102,135,283,15,3.54,2026-07-30 20:19:20,Discrepancy Warning
INV-81976,STR-502,PRD-6976,WH-103,27,370,7,2.97,2026-07-30 20:19:20,Discrepancy Warning
INV-81977,STR-503,PRD-6977,WH-102,107,197,1,1.11,2026-07-30 20:19:20,Synced
INV-81978,STR-504,PRD-6978,WH-104,30,238,13,2.4,2026-07-30 20:19:20,Discrepancy Warning
INV-81979,STR-505,PRD-6979,WH-104,49,109,17,1.73,2026-07-30 20:19:20,Synced
INV-81980,STR-501,PRD-6980,WH-101,67,93,20,3.82,2026-07-30 20:19:20,Discrepancy Warning
INV-81981,STR-502,PRD-6981,WH-101,36,153,2,0.35,2026-07-30 20:19:20,Synced
INV-81982,STR-503,PRD-6982,WH-101,101,377,20,0.89,2026-07-30 20:19:20,Synced
INV-81983,STR-504,PRD-6983,WH-101,125,48,16,2.83,2026-07-30 20:19:20,Discrepancy Warning
INV-81984,STR-505,PRD-6984,WH-102,139,363,4,2.62,2026-07-30 20:19:20,Discrepancy Warning
INV-81985,STR-501,PRD-6985,WH-102,120,148,7,1.18,2026-07-30 20:19:20,Synced
INV-81986,STR-502,PRD-6986,WH-102,54,355,0,2.2,2026-07-30 20:19:20,Discrepancy Warning
INV-81987,STR-503,PRD-6987,WH-101,92,104,1,1.29,2026-07-30 20:19:20,Synced
INV-81988,STR-504,PRD-6988,WH-104,120,249,5,0.73,2026-07-30 20:19:20,Synced
INV-81989,STR-505,PRD-6989,WH-102,26,15,4,4.44,2026-07-30 20:19:20,Discrepancy Warning
INV-81990,STR-501,PRD-6990,WH-103,128,110,16,1.88,2026-07-30 20:19:20,Synced
INV-81991,STR-502,PRD-6991,WH-103,63,59,8,4.28,2026-07-30 20:19:20,Discrepancy Warning
INV-81992,STR-503,PRD-6992,WH-101,146,114,13,1.24,2026-07-30 20:19:20,Synced
INV-81993,STR-504,PRD-6993,WH-101,132,271,4,1.16,2026-07-30 20:19:20,Synced
INV-81994,STR-505,PRD-6994,WH-102,52,369,17,2.37,2026-07-30 20:19:20,Discrepancy Warning
INV-81995,STR-501,PRD-6995,WH-104,62,327,4,2.1,2026-07-30 20:19:20,Discrepancy Warning
INV-81996,STR-502,PRD-6996,WH-101,88,90,10,2.05,2026-07-30 20:19:20,Discrepancy Warning
INV-81997,STR-503,PRD-6997,WH-102,97,253,17,3.21,2026-07-30 20:19:20,Discrepancy Warning
INV-81998,STR-504,PRD-6998,WH-104,83,310,2,1.66,2026-07-30 20:19:20,Synced
INV-81999,STR-505,PRD-6999,WH-102,7,200,4,0.28,2026-07-30 20:19:20,Synced
INV-82000,STR-501,PRD-7000,WH-101,30,15,13,2.91,2026-07-30 20:19:20,Discrepancy Warning
INV-82001,STR-502,PRD-7001,WH-102,88,168,12,2.72,2026-07-30 20:19:20,Discrepancy Warning
INV-82002,STR-503,PRD-7002,WH-102,113,124,20,1.93,2026-07-30 20:19:20,Synced
INV-82003,STR-504,PRD-7003,WH-101,119,315,20,4.48,2026-07-30 20:19:20,Discrepancy Warning
INV-82004,STR-505,PRD-7004,WH-101,133,120,14,1.21,2026-07-30 20:19:20,Synced
INV-82005,STR-501,PRD-7005,WH-104,6,274,9,3.72,2026-07-30 20:19:20,Discrepancy Warning
INV-82006,STR-502,PRD-7006,WH-102,70,190,19,2.78,2026-07-30 20:19:20,Discrepancy Warning
INV-82007,STR-503,PRD-7007,WH-104,94,375,13,3.43,2026-07-30 20:19:20,Discrepancy Warning
INV-82008,STR-504,PRD-7008,WH-103,79,398,18,2.66,2026-07-30 20:19:20,Discrepancy Warning
INV-82009,STR-505,PRD-7009,WH-102,76,21,11,4.32,2026-07-30 20:19:20,Discrepancy Warning
INV-82010,STR-501,PRD-7010,WH-104,124,305,0,0.83,2026-07-30 20:19:20,Synced
INV-82011,STR-502,PRD-7011,WH-101,42,129,6,1.51,2026-07-30 20:19:20,Synced
INV-82012,STR-503,PRD-7012,WH-104,147,148,4,3.81,2026-07-30 20:19:20,Discrepancy Warning
INV-82013,STR-504,PRD-7013,WH-104,48,25,12,3.03,2026-07-30 20:19:20,Discrepancy Warning
INV-82014,STR-505,PRD-7014,WH-103,118,10,3,4.42,2026-07-30 20:19:20,Discrepancy Warning
INV-82015,STR-501,PRD-7015,WH-101,33,219,10,3.22,2026-07-30 20:19:20,Discrepancy Warning
INV-82016,STR-502,PRD-7016,WH-103,15,333,14,1.41,2026-07-30 20:19:20,Synced
INV-82017,STR-503,PRD-7017,WH-104,66,365,16,3.97,2026-07-30 20:19:20,Discrepancy Warning
INV-82018,STR-504,PRD-7018,WH-104,55,257,13,2.95,2026-07-30 20:19:20,Discrepancy Warning
INV-82019,STR-505,PRD-7019,WH-102,93,206,12,0.53,2026-07-30 20:19:20,Synced
INV-82020,STR-501,PRD-7020,WH-103,131,321,17,0.53,2026-07-30 20:19:20,Synced
INV-82021,STR-502,PRD-7021,WH-101,131,233,12,1.66,2026-07-30 20:19:20,Synced
INV-82022,STR-503,PRD-7022,WH-103,95,213,5,3.77,2026-07-30 20:19:20,Discrepancy Warning
INV-82023,STR-504,PRD-7023,WH-104,79,347,16,4.44,2026-07-30 20:19:20,Discrepancy Warning
INV-82024,STR-505,PRD-7024,WH-104,38,258,0,3.24,2026-07-30 20:19:20,Discrepancy Warning
INV-82025,STR-501,PRD-7025,WH-104,106,230,20,2.74,2026-07-30 20:19:20,Discrepancy Warning
INV-82026,STR-502,PRD-7026,WH-101,48,261,13,1.33,2026-07-30 20:19:20,Synced
INV-82027,STR-503,PRD-7027,WH-103,36,325,3,3.26,2026-07-30 20:19:20,Discrepancy Warning
INV-82028,STR-504,PRD-7028,WH-104,125,237,19,4.43,2026-07-30 20:19:20,Discrepancy Warning
INV-82029,STR-505,PRD-7029,WH-104,7,236,17,0.56,2026-07-30 20:19:20,Synced
INV-82030,STR-501,PRD-7030,WH-101,55,192,15,0.95,2026-07-30 20:19:20,Synced
INV-82031,STR-502,PRD-7031,WH-102,129,87,10,3.77,2026-07-30 20:19:20,Discrepancy Warning
INV-82032,STR-503,PRD-7032,WH-104,129,38,20,4.32,2026-07-30 20:19:20,Discrepancy Warning
INV-82033,STR-504,PRD-7033,WH-102,71,260,13,2.58,2026-07-30 20:19:20,Discrepancy Warning
INV-82034,STR-505,PRD-7034,WH-104,56,274,6,2.41,2026-07-30 20:19:20,Discrepancy Warning
INV-82035,STR-501,PRD-7035,WH-101,123,237,6,3.56,2026-07-30 20:19:20,Discrepancy Warning
INV-82036,STR-502,PRD-7036,WH-101,22,152,18,1.84,2026-07-30 20:19:20,Synced
INV-82037,STR-503,PRD-7037,WH-101,104,228,20,3.87,2026-07-30 20:19:20,Discrepancy Warning
INV-82038,STR-504,PRD-7038,WH-101,59,148,18,1.3,2026-07-30 20:19:20,Synced
INV-82039,STR-505,PRD-7039,WH-101,36,158,14,2.69,2026-07-30 20:19:20,Discrepancy Warning
INV-82040,STR-501,PRD-7040,WH-104,59,120,11,2.3,2026-07-30 20:19:20,Discrepancy Warning
INV-82041,STR-502,PRD-7041,WH-104,111,124,6,1.15,2026-07-30 20:19:20,Synced
INV-82042,STR-503,PRD-7042,WH-101,106,42,8,0.66,2026-07-30 20:19:20,Synced
INV-82043,STR-504,PRD-7043,WH-101,68,223,15,0.73,2026-07-30 20:19:20,Synced
INV-82044,STR-505,PRD-7044,WH-101,38,308,6,3.4,2026-07-30 20:19:20,Discrepancy Warning
INV-82045,STR-501,PRD-7045,WH-103,93,114,6,3.45,2026-07-30 20:19:20,Discrepancy Warning
INV-82046,STR-502,PRD-7046,WH-102,89,73,14,4.39,2026-07-30 20:19:20,Discrepancy Warning
INV-82047,STR-503,PRD-7047,WH-101,68,225,11,3.39,2026-07-30 20:19:20,Discrepancy Warning
INV-82048,STR-504,PRD-7048,WH-103,89,35,19,0.33,2026-07-30 20:19:20,Synced
INV-82049,STR-505,PRD-7049,WH-101,115,273,19,3.96,2026-07-30 20:19:20,Discrepancy Warning
INV-82050,STR-501,PRD-7050,WH-104,77,228,3,2.78,2026-07-30 20:19:20,Discrepancy Warning
INV-82051,STR-502,PRD-7051,WH-101,89,56,4,4.05,2026-07-30 20:19:20,Discrepancy Warning
INV-82052,STR-503,PRD-7052,WH-101,7,353,0,2.41,2026-07-30 20:19:20,Discrepancy Warning
INV-82053,STR-504,PRD-7053,WH-104,42,375,1,4.36,2026-07-30 20:19:20,Discrepancy Warning
INV-82054,STR-505,PRD-7054,WH-102,132,369,7,1.15,2026-07-30 20:19:20,Synced
INV-82055,STR-501,PRD-7055,WH-104,102,320,18,2.62,2026-07-30 20:19:20,Discrepancy Warning
INV-82056,STR-502,PRD-7056,WH-103,102,22,20,3.15,2026-07-30 20:19:20,Discrepancy Warning
INV-82057,STR-503,PRD-7057,WH-103,30,380,16,1.32,2026-07-30 20:19:20,Synced
INV-82058,STR-504,PRD-7058,WH-103,147,319,9,4.3,2026-07-30 20:19:20,Discrepancy Warning
INV-82059,STR-505,PRD-7059,WH-102,95,91,13,2.73,2026-07-30 20:19:20,Discrepancy Warning
INV-82060,STR-501,PRD-7060,WH-102,63,183,10,1.81,2026-07-30 20:19:20,Synced
INV-82061,STR-502,PRD-7061,WH-103,29,83,12,0.36,2026-07-30 20:19:20,Synced
INV-82062,STR-503,PRD-7062,WH-101,122,22,13,4.15,2026-07-30 20:19:20,Discrepancy Warning
INV-82063,STR-504,PRD-7063,WH-103,66,10,19,3.88,2026-07-30 20:19:20,Discrepancy Warning
INV-82064,STR-505,PRD-7064,WH-103,53,342,9,1.33,2026-07-30 20:19:20,Synced
INV-82065,STR-501,PRD-7065,WH-102,76,392,20,3.17,2026-07-30 20:19:20,Discrepancy Warning
INV-82066,STR-502,PRD-7066,WH-102,27,201,7,4.1,2026-07-30 20:19:20,Discrepancy Warning
INV-82067,STR-503,PRD-7067,WH-102,53,283,10,3.87,2026-07-30 20:19:20,Discrepancy Warning
INV-82068,STR-504,PRD-7068,WH-102,117,361,11,3.98,2026-07-30 20:19:20,Discrepancy Warning
INV-82069,STR-505,PRD-7069,WH-104,100,175,18,0.53,2026-07-30 20:19:20,Synced
INV-82070,STR-501,PRD-7070,WH-103,140,258,14,1.37,2026-07-30 20:19:20,Synced
INV-82071,STR-502,PRD-7071,WH-104,17,40,20,3.26,2026-07-30 20:19:20,Discrepancy Warning
INV-82072,STR-503,PRD-7072,WH-101,58,289,19,4.27,2026-07-30 20:19:20,Discrepancy Warning
INV-82073,STR-504,PRD-7073,WH-103,122,272,17,1.17,2026-07-30 20:19:20,Synced
INV-82074,STR-505,PRD-7074,WH-104,98,151,10,3.02,2026-07-30 20:19:20,Discrepancy Warning
INV-82075,STR-501,PRD-7075,WH-103,128,179,15,4.47,2026-07-30 20:19:20,Discrepancy Warning
INV-82076,STR-502,PRD-7076,WH-104,85,399,14,0.77,2026-07-30 20:19:20,Synced
INV-82077,STR-503,PRD-7077,WH-103,62,328,11,3.34,2026-07-30 20:19:20,Discrepancy Warning
INV-82078,STR-504,PRD-7078,WH-104,130,328,18,2.09,2026-07-30 20:19:20,Discrepancy Warning
INV-82079,STR-505,PRD-7079,WH-103,24,26,7,3.64,2026-07-30 20:19:20,Discrepancy Warning
INV-82080,STR-501,PRD-7080,WH-104,124,356,3,3.52,2026-07-30 20:19:20,Discrepancy Warning
INV-82081,STR-502,PRD-7081,WH-102,85,234,5,1.08,2026-07-30 20:19:20,Synced
INV-82082,STR-503,PRD-7082,WH-104,114,48,9,1.48,2026-07-30 20:19:20,Synced
INV-82083,STR-504,PRD-7083,WH-102,134,44,8,2.23,2026-07-30 20:19:20,Discrepancy Warning
INV-82084,STR-505,PRD-7084,WH-104,47,178,19,3.48,2026-07-30 20:19:20,Discrepancy Warning
INV-82085,STR-501,PRD-7085,WH-103,67,82,6,2.71,2026-07-30 20:19:20,Discrepancy Warning
INV-82086,STR-502,PRD-7086,WH-101,139,190,14,4.16,2026-07-30 20:19:20,Discrepancy Warning
INV-82087,STR-503,PRD-7087,WH-102,89,263,8,2.36,2026-07-30 20:19:20,Discrepancy Warning
INV-82088,STR-504,PRD-7088,WH-102,41,266,5,0.51,2026-07-30 20:19:20,Synced
INV-82089,STR-505,PRD-7089,WH-104,140,371,4,0.8,2026-07-30 20:19:20,Synced
INV-82090,STR-501,PRD-7090,WH-102,34,84,8,0.83,2026-07-30 20:19:20,Synced
INV-82091,STR-502,PRD-7091,WH-101,34,337,10,3.18,2026-07-30 20:19:20,Discrepancy Warning
INV-82092,STR-503,PRD-7092,WH-102,141,62,10,1.19,2026-07-30 20:19:20,Synced
INV-82093,STR-504,PRD-7093,WH-102,84,225,12,0.49,2026-07-30 20:19:20,Synced
INV-82094,STR-505,PRD-7094,WH-102,28,323,8,2.23,2026-07-30 20:19:20,Discrepancy Warning
INV-82095,STR-501,PRD-7095,WH-104,128,269,10,0.53,2026-07-30 20:19:20,Synced
INV-82096,STR-502,PRD-7096,WH-101,22,123,18,4.07,2026-07-30 20:19:20,Discrepancy Warning
INV-82097,STR-503,PRD-7097,WH-103,9,158,3,0.51,2026-07-30 20:19:20,Synced
INV-82098,STR-504,PRD-7098,WH-104,125,62,12,2.57,2026-07-30 20:19:20,Discrepancy Warning
INV-82099,STR-505,PRD-7099,WH-101,11,224,9,0.84,2026-07-30 20:19:20,Synced
INV-82100,STR-501,PRD-7100,WH-102,10,50,4,1.28,2026-07-30 20:19:20,Synced
INV-82101,STR-502,PRD-7101,WH-101,98,188,0,1.85,2026-07-30 20:19:20,Synced
INV-82102,STR-503,PRD-7102,WH-101,101,174,13,2.99,2026-07-30 20:19:20,Discrepancy Warning
INV-82103,STR-504,PRD-7103,WH-102,125,36,11,3.45,2026-07-30 20:19:20,Discrepancy Warning
INV-82104,STR-505,PRD-7104,WH-103,31,177,10,1.52,2026-07-30 20:19:20,Synced
INV-82105,STR-501,PRD-7105,WH-102,55,101,8,4.25,2026-07-30 20:19:20,Discrepancy Warning
INV-82106,STR-502,PRD-7106,WH-104,145,149,0,1.56,2026-07-30 20:19:20,Synced
INV-82107,STR-503,PRD-7107,WH-103,109,313,9,1.5,2026-07-30 20:19:20,Synced
INV-82108,STR-504,PRD-7108,WH-102,86,349,14,1.08,2026-07-30 20:19:20,Synced
INV-82109,STR-505,PRD-7109,WH-103,104,223,20,3.27,2026-07-30 20:19:20,Discrepancy Warning
INV-82110,STR-501,PRD-7110,WH-104,148,303,10,1.85,2026-07-30 20:19:20,Synced
INV-82111,STR-502,PRD-7111,WH-104,9,275,4,2.49,2026-07-30 20:19:20,Discrepancy Warning
INV-82112,STR-503,PRD-7112,WH-102,59,16,10,0.32,2026-07-30 20:19:20,Synced
INV-82113,STR-504,PRD-7113,WH-104,58,211,1,3.6,2026-07-30 20:19:20,Discrepancy Warning
INV-82114,STR-505,PRD-7114,WH-104,86,229,4,2.32,2026-07-30 20:19:20,Discrepancy Warning
INV-82115,STR-501,PRD-7115,WH-104,7,268,3,1.59,2026-07-30 20:19:20,Synced
INV-82116,STR-502,PRD-7116,WH-101,22,171,0,2.35,2026-07-30 20:19:20,Discrepancy Warning
INV-82117,STR-503,PRD-7117,WH-102,37,160,20,2.69,2026-07-30 20:19:20,Discrepancy Warning
INV-82118,STR-504,PRD-7118,WH-103,91,37,9,1.75,2026-07-30 20:19:20,Synced
INV-82119,STR-505,PRD-7119,WH-102,102,174,16,3.53,2026-07-30 20:19:20,Discrepancy Warning
INV-82120,STR-501,PRD-7120,WH-102,11,116,6,3.68,2026-07-30 20:19:20,Discrepancy Warning
INV-82121,STR-502,PRD-7121,WH-102,108,282,11,4.32,2026-07-30 20:19:20,Discrepancy Warning
INV-82122,STR-503,PRD-7122,WH-104,100,296,8,2.88,2026-07-30 20:19:20,Discrepancy Warning
INV-82123,STR-504,PRD-7123,WH-101,74,168,8,0.22,2026-07-30 20:19:20,Synced
INV-82124,STR-505,PRD-7124,WH-102,89,103,19,1.56,2026-07-30 20:19:20,Synced
INV-82125,STR-501,PRD-7125,WH-104,127,146,10,2.3,2026-07-30 20:19:20,Discrepancy Warning
INV-82126,STR-502,PRD-7126,WH-103,57,106,1,0.7,2026-07-30 20:19:20,Synced
INV-82127,STR-503,PRD-7127,WH-102,146,195,20,2.93,2026-07-30 20:19:20,Discrepancy Warning
INV-82128,STR-504,PRD-7128,WH-103,143,219,16,2.67,2026-07-30 20:19:20,Discrepancy Warning
INV-82129,STR-505,PRD-7129,WH-103,135,139,15,3.69,2026-07-30 20:19:20,Discrepancy Warning
INV-82130,STR-501,PRD-7130,WH-102,58,29,0,2.67,2026-07-30 20:19:20,Discrepancy Warning
INV-82131,STR-502,PRD-7131,WH-104,128,391,13,3.81,2026-07-30 20:19:20,Discrepancy Warning
INV-82132,STR-503,PRD-7132,WH-104,36,40,4,2.25,2026-07-30 20:19:20,Discrepancy Warning
INV-82133,STR-504,PRD-7133,WH-103,82,18,12,1.74,2026-07-30 20:19:20,Synced
INV-82134,STR-505,PRD-7134,WH-101,60,137,6,2.29,2026-07-30 20:19:20,Discrepancy Warning
INV-82135,STR-501,PRD-7135,WH-101,77,179,6,3.32,2026-07-30 20:19:20,Discrepancy Warning
INV-82136,STR-502,PRD-7136,WH-101,67,255,2,4.17,2026-07-30 20:19:20,Discrepancy Warning
INV-82137,STR-503,PRD-7137,WH-103,52,210,16,1.28,2026-07-30 20:19:20,Synced
INV-82138,STR-504,PRD-7138,WH-102,123,268,13,2.56,2026-07-30 20:19:20,Discrepancy Warning
INV-82139,STR-505,PRD-7139,WH-102,104,140,18,0.27,2026-07-30 20:19:20,Synced
INV-82140,STR-501,PRD-7140,WH-104,110,18,7,4.27,2026-07-30 20:19:20,Discrepancy Warning
INV-82141,STR-502,PRD-7141,WH-104,91,80,7,3.09,2026-07-30 20:19:20,Discrepancy Warning
INV-82142,STR-503,PRD-7142,WH-103,45,250,15,3.59,2026-07-30 20:19:20,Discrepancy Warning
INV-82143,STR-504,PRD-7143,WH-102,59,254,18,0.82,2026-07-30 20:19:20,Synced
INV-82144,STR-505,PRD-7144,WH-102,37,177,2,3.53,2026-07-30 20:19:20,Discrepancy Warning
INV-82145,STR-501,PRD-7145,WH-103,70,199,19,3.6,2026-07-30 20:19:20,Discrepancy Warning
INV-82146,STR-502,PRD-7146,WH-103,47,47,16,3.51,2026-07-30 20:19:20,Discrepancy Warning
INV-82147,STR-503,PRD-7147,WH-102,123,100,3,2.95,2026-07-30 20:19:20,Discrepancy Warning
INV-82148,STR-504,PRD-7148,WH-104,37,116,3,4.5,2026-07-30 20:19:20,Discrepancy Warning
INV-82149,STR-505,PRD-7149,WH-103,79,309,13,2.7,2026-07-30 20:19:20,Discrepancy Warning
INV-82150,STR-501,PRD-7150,WH-101,65,39,0,3.04,2026-07-30 20:19:20,Discrepancy Warning
INV-82151,STR-502,PRD-7151,WH-102,17,389,20,2.7,2026-07-30 20:19:20,Discrepancy Warning
INV-82152,STR-503,PRD-7152,WH-104,72,305,19,4.45,2026-07-30 20:19:20,Discrepancy Warning
INV-82153,STR-504,PRD-7153,WH-101,10,263,8,2.8,2026-07-30 20:19:20,Discrepancy Warning
INV-82154,STR-505,PRD-7154,WH-101,150,380,7,1.53,2026-07-30 20:19:20,Synced
INV-82155,STR-501,PRD-7155,WH-102,67,232,6,0.9,2026-07-30 20:19:20,Synced
INV-82156,STR-502,PRD-7156,WH-103,88,379,16,0.65,2026-07-30 20:19:20,Synced
INV-82157,STR-503,PRD-7157,WH-104,13,292,2,3.75,2026-07-30 20:19:20,Discrepancy Warning
INV-82158,STR-504,PRD-7158,WH-102,137,64,10,2.13,2026-07-30 20:19:20,Discrepancy Warning
INV-82159,STR-505,PRD-7159,WH-101,143,203,3,0.44,2026-07-30 20:19:20,Synced
INV-82160,STR-501,PRD-7160,WH-104,54,156,5,3.07,2026-07-30 20:19:20,Discrepancy Warning
INV-82161,STR-502,PRD-7161,WH-103,28,225,20,4.04,2026-07-30 20:19:20,Discrepancy Warning
INV-82162,STR-503,PRD-7162,WH-102,103,317,18,3.85,2026-07-30 20:19:20,Discrepancy Warning
INV-82163,STR-504,PRD-7163,WH-104,66,103,14,2.16,2026-07-30 20:19:20,Discrepancy Warning
INV-82164,STR-505,PRD-7164,WH-104,61,110,14,3.85,2026-07-30 20:19:20,Discrepancy Warning
INV-82165,STR-501,PRD-7165,WH-103,54,157,1,1.84,2026-07-30 20:19:20,Synced
INV-82166,STR-502,PRD-7166,WH-101,103,140,17,3.37,2026-07-30 20:19:20,Discrepancy Warning
INV-82167,STR-503,PRD-7167,WH-101,132,131,2,1.78,2026-07-30 20:19:20,Synced
INV-82168,STR-504,PRD-7168,WH-103,37,181,5,0.35,2026-07-30 20:19:20,Synced
INV-82169,STR-505,PRD-7169,WH-104,98,363,19,1.01,2026-07-30 20:19:20,Synced
INV-82170,STR-501,PRD-7170,WH-101,17,84,20,3.5,2026-07-30 20:19:20,Discrepancy Warning
INV-82171,STR-502,PRD-7171,WH-101,39,60,6,2.97,2026-07-30 20:19:20,Discrepancy Warning
INV-82172,STR-503,PRD-7172,WH-104,98,19,20,1.47,2026-07-30 20:19:20,Synced
INV-82173,STR-504,PRD-7173,WH-104,46,328,2,4.05,2026-07-30 20:19:20,Discrepancy Warning
INV-82174,STR-505,PRD-7174,WH-103,113,192,13,2.26,2026-07-30 20:19:20,Discrepancy Warning
INV-82175,STR-501,PRD-7175,WH-102,56,360,19,1.73,2026-07-30 20:19:20,Synced
INV-82176,STR-502,PRD-7176,WH-104,93,166,12,0.78,2026-07-30 20:19:20,Synced
INV-82177,STR-503,PRD-7177,WH-104,51,157,8,4.39,2026-07-30 20:19:20,Discrepancy Warning
INV-82178,STR-504,PRD-7178,WH-102,88,310,0,3.35,2026-07-30 20:19:20,Discrepancy Warning
INV-82179,STR-505,PRD-7179,WH-101,75,169,9,2.5,2026-07-30 20:19:20,Discrepancy Warning
INV-82180,STR-501,PRD-7180,WH-101,41,117,7,4.36,2026-07-30 20:19:20,Discrepancy Warning
INV-82181,STR-502,PRD-7181,WH-104,75,57,6,3.56,2026-07-30 20:19:20,Discrepancy Warning
INV-82182,STR-503,PRD-7182,WH-101,91,397,20,3.01,2026-07-30 20:19:20,Discrepancy Warning
INV-82183,STR-504,PRD-7183,WH-104,125,240,12,0.55,2026-07-30 20:19:20,Synced
INV-82184,STR-505,PRD-7184,WH-103,120,43,12,3.47,2026-07-30 20:19:20,Discrepancy Warning
INV-82185,STR-501,PRD-7185,WH-101,111,109,2,3.18,2026-07-30 20:19:20,Discrepancy Warning
INV-82186,STR-502,PRD-7186,WH-101,85,352,10,4.06,2026-07-30 20:19:20,Discrepancy Warning
INV-82187,STR-503,PRD-7187,WH-103,65,36,18,3.83,2026-07-30 20:19:20,Discrepancy Warning
INV-82188,STR-504,PRD-7188,WH-104,148,41,1,1.44,2026-07-30 20:19:20,Synced
INV-82189,STR-505,PRD-7189,WH-101,73,79,8,2.56,2026-07-30 20:19:20,Discrepancy Warning
INV-82190,STR-501,PRD-7190,WH-101,44,37,0,3.82,2026-07-30 20:19:20,Discrepancy Warning
INV-82191,STR-502,PRD-7191,WH-104,139,217,11,1.57,2026-07-30 20:19:20,Synced
INV-82192,STR-503,PRD-7192,WH-102,81,162,10,1.04,2026-07-30 20:19:20,Synced
INV-82193,STR-504,PRD-7193,WH-103,95,390,2,3.52,2026-07-30 20:19:20,Discrepancy Warning
INV-82194,STR-505,PRD-7194,WH-104,86,181,12,0.83,2026-07-30 20:19:20,Synced
INV-82195,STR-501,PRD-7195,WH-101,94,189,14,2.12,2026-07-30 20:19:20,Discrepancy Warning
INV-82196,STR-502,PRD-7196,WH-104,45,211,16,1.69,2026-07-30 20:19:20,Synced
INV-82197,STR-503,PRD-7197,WH-103,9,180,16,3.36,2026-07-30 20:19:20,Discrepancy Warning
INV-82198,STR-504,PRD-7198,WH-103,146,368,18,4.11,2026-07-30 20:19:20,Discrepancy Warning
INV-82199,STR-505,PRD-7199,WH-101,73,95,20,0.4,2026-07-30 20:19:20,Synced
INV-82200,STR-501,PRD-7200,WH-103,113,362,10,0.73,2026-07-30 20:19:20,Synced
INV-82201,STR-502,PRD-7201,WH-101,129,247,4,1.7,2026-07-30 20:19:20,Synced
INV-82202,STR-503,PRD-7202,WH-103,92,306,17,2.27,2026-07-30 20:19:20,Discrepancy Warning
INV-82203,STR-504,PRD-7203,WH-102,96,329,2,4.21,2026-07-30 20:19:20,Discrepancy Warning
INV-82204,STR-505,PRD-7204,WH-103,106,16,0,4.36,2026-07-30 20:19:20,Discrepancy Warning
INV-82205,STR-501,PRD-7205,WH-102,104,102,15,0.72,2026-07-30 20:19:20,Synced
INV-82206,STR-502,PRD-7206,WH-101,138,368,7,4.12,2026-07-30 20:19:20,Discrepancy Warning
INV-82207,STR-503,PRD-7207,WH-104,76,383,2,3.65,2026-07-30 20:19:20,Discrepancy Warning
INV-82208,STR-504,PRD-7208,WH-101,107,357,5,0.47,2026-07-30 20:19:20,Synced
INV-82209,STR-505,PRD-7209,WH-102,115,200,1,2.82,2026-07-30 20:19:20,Discrepancy Warning
INV-82210,STR-501,PRD-7210,WH-103,124,160,20,1.82,2026-07-30 20:19:20,Synced
INV-82211,STR-502,PRD-7211,WH-104,10,314,2,2.31,2026-07-30 20:19:20,Discrepancy Warning
INV-82212,STR-503,PRD-7212,WH-104,130,65,15,0.87,2026-07-30 20:19:20,Synced
INV-82213,STR-504,PRD-7213,WH-102,146,53,18,0.87,2026-07-30 20:19:20,Synced
INV-82214,STR-505,PRD-7214,WH-103,117,315,8,3.16,2026-07-30 20:19:20,Discrepancy Warning
INV-82215,STR-501,PRD-7215,WH-104,8,292,18,3.78,2026-07-30 20:19:20,Discrepancy Warning
INV-82216,STR-502,PRD-7216,WH-101,57,72,17,1.26,2026-07-30 20:19:20,Synced
INV-82217,STR-503,PRD-7217,WH-102,77,67,6,3.26,2026-07-30 20:19:20,Discrepancy Warning
INV-82218,STR-504,PRD-7218,WH-102,119,279,11,0.75,2026-07-30 20:19:20,Synced
INV-82219,STR-505,PRD-7219,WH-104,11,40,19,1.96,2026-07-30 20:19:20,Synced
INV-82220,STR-501,PRD-7220,WH-102,135,249,9,1.72,2026-07-30 20:19:20,Synced
INV-82221,STR-502,PRD-7221,WH-101,18,249,8,2.18,2026-07-30 20:19:20,Discrepancy Warning
INV-82222,STR-503,PRD-7222,WH-103,37,388,7,2.08,2026-07-30 20:19:20,Discrepancy Warning
INV-82223,STR-504,PRD-7223,WH-104,108,239,13,2.04,2026-07-30 20:19:20,Discrepancy Warning
INV-82224,STR-505,PRD-7224,WH-102,129,124,5,1.87,2026-07-30 20:19:20,Synced
INV-82225,STR-501,PRD-7225,WH-102,39,18,5,3.89,2026-07-30 20:19:20,Discrepancy Warning
INV-82226,STR-502,PRD-7226,WH-104,130,132,9,2.11,2026-07-30 20:19:20,Discrepancy Warning
INV-82227,STR-503,PRD-7227,WH-103,29,95,13,0.99,2026-07-30 20:19:20,Synced
INV-82228,STR-504,PRD-7228,WH-104,114,55,15,2.99,2026-07-30 20:19:20,Discrepancy Warning
INV-82229,STR-505,PRD-7229,WH-101,105,173,12,2.23,2026-07-30 20:19:20,Discrepancy Warning
INV-82230,STR-501,PRD-7230,WH-103,145,330,8,1.71,2026-07-30 20:19:20,Synced
INV-82231,STR-502,PRD-7231,WH-101,118,42,7,1.68,2026-07-30 20:19:20,Synced
INV-82232,STR-503,PRD-7232,WH-104,145,26,20,3.67,2026-07-30 20:19:20,Discrepancy Warning
INV-82233,STR-504,PRD-7233,WH-103,139,305,2,0.5,2026-07-30 20:19:20,Synced
INV-82234,STR-505,PRD-7234,WH-102,68,217,17,0.28,2026-07-30 20:19:20,Synced
INV-82235,STR-501,PRD-7235,WH-104,147,225,4,4.28,2026-07-30 20:19:20,Discrepancy Warning
INV-82236,STR-502,PRD-7236,WH-104,108,56,10,2.1,2026-07-30 20:19:20,Discrepancy Warning
INV-82237,STR-503,PRD-7237,WH-102,87,225,4,1.53,2026-07-30 20:19:20,Synced
INV-82238,STR-504,PRD-7238,WH-101,8,369,11,0.91,2026-07-30 20:19:20,Synced
INV-82239,STR-505,PRD-7239,WH-101,15,346,9,3.65,2026-07-30 20:19:20,Discrepancy Warning
INV-82240,STR-501,PRD-7240,WH-103,20,212,15,4.49,2026-07-30 20:19:20,Discrepancy Warning
INV-82241,STR-502,PRD-7241,WH-103,90,288,4,2.18,2026-07-30 20:19:20,Discrepancy Warning
INV-82242,STR-503,PRD-7242,WH-102,76,195,15,0.97,2026-07-30 20:19:20,Synced
INV-82243,STR-504,PRD-7243,WH-102,125,189,16,3.41,2026-07-30 20:19:20,Discrepancy Warning
INV-82244,STR-505,PRD-7244,WH-102,5,85,9,0.69,2026-07-30 20:19:20,Synced
INV-82245,STR-501,PRD-7245,WH-101,107,134,10,3.8,2026-07-30 20:19:20,Discrepancy Warning
INV-82246,STR-502,PRD-7246,WH-102,80,166,16,0.84,2026-07-30 20:19:20,Synced
INV-82247,STR-503,PRD-7247,WH-104,63,249,3,0.2,2026-07-30 20:19:20,Synced
INV-82248,STR-504,PRD-7248,WH-103,42,296,7,2.2,2026-07-30 20:19:20,Discrepancy Warning
INV-82249,STR-505,PRD-7249,WH-104,100,70,15,4.39,2026-07-30 20:19:20,Discrepancy Warning
INV-82250,STR-501,PRD-7250,WH-104,81,59,14,0.26,2026-07-30 20:19:20,Synced
INV-82251,STR-502,PRD-7251,WH-101,101,182,10,3.28,2026-07-30 20:19:20,Discrepancy Warning
INV-82252,STR-503,PRD-7252,WH-104,55,153,11,3.68,2026-07-30 20:19:20,Discrepancy Warning
INV-82253,STR-504,PRD-7253,WH-103,47,292,10,2.91,2026-07-30 20:19:20,Discrepancy Warning
INV-82254,STR-505,PRD-7254,WH-102,60,211,18,4.27,2026-07-30 20:19:20,Discrepancy Warning
INV-82255,STR-501,PRD-7255,WH-102,70,358,3,2.4,2026-07-30 20:19:20,Discrepancy Warning
INV-82256,STR-502,PRD-7256,WH-104,5,220,13,1.08,2026-07-30 20:19:20,Synced
INV-82257,STR-503,PRD-7257,WH-103,142,187,2,3.83,2026-07-30 20:19:20,Discrepancy Warning
INV-82258,STR-504,PRD-7258,WH-102,142,20,8,0.31,2026-07-30 20:19:20,Synced
INV-82259,STR-505,PRD-7259,WH-101,119,366,20,2.68,2026-07-30 20:19:20,Discrepancy Warning
INV-82260,STR-501,PRD-7260,WH-104,150,194,5,3.67,2026-07-30 20:19:20,Discrepancy Warning
INV-82261,STR-502,PRD-7261,WH-102,83,58,3,1.26,2026-07-30 20:19:20,Synced
INV-82262,STR-503,PRD-7262,WH-104,22,334,11,3.91,2026-07-30 20:19:20,Discrepancy Warning
INV-82263,STR-504,PRD-7263,WH-102,104,95,10,3.39,2026-07-30 20:19:20,Discrepancy Warning
INV-82264,STR-505,PRD-7264,WH-104,125,233,10,1.8,2026-07-30 20:19:20,Synced
INV-82265,STR-501,PRD-7265,WH-101,57,131,9,1.95,2026-07-30 20:19:20,Synced
INV-82266,STR-502,PRD-7266,WH-103,138,70,17,1.09,2026-07-30 20:19:20,Synced
INV-82267,STR-503,PRD-7267,WH-103,39,210,20,2.33,2026-07-30 20:19:20,Discrepancy Warning
INV-82268,STR-504,PRD-7268,WH-101,7,87,0,2.06,2026-07-30 20:19:20,Discrepancy Warning
INV-82269,STR-505,PRD-7269,WH-102,9,57,10,2.51,2026-07-30 20:19:20,Discrepancy Warning
INV-82270,STR-501,PRD-7270,WH-102,7,127,15,4.21,2026-07-30 20:19:20,Discrepancy Warning
INV-82271,STR-502,PRD-7271,WH-103,18,357,1,2.6,2026-07-30 20:19:20,Discrepancy Warning
INV-82272,STR-503,PRD-7272,WH-102,28,188,3,0.93,2026-07-30 20:19:20,Synced
INV-82273,STR-504,PRD-7273,WH-104,42,198,4,1.7,2026-07-30 20:19:20,Synced
INV-82274,STR-505,PRD-7274,WH-103,112,262,6,3.28,2026-07-30 20:19:20,Discrepancy Warning
INV-82275,STR-501,PRD-7275,WH-103,87,184,18,0.31,2026-07-30 20:19:20,Synced
INV-82276,STR-502,PRD-7276,WH-102,47,169,2,3.31,2026-07-30 20:19:20,Discrepancy Warning
INV-82277,STR-503,PRD-7277,WH-104,75,146,4,3.17,2026-07-30 20:19:20,Discrepancy Warning
INV-82278,STR-504,PRD-7278,WH-103,89,187,18,0.7,2026-07-30 20:19:20,Synced
INV-82279,STR-505,PRD-7279,WH-102,85,283,16,2.08,2026-07-30 20:19:20,Discrepancy Warning
INV-82280,STR-501,PRD-7280,WH-101,100,37,12,0.81,2026-07-30 20:19:20,Synced
INV-82281,STR-502,PRD-7281,WH-104,102,333,6,2.46,2026-07-30 20:19:20,Discrepancy Warning
INV-82282,STR-503,PRD-7282,WH-102,104,71,3,2.19,2026-07-30 20:19:20,Discrepancy Warning
INV-82283,STR-504,PRD-7283,WH-102,40,43,15,2.58,2026-07-30 20:19:20,Discrepancy Warning
INV-82284,STR-505,PRD-7284,WH-104,67,69,3,1.2,2026-07-30 20:19:20,Synced
INV-82285,STR-501,PRD-7285,WH-101,21,69,4,2.07,2026-07-30 20:19:20,Discrepancy Warning
INV-82286,STR-502,PRD-7286,WH-102,51,99,1,1.91,2026-07-30 20:19:20,Synced
INV-82287,STR-503,PRD-7287,WH-104,60,259,4,0.43,2026-07-30 20:19:20,Synced
INV-82288,STR-504,PRD-7288,WH-104,81,356,15,1.73,2026-07-30 20:19:20,Synced
INV-82289,STR-505,PRD-7289,WH-102,55,378,3,2.84,2026-07-30 20:19:20,Discrepancy Warning
INV-82290,STR-501,PRD-7290,WH-101,7,337,14,2.0,2026-07-30 20:19:20,Discrepancy Warning
INV-82291,STR-502,PRD-7291,WH-101,28,81,6,1.65,2026-07-30 20:19:20,Synced
INV-82292,STR-503,PRD-7292,WH-102,112,27,10,4.08,2026-07-30 20:19:20,Discrepancy Warning
INV-82293,STR-504,PRD-7293,WH-101,62,254,7,0.48,2026-07-30 20:19:20,Synced
INV-82294,STR-505,PRD-7294,WH-104,117,29,2,1.55,2026-07-30 20:19:20,Synced
INV-82295,STR-501,PRD-7295,WH-104,38,336,17,3.35,2026-07-30 20:19:20,Discrepancy Warning
INV-82296,STR-502,PRD-7296,WH-102,126,86,3,0.27,2026-07-30 20:19:20,Synced
INV-82297,STR-503,PRD-7297,WH-103,48,39,17,2.83,2026-07-30 20:19:20,Discrepancy Warning
INV-82298,STR-504,PRD-7298,WH-104,23,184,19,1.59,2026-07-30 20:19:20,Synced
INV-82299,STR-505,PRD-7299,WH-101,120,49,15,3.29,2026-07-30 20:19:20,Discrepancy Warning
INV-82300,STR-501,PRD-7300,WH-101,133,53,20,2.05,2026-07-30 20:19:20,Discrepancy Warning
INV-82301,STR-502,PRD-7301,WH-102,91,296,17,4.26,2026-07-30 20:19:20,Discrepancy Warning
INV-82302,STR-503,PRD-7302,WH-101,33,262,10,2.93,2026-07-30 20:19:20,Discrepancy Warning
INV-82303,STR-504,PRD-7303,WH-101,51,242,9,4.44,2026-07-30 20:19:20,Discrepancy Warning
INV-82304,STR-505,PRD-7304,WH-103,109,290,17,4.38,2026-07-30 20:19:20,Discrepancy Warning
INV-82305,STR-501,PRD-7305,WH-101,88,307,1,2.34,2026-07-30 20:19:20,Discrepancy Warning
INV-82306,STR-502,PRD-7306,WH-102,49,333,19,2.65,2026-07-30 20:19:20,Discrepancy Warning
INV-82307,STR-503,PRD-7307,WH-103,63,151,19,3.4,2026-07-30 20:19:20,Discrepancy Warning
INV-82308,STR-504,PRD-7308,WH-103,23,180,16,1.01,2026-07-30 20:19:20,Synced
INV-82309,STR-505,PRD-7309,WH-104,40,235,3,1.12,2026-07-30 20:19:20,Synced
INV-82310,STR-501,PRD-7310,WH-104,28,140,14,2.13,2026-07-30 20:19:20,Discrepancy Warning
INV-82311,STR-502,PRD-7311,WH-104,125,70,1,3.7,2026-07-30 20:19:20,Discrepancy Warning
INV-82312,STR-503,PRD-7312,WH-104,86,357,2,4.03,2026-07-30 20:19:20,Discrepancy Warning
INV-82313,STR-504,PRD-7313,WH-104,115,388,3,2.65,2026-07-30 20:19:20,Discrepancy Warning
INV-82314,STR-505,PRD-7314,WH-101,121,291,7,2.06,2026-07-30 20:19:20,Discrepancy Warning
INV-82315,STR-501,PRD-7315,WH-104,30,100,17,0.49,2026-07-30 20:19:20,Synced
INV-82316,STR-502,PRD-7316,WH-103,149,240,11,1.29,2026-07-30 20:19:20,Synced
INV-82317,STR-503,PRD-7317,WH-102,72,271,0,2.87,2026-07-30 20:19:20,Discrepancy Warning
INV-82318,STR-504,PRD-7318,WH-102,25,375,17,4.39,2026-07-30 20:19:20,Discrepancy Warning
INV-82319,STR-505,PRD-7319,WH-103,97,224,11,1.42,2026-07-30 20:19:20,Synced
INV-82320,STR-501,PRD-7320,WH-103,41,339,13,2.35,2026-07-30 20:19:20,Discrepancy Warning
INV-82321,STR-502,PRD-7321,WH-102,5,87,3,2.59,2026-07-30 20:19:20,Discrepancy Warning
INV-82322,STR-503,PRD-7322,WH-102,12,304,18,3.29,2026-07-30 20:19:20,Discrepancy Warning
INV-82323,STR-504,PRD-7323,WH-104,97,364,15,1.84,2026-07-30 20:19:20,Synced
INV-82324,STR-505,PRD-7324,WH-102,46,141,6,0.48,2026-07-30 20:19:20,Synced
INV-82325,STR-501,PRD-7325,WH-104,103,233,15,0.24,2026-07-30 20:19:20,Synced
INV-82326,STR-502,PRD-7326,WH-104,91,335,18,2.26,2026-07-30 20:19:20,Discrepancy Warning
INV-82327,STR-503,PRD-7327,WH-102,93,275,13,2.31,2026-07-30 20:19:20,Discrepancy Warning
INV-82328,STR-504,PRD-7328,WH-102,132,136,0,2.73,2026-07-30 20:19:20,Discrepancy Warning
INV-82329,STR-505,PRD-7329,WH-103,76,328,3,2.19,2026-07-30 20:19:20,Discrepancy Warning
INV-82330,STR-501,PRD-7330,WH-101,69,325,12,4.32,2026-07-30 20:19:20,Discrepancy Warning
INV-82331,STR-502,PRD-7331,WH-101,137,174,8,3.07,2026-07-30 20:19:20,Discrepancy Warning
INV-82332,STR-503,PRD-7332,WH-103,80,232,18,0.62,2026-07-30 20:19:20,Synced
INV-82333,STR-504,PRD-7333,WH-102,46,341,7,3.12,2026-07-30 20:19:20,Discrepancy Warning
INV-82334,STR-505,PRD-7334,WH-103,70,161,16,1.41,2026-07-30 20:19:20,Synced
INV-82335,STR-501,PRD-7335,WH-103,138,219,10,4.27,2026-07-30 20:19:20,Discrepancy Warning
INV-82336,STR-502,PRD-7336,WH-104,100,120,5,2.3,2026-07-30 20:19:20,Discrepancy Warning
INV-82337,STR-503,PRD-7337,WH-102,86,293,15,3.48,2026-07-30 20:19:20,Discrepancy Warning
INV-82338,STR-504,PRD-7338,WH-103,126,324,4,0.31,2026-07-30 20:19:20,Synced
INV-82339,STR-505,PRD-7339,WH-103,46,83,5,2.23,2026-07-30 20:19:20,Discrepancy Warning
INV-82340,STR-501,PRD-7340,WH-104,73,268,14,1.57,2026-07-30 20:19:20,Synced
INV-82341,STR-502,PRD-7341,WH-103,82,92,13,1.94,2026-07-30 20:19:20,Synced
INV-82342,STR-503,PRD-7342,WH-103,45,177,4,0.7,2026-07-30 20:19:20,Synced
INV-82343,STR-504,PRD-7343,WH-103,96,397,20,1.39,2026-07-30 20:19:20,Synced
INV-82344,STR-505,PRD-7344,WH-102,150,400,8,2.61,2026-07-30 20:19:20,Discrepancy Warning
INV-82345,STR-501,PRD-7345,WH-104,139,266,4,2.86,2026-07-30 20:19:20,Discrepancy Warning
INV-82346,STR-502,PRD-7346,WH-103,65,219,3,0.4,2026-07-30 20:19:20,Synced
INV-82347,STR-503,PRD-7347,WH-104,68,249,10,3.06,2026-07-30 20:19:20,Discrepancy Warning
INV-82348,STR-504,PRD-7348,WH-104,61,385,17,1.88,2026-07-30 20:19:20,Synced
INV-82349,STR-505,PRD-7349,WH-102,98,295,5,1.84,2026-07-30 20:19:20,Synced
INV-82350,STR-501,PRD-7350,WH-104,143,250,20,4.38,2026-07-30 20:19:20,Discrepancy Warning
INV-82351,STR-502,PRD-7351,WH-104,97,346,14,3.9,2026-07-30 20:19:20,Discrepancy Warning
INV-82352,STR-503,PRD-7352,WH-102,33,76,6,1.04,2026-07-30 20:19:20,Synced
INV-82353,STR-504,PRD-7353,WH-103,67,264,15,4.48,2026-07-30 20:19:20,Discrepancy Warning
INV-82354,STR-505,PRD-7354,WH-103,13,209,16,3.15,2026-07-30 20:19:20,Discrepancy Warning
INV-82355,STR-501,PRD-7355,WH-102,21,24,2,3.0,2026-07-30 20:19:20,Discrepancy Warning
INV-82356,STR-502,PRD-7356,WH-104,111,131,19,1.2,2026-07-30 20:19:20,Synced
INV-82357,STR-503,PRD-7357,WH-104,49,284,11,1.19,2026-07-30 20:19:20,Synced
INV-82358,STR-504,PRD-7358,WH-104,112,293,16,0.99,2026-07-30 20:19:20,Synced
INV-82359,STR-505,PRD-7359,WH-103,147,242,18,2.77,2026-07-30 20:19:20,Discrepancy Warning
INV-82360,STR-501,PRD-7360,WH-103,124,257,19,4.5,2026-07-30 20:19:20,Discrepancy Warning
INV-82361,STR-502,PRD-7361,WH-101,128,215,1,3.03,2026-07-30 20:19:20,Discrepancy Warning
INV-82362,STR-503,PRD-7362,WH-103,42,337,14,1.67,2026-07-30 20:19:20,Synced
INV-82363,STR-504,PRD-7363,WH-102,9,386,3,3.32,2026-07-30 20:19:20,Discrepancy Warning
INV-82364,STR-505,PRD-7364,WH-104,24,365,1,3.77,2026-07-30 20:19:20,Discrepancy Warning
INV-82365,STR-501,PRD-7365,WH-101,126,53,10,2.72,2026-07-30 20:19:20,Discrepancy Warning
INV-82366,STR-502,PRD-7366,WH-103,24,93,17,2.83,2026-07-30 20:19:20,Discrepancy Warning
INV-82367,STR-503,PRD-7367,WH-104,109,239,13,2.33,2026-07-30 20:19:20,Discrepancy Warning
INV-82368,STR-504,PRD-7368,WH-101,47,104,13,1.81,2026-07-30 20:19:20,Synced
INV-82369,STR-505,PRD-7369,WH-104,119,332,1,0.69,2026-07-30 20:19:20,Synced
INV-82370,STR-501,PRD-7370,WH-104,37,364,8,1.07,2026-07-30 20:19:20,Synced
INV-82371,STR-502,PRD-7371,WH-104,15,180,1,0.77,2026-07-30 20:19:20,Synced
INV-82372,STR-503,PRD-7372,WH-103,77,230,19,4.05,2026-07-30 20:19:20,Discrepancy Warning
INV-82373,STR-504,PRD-7373,WH-102,113,212,17,4.24,2026-07-30 20:19:20,Discrepancy Warning
INV-82374,STR-505,PRD-7374,WH-104,73,201,15,1.58,2026-07-30 20:19:20,Synced
INV-82375,STR-501,PRD-7375,WH-102,113,29,9,0.41,2026-07-30 20:19:20,Synced
INV-82376,STR-502,PRD-7376,WH-102,127,75,10,4.11,2026-07-30 20:19:20,Discrepancy Warning
INV-82377,STR-503,PRD-7377,WH-103,29,368,2,4.38,2026-07-30 20:19:20,Discrepancy Warning
INV-82378,STR-504,PRD-7378,WH-102,87,348,11,1.03,2026-07-30 20:19:20,Synced
INV-82379,STR-505,PRD-7379,WH-101,41,125,3,2.37,2026-07-30 20:19:20,Discrepancy Warning
INV-82380,STR-501,PRD-7380,WH-104,66,227,13,2.52,2026-07-30 20:19:20,Discrepancy Warning
INV-82381,STR-502,PRD-7381,WH-103,46,352,17,1.24,2026-07-30 20:19:20,Synced
INV-82382,STR-503,PRD-7382,WH-104,11,260,17,1.47,2026-07-30 20:19:20,Synced
INV-82383,STR-504,PRD-7383,WH-102,79,397,9,2.59,2026-07-30 20:19:20,Discrepancy Warning
INV-82384,STR-505,PRD-7384,WH-101,100,209,17,3.04,2026-07-30 20:19:20,Discrepancy Warning
INV-82385,STR-501,PRD-7385,WH-101,96,277,12,1.58,2026-07-30 20:19:20,Synced
INV-82386,STR-502,PRD-7386,WH-104,31,71,14,3.3,2026-07-30 20:19:20,Discrepancy Warning
INV-82387,STR-503,PRD-7387,WH-104,62,253,2,1.11,2026-07-30 20:19:20,Synced
INV-82388,STR-504,PRD-7388,WH-103,95,59,1,1.45,2026-07-30 20:19:20,Synced
INV-82389,STR-505,PRD-7389,WH-101,139,320,12,0.74,2026-07-30 20:19:20,Synced
INV-82390,STR-501,PRD-7390,WH-102,148,244,20,3.43,2026-07-30 20:19:20,Discrepancy Warning
INV-82391,STR-502,PRD-7391,WH-101,133,198,16,3.24,2026-07-30 20:19:20,Discrepancy Warning
INV-82392,STR-503,PRD-7392,WH-103,31,377,7,2.83,2026-07-30 20:19:20,Discrepancy Warning
INV-82393,STR-504,PRD-7393,WH-103,36,376,11,0.64,2026-07-30 20:19:20,Synced
INV-82394,STR-505,PRD-7394,WH-104,143,88,14,4.04,2026-07-30 20:19:20,Discrepancy Warning
INV-82395,STR-501,PRD-7395,WH-104,37,339,6,2.42,2026-07-30 20:19:20,Discrepancy Warning
INV-82396,STR-502,PRD-7396,WH-102,32,323,16,2.91,2026-07-30 20:19:20,Discrepancy Warning
INV-82397,STR-503,PRD-7397,WH-102,130,204,18,3.56,2026-07-30 20:19:20,Discrepancy Warning
INV-82398,STR-504,PRD-7398,WH-103,101,380,7,1.01,2026-07-30 20:19:20,Synced
INV-82399,STR-505,PRD-7399,WH-102,89,147,8,1.08,2026-07-30 20:19:20,Synced
INV-82400,STR-501,PRD-7400,WH-102,116,274,8,2.23,2026-07-30 20:19:20,Discrepancy Warning
INV-82401,STR-502,PRD-7401,WH-101,132,165,20,3.64,2026-07-30 20:19:20,Discrepancy Warning
INV-82402,STR-503,PRD-7402,WH-102,45,151,19,2.24,2026-07-30 20:19:20,Discrepancy Warning
INV-82403,STR-504,PRD-7403,WH-102,49,265,6,3.18,2026-07-30 20:19:20,Discrepancy Warning
INV-82404,STR-505,PRD-7404,WH-104,20,89,6,1.75,2026-07-30 20:19:20,Synced
INV-82405,STR-501,PRD-7405,WH-103,61,234,11,3.46,2026-07-30 20:19:20,Discrepancy Warning
INV-82406,STR-502,PRD-7406,WH-103,22,300,4,1.28,2026-07-30 20:19:20,Synced
INV-82407,STR-503,PRD-7407,WH-103,97,172,13,3.48,2026-07-30 20:19:20,Discrepancy Warning
INV-82408,STR-504,PRD-7408,WH-102,38,293,11,3.35,2026-07-30 20:19:20,Discrepancy Warning
INV-82409,STR-505,PRD-7409,WH-101,55,298,16,4.3,2026-07-30 20:19:20,Discrepancy Warning
INV-82410,STR-501,PRD-7410,WH-101,109,41,13,0.88,2026-07-30 20:19:20,Synced
INV-82411,STR-502,PRD-7411,WH-101,46,242,11,4.16,2026-07-30 20:19:20,Discrepancy Warning
INV-82412,STR-503,PRD-7412,WH-101,85,154,14,2.42,2026-07-30 20:19:20,Discrepancy Warning
INV-82413,STR-504,PRD-7413,WH-102,134,263,9,1.11,2026-07-30 20:19:20,Synced
INV-82414,STR-505,PRD-7414,WH-103,121,12,12,2.36,2026-07-30 20:19:20,Discrepancy Warning
INV-82415,STR-501,PRD-7415,WH-103,81,15,20,4.14,2026-07-30 20:19:20,Discrepancy Warning
INV-82416,STR-502,PRD-7416,WH-104,23,112,2,2.7,2026-07-30 20:19:20,Discrepancy Warning
INV-82417,STR-503,PRD-7417,WH-101,91,39,5,1.63,2026-07-30 20:19:20,Synced
INV-82418,STR-504,PRD-7418,WH-101,23,158,15,3.63,2026-07-30 20:19:20,Discrepancy Warning
INV-82419,STR-505,PRD-7419,WH-103,51,390,20,0.7,2026-07-30 20:19:20,Synced
INV-82420,STR-501,PRD-7420,WH-104,59,51,19,2.93,2026-07-30 20:19:20,Discrepancy Warning
INV-82421,STR-502,PRD-7421,WH-104,73,176,14,0.35,2026-07-30 20:19:20,Synced
INV-82422,STR-503,PRD-7422,WH-103,71,349,14,1.08,2026-07-30 20:19:20,Synced
INV-82423,STR-504,PRD-7423,WH-104,98,111,1,1.67,2026-07-30 20:19:20,Synced
INV-82424,STR-505,PRD-7424,WH-102,64,164,5,3.44,2026-07-30 20:19:20,Discrepancy Warning
INV-82425,STR-501,PRD-7425,WH-104,108,220,12,3.33,2026-07-30 20:19:20,Discrepancy Warning
INV-82426,STR-502,PRD-7426,WH-103,37,273,0,0.81,2026-07-30 20:19:20,Synced
INV-82427,STR-503,PRD-7427,WH-103,110,61,5,1.66,2026-07-30 20:19:20,Synced
INV-82428,STR-504,PRD-7428,WH-103,102,366,12,0.66,2026-07-30 20:19:20,Synced
INV-82429,STR-505,PRD-7429,WH-103,107,315,20,4.33,2026-07-30 20:19:20,Discrepancy Warning
INV-82430,STR-501,PRD-7430,WH-103,79,156,5,3.21,2026-07-30 20:19:20,Discrepancy Warning
INV-82431,STR-502,PRD-7431,WH-103,99,136,12,4.04,2026-07-30 20:19:20,Discrepancy Warning
INV-82432,STR-503,PRD-7432,WH-104,108,171,8,0.45,2026-07-30 20:19:20,Synced
INV-82433,STR-504,PRD-7433,WH-103,27,184,10,3.46,2026-07-30 20:19:20,Discrepancy Warning
INV-82434,STR-505,PRD-7434,WH-103,109,199,5,3.07,2026-07-30 20:19:20,Discrepancy Warning
INV-82435,STR-501,PRD-7435,WH-101,14,285,8,4.23,2026-07-30 20:19:20,Discrepancy Warning
INV-82436,STR-502,PRD-7436,WH-104,130,60,7,4.33,2026-07-30 20:19:20,Discrepancy Warning
INV-82437,STR-503,PRD-7437,WH-101,134,331,0,2.44,2026-07-30 20:19:20,Discrepancy Warning
INV-82438,STR-504,PRD-7438,WH-102,144,358,7,3.28,2026-07-30 20:19:20,Discrepancy Warning
INV-82439,STR-505,PRD-7439,WH-103,13,268,20,4.24,2026-07-30 20:19:20,Discrepancy Warning
INV-82440,STR-501,PRD-7440,WH-104,106,334,2,0.96,2026-07-30 20:19:20,Synced
INV-82441,STR-502,PRD-7441,WH-103,67,392,7,0.42,2026-07-30 20:19:20,Synced
INV-82442,STR-503,PRD-7442,WH-101,148,107,14,3.39,2026-07-30 20:19:20,Discrepancy Warning
INV-82443,STR-504,PRD-7443,WH-101,124,143,6,1.73,2026-07-30 20:19:20,Synced
INV-82444,STR-505,PRD-7444,WH-101,97,241,15,3.68,2026-07-30 20:19:20,Discrepancy Warning
INV-82445,STR-501,PRD-7445,WH-103,93,331,10,1.04,2026-07-30 20:19:20,Synced
INV-82446,STR-502,PRD-7446,WH-101,150,162,10,3.46,2026-07-30 20:19:20,Discrepancy Warning
INV-82447,STR-503,PRD-7447,WH-104,106,303,3,3.89,2026-07-30 20:19:20,Discrepancy Warning
INV-82448,STR-504,PRD-7448,WH-101,25,186,15,2.85,2026-07-30 20:19:20,Discrepancy Warning
INV-82449,STR-505,PRD-7449,WH-104,43,122,10,0.43,2026-07-30 20:19:20,Synced
INV-82450,STR-501,PRD-7450,WH-102,141,40,7,2.89,2026-07-30 20:19:20,Discrepancy Warning
INV-82451,STR-502,PRD-7451,WH-104,137,219,5,1.52,2026-07-30 20:19:20,Synced
INV-82452,STR-503,PRD-7452,WH-103,49,287,9,2.11,2026-07-30 20:19:20,Discrepancy Warning
INV-82453,STR-504,PRD-7453,WH-102,33,128,8,3.2,2026-07-30 20:19:20,Discrepancy Warning
INV-82454,STR-505,PRD-7454,WH-103,102,43,8,0.24,2026-07-30 20:19:20,Synced
INV-82455,STR-501,PRD-7455,WH-104,127,391,5,1.84,2026-07-30 20:19:20,Synced
INV-82456,STR-502,PRD-7456,WH-101,128,200,10,0.44,2026-07-30 20:19:20,Synced
INV-82457,STR-503,PRD-7457,WH-101,10,199,9,0.65,2026-07-30 20:19:20,Synced
INV-82458,STR-504,PRD-7458,WH-101,7,157,18,3.02,2026-07-30 20:19:20,Discrepancy Warning
INV-82459,STR-505,PRD-7459,WH-101,57,305,8,1.88,2026-07-30 20:19:20,Synced
INV-82460,STR-501,PRD-7460,WH-101,86,256,5,3.11,2026-07-30 20:19:20,Discrepancy Warning
INV-82461,STR-502,PRD-7461,WH-103,8,11,3,0.79,2026-07-30 20:19:20,Synced
INV-82462,STR-503,PRD-7462,WH-103,73,124,16,1.86,2026-07-30 20:19:20,Synced
INV-82463,STR-504,PRD-7463,WH-103,6,260,11,4.32,2026-07-30 20:19:20,Discrepancy Warning
INV-82464,STR-505,PRD-7464,WH-101,125,241,8,1.07,2026-07-30 20:19:20,Synced
INV-82465,STR-501,PRD-7465,WH-102,114,157,14,4.12,2026-07-30 20:19:20,Discrepancy Warning
INV-82466,STR-502,PRD-7466,WH-103,63,244,10,3.97,2026-07-30 20:19:20,Discrepancy Warning
INV-82467,STR-503,PRD-7467,WH-101,11,200,10,3.75,2026-07-30 20:19:20,Discrepancy Warning
INV-82468,STR-504,PRD-7468,WH-104,39,363,15,1.28,2026-07-30 20:19:20,Synced
INV-82469,STR-505,PRD-7469,WH-102,80,58,5,1.79,2026-07-30 20:19:20,Synced
INV-82470,STR-501,PRD-7470,WH-101,75,320,13,2.07,2026-07-30 20:19:20,Discrepancy Warning
INV-82471,STR-502,PRD-7471,WH-102,29,105,14,3.57,2026-07-30 20:19:20,Discrepancy Warning
INV-82472,STR-503,PRD-7472,WH-103,124,333,8,3.37,2026-07-30 20:19:20,Discrepancy Warning
INV-82473,STR-504,PRD-7473,WH-101,9,34,0,3.84,2026-07-30 20:19:20,Discrepancy Warning
INV-82474,STR-505,PRD-7474,WH-102,89,387,9,0.32,2026-07-30 20:19:20,Synced
INV-82475,STR-501,PRD-7475,WH-102,117,181,6,2.9,2026-07-30 20:19:20,Discrepancy Warning
INV-82476,STR-502,PRD-7476,WH-104,26,118,6,4.06,2026-07-30 20:19:20,Discrepancy Warning
INV-82477,STR-503,PRD-7477,WH-103,145,256,12,2.05,2026-07-30 20:19:20,Discrepancy Warning
INV-82478,STR-504,PRD-7478,WH-101,127,31,0,2.34,2026-07-30 20:19:20,Discrepancy Warning
INV-82479,STR-505,PRD-7479,WH-103,16,251,14,1.34,2026-07-30 20:19:20,Synced
INV-82480,STR-501,PRD-7480,WH-102,69,247,2,3.98,2026-07-30 20:19:20,Discrepancy Warning
INV-82481,STR-502,PRD-7481,WH-104,102,227,4,3.25,2026-07-30 20:19:20,Discrepancy Warning
INV-82482,STR-503,PRD-7482,WH-101,129,272,12,2.95,2026-07-30 20:19:20,Discrepancy Warning
INV-82483,STR-504,PRD-7483,WH-102,135,367,6,0.23,2026-07-30 20:19:20,Synced
INV-82484,STR-505,PRD-7484,WH-104,111,345,6,4.05,2026-07-30 20:19:20,Discrepancy Warning
INV-82485,STR-501,PRD-7485,WH-103,23,103,2,2.28,2026-07-30 20:19:20,Discrepancy Warning
INV-82486,STR-502,PRD-7486,WH-101,105,190,16,2.51,2026-07-30 20:19:20,Discrepancy Warning
INV-82487,STR-503,PRD-7487,WH-103,69,76,1,0.49,2026-07-30 20:19:20,Synced
INV-82488,STR-504,PRD-7488,WH-104,109,32,17,0.45,2026-07-30 20:19:20,Synced
INV-82489,STR-505,PRD-7489,WH-102,150,172,11,2.28,2026-07-30 20:19:20,Discrepancy Warning
INV-82490,STR-501,PRD-7490,WH-102,11,332,3,0.32,2026-07-30 20:19:20,Synced
INV-82491,STR-502,PRD-7491,WH-101,35,390,14,1.31,2026-07-30 20:19:20,Synced
INV-82492,STR-503,PRD-7492,WH-102,68,53,18,4.05,2026-07-30 20:19:20,Discrepancy Warning
INV-82493,STR-504,PRD-7493,WH-104,104,71,16,2.64,2026-07-30 20:19:20,Discrepancy Warning
INV-82494,STR-505,PRD-7494,WH-103,55,70,17,0.56,2026-07-30 20:19:20,Synced
INV-82495,STR-501,PRD-7495,WH-101,15,221,11,1.89,2026-07-30 20:19:20,Synced
INV-82496,STR-502,PRD-7496,WH-104,44,47,11,3.64,2026-07-30 20:19:20,Discrepancy Warning
INV-82497,STR-503,PRD-7497,WH-103,86,79,10,1.76,2026-07-30 20:19:20,Synced
INV-82498,STR-504,PRD-7498,WH-101,115,343,19,1.03,2026-07-30 20:19:20,Synced
INV-82499,STR-505,PRD-7499,WH-101,64,330,7,1.99,2026-07-30 20:19:20,Synced
INV-82500,STR-501,PRD-7500,WH-101,71,126,19,3.6,2026-07-30 20:19:20,Discrepancy Warning
