product_id,sku,name,category,cost_price_inr,selling_price_inr,reorder_level,vendor_id,is_active,primary_channel
PRD-5001,SKU-TEX-0001,Textiles Premium Craft SKU #1,Textiles & Handblock Prints,2375,6391,37,VND-1117,TRUE,Flipkart
PRD-5002,SKU-PUR-0002,Pure Premium Craft SKU #2,Pure Silk & Traditional Sarees,939,2981,62,VND-1070,TRUE,Flipkart
PRD-5003,SKU-KNI-0003,Knitwear Premium Craft SKU #3,Knitwear & Everyday Apparel,1203,3635,21,VND-1166,TRUE,Amazon IN
PRD-5004,SKU-BRA-0004,Brass Premium Craft SKU #4,Brass & Artisan Metalcraft,941,1974,71,VND-1146,TRUE,Myntra
PRD-5005,SKU-AYU-0005,Ayurvedic Premium Craft SKU #5,Ayurvedic Beauty & Wellness,505,1253,32,VND-1084,TRUE,POS Counter
PRD-5006,SKU-LEA-0006,Leather Premium Craft SKU #6,Leather Footwear & Travel Goods,1475,5001,20,VND-1123,TRUE,POS Counter
PRD-5007,SKU-ECO-0007,Eco-Friendly Premium Craft SKU #7,Eco-Friendly Packaging,1243,4253,58,VND-1115,TRUE,Myntra
PRD-5008,SKU-CON-0008,Consumer Premium Craft SKU #8,Consumer Electronics Accessories,1221,3554,50,VND-1003,TRUE,Shopify Storefront
PRD-5009,SKU-ORG-0009,Organic Premium Craft SKU #9,Organic Home & Kitchenware,1406,2912,84,VND-1120,TRUE,Instagram DM
PRD-5010,SKU-HAN-0010,Handloom Premium Craft SKU #10,Handloom Bed Linen & Curtains,1423,4231,57,VND-1198,TRUE,POS Counter
PRD-5011,SKU-SPI-0011,Spices Premium Craft SKU #11,Spices & Gourmet Food Crafts,697,1821,78,VND-1057,TRUE,Myntra
PRD-5012,SKU-JEW-0012,Jewelry Premium Craft SKU #12,Jewelry & Fashion Accessories,1853,5546,80,VND-1096,TRUE,Instagram DM
PRD-5013,SKU-FOO-0013,Footwear Premium Craft SKU #13,Footwear & Athletic Shoes,1044,3231,96,VND-1212,TRUE,Shopify Storefront
PRD-5014,SKU-STA-0014,Stationery Premium Craft SKU #14,Stationery & Corporate Gifting,1979,5339,66,VND-1135,TRUE,Myntra
PRD-5015,SKU-PET-0015,Pet Premium Craft SKU #15,Pet Care & Organic Treats,402,1289,84,VND-1029,TRUE,Myntra
PRD-5016,SKU-KID-0016,Kids Premium Craft SKU #16,Kids Wear & Wooden Toys,823,1940,86,VND-1039,TRUE,Instagram DM
PRD-5017,SKU-FIT-0017,Fitness Premium Craft SKU #17,Fitness Gear & Yoga Accessories,2152,4206,85,VND-1053,TRUE,Shopify Storefront
PRD-5018,SKU-AUT-0018,Automotive Premium Craft SKU #18,Automotive Accessories,690,1844,78,VND-1117,TRUE,Myntra
PRD-5019,SKU-TEX-0019,Textiles Premium Craft SKU #19,Textiles & Handblock Prints,1412,4277,70,VND-1119,TRUE,Shopify Storefront
PRD-5020,SKU-PUR-0020,Pure Premium Craft SKU #20,Pure Silk & Traditional Sarees,1042,2900,25,VND-1191,TRUE,Instagram DM
PRD-5021,SKU-KNI-0021,Knitwear Premium Craft SKU #21,Knitwear & Everyday Apparel,2366,8257,28,VND-1017,TRUE,Flipkart
PRD-5022,SKU-BRA-0022,Brass Premium Craft SKU #22,Brass & Artisan Metalcraft,1325,3305,37,VND-1009,TRUE,Instagram DM
PRD-5023,SKU-AYU-0023,Ayurvedic Premium Craft SKU #23,Ayurvedic Beauty & Wellness,1871,4558,68,VND-1166,TRUE,Flipkart
PRD-5024,SKU-LEA-0024,Leather Premium Craft SKU #24,Leather Footwear & Travel Goods,478,1415,89,VND-1097,TRUE,Amazon IN
PRD-5025,SKU-ECO-0025,Eco-Friendly Premium Craft SKU #25,Eco-Friendly Packaging,881,3072,70,VND-1031,TRUE,Instagram DM
PRD-5026,SKU-CON-0026,Consumer Premium Craft SKU #26,Consumer Electronics Accessories,164,506,58,VND-1058,TRUE,Instagram DM
PRD-5027,SKU-ORG-0027,Organic Premium Craft SKU #27,Organic Home & Kitchenware,1887,5102,49,VND-1140,TRUE,Amazon IN
PRD-5028,SKU-HAN-0028,Handloom Premium Craft SKU #28,Handloom Bed Linen & Curtains,1279,2712,34,VND-1040,FALSE,Instagram DM
PRD-5029,SKU-SPI-0029,Spices Premium Craft SKU #29,Spices & Gourmet Food Crafts,214,472,28,VND-1108,TRUE,Shopify Storefront
PRD-5030,SKU-JEW-0030,Jewelry Premium Craft SKU #30,Jewelry & Fashion Accessories,349,773,25,VND-1115,TRUE,POS Counter
PRD-5031,SKU-FOO-0031,Footwear Premium Craft SKU #31,Footwear & Athletic Shoes,1039,3202,27,VND-1139,TRUE,Amazon IN
PRD-5032,SKU-STA-0032,Stationery Premium Craft SKU #32,Stationery & Corporate Gifting,1456,4050,61,VND-1060,TRUE,POS Counter
PRD-5033,SKU-PET-0033,Pet Premium Craft SKU #33,Pet Care & Organic Treats,2285,4971,58,VND-1170,TRUE,Myntra
PRD-5034,SKU-KID-0034,Kids Premium Craft SKU #34,Kids Wear & Wooden Toys,867,2483,74,VND-1243,TRUE,Shopify Storefront
PRD-5035,SKU-FIT-0035,Fitness Premium Craft SKU #35,Fitness Gear & Yoga Accessories,1560,5305,68,VND-1249,TRUE,Amazon IN
PRD-5036,SKU-AUT-0036,Automotive Premium Craft SKU #36,Automotive Accessories,1855,4626,58,VND-1179,TRUE,Myntra
PRD-5037,SKU-TEX-0037,Textiles Premium Craft SKU #37,Textiles & Handblock Prints,1137,3688,58,VND-1122,TRUE,POS Counter
PRD-5038,SKU-PUR-0038,Pure Premium Craft SKU #38,Pure Silk & Traditional Sarees,2046,6864,91,VND-1207,TRUE,Flipkart
PRD-5039,SKU-KNI-0039,Knitwear Premium Craft SKU #39,Knitwear & Everyday Apparel,2320,4704,51,VND-1143,TRUE,Amazon IN
PRD-5040,SKU-BRA-0040,Brass Premium Craft SKU #40,Brass & Artisan Metalcraft,473,1592,67,VND-1166,TRUE,Instagram DM
PRD-5041,SKU-AYU-0041,Ayurvedic Premium Craft SKU #41,Ayurvedic Beauty & Wellness,930,1755,68,VND-1213,TRUE,Myntra
PRD-5042,SKU-LEA-0042,Leather Premium Craft SKU #42,Leather Footwear & Travel Goods,448,949,95,VND-1011,TRUE,Myntra
PRD-5043,SKU-ECO-0043,Eco-Friendly Premium Craft SKU #43,Eco-Friendly Packaging,2113,4553,62,VND-1056,TRUE,Shopify Storefront
PRD-5044,SKU-CON-0044,Consumer Premium Craft SKU #44,Consumer Electronics Accessories,928,3188,35,VND-1055,TRUE,Flipkart
PRD-5045,SKU-ORG-0045,Organic Premium Craft SKU #45,Organic Home & Kitchenware,1143,3409,46,VND-1235,TRUE,POS Counter
PRD-5046,SKU-HAN-0046,Handloom Premium Craft SKU #46,Handloom Bed Linen & Curtains,1467,4574,68,VND-1142,TRUE,Instagram DM
PRD-5047,SKU-SPI-0047,Spices Premium Craft SKU #47,Spices & Gourmet Food Crafts,1413,3171,85,VND-1092,TRUE,Flipkart
PRD-5048,SKU-JEW-0048,Jewelry Premium Craft SKU #48,Jewelry & Fashion Accessories,2073,6415,60,VND-1026,TRUE,Amazon IN
PRD-5049,SKU-FOO-0049,Footwear Premium Craft SKU #49,Footwear & Athletic Shoes,1845,3464,48,VND-1081,TRUE,Shopify Storefront
PRD-5050,SKU-STA-0050,Stationery Premium Craft SKU #50,Stationery & Corporate Gifting,2416,8188,94,VND-1067,TRUE,Amazon IN
PRD-5051,SKU-PET-0051,Pet Premium Craft SKU #51,Pet Care & Organic Treats,953,2249,68,VND-1040,TRUE,POS Counter
PRD-5052,SKU-KID-0052,Kids Premium Craft SKU #52,Kids Wear & Wooden Toys,2405,7005,63,VND-1128,TRUE,Flipkart
PRD-5053,SKU-FIT-0053,Fitness Premium Craft SKU #53,Fitness Gear & Yoga Accessories,2159,5577,65,VND-1248,TRUE,Instagram DM
PRD-5054,SKU-AUT-0054,Automotive Premium Craft SKU #54,Automotive Accessories,2150,4542,89,VND-1140,TRUE,Shopify Storefront
PRD-5055,SKU-TEX-0055,Textiles Premium Craft SKU #55,Textiles & Handblock Prints,288,929,29,VND-1135,TRUE,Instagram DM
PRD-5056,SKU-PUR-0056,Pure Premium Craft SKU #56,Pure Silk & Traditional Sarees,176,440,100,VND-1013,TRUE,Instagram DM
PRD-5057,SKU-KNI-0057,Knitwear Premium Craft SKU #57,Knitwear & Everyday Apparel,187,406,78,VND-1039,TRUE,Myntra
PRD-5058,SKU-BRA-0058,Brass Premium Craft SKU #58,Brass & Artisan Metalcraft,2129,6218,22,VND-1164,FALSE,Myntra
PRD-5059,SKU-AYU-0059,Ayurvedic Premium Craft SKU #59,Ayurvedic Beauty & Wellness,198,362,55,VND-1106,TRUE,Amazon IN
PRD-5060,SKU-LEA-0060,Leather Premium Craft SKU #60,Leather Footwear & Travel Goods,2207,7023,75,VND-1005,TRUE,POS Counter
PRD-5061,SKU-ECO-0061,Eco-Friendly Premium Craft SKU #61,Eco-Friendly Packaging,544,1464,50,VND-1028,TRUE,Myntra
PRD-5062,SKU-CON-0062,Consumer Premium Craft SKU #62,Consumer Electronics Accessories,1601,3609,70,VND-1065,TRUE,Flipkart
PRD-5063,SKU-ORG-0063,Organic Premium Craft SKU #63,Organic Home & Kitchenware,2464,5453,48,VND-1118,TRUE,Shopify Storefront
PRD-5064,SKU-HAN-0064,Handloom Premium Craft SKU #64,Handloom Bed Linen & Curtains,279,546,68,VND-1168,TRUE,Flipkart
PRD-5065,SKU-SPI-0065,Spices Premium Craft SKU #65,Spices & Gourmet Food Crafts,188,563,30,VND-1015,TRUE,Flipkart
PRD-5066,SKU-JEW-0066,Jewelry Premium Craft SKU #66,Jewelry & Fashion Accessories,1506,4159,32,VND-1166,TRUE,Shopify Storefront
PRD-5067,SKU-FOO-0067,Footwear Premium Craft SKU #67,Footwear & Athletic Shoes,1015,3382,92,VND-1059,TRUE,Shopify Storefront
PRD-5068,SKU-STA-0068,Stationery Premium Craft SKU #68,Stationery & Corporate Gifting,454,1345,55,VND-1237,TRUE,Myntra
PRD-5069,SKU-PET-0069,Pet Premium Craft SKU #69,Pet Care & Organic Treats,284,597,60,VND-1169,FALSE,POS Counter
PRD-5070,SKU-KID-0070,Kids Premium Craft SKU #70,Kids Wear & Wooden Toys,740,2278,70,VND-1151,TRUE,Amazon IN
PRD-5071,SKU-FIT-0071,Fitness Premium Craft SKU #71,Fitness Gear & Yoga Accessories,2459,5431,69,VND-1042,TRUE,Myntra
PRD-5072,SKU-AUT-0072,Automotive Premium Craft SKU #72,Automotive Accessories,1722,5311,37,VND-1085,TRUE,Instagram DM
PRD-5073,SKU-TEX-0073,Textiles Premium Craft SKU #73,Textiles & Handblock Prints,471,1248,64,VND-1186,TRUE,Flipkart
PRD-5074,SKU-PUR-0074,Pure Premium Craft SKU #74,Pure Silk & Traditional Sarees,461,1096,98,VND-1060,TRUE,Flipkart
PRD-5075,SKU-KNI-0075,Knitwear Premium Craft SKU #75,Knitwear & Everyday Apparel,1486,2749,54,VND-1249,TRUE,Flipkart
PRD-5076,SKU-BRA-0076,Brass Premium Craft SKU #76,Brass & Artisan Metalcraft,1084,2606,68,VND-1126,TRUE,Instagram DM
PRD-5077,SKU-AYU-0077,Ayurvedic Premium Craft SKU #77,Ayurvedic Beauty & Wellness,1706,3319,99,VND-1150,TRUE,POS Counter
PRD-5078,SKU-LEA-0078,Leather Premium Craft SKU #78,Leather Footwear & Travel Goods,451,874,39,VND-1183,TRUE,Instagram DM
PRD-5079,SKU-ECO-0079,Eco-Friendly Premium Craft SKU #79,Eco-Friendly Packaging,1745,4080,33,VND-1040,TRUE,Amazon IN
PRD-5080,SKU-CON-0080,Consumer Premium Craft SKU #80,Consumer Electronics Accessories,1624,5025,33,VND-1114,TRUE,POS Counter
PRD-5081,SKU-ORG-0081,Organic Premium Craft SKU #81,Organic Home & Kitchenware,1988,5460,85,VND-1111,TRUE,Shopify Storefront
PRD-5082,SKU-HAN-0082,Handloom Premium Craft SKU #82,Handloom Bed Linen & Curtains,1599,4384,96,VND-1023,TRUE,Amazon IN
PRD-5083,SKU-SPI-0083,Spices Premium Craft SKU #83,Spices & Gourmet Food Crafts,1727,3144,72,VND-1222,TRUE,Shopify Storefront
PRD-5084,SKU-JEW-0084,Jewelry Premium Craft SKU #84,Jewelry & Fashion Accessories,2441,8150,51,VND-1186,TRUE,POS Counter
PRD-5085,SKU-FOO-0085,Footwear Premium Craft SKU #85,Footwear & Athletic Shoes,1709,3568,54,VND-1176,TRUE,Flipkart
PRD-5086,SKU-STA-0086,Stationery Premium Craft SKU #86,Stationery & Corporate Gifting,409,852,55,VND-1038,TRUE,Flipkart
PRD-5087,SKU-PET-0087,Pet Premium Craft SKU #87,Pet Care & Organic Treats,465,1122,51,VND-1201,TRUE,Flipkart
PRD-5088,SKU-KID-0088,Kids Premium Craft SKU #88,Kids Wear & Wooden Toys,950,2449,37,VND-1153,TRUE,Flipkart
PRD-5089,SKU-FIT-0089,Fitness Premium Craft SKU #89,Fitness Gear & Yoga Accessories,1706,5402,62,VND-1086,TRUE,Flipkart
PRD-5090,SKU-AUT-0090,Automotive Premium Craft SKU #90,Automotive Accessories,707,1633,97,VND-1209,TRUE,POS Counter
PRD-5091,SKU-TEX-0091,Textiles Premium Craft SKU #91,Textiles & Handblock Prints,1436,3018,70,VND-1123,TRUE,Amazon IN
PRD-5092,SKU-PUR-0092,Pure Premium Craft SKU #92,Pure Silk & Traditional Sarees,2161,7445,51,VND-1189,TRUE,Amazon IN
PRD-5093,SKU-KNI-0093,Knitwear Premium Craft SKU #93,Knitwear & Everyday Apparel,1759,4257,92,VND-1210,TRUE,Myntra
PRD-5094,SKU-BRA-0094,Brass Premium Craft SKU #94,Brass & Artisan Metalcraft,2403,4435,79,VND-1047,TRUE,POS Counter
PRD-5095,SKU-AYU-0095,Ayurvedic Premium Craft SKU #95,Ayurvedic Beauty & Wellness,1343,4315,28,VND-1113,TRUE,Flipkart
PRD-5096,SKU-LEA-0096,Leather Premium Craft SKU #96,Leather Footwear & Travel Goods,2195,4470,58,VND-1173,TRUE,Instagram DM
PRD-5097,SKU-ECO-0097,Eco-Friendly Premium Craft SKU #97,Eco-Friendly Packaging,1883,5915,29,VND-1040,TRUE,Myntra
PRD-5098,SKU-CON-0098,Consumer Premium Craft SKU #98,Consumer Electronics Accessories,1791,4850,73,VND-1123,TRUE,Amazon IN
PRD-5099,SKU-ORG-0099,Organic Premium Craft SKU #99,Organic Home & Kitchenware,2349,6599,30,VND-1180,TRUE,POS Counter
PRD-5100,SKU-HAN-0100,Handloom Premium Craft SKU #100,Handloom Bed Linen & Curtains,1604,3340,98,VND-1169,FALSE,Instagram DM
PRD-5101,SKU-SPI-0101,Spices Premium Craft SKU #101,Spices & Gourmet Food Crafts,1786,6150,62,VND-1174,TRUE,Flipkart
PRD-5102,SKU-JEW-0102,Jewelry Premium Craft SKU #102,Jewelry & Fashion Accessories,193,379,48,VND-1028,TRUE,Myntra
PRD-5103,SKU-FOO-0103,Footwear Premium Craft SKU #103,Footwear & Athletic Shoes,1055,2698,70,VND-1143,TRUE,Instagram DM
PRD-5104,SKU-STA-0104,Stationery Premium Craft SKU #104,Stationery & Corporate Gifting,2199,4521,23,VND-1151,TRUE,Amazon IN
PRD-5105,SKU-PET-0105,Pet Premium Craft SKU #105,Pet Care & Organic Treats,501,1000,38,VND-1107,TRUE,Amazon IN
PRD-5106,SKU-KID-0106,Kids Premium Craft SKU #106,Kids Wear & Wooden Toys,997,2677,64,VND-1117,TRUE,Flipkart
PRD-5107,SKU-FIT-0107,Fitness Premium Craft SKU #107,Fitness Gear & Yoga Accessories,2003,4691,58,VND-1185,FALSE,Instagram DM
PRD-5108,SKU-AUT-0108,Automotive Premium Craft SKU #108,Automotive Accessories,242,784,33,VND-1030,TRUE,POS Counter
PRD-5109,SKU-TEX-0109,Textiles Premium Craft SKU #109,Textiles & Handblock Prints,1149,3076,90,VND-1239,TRUE,Myntra
PRD-5110,SKU-PUR-0110,Pure Premium Craft SKU #110,Pure Silk & Traditional Sarees,2042,4480,71,VND-1110,TRUE,POS Counter
PRD-5111,SKU-KNI-0111,Knitwear Premium Craft SKU #111,Knitwear & Everyday Apparel,1920,4747,98,VND-1164,TRUE,Flipkart
PRD-5112,SKU-BRA-0112,Brass Premium Craft SKU #112,Brass & Artisan Metalcraft,1909,4698,47,VND-1152,TRUE,Instagram DM
PRD-5113,SKU-AYU-0113,Ayurvedic Premium Craft SKU #113,Ayurvedic Beauty & Wellness,406,1129,88,VND-1208,TRUE,Amazon IN
PRD-5114,SKU-LEA-0114,Leather Premium Craft SKU #114,Leather Footwear & Travel Goods,2024,4035,82,VND-1051,TRUE,Instagram DM
PRD-5115,SKU-ECO-0115,Eco-Friendly Premium Craft SKU #115,Eco-Friendly Packaging,1741,4943,95,VND-1081,TRUE,Amazon IN
PRD-5116,SKU-CON-0116,Consumer Premium Craft SKU #116,Consumer Electronics Accessories,2025,5770,58,VND-1217,TRUE,Myntra
PRD-5117,SKU-ORG-0117,Organic Premium Craft SKU #117,Organic Home & Kitchenware,698,1628,50,VND-1022,TRUE,POS Counter
PRD-5118,SKU-HAN-0118,Handloom Premium Craft SKU #118,Handloom Bed Linen & Curtains,729,1945,73,VND-1096,TRUE,Myntra
PRD-5119,SKU-SPI-0119,Spices Premium Craft SKU #119,Spices & Gourmet Food Crafts,1882,3981,88,VND-1099,TRUE,Instagram DM
PRD-5120,SKU-JEW-0120,Jewelry Premium Craft SKU #120,Jewelry & Fashion Accessories,859,2356,82,VND-1239,TRUE,POS Counter
PRD-5121,SKU-FOO-0121,Footwear Premium Craft SKU #121,Footwear & Athletic Shoes,1997,5697,65,VND-1081,TRUE,Flipkart
PRD-5122,SKU-STA-0122,Stationery Premium Craft SKU #122,Stationery & Corporate Gifting,949,3023,91,VND-1035,TRUE,Flipkart
PRD-5123,SKU-PET-0123,Pet Premium Craft SKU #123,Pet Care & Organic Treats,2164,5424,76,VND-1105,TRUE,Shopify Storefront
PRD-5124,SKU-KID-0124,Kids Premium Craft SKU #124,Kids Wear & Wooden Toys,276,870,48,VND-1145,TRUE,Amazon IN
PRD-5125,SKU-FIT-0125,Fitness Premium Craft SKU #125,Fitness Gear & Yoga Accessories,2352,5387,78,VND-1058,TRUE,Flipkart
PRD-5126,SKU-AUT-0126,Automotive Premium Craft SKU #126,Automotive Accessories,2242,4467,34,VND-1141,TRUE,Myntra
PRD-5127,SKU-TEX-0127,Textiles Premium Craft SKU #127,Textiles & Handblock Prints,1652,4495,25,VND-1211,TRUE,Flipkart
PRD-5128,SKU-PUR-0128,Pure Premium Craft SKU #128,Pure Silk & Traditional Sarees,1045,3639,33,VND-1140,TRUE,Instagram DM
PRD-5129,SKU-KNI-0129,Knitwear Premium Craft SKU #129,Knitwear & Everyday Apparel,1163,2682,24,VND-1193,TRUE,Amazon IN
PRD-5130,SKU-BRA-0130,Brass Premium Craft SKU #130,Brass & Artisan Metalcraft,506,1288,35,VND-1221,TRUE,POS Counter
PRD-5131,SKU-AYU-0131,Ayurvedic Premium Craft SKU #131,Ayurvedic Beauty & Wellness,1586,5176,98,VND-1054,TRUE,POS Counter
PRD-5132,SKU-LEA-0132,Leather Premium Craft SKU #132,Leather Footwear & Travel Goods,720,2256,46,VND-1158,TRUE,Myntra
PRD-5133,SKU-ECO-0133,Eco-Friendly Premium Craft SKU #133,Eco-Friendly Packaging,2330,5307,88,VND-1090,TRUE,Instagram DM
PRD-5134,SKU-CON-0134,Consumer Premium Craft SKU #134,Consumer Electronics Accessories,1335,3702,85,VND-1075,TRUE,Instagram DM
PRD-5135,SKU-ORG-0135,Organic Premium Craft SKU #135,Organic Home & Kitchenware,540,1096,72,VND-1209,TRUE,Amazon IN
PRD-5136,SKU-HAN-0136,Handloom Premium Craft SKU #136,Handloom Bed Linen & Curtains,669,2001,36,VND-1222,TRUE,Instagram DM
PRD-5137,SKU-SPI-0137,Spices Premium Craft SKU #137,Spices & Gourmet Food Crafts,1163,3598,70,VND-1083,TRUE,Myntra
PRD-5138,SKU-JEW-0138,Jewelry Premium Craft SKU #138,Jewelry & Fashion Accessories,1250,3584,68,VND-1162,TRUE,Instagram DM
PRD-5139,SKU-FOO-0139,Footwear Premium Craft SKU #139,Footwear & Athletic Shoes,531,1319,55,VND-1204,TRUE,Amazon IN
PRD-5140,SKU-STA-0140,Stationery Premium Craft SKU #140,Stationery & Corporate Gifting,2149,5063,20,VND-1117,TRUE,Instagram DM
PRD-5141,SKU-PET-0141,Pet Premium Craft SKU #141,Pet Care & Organic Treats,2027,5836,65,VND-1024,TRUE,Myntra
PRD-5142,SKU-KID-0142,Kids Premium Craft SKU #142,Kids Wear & Wooden Toys,1042,3590,47,VND-1102,TRUE,Amazon IN
PRD-5143,SKU-FIT-0143,Fitness Premium Craft SKU #143,Fitness Gear & Yoga Accessories,1311,3112,93,VND-1213,TRUE,Flipkart
PRD-5144,SKU-AUT-0144,Automotive Premium Craft SKU #144,Automotive Accessories,1557,5169,26,VND-1202,FALSE,Instagram DM
PRD-5145,SKU-TEX-0145,Textiles Premium Craft SKU #145,Textiles & Handblock Prints,2032,3713,40,VND-1201,TRUE,Shopify Storefront
PRD-5146,SKU-PUR-0146,Pure Premium Craft SKU #146,Pure Silk & Traditional Sarees,1902,4077,36,VND-1246,TRUE,Amazon IN
PRD-5147,SKU-KNI-0147,Knitwear Premium Craft SKU #147,Knitwear & Everyday Apparel,1272,2491,66,VND-1041,TRUE,Amazon IN
PRD-5148,SKU-BRA-0148,Brass Premium Craft SKU #148,Brass & Artisan Metalcraft,827,1561,100,VND-1171,TRUE,Instagram DM
PRD-5149,SKU-AYU-0149,Ayurvedic Premium Craft SKU #149,Ayurvedic Beauty & Wellness,1109,2805,31,VND-1194,TRUE,Shopify Storefront
PRD-5150,SKU-LEA-0150,Leather Premium Craft SKU #150,Leather Footwear & Travel Goods,2103,4064,95,VND-1055,TRUE,Instagram DM
PRD-5151,SKU-ECO-0151,Eco-Friendly Premium Craft SKU #151,Eco-Friendly Packaging,188,340,63,VND-1114,TRUE,Flipkart
PRD-5152,SKU-CON-0152,Consumer Premium Craft SKU #152,Consumer Electronics Accessories,691,1804,49,VND-1178,TRUE,Instagram DM
PRD-5153,SKU-ORG-0153,Organic Premium Craft SKU #153,Organic Home & Kitchenware,569,1124,67,VND-1207,TRUE,POS Counter
PRD-5154,SKU-HAN-0154,Handloom Premium Craft SKU #154,Handloom Bed Linen & Curtains,695,2009,38,VND-1098,TRUE,Myntra
PRD-5155,SKU-SPI-0155,Spices Premium Craft SKU #155,Spices & Gourmet Food Crafts,822,2094,47,VND-1003,TRUE,POS Counter
PRD-5156,SKU-JEW-0156,Jewelry Premium Craft SKU #156,Jewelry & Fashion Accessories,1836,5227,76,VND-1236,TRUE,Shopify Storefront
PRD-5157,SKU-FOO-0157,Footwear Premium Craft SKU #157,Footwear & Athletic Shoes,561,1143,35,VND-1230,TRUE,Flipkart
PRD-5158,SKU-STA-0158,Stationery Premium Craft SKU #158,Stationery & Corporate Gifting,1908,4454,37,VND-1090,TRUE,Instagram DM
PRD-5159,SKU-PET-0159,Pet Premium Craft SKU #159,Pet Care & Organic Treats,1166,3195,96,VND-1022,TRUE,Amazon IN
PRD-5160,SKU-KID-0160,Kids Premium Craft SKU #160,Kids Wear & Wooden Toys,259,839,58,VND-1200,TRUE,Myntra
PRD-5161,SKU-FIT-0161,Fitness Premium Craft SKU #161,Fitness Gear & Yoga Accessories,922,2831,57,VND-1131,TRUE,POS Counter
PRD-5162,SKU-AUT-0162,Automotive Premium Craft SKU #162,Automotive Accessories,1730,3445,83,VND-1127,TRUE,Shopify Storefront
PRD-5163,SKU-TEX-0163,Textiles Premium Craft SKU #163,Textiles & Handblock Prints,199,692,60,VND-1136,TRUE,Myntra
PRD-5164,SKU-PUR-0164,Pure Premium Craft SKU #164,Pure Silk & Traditional Sarees,1646,4491,42,VND-1108,TRUE,Shopify Storefront
PRD-5165,SKU-KNI-0165,Knitwear Premium Craft SKU #165,Knitwear & Everyday Apparel,426,776,47,VND-1005,FALSE,Shopify Storefront
PRD-5166,SKU-BRA-0166,Brass Premium Craft SKU #166,Brass & Artisan Metalcraft,1780,4737,100,VND-1243,TRUE,Flipkart
PRD-5167,SKU-AYU-0167,Ayurvedic Premium Craft SKU #167,Ayurvedic Beauty & Wellness,1797,3486,88,VND-1109,TRUE,POS Counter
PRD-5168,SKU-LEA-0168,Leather Premium Craft SKU #168,Leather Footwear & Travel Goods,492,1144,85,VND-1072,TRUE,POS Counter
PRD-5169,SKU-ECO-0169,Eco-Friendly Premium Craft SKU #169,Eco-Friendly Packaging,1488,3666,28,VND-1138,TRUE,Flipkart
PRD-5170,SKU-CON-0170,Consumer Premium Craft SKU #170,Consumer Electronics Accessories,1127,2139,31,VND-1187,TRUE,Shopify Storefront
PRD-5171,SKU-ORG-0171,Organic Premium Craft SKU #171,Organic Home & Kitchenware,375,872,42,VND-1117,TRUE,Instagram DM
PRD-5172,SKU-HAN-0172,Handloom Premium Craft SKU #172,Handloom Bed Linen & Curtains,196,407,64,VND-1036,TRUE,Instagram DM
PRD-5173,SKU-SPI-0173,Spices Premium Craft SKU #173,Spices & Gourmet Food Crafts,833,2026,54,VND-1067,TRUE,Shopify Storefront
PRD-5174,SKU-JEW-0174,Jewelry Premium Craft SKU #174,Jewelry & Fashion Accessories,270,639,74,VND-1198,TRUE,Shopify Storefront
PRD-5175,SKU-FOO-0175,Footwear Premium Craft SKU #175,Footwear & Athletic Shoes,465,1229,85,VND-1068,TRUE,Flipkart
PRD-5176,SKU-STA-0176,Stationery Premium Craft SKU #176,Stationery & Corporate Gifting,2471,5148,40,VND-1220,TRUE,Shopify Storefront
PRD-5177,SKU-PET-0177,Pet Premium Craft SKU #177,Pet Care & Organic Treats,2500,7365,34,VND-1229,TRUE,Myntra
PRD-5178,SKU-KID-0178,Kids Premium Craft SKU #178,Kids Wear & Wooden Toys,330,1075,21,VND-1001,TRUE,Flipkart
PRD-5179,SKU-FIT-0179,Fitness Premium Craft SKU #179,Fitness Gear & Yoga Accessories,1718,5780,42,VND-1094,TRUE,Shopify Storefront
PRD-5180,SKU-AUT-0180,Automotive Premium Craft SKU #180,Automotive Accessories,1867,4073,51,VND-1142,TRUE,Instagram DM
PRD-5181,SKU-TEX-0181,Textiles Premium Craft SKU #181,Textiles & Handblock Prints,1261,4040,93,VND-1082,TRUE,Myntra
PRD-5182,SKU-PUR-0182,Pure Premium Craft SKU #182,Pure Silk & Traditional Sarees,365,768,86,VND-1173,TRUE,Flipkart
PRD-5183,SKU-KNI-0183,Knitwear Premium Craft SKU #183,Knitwear & Everyday Apparel,2055,6724,59,VND-1018,TRUE,Myntra
PRD-5184,SKU-BRA-0184,Brass Premium Craft SKU #184,Brass & Artisan Metalcraft,182,441,57,VND-1117,TRUE,Amazon IN
PRD-5185,SKU-AYU-0185,Ayurvedic Premium Craft SKU #185,Ayurvedic Beauty & Wellness,1143,2958,95,VND-1190,TRUE,POS Counter
PRD-5186,SKU-LEA-0186,Leather Premium Craft SKU #186,Leather Footwear & Travel Goods,2388,7385,51,VND-1188,TRUE,Flipkart
PRD-5187,SKU-ECO-0187,Eco-Friendly Premium Craft SKU #187,Eco-Friendly Packaging,1104,3003,21,VND-1007,TRUE,Shopify Storefront
PRD-5188,SKU-CON-0188,Consumer Premium Craft SKU #188,Consumer Electronics Accessories,1691,5484,59,VND-1195,TRUE,Myntra
PRD-5189,SKU-ORG-0189,Organic Premium Craft SKU #189,Organic Home & Kitchenware,1869,4927,27,VND-1061,TRUE,POS Counter
PRD-5190,SKU-HAN-0190,Handloom Premium Craft SKU #190,Handloom Bed Linen & Curtains,1296,2537,49,VND-1183,TRUE,Myntra
PRD-5191,SKU-SPI-0191,Spices Premium Craft SKU #191,Spices & Gourmet Food Crafts,1675,4320,30,VND-1106,TRUE,Myntra
PRD-5192,SKU-JEW-0192,Jewelry Premium Craft SKU #192,Jewelry & Fashion Accessories,1765,3401,92,VND-1035,TRUE,Instagram DM
PRD-5193,SKU-FOO-0193,Footwear Premium Craft SKU #193,Footwear & Athletic Shoes,685,1508,53,VND-1247,TRUE,Flipkart
PRD-5194,SKU-STA-0194,Stationery Premium Craft SKU #194,Stationery & Corporate Gifting,1486,3478,54,VND-1180,TRUE,POS Counter
PRD-5195,SKU-PET-0195,Pet Premium Craft SKU #195,Pet Care & Organic Treats,596,1230,41,VND-1035,TRUE,Amazon IN
PRD-5196,SKU-KID-0196,Kids Premium Craft SKU #196,Kids Wear & Wooden Toys,644,1745,46,VND-1105,TRUE,Flipkart
PRD-5197,SKU-FIT-0197,Fitness Premium Craft SKU #197,Fitness Gear & Yoga Accessories,641,1252,58,VND-1068,TRUE,Instagram DM
PRD-5198,SKU-AUT-0198,Automotive Premium Craft SKU #198,Automotive Accessories,315,682,61,VND-1155,TRUE,Instagram DM
PRD-5199,SKU-TEX-0199,Textiles Premium Craft SKU #199,Textiles & Handblock Prints,1607,3975,26,VND-1064,TRUE,Amazon IN
PRD-5200,SKU-PUR-0200,Pure Premium Craft SKU #200,Pure Silk & Traditional Sarees,862,1597,71,VND-1210,TRUE,Myntra
PRD-5201,SKU-KNI-0201,Knitwear Premium Craft SKU #201,Knitwear & Everyday Apparel,2403,5346,79,VND-1192,TRUE,POS Counter
PRD-5202,SKU-BRA-0202,Brass Premium Craft SKU #202,Brass & Artisan Metalcraft,198,377,48,VND-1032,TRUE,Flipkart
PRD-5203,SKU-AYU-0203,Ayurvedic Premium Craft SKU #203,Ayurvedic Beauty & Wellness,494,1378,53,VND-1096,TRUE,Shopify Storefront
PRD-5204,SKU-LEA-0204,Leather Premium Craft SKU #204,Leather Footwear & Travel Goods,414,884,76,VND-1006,TRUE,Shopify Storefront
PRD-5205,SKU-ECO-0205,Eco-Friendly Premium Craft SKU #205,Eco-Friendly Packaging,1508,3028,79,VND-1232,TRUE,Myntra
PRD-5206,SKU-CON-0206,Consumer Premium Craft SKU #206,Consumer Electronics Accessories,1767,4670,68,VND-1111,TRUE,POS Counter
PRD-5207,SKU-ORG-0207,Organic Premium Craft SKU #207,Organic Home & Kitchenware,1029,3441,55,VND-1091,TRUE,POS Counter
PRD-5208,SKU-HAN-0208,Handloom Premium Craft SKU #208,Handloom Bed Linen & Curtains,1156,3352,83,VND-1009,TRUE,Myntra
PRD-5209,SKU-SPI-0209,Spices Premium Craft SKU #209,Spices & Gourmet Food Crafts,399,777,69,VND-1123,TRUE,POS Counter
PRD-5210,SKU-JEW-0210,Jewelry Premium Craft SKU #210,Jewelry & Fashion Accessories,2303,5120,89,VND-1165,TRUE,Flipkart
PRD-5211,SKU-FOO-0211,Footwear Premium Craft SKU #211,Footwear & Athletic Shoes,1620,4237,82,VND-1201,TRUE,Myntra
PRD-5212,SKU-STA-0212,Stationery Premium Craft SKU #212,Stationery & Corporate Gifting,1467,3609,43,VND-1129,FALSE,Myntra
PRD-5213,SKU-PET-0213,Pet Premium Craft SKU #213,Pet Care & Organic Treats,270,897,55,VND-1057,TRUE,Flipkart
PRD-5214,SKU-KID-0214,Kids Premium Craft SKU #214,Kids Wear & Wooden Toys,1614,5009,49,VND-1136,TRUE,Shopify Storefront
PRD-5215,SKU-FIT-0215,Fitness Premium Craft SKU #215,Fitness Gear & Yoga Accessories,1137,2561,27,VND-1064,TRUE,POS Counter
PRD-5216,SKU-AUT-0216,Automotive Premium Craft SKU #216,Automotive Accessories,1740,4181,42,VND-1148,TRUE,Myntra
PRD-5217,SKU-TEX-0217,Textiles Premium Craft SKU #217,Textiles & Handblock Prints,1619,5429,23,VND-1082,TRUE,Amazon IN
PRD-5218,SKU-PUR-0218,Pure Premium Craft SKU #218,Pure Silk & Traditional Sarees,2475,6826,92,VND-1243,TRUE,Flipkart
PRD-5219,SKU-KNI-0219,Knitwear Premium Craft SKU #219,Knitwear & Everyday Apparel,1415,2969,24,VND-1139,TRUE,POS Counter
PRD-5220,SKU-BRA-0220,Brass Premium Craft SKU #220,Brass & Artisan Metalcraft,1046,1918,81,VND-1155,FALSE,Myntra
PRD-5221,SKU-AYU-0221,Ayurvedic Premium Craft SKU #221,Ayurvedic Beauty & Wellness,684,1627,42,VND-1052,TRUE,Amazon IN
PRD-5222,SKU-LEA-0222,Leather Premium Craft SKU #222,Leather Footwear & Travel Goods,239,490,38,VND-1016,TRUE,Myntra
PRD-5223,SKU-ECO-0223,Eco-Friendly Premium Craft SKU #223,Eco-Friendly Packaging,1644,5643,67,VND-1221,TRUE,Instagram DM
PRD-5224,SKU-CON-0224,Consumer Premium Craft SKU #224,Consumer Electronics Accessories,563,1335,61,VND-1102,TRUE,POS Counter
PRD-5225,SKU-ORG-0225,Organic Premium Craft SKU #225,Organic Home & Kitchenware,1939,6100,82,VND-1188,TRUE,POS Counter
PRD-5226,SKU-HAN-0226,Handloom Premium Craft SKU #226,Handloom Bed Linen & Curtains,2451,7301,98,VND-1182,TRUE,POS Counter
PRD-5227,SKU-SPI-0227,Spices Premium Craft SKU #227,Spices & Gourmet Food Crafts,868,2120,57,VND-1171,TRUE,Instagram DM
PRD-5228,SKU-JEW-0228,Jewelry Premium Craft SKU #228,Jewelry & Fashion Accessories,2496,6154,92,VND-1001,FALSE,Myntra
PRD-5229,SKU-FOO-0229,Footwear Premium Craft SKU #229,Footwear & Athletic Shoes,1054,3043,33,VND-1082,TRUE,POS Counter
PRD-5230,SKU-STA-0230,Stationery Premium Craft SKU #230,Stationery & Corporate Gifting,468,1031,60,VND-1085,TRUE,Shopify Storefront
PRD-5231,SKU-PET-0231,Pet Premium Craft SKU #231,Pet Care & Organic Treats,1525,3902,53,VND-1211,TRUE,Instagram DM
PRD-5232,SKU-KID-0232,Kids Premium Craft SKU #232,Kids Wear & Wooden Toys,1585,3544,33,VND-1018,TRUE,Shopify Storefront
PRD-5233,SKU-FIT-0233,Fitness Premium Craft SKU #233,Fitness Gear & Yoga Accessories,1944,5920,41,VND-1099,TRUE,Flipkart
PRD-5234,SKU-AUT-0234,Automotive Premium Craft SKU #234,Automotive Accessories,1701,4077,68,VND-1226,TRUE,Flipkart
PRD-5235,SKU-TEX-0235,Textiles Premium Craft SKU #235,Textiles & Handblock Prints,1073,2228,29,VND-1202,TRUE,Shopify Storefront
PRD-5236,SKU-PUR-0236,Pure Premium Craft SKU #236,Pure Silk & Traditional Sarees,232,543,33,VND-1076,TRUE,POS Counter
PRD-5237,SKU-KNI-0237,Knitwear Premium Craft SKU #237,Knitwear & Everyday Apparel,1687,3498,29,VND-1228,TRUE,Shopify Storefront
PRD-5238,SKU-BRA-0238,Brass Premium Craft SKU #238,Brass & Artisan Metalcraft,2127,6376,75,VND-1087,TRUE,POS Counter
PRD-5239,SKU-AYU-0239,Ayurvedic Premium Craft SKU #239,Ayurvedic Beauty & Wellness,1928,3985,32,VND-1156,TRUE,POS Counter
PRD-5240,SKU-LEA-0240,Leather Premium Craft SKU #240,Leather Footwear & Travel Goods,2419,7323,89,VND-1105,TRUE,Amazon IN
PRD-5241,SKU-ECO-0241,Eco-Friendly Premium Craft SKU #241,Eco-Friendly Packaging,1122,2202,70,VND-1077,TRUE,Flipkart
PRD-5242,SKU-CON-0242,Consumer Premium Craft SKU #242,Consumer Electronics Accessories,373,900,74,VND-1040,TRUE,Instagram DM
PRD-5243,SKU-ORG-0243,Organic Premium Craft SKU #243,Organic Home & Kitchenware,2117,4529,23,VND-1161,TRUE,Instagram DM
PRD-5244,SKU-HAN-0244,Handloom Premium Craft SKU #244,Handloom Bed Linen & Curtains,485,1263,34,VND-1075,TRUE,Flipkart
PRD-5245,SKU-SPI-0245,Spices Premium Craft SKU #245,Spices & Gourmet Food Crafts,2153,7150,53,VND-1121,TRUE,Myntra
PRD-5246,SKU-JEW-0246,Jewelry Premium Craft SKU #246,Jewelry & Fashion Accessories,907,2204,68,VND-1100,TRUE,Flipkart
PRD-5247,SKU-FOO-0247,Footwear Premium Craft SKU #247,Footwear & Athletic Shoes,1228,3128,53,VND-1012,TRUE,Amazon IN
PRD-5248,SKU-STA-0248,Stationery Premium Craft SKU #248,Stationery & Corporate Gifting,402,826,32,VND-1145,TRUE,Amazon IN
PRD-5249,SKU-PET-0249,Pet Premium Craft SKU #249,Pet Care & Organic Treats,2367,5926,95,VND-1207,TRUE,Shopify Storefront
PRD-5250,SKU-KID-0250,Kids Premium Craft SKU #250,Kids Wear & Wooden Toys,1735,5536,73,VND-1216,TRUE,Instagram DM
PRD-5251,SKU-FIT-0251,Fitness Premium Craft SKU #251,Fitness Gear & Yoga Accessories,2094,5807,50,VND-1222,TRUE,Shopify Storefront
PRD-5252,SKU-AUT-0252,Automotive Premium Craft SKU #252,Automotive Accessories,292,774,86,VND-1102,TRUE,Instagram DM
PRD-5253,SKU-TEX-0253,Textiles Premium Craft SKU #253,Textiles & Handblock Prints,753,1509,77,VND-1159,TRUE,POS Counter
PRD-5254,SKU-PUR-0254,Pure Premium Craft SKU #254,Pure Silk & Traditional Sarees,1017,3228,36,VND-1249,FALSE,Shopify Storefront
PRD-5255,SKU-KNI-0255,Knitwear Premium Craft SKU #255,Knitwear & Everyday Apparel,1933,4142,100,VND-1175,TRUE,Myntra
PRD-5256,SKU-BRA-0256,Brass Premium Craft SKU #256,Brass & Artisan Metalcraft,1459,4885,28,VND-1067,TRUE,Myntra
PRD-5257,SKU-AYU-0257,Ayurvedic Premium Craft SKU #257,Ayurvedic Beauty & Wellness,2411,5676,55,VND-1102,TRUE,Shopify Storefront
PRD-5258,SKU-LEA-0258,Leather Premium Craft SKU #258,Leather Footwear & Travel Goods,2290,7165,34,VND-1202,TRUE,POS Counter
PRD-5259,SKU-ECO-0259,Eco-Friendly Premium Craft SKU #259,Eco-Friendly Packaging,560,1888,92,VND-1146,TRUE,Amazon IN
PRD-5260,SKU-CON-0260,Consumer Premium Craft SKU #260,Consumer Electronics Accessories,2343,7723,72,VND-1223,TRUE,Instagram DM
PRD-5261,SKU-ORG-0261,Organic Premium Craft SKU #261,Organic Home & Kitchenware,2493,7068,24,VND-1125,TRUE,Flipkart
PRD-5262,SKU-HAN-0262,Handloom Premium Craft SKU #262,Handloom Bed Linen & Curtains,1795,3349,62,VND-1037,TRUE,Shopify Storefront
PRD-5263,SKU-SPI-0263,Spices Premium Craft SKU #263,Spices & Gourmet Food Crafts,2096,7053,67,VND-1191,FALSE,Amazon IN
PRD-5264,SKU-JEW-0264,Jewelry Premium Craft SKU #264,Jewelry & Fashion Accessories,1298,4196,32,VND-1080,TRUE,POS Counter
PRD-5265,SKU-FOO-0265,Footwear Premium Craft SKU #265,Footwear & Athletic Shoes,1380,4769,76,VND-1035,TRUE,Amazon IN
PRD-5266,SKU-STA-0266,Stationery Premium Craft SKU #266,Stationery & Corporate Gifting,1857,5252,31,VND-1069,TRUE,POS Counter
PRD-5267,SKU-PET-0267,Pet Premium Craft SKU #267,Pet Care & Organic Treats,1817,5559,86,VND-1234,TRUE,Shopify Storefront
PRD-5268,SKU-KID-0268,Kids Premium Craft SKU #268,Kids Wear & Wooden Toys,801,1531,84,VND-1132,TRUE,Myntra
PRD-5269,SKU-FIT-0269,Fitness Premium Craft SKU #269,Fitness Gear & Yoga Accessories,2479,4584,44,VND-1226,TRUE,POS Counter
PRD-5270,SKU-AUT-0270,Automotive Premium Craft SKU #270,Automotive Accessories,386,858,78,VND-1215,TRUE,Amazon IN
PRD-5271,SKU-TEX-0271,Textiles Premium Craft SKU #271,Textiles & Handblock Prints,965,2186,79,VND-1181,TRUE,Instagram DM
PRD-5272,SKU-PUR-0272,Pure Premium Craft SKU #272,Pure Silk & Traditional Sarees,657,1943,50,VND-1237,TRUE,Myntra
PRD-5273,SKU-KNI-0273,Knitwear Premium Craft SKU #273,Knitwear & Everyday Apparel,877,3010,80,VND-1115,TRUE,Amazon IN
PRD-5274,SKU-BRA-0274,Brass Premium Craft SKU #274,Brass & Artisan Metalcraft,819,2640,53,VND-1089,TRUE,Instagram DM
PRD-5275,SKU-AYU-0275,Ayurvedic Premium Craft SKU #275,Ayurvedic Beauty & Wellness,1317,2432,26,VND-1024,TRUE,Myntra
PRD-5276,SKU-LEA-0276,Leather Premium Craft SKU #276,Leather Footwear & Travel Goods,1027,3345,48,VND-1200,TRUE,Amazon IN
PRD-5277,SKU-ECO-0277,Eco-Friendly Premium Craft SKU #277,Eco-Friendly Packaging,1827,4882,21,VND-1167,TRUE,POS Counter
PRD-5278,SKU-CON-0278,Consumer Premium Craft SKU #278,Consumer Electronics Accessories,859,2424,21,VND-1166,TRUE,Myntra
PRD-5279,SKU-ORG-0279,Organic Premium Craft SKU #279,Organic Home & Kitchenware,1401,4219,55,VND-1207,TRUE,Flipkart
PRD-5280,SKU-HAN-0280,Handloom Premium Craft SKU #280,Handloom Bed Linen & Curtains,1578,4071,47,VND-1219,TRUE,Instagram DM
PRD-5281,SKU-SPI-0281,Spices Premium Craft SKU #281,Spices & Gourmet Food Crafts,1776,4961,20,VND-1134,TRUE,Instagram DM
PRD-5282,SKU-JEW-0282,Jewelry Premium Craft SKU #282,Jewelry & Fashion Accessories,1682,4633,96,VND-1248,TRUE,Amazon IN
PRD-5283,SKU-FOO-0283,Footwear Premium Craft SKU #283,Footwear & Athletic Shoes,592,1550,63,VND-1176,TRUE,Instagram DM
PRD-5284,SKU-STA-0284,Stationery Premium Craft SKU #284,Stationery & Corporate Gifting,1284,2881,58,VND-1084,TRUE,Myntra
PRD-5285,SKU-PET-0285,Pet Premium Craft SKU #285,Pet Care & Organic Treats,1134,3775,96,VND-1196,TRUE,Amazon IN
PRD-5286,SKU-KID-0286,Kids Premium Craft SKU #286,Kids Wear & Wooden Toys,723,2187,83,VND-1175,TRUE,Amazon IN
PRD-5287,SKU-FIT-0287,Fitness Premium Craft SKU #287,Fitness Gear & Yoga Accessories,1864,4637,24,VND-1233,TRUE,Myntra
PRD-5288,SKU-AUT-0288,Automotive Premium Craft SKU #288,Automotive Accessories,927,2209,48,VND-1209,TRUE,Instagram DM
PRD-5289,SKU-TEX-0289,Textiles Premium Craft SKU #289,Textiles & Handblock Prints,2098,7009,65,VND-1201,TRUE,POS Counter
PRD-5290,SKU-PUR-0290,Pure Premium Craft SKU #290,Pure Silk & Traditional Sarees,2436,5134,32,VND-1216,TRUE,Instagram DM
PRD-5291,SKU-KNI-0291,Knitwear Premium Craft SKU #291,Knitwear & Everyday Apparel,2439,7553,43,VND-1067,TRUE,Amazon IN
PRD-5292,SKU-BRA-0292,Brass Premium Craft SKU #292,Brass & Artisan Metalcraft,515,1121,48,VND-1168,TRUE,Amazon IN
PRD-5293,SKU-AYU-0293,Ayurvedic Premium Craft SKU #293,Ayurvedic Beauty & Wellness,1507,3664,94,VND-1108,TRUE,Shopify Storefront
PRD-5294,SKU-LEA-0294,Leather Premium Craft SKU #294,Leather Footwear & Travel Goods,369,1207,94,VND-1121,TRUE,Myntra
PRD-5295,SKU-ECO-0295,Eco-Friendly Premium Craft SKU #295,Eco-Friendly Packaging,2084,6902,84,VND-1019,TRUE,Instagram DM
PRD-5296,SKU-CON-0296,Consumer Premium Craft SKU #296,Consumer Electronics Accessories,2320,5352,26,VND-1098,TRUE,POS Counter
PRD-5297,SKU-ORG-0297,Organic Premium Craft SKU #297,Organic Home & Kitchenware,970,2311,92,VND-1036,TRUE,Flipkart
PRD-5298,SKU-HAN-0298,Handloom Premium Craft SKU #298,Handloom Bed Linen & Curtains,1445,4719,43,VND-1037,TRUE,Flipkart
PRD-5299,SKU-SPI-0299,Spices Premium Craft SKU #299,Spices & Gourmet Food Crafts,874,2038,27,VND-1086,FALSE,Amazon IN
PRD-5300,SKU-JEW-0300,Jewelry Premium Craft SKU #300,Jewelry & Fashion Accessories,840,2334,40,VND-1054,TRUE,Shopify Storefront
PRD-5301,SKU-FOO-0301,Footwear Premium Craft SKU #301,Footwear & Athletic Shoes,1926,5540,71,VND-1034,TRUE,Flipkart
PRD-5302,SKU-STA-0302,Stationery Premium Craft SKU #302,Stationery & Corporate Gifting,169,315,45,VND-1099,TRUE,Shopify Storefront
PRD-5303,SKU-PET-0303,Pet Premium Craft SKU #303,Pet Care & Organic Treats,1469,4534,87,VND-1229,TRUE,Instagram DM
PRD-5304,SKU-KID-0304,Kids Premium Craft SKU #304,Kids Wear & Wooden Toys,1169,2553,64,VND-1002,TRUE,Shopify Storefront
PRD-5305,SKU-FIT-0305,Fitness Premium Craft SKU #305,Fitness Gear & Yoga Accessories,2211,6192,41,VND-1099,TRUE,Shopify Storefront
PRD-5306,SKU-AUT-0306,Automotive Premium Craft SKU #306,Automotive Accessories,1341,3453,86,VND-1077,TRUE,Amazon IN
PRD-5307,SKU-TEX-0307,Textiles Premium Craft SKU #307,Textiles & Handblock Prints,698,1663,82,VND-1112,TRUE,POS Counter
PRD-5308,SKU-PUR-0308,Pure Premium Craft SKU #308,Pure Silk & Traditional Sarees,1802,3302,48,VND-1043,TRUE,POS Counter
PRD-5309,SKU-KNI-0309,Knitwear Premium Craft SKU #309,Knitwear & Everyday Apparel,239,669,41,VND-1055,TRUE,Instagram DM
PRD-5310,SKU-BRA-0310,Brass Premium Craft SKU #310,Brass & Artisan Metalcraft,303,738,52,VND-1167,TRUE,Myntra
PRD-5311,SKU-AYU-0311,Ayurvedic Premium Craft SKU #311,Ayurvedic Beauty & Wellness,346,1012,22,VND-1013,FALSE,Shopify Storefront
PRD-5312,SKU-LEA-0312,Leather Premium Craft SKU #312,Leather Footwear & Travel Goods,1969,4817,90,VND-1107,TRUE,Instagram DM
PRD-5313,SKU-ECO-0313,Eco-Friendly Premium Craft SKU #313,Eco-Friendly Packaging,991,2954,100,VND-1040,FALSE,Flipkart
PRD-5314,SKU-CON-0314,Consumer Premium Craft SKU #314,Consumer Electronics Accessories,563,1647,54,VND-1170,TRUE,Instagram DM
PRD-5315,SKU-ORG-0315,Organic Premium Craft SKU #315,Organic Home & Kitchenware,1865,5990,33,VND-1036,TRUE,Myntra
PRD-5316,SKU-HAN-0316,Handloom Premium Craft SKU #316,Handloom Bed Linen & Curtains,1307,2605,33,VND-1031,TRUE,Myntra
PRD-5317,SKU-SPI-0317,Spices Premium Craft SKU #317,Spices & Gourmet Food Crafts,1227,3943,45,VND-1052,TRUE,Flipkart
PRD-5318,SKU-JEW-0318,Jewelry Premium Craft SKU #318,Jewelry & Fashion Accessories,806,1504,83,VND-1076,TRUE,Instagram DM
PRD-5319,SKU-FOO-0319,Footwear Premium Craft SKU #319,Footwear & Athletic Shoes,2118,5002,20,VND-1239,FALSE,Shopify Storefront
PRD-5320,SKU-STA-0320,Stationery Premium Craft SKU #320,Stationery & Corporate Gifting,602,1938,83,VND-1233,TRUE,Shopify Storefront
PRD-5321,SKU-PET-0321,Pet Premium Craft SKU #321,Pet Care & Organic Treats,2245,4327,32,VND-1200,TRUE,Instagram DM
PRD-5322,SKU-KID-0322,Kids Premium Craft SKU #322,Kids Wear & Wooden Toys,2020,7031,57,VND-1060,TRUE,Shopify Storefront
PRD-5323,SKU-FIT-0323,Fitness Premium Craft SKU #323,Fitness Gear & Yoga Accessories,865,2842,57,VND-1026,TRUE,Instagram DM
PRD-5324,SKU-AUT-0324,Automotive Premium Craft SKU #324,Automotive Accessories,1894,5787,32,VND-1081,TRUE,Shopify Storefront
PRD-5325,SKU-TEX-0325,Textiles Premium Craft SKU #325,Textiles & Handblock Prints,716,2096,41,VND-1003,TRUE,Flipkart
PRD-5326,SKU-PUR-0326,Pure Premium Craft SKU #326,Pure Silk & Traditional Sarees,1248,4110,31,VND-1245,TRUE,Amazon IN
PRD-5327,SKU-KNI-0327,Knitwear Premium Craft SKU #327,Knitwear & Everyday Apparel,616,1528,78,VND-1047,TRUE,Flipkart
PRD-5328,SKU-BRA-0328,Brass Premium Craft SKU #328,Brass & Artisan Metalcraft,2108,6660,41,VND-1177,TRUE,Instagram DM
PRD-5329,SKU-AYU-0329,Ayurvedic Premium Craft SKU #329,Ayurvedic Beauty & Wellness,390,1352,40,VND-1186,TRUE,Myntra
PRD-5330,SKU-LEA-0330,Leather Premium Craft SKU #330,Leather Footwear & Travel Goods,2480,7324,43,VND-1124,TRUE,Amazon IN
PRD-5331,SKU-ECO-0331,Eco-Friendly Premium Craft SKU #331,Eco-Friendly Packaging,268,875,36,VND-1157,TRUE,Flipkart
PRD-5332,SKU-CON-0332,Consumer Premium Craft SKU #332,Consumer Electronics Accessories,1834,4675,28,VND-1029,TRUE,Amazon IN
PRD-5333,SKU-ORG-0333,Organic Premium Craft SKU #333,Organic Home & Kitchenware,2299,7137,93,VND-1004,TRUE,POS Counter
PRD-5334,SKU-HAN-0334,Handloom Premium Craft SKU #334,Handloom Bed Linen & Curtains,1535,4117,99,VND-1245,TRUE,Instagram DM
PRD-5335,SKU-SPI-0335,Spices Premium Craft SKU #335,Spices & Gourmet Food Crafts,1168,3059,69,VND-1187,TRUE,Myntra
PRD-5336,SKU-JEW-0336,Jewelry Premium Craft SKU #336,Jewelry & Fashion Accessories,373,678,40,VND-1229,TRUE,Flipkart
PRD-5337,SKU-FOO-0337,Footwear Premium Craft SKU #337,Footwear & Athletic Shoes,2180,7146,29,VND-1219,TRUE,Amazon IN
PRD-5338,SKU-STA-0338,Stationery Premium Craft SKU #338,Stationery & Corporate Gifting,1505,5191,26,VND-1062,TRUE,Myntra
PRD-5339,SKU-PET-0339,Pet Premium Craft SKU #339,Pet Care & Organic Treats,1700,4225,50,VND-1165,TRUE,Flipkart
PRD-5340,SKU-KID-0340,Kids Premium Craft SKU #340,Kids Wear & Wooden Toys,2497,6396,83,VND-1206,TRUE,Shopify Storefront
PRD-5341,SKU-FIT-0341,Fitness Premium Craft SKU #341,Fitness Gear & Yoga Accessories,222,438,72,VND-1128,FALSE,Myntra
PRD-5342,SKU-AUT-0342,Automotive Premium Craft SKU #342,Automotive Accessories,522,1642,99,VND-1001,TRUE,Myntra
PRD-5343,SKU-TEX-0343,Textiles Premium Craft SKU #343,Textiles & Handblock Prints,997,2904,78,VND-1144,TRUE,Amazon IN
PRD-5344,SKU-PUR-0344,Pure Premium Craft SKU #344,Pure Silk & Traditional Sarees,372,1186,78,VND-1212,TRUE,Myntra
PRD-5345,SKU-KNI-0345,Knitwear Premium Craft SKU #345,Knitwear & Everyday Apparel,2087,6299,66,VND-1154,TRUE,Shopify Storefront
PRD-5346,SKU-BRA-0346,Brass Premium Craft SKU #346,Brass & Artisan Metalcraft,1058,1908,65,VND-1025,TRUE,Amazon IN
PRD-5347,SKU-AYU-0347,Ayurvedic Premium Craft SKU #347,Ayurvedic Beauty & Wellness,2288,5572,33,VND-1141,FALSE,POS Counter
PRD-5348,SKU-LEA-0348,Leather Premium Craft SKU #348,Leather Footwear & Travel Goods,725,2317,72,VND-1127,TRUE,Myntra
PRD-5349,SKU-ECO-0349,Eco-Friendly Premium Craft SKU #349,Eco-Friendly Packaging,918,1840,70,VND-1051,TRUE,POS Counter
PRD-5350,SKU-CON-0350,Consumer Premium Craft SKU #350,Consumer Electronics Accessories,1534,3042,73,VND-1184,FALSE,Instagram DM
PRD-5351,SKU-ORG-0351,Organic Premium Craft SKU #351,Organic Home & Kitchenware,654,2035,77,VND-1215,TRUE,Myntra
PRD-5352,SKU-HAN-0352,Handloom Premium Craft SKU #352,Handloom Bed Linen & Curtains,2215,4493,83,VND-1245,FALSE,Instagram DM
PRD-5353,SKU-SPI-0353,Spices Premium Craft SKU #353,Spices & Gourmet Food Crafts,2416,8190,94,VND-1013,TRUE,Myntra
PRD-5354,SKU-JEW-0354,Jewelry Premium Craft SKU #354,Jewelry & Fashion Accessories,875,2604,42,VND-1200,TRUE,POS Counter
PRD-5355,SKU-FOO-0355,Footwear Premium Craft SKU #355,Footwear & Athletic Shoes,1736,5065,97,VND-1027,TRUE,Myntra
PRD-5356,SKU-STA-0356,Stationery Premium Craft SKU #356,Stationery & Corporate Gifting,1725,4332,97,VND-1226,TRUE,POS Counter
PRD-5357,SKU-PET-0357,Pet Premium Craft SKU #357,Pet Care & Organic Treats,1779,6116,57,VND-1071,TRUE,POS Counter
PRD-5358,SKU-KID-0358,Kids Premium Craft SKU #358,Kids Wear & Wooden Toys,1840,5196,85,VND-1036,TRUE,Instagram DM
PRD-5359,SKU-FIT-0359,Fitness Premium Craft SKU #359,Fitness Gear & Yoga Accessories,1435,4319,90,VND-1141,TRUE,POS Counter
PRD-5360,SKU-AUT-0360,Automotive Premium Craft SKU #360,Automotive Accessories,1340,3976,36,VND-1054,TRUE,Instagram DM
PRD-5361,SKU-TEX-0361,Textiles Premium Craft SKU #361,Textiles & Handblock Prints,878,2332,61,VND-1250,TRUE,Amazon IN
PRD-5362,SKU-PUR-0362,Pure Premium Craft SKU #362,Pure Silk & Traditional Sarees,2117,5908,73,VND-1144,TRUE,Myntra
PRD-5363,SKU-KNI-0363,Knitwear Premium Craft SKU #363,Knitwear & Everyday Apparel,1880,5967,86,VND-1074,TRUE,Flipkart
PRD-5364,SKU-BRA-0364,Brass Premium Craft SKU #364,Brass & Artisan Metalcraft,367,1078,45,VND-1038,TRUE,POS Counter
PRD-5365,SKU-AYU-0365,Ayurvedic Premium Craft SKU #365,Ayurvedic Beauty & Wellness,1176,2409,27,VND-1074,TRUE,Amazon IN
PRD-5366,SKU-LEA-0366,Leather Premium Craft SKU #366,Leather Footwear & Travel Goods,2366,4388,77,VND-1053,TRUE,Instagram DM
PRD-5367,SKU-ECO-0367,Eco-Friendly Premium Craft SKU #367,Eco-Friendly Packaging,2451,8015,91,VND-1190,TRUE,Myntra
PRD-5368,SKU-CON-0368,Consumer Premium Craft SKU #368,Consumer Electronics Accessories,1328,3954,26,VND-1201,TRUE,Flipkart
PRD-5369,SKU-ORG-0369,Organic Premium Craft SKU #369,Organic Home & Kitchenware,1430,4921,26,VND-1107,FALSE,Amazon IN
PRD-5370,SKU-HAN-0370,Handloom Premium Craft SKU #370,Handloom Bed Linen & Curtains,1964,6306,67,VND-1052,TRUE,Myntra
PRD-5371,SKU-SPI-0371,Spices Premium Craft SKU #371,Spices & Gourmet Food Crafts,954,2975,44,VND-1190,TRUE,POS Counter
PRD-5372,SKU-JEW-0372,Jewelry Premium Craft SKU #372,Jewelry & Fashion Accessories,455,963,42,VND-1175,TRUE,Shopify Storefront
PRD-5373,SKU-FOO-0373,Footwear Premium Craft SKU #373,Footwear & Athletic Shoes,316,798,91,VND-1097,TRUE,POS Counter
PRD-5374,SKU-STA-0374,Stationery Premium Craft SKU #374,Stationery & Corporate Gifting,1194,2160,79,VND-1150,TRUE,POS Counter
PRD-5375,SKU-PET-0375,Pet Premium Craft SKU #375,Pet Care & Organic Treats,779,2631,96,VND-1011,TRUE,Instagram DM
PRD-5376,SKU-KID-0376,Kids Premium Craft SKU #376,Kids Wear & Wooden Toys,1383,3642,93,VND-1158,TRUE,Shopify Storefront
PRD-5377,SKU-FIT-0377,Fitness Premium Craft SKU #377,Fitness Gear & Yoga Accessories,1451,3907,43,VND-1201,TRUE,Myntra
PRD-5378,SKU-AUT-0378,Automotive Premium Craft SKU #378,Automotive Accessories,1853,5046,71,VND-1041,TRUE,POS Counter
PRD-5379,SKU-TEX-0379,Textiles Premium Craft SKU #379,Textiles & Handblock Prints,1023,2995,62,VND-1227,TRUE,POS Counter
PRD-5380,SKU-PUR-0380,Pure Premium Craft SKU #380,Pure Silk & Traditional Sarees,2322,6054,91,VND-1244,TRUE,Instagram DM
PRD-5381,SKU-KNI-0381,Knitwear Premium Craft SKU #381,Knitwear & Everyday Apparel,619,1818,77,VND-1003,TRUE,Instagram DM
PRD-5382,SKU-BRA-0382,Brass Premium Craft SKU #382,Brass & Artisan Metalcraft,1148,3937,61,VND-1158,TRUE,Shopify Storefront
PRD-5383,SKU-AYU-0383,Ayurvedic Premium Craft SKU #383,Ayurvedic Beauty & Wellness,1200,3262,56,VND-1099,FALSE,Myntra
PRD-5384,SKU-LEA-0384,Leather Premium Craft SKU #384,Leather Footwear & Travel Goods,1685,4506,85,VND-1211,TRUE,Shopify Storefront
PRD-5385,SKU-ECO-0385,Eco-Friendly Premium Craft SKU #385,Eco-Friendly Packaging,938,2199,30,VND-1076,TRUE,POS Counter
PRD-5386,SKU-CON-0386,Consumer Premium Craft SKU #386,Consumer Electronics Accessories,2353,6368,100,VND-1249,TRUE,Instagram DM
PRD-5387,SKU-ORG-0387,Organic Premium Craft SKU #387,Organic Home & Kitchenware,1023,3345,74,VND-1162,TRUE,POS Counter
PRD-5388,SKU-HAN-0388,Handloom Premium Craft SKU #388,Handloom Bed Linen & Curtains,1932,5601,29,VND-1138,TRUE,POS Counter
PRD-5389,SKU-SPI-0389,Spices Premium Craft SKU #389,Spices & Gourmet Food Crafts,2030,6127,24,VND-1007,TRUE,Shopify Storefront
PRD-5390,SKU-JEW-0390,Jewelry Premium Craft SKU #390,Jewelry & Fashion Accessories,1181,3246,93,VND-1046,TRUE,Amazon IN
PRD-5391,SKU-FOO-0391,Footwear Premium Craft SKU #391,Footwear & Athletic Shoes,1739,4463,71,VND-1105,TRUE,Shopify Storefront
PRD-5392,SKU-STA-0392,Stationery Premium Craft SKU #392,Stationery & Corporate Gifting,634,1717,99,VND-1100,TRUE,Instagram DM
PRD-5393,SKU-PET-0393,Pet Premium Craft SKU #393,Pet Care & Organic Treats,336,1005,29,VND-1150,TRUE,Myntra
PRD-5394,SKU-KID-0394,Kids Premium Craft SKU #394,Kids Wear & Wooden Toys,1337,4195,58,VND-1028,TRUE,Amazon IN
PRD-5395,SKU-FIT-0395,Fitness Premium Craft SKU #395,Fitness Gear & Yoga Accessories,1942,4754,23,VND-1196,TRUE,Myntra
PRD-5396,SKU-AUT-0396,Automotive Premium Craft SKU #396,Automotive Accessories,708,2173,89,VND-1057,TRUE,Instagram DM
PRD-5397,SKU-TEX-0397,Textiles Premium Craft SKU #397,Textiles & Handblock Prints,1370,4043,67,VND-1037,TRUE,Shopify Storefront
PRD-5398,SKU-PUR-0398,Pure Premium Craft SKU #398,Pure Silk & Traditional Sarees,2423,4943,25,VND-1142,FALSE,Myntra
PRD-5399,SKU-KNI-0399,Knitwear Premium Craft SKU #399,Knitwear & Everyday Apparel,2350,6417,30,VND-1101,TRUE,Instagram DM
PRD-5400,SKU-BRA-0400,Brass Premium Craft SKU #400,Brass & Artisan Metalcraft,1558,3365,85,VND-1190,TRUE,POS Counter
PRD-5401,SKU-AYU-0401,Ayurvedic Premium Craft SKU #401,Ayurvedic Beauty & Wellness,1185,2524,43,VND-1057,TRUE,Myntra
PRD-5402,SKU-LEA-0402,Leather Premium Craft SKU #402,Leather Footwear & Travel Goods,372,1208,90,VND-1219,TRUE,Myntra
PRD-5403,SKU-ECO-0403,Eco-Friendly Premium Craft SKU #403,Eco-Friendly Packaging,1340,3942,52,VND-1019,TRUE,Instagram DM
PRD-5404,SKU-CON-0404,Consumer Premium Craft SKU #404,Consumer Electronics Accessories,2145,7330,65,VND-1149,TRUE,Instagram DM
PRD-5405,SKU-ORG-0405,Organic Premium Craft SKU #405,Organic Home & Kitchenware,559,1277,28,VND-1061,TRUE,Amazon IN
PRD-5406,SKU-HAN-0406,Handloom Premium Craft SKU #406,Handloom Bed Linen & Curtains,1995,4704,59,VND-1125,TRUE,POS Counter
PRD-5407,SKU-SPI-0407,Spices Premium Craft SKU #407,Spices & Gourmet Food Crafts,2471,5978,60,VND-1145,TRUE,POS Counter
PRD-5408,SKU-JEW-0408,Jewelry Premium Craft SKU #408,Jewelry & Fashion Accessories,1432,3176,48,VND-1002,TRUE,Instagram DM
PRD-5409,SKU-FOO-0409,Footwear Premium Craft SKU #409,Footwear & Athletic Shoes,1283,4141,37,VND-1112,TRUE,Amazon IN
PRD-5410,SKU-STA-0410,Stationery Premium Craft SKU #410,Stationery & Corporate Gifting,2115,5471,65,VND-1225,TRUE,Flipkart
PRD-5411,SKU-PET-0411,Pet Premium Craft SKU #411,Pet Care & Organic Treats,595,1248,97,VND-1142,TRUE,Amazon IN
PRD-5412,SKU-KID-0412,Kids Premium Craft SKU #412,Kids Wear & Wooden Toys,723,2396,45,VND-1220,TRUE,Instagram DM
PRD-5413,SKU-FIT-0413,Fitness Premium Craft SKU #413,Fitness Gear & Yoga Accessories,458,1518,84,VND-1020,TRUE,Myntra
PRD-5414,SKU-AUT-0414,Automotive Premium Craft SKU #414,Automotive Accessories,1809,5621,47,VND-1149,TRUE,Myntra
PRD-5415,SKU-TEX-0415,Textiles Premium Craft SKU #415,Textiles & Handblock Prints,2376,7887,89,VND-1067,TRUE,POS Counter
PRD-5416,SKU-PUR-0416,Pure Premium Craft SKU #416,Pure Silk & Traditional Sarees,1757,3829,95,VND-1094,TRUE,Amazon IN
PRD-5417,SKU-KNI-0417,Knitwear Premium Craft SKU #417,Knitwear & Everyday Apparel,2053,5444,31,VND-1035,TRUE,Myntra
PRD-5418,SKU-BRA-0418,Brass Premium Craft SKU #418,Brass & Artisan Metalcraft,1128,3656,98,VND-1003,TRUE,Myntra
PRD-5419,SKU-AYU-0419,Ayurvedic Premium Craft SKU #419,Ayurvedic Beauty & Wellness,1977,4093,92,VND-1036,TRUE,Instagram DM
PRD-5420,SKU-LEA-0420,Leather Premium Craft SKU #420,Leather Footwear & Travel Goods,748,2282,81,VND-1224,TRUE,Shopify Storefront
PRD-5421,SKU-ECO-0421,Eco-Friendly Premium Craft SKU #421,Eco-Friendly Packaging,2147,4710,53,VND-1057,TRUE,Shopify Storefront
PRD-5422,SKU-CON-0422,Consumer Premium Craft SKU #422,Consumer Electronics Accessories,996,2669,66,VND-1172,TRUE,Flipkart
PRD-5423,SKU-ORG-0423,Organic Premium Craft SKU #423,Organic Home & Kitchenware,340,635,61,VND-1226,TRUE,Myntra
PRD-5424,SKU-HAN-0424,Handloom Premium Craft SKU #424,Handloom Bed Linen & Curtains,1270,4088,53,VND-1163,TRUE,Myntra
PRD-5425,SKU-SPI-0425,Spices Premium Craft SKU #425,Spices & Gourmet Food Crafts,1692,4925,66,VND-1045,TRUE,Shopify Storefront
PRD-5426,SKU-JEW-0426,Jewelry Premium Craft SKU #426,Jewelry & Fashion Accessories,1180,2878,48,VND-1133,TRUE,Amazon IN
PRD-5427,SKU-FOO-0427,Footwear Premium Craft SKU #427,Footwear & Athletic Shoes,1563,4107,81,VND-1210,TRUE,Shopify Storefront
PRD-5428,SKU-STA-0428,Stationery Premium Craft SKU #428,Stationery & Corporate Gifting,719,1831,49,VND-1129,TRUE,Instagram DM
PRD-5429,SKU-PET-0429,Pet Premium Craft SKU #429,Pet Care & Organic Treats,1016,2088,40,VND-1072,TRUE,Instagram DM
PRD-5430,SKU-KID-0430,Kids Premium Craft SKU #430,Kids Wear & Wooden Toys,634,1853,73,VND-1210,TRUE,Instagram DM
PRD-5431,SKU-FIT-0431,Fitness Premium Craft SKU #431,Fitness Gear & Yoga Accessories,2122,6255,81,VND-1030,TRUE,POS Counter
PRD-5432,SKU-AUT-0432,Automotive Premium Craft SKU #432,Automotive Accessories,1833,3369,25,VND-1166,TRUE,Myntra
PRD-5433,SKU-TEX-0433,Textiles Premium Craft SKU #433,Textiles & Handblock Prints,701,2012,25,VND-1042,TRUE,POS Counter
PRD-5434,SKU-PUR-0434,Pure Premium Craft SKU #434,Pure Silk & Traditional Sarees,831,1860,43,VND-1015,TRUE,Flipkart
PRD-5435,SKU-KNI-0435,Knitwear Premium Craft SKU #435,Knitwear & Everyday Apparel,2458,7088,56,VND-1154,TRUE,POS Counter
PRD-5436,SKU-BRA-0436,Brass Premium Craft SKU #436,Brass & Artisan Metalcraft,2080,6810,41,VND-1115,TRUE,Flipkart
PRD-5437,SKU-AYU-0437,Ayurvedic Premium Craft SKU #437,Ayurvedic Beauty & Wellness,734,2312,43,VND-1154,TRUE,Myntra
PRD-5438,SKU-LEA-0438,Leather Premium Craft SKU #438,Leather Footwear & Travel Goods,836,2534,63,VND-1068,TRUE,Myntra
PRD-5439,SKU-ECO-0439,Eco-Friendly Premium Craft SKU #439,Eco-Friendly Packaging,431,944,69,VND-1152,TRUE,Shopify Storefront
PRD-5440,SKU-CON-0440,Consumer Premium Craft SKU #440,Consumer Electronics Accessories,2291,7471,84,VND-1052,TRUE,POS Counter
PRD-5441,SKU-ORG-0441,Organic Premium Craft SKU #441,Organic Home & Kitchenware,544,1143,98,VND-1156,TRUE,Myntra
PRD-5442,SKU-HAN-0442,Handloom Premium Craft SKU #442,Handloom Bed Linen & Curtains,631,1235,36,VND-1129,TRUE,Myntra
PRD-5443,SKU-SPI-0443,Spices Premium Craft SKU #443,Spices & Gourmet Food Crafts,154,512,75,VND-1212,TRUE,Amazon IN
PRD-5444,SKU-JEW-0444,Jewelry Premium Craft SKU #444,Jewelry & Fashion Accessories,327,976,74,VND-1224,TRUE,Flipkart
PRD-5445,SKU-FOO-0445,Footwear Premium Craft SKU #445,Footwear & Athletic Shoes,1711,4099,93,VND-1203,TRUE,POS Counter
PRD-5446,SKU-STA-0446,Stationery Premium Craft SKU #446,Stationery & Corporate Gifting,2104,6526,30,VND-1066,TRUE,Myntra
PRD-5447,SKU-PET-0447,Pet Premium Craft SKU #447,Pet Care & Organic Treats,1205,2556,20,VND-1105,TRUE,Shopify Storefront
PRD-5448,SKU-KID-0448,Kids Premium Craft SKU #448,Kids Wear & Wooden Toys,179,436,46,VND-1134,TRUE,Amazon IN
PRD-5449,SKU-FIT-0449,Fitness Premium Craft SKU #449,Fitness Gear & Yoga Accessories,1633,3235,74,VND-1105,TRUE,Amazon IN
PRD-5450,SKU-AUT-0450,Automotive Premium Craft SKU #450,Automotive Accessories,2345,5909,66,VND-1067,TRUE,Instagram DM
PRD-5451,SKU-TEX-0451,Textiles Premium Craft SKU #451,Textiles & Handblock Prints,984,2462,91,VND-1102,TRUE,Amazon IN
PRD-5452,SKU-PUR-0452,Pure Premium Craft SKU #452,Pure Silk & Traditional Sarees,2422,6351,59,VND-1144,TRUE,Instagram DM
PRD-5453,SKU-KNI-0453,Knitwear Premium Craft SKU #453,Knitwear & Everyday Apparel,715,2326,35,VND-1102,TRUE,Flipkart
PRD-5454,SKU-BRA-0454,Brass Premium Craft SKU #454,Brass & Artisan Metalcraft,812,1600,85,VND-1201,TRUE,Amazon IN
PRD-5455,SKU-AYU-0455,Ayurvedic Premium Craft SKU #455,Ayurvedic Beauty & Wellness,2405,6839,26,VND-1206,TRUE,Instagram DM
PRD-5456,SKU-LEA-0456,Leather Premium Craft SKU #456,Leather Footwear & Travel Goods,523,1673,80,VND-1002,TRUE,Flipkart
PRD-5457,SKU-ECO-0457,Eco-Friendly Premium Craft SKU #457,Eco-Friendly Packaging,412,925,67,VND-1023,TRUE,Shopify Storefront
PRD-5458,SKU-CON-0458,Consumer Premium Craft SKU #458,Consumer Electronics Accessories,1724,5830,71,VND-1186,TRUE,Myntra
PRD-5459,SKU-ORG-0459,Organic Premium Craft SKU #459,Organic Home & Kitchenware,385,1311,42,VND-1074,TRUE,Flipkart
PRD-5460,SKU-HAN-0460,Handloom Premium Craft SKU #460,Handloom Bed Linen & Curtains,976,3168,86,VND-1003,TRUE,Shopify Storefront
PRD-5461,SKU-SPI-0461,Spices Premium Craft SKU #461,Spices & Gourmet Food Crafts,2241,5998,49,VND-1201,TRUE,Instagram DM
PRD-5462,SKU-JEW-0462,Jewelry Premium Craft SKU #462,Jewelry & Fashion Accessories,1623,3581,20,VND-1010,TRUE,Shopify Storefront
PRD-5463,SKU-FOO-0463,Footwear Premium Craft SKU #463,Footwear & Athletic Shoes,1786,4286,70,VND-1071,TRUE,POS Counter
PRD-5464,SKU-STA-0464,Stationery Premium Craft SKU #464,Stationery & Corporate Gifting,212,647,28,VND-1133,TRUE,Myntra
PRD-5465,SKU-PET-0465,Pet Premium Craft SKU #465,Pet Care & Organic Treats,2440,8187,64,VND-1073,TRUE,Amazon IN
PRD-5466,SKU-KID-0466,Kids Premium Craft SKU #466,Kids Wear & Wooden Toys,946,2434,71,VND-1058,TRUE,Amazon IN
PRD-5467,SKU-FIT-0467,Fitness Premium Craft SKU #467,Fitness Gear & Yoga Accessories,1817,4834,91,VND-1045,TRUE,Amazon IN
PRD-5468,SKU-AUT-0468,Automotive Premium Craft SKU #468,Automotive Accessories,629,1990,52,VND-1088,TRUE,Myntra
PRD-5469,SKU-TEX-0469,Textiles Premium Craft SKU #469,Textiles & Handblock Prints,1963,6757,92,VND-1065,TRUE,POS Counter
PRD-5470,SKU-PUR-0470,Pure Premium Craft SKU #470,Pure Silk & Traditional Sarees,1541,5291,78,VND-1194,TRUE,Myntra
PRD-5471,SKU-KNI-0471,Knitwear Premium Craft SKU #471,Knitwear & Everyday Apparel,262,686,53,VND-1221,TRUE,Instagram DM
PRD-5472,SKU-BRA-0472,Brass Premium Craft SKU #472,Brass & Artisan Metalcraft,1052,3104,49,VND-1202,TRUE,Flipkart
PRD-5473,SKU-AYU-0473,Ayurvedic Premium Craft SKU #473,Ayurvedic Beauty & Wellness,1596,4274,21,VND-1245,TRUE,Amazon IN
PRD-5474,SKU-LEA-0474,Leather Premium Craft SKU #474,Leather Footwear & Travel Goods,1326,2596,63,VND-1064,TRUE,POS Counter
PRD-5475,SKU-ECO-0475,Eco-Friendly Premium Craft SKU #475,Eco-Friendly Packaging,1435,3445,93,VND-1122,TRUE,Instagram DM
PRD-5476,SKU-CON-0476,Consumer Premium Craft SKU #476,Consumer Electronics Accessories,928,2457,45,VND-1175,TRUE,POS Counter
PRD-5477,SKU-ORG-0477,Organic Premium Craft SKU #477,Organic Home & Kitchenware,1237,2661,45,VND-1224,TRUE,Myntra
PRD-5478,SKU-HAN-0478,Handloom Premium Craft SKU #478,Handloom Bed Linen & Curtains,788,2461,35,VND-1092,TRUE,Instagram DM
PRD-5479,SKU-SPI-0479,Spices Premium Craft SKU #479,Spices & Gourmet Food Crafts,2167,6161,89,VND-1245,TRUE,Flipkart
PRD-5480,SKU-JEW-0480,Jewelry Premium Craft SKU #480,Jewelry & Fashion Accessories,1441,3799,93,VND-1096,TRUE,Flipkart
PRD-5481,SKU-FOO-0481,Footwear Premium Craft SKU #481,Footwear & Athletic Shoes,2243,5106,48,VND-1047,TRUE,POS Counter
PRD-5482,SKU-STA-0482,Stationery Premium Craft SKU #482,Stationery & Corporate Gifting,2303,7274,81,VND-1014,TRUE,Shopify Storefront
PRD-5483,SKU-PET-0483,Pet Premium Craft SKU #483,Pet Care & Organic Treats,1572,3881,42,VND-1129,TRUE,Shopify Storefront
PRD-5484,SKU-KID-0484,Kids Premium Craft SKU #484,Kids Wear & Wooden Toys,2272,5866,21,VND-1179,FALSE,POS Counter
PRD-5485,SKU-FIT-0485,Fitness Premium Craft SKU #485,Fitness Gear & Yoga Accessories,562,1322,98,VND-1098,TRUE,POS Counter
PRD-5486,SKU-AUT-0486,Automotive Premium Craft SKU #486,Automotive Accessories,1226,2701,80,VND-1141,TRUE,Amazon IN
PRD-5487,SKU-TEX-0487,Textiles Premium Craft SKU #487,Textiles & Handblock Prints,903,2391,46,VND-1094,TRUE,Amazon IN
PRD-5488,SKU-PUR-0488,Pure Premium Craft SKU #488,Pure Silk & Traditional Sarees,1790,4072,43,VND-1094,TRUE,Myntra
PRD-5489,SKU-KNI-0489,Knitwear Premium Craft SKU #489,Knitwear & Everyday Apparel,1086,3457,54,VND-1176,TRUE,Myntra
PRD-5490,SKU-BRA-0490,Brass Premium Craft SKU #490,Brass & Artisan Metalcraft,1710,3647,39,VND-1111,TRUE,Shopify Storefront
PRD-5491,SKU-AYU-0491,Ayurvedic Premium Craft SKU #491,Ayurvedic Beauty & Wellness,1876,4970,100,VND-1046,TRUE,Instagram DM
PRD-5492,SKU-LEA-0492,Leather Premium Craft SKU #492,Leather Footwear & Travel Goods,2143,4950,91,VND-1081,TRUE,Shopify Storefront
PRD-5493,SKU-ECO-0493,Eco-Friendly Premium Craft SKU #493,Eco-Friendly Packaging,555,1650,27,VND-1102,TRUE,Amazon IN
PRD-5494,SKU-CON-0494,Consumer Premium Craft SKU #494,Consumer Electronics Accessories,544,1395,62,VND-1122,TRUE,Amazon IN
PRD-5495,SKU-ORG-0495,Organic Premium Craft SKU #495,Organic Home & Kitchenware,2433,8233,52,VND-1144,TRUE,Flipkart
PRD-5496,SKU-HAN-0496,Handloom Premium Craft SKU #496,Handloom Bed Linen & Curtains,1588,5199,97,VND-1032,TRUE,Myntra
PRD-5497,SKU-SPI-0497,Spices Premium Craft SKU #497,Spices & Gourmet Food Crafts,2355,4937,56,VND-1167,TRUE,Instagram DM
PRD-5498,SKU-JEW-0498,Jewelry Premium Craft SKU #498,Jewelry & Fashion Accessories,2146,6689,77,VND-1131,TRUE,Flipkart
PRD-5499,SKU-FOO-0499,Footwear Premium Craft SKU #499,Footwear & Athletic Shoes,1323,3424,38,VND-1158,TRUE,Instagram DM
PRD-5500,SKU-STA-0500,Stationery Premium Craft SKU #500,Stationery & Corporate Gifting,1531,3853,98,VND-1207,TRUE,Shopify Storefront
PRD-5501,SKU-PET-0501,Pet Premium Craft SKU #501,Pet Care & Organic Treats,813,1938,60,VND-1021,TRUE,Amazon IN
PRD-5502,SKU-KID-0502,Kids Premium Craft SKU #502,Kids Wear & Wooden Toys,1245,3522,70,VND-1182,TRUE,Flipkart
PRD-5503,SKU-FIT-0503,Fitness Premium Craft SKU #503,Fitness Gear & Yoga Accessories,1637,5027,86,VND-1200,TRUE,Flipkart
PRD-5504,SKU-AUT-0504,Automotive Premium Craft SKU #504,Automotive Accessories,903,2936,36,VND-1043,TRUE,Instagram DM
PRD-5505,SKU-TEX-0505,Textiles Premium Craft SKU #505,Textiles & Handblock Prints,477,1029,70,VND-1065,TRUE,Shopify Storefront
PRD-5506,SKU-PUR-0506,Pure Premium Craft SKU #506,Pure Silk & Traditional Sarees,2088,5705,23,VND-1240,TRUE,Myntra
PRD-5507,SKU-KNI-0507,Knitwear Premium Craft SKU #507,Knitwear & Everyday Apparel,490,968,99,VND-1196,TRUE,Instagram DM
PRD-5508,SKU-BRA-0508,Brass Premium Craft SKU #508,Brass & Artisan Metalcraft,1746,4061,51,VND-1239,TRUE,Flipkart
PRD-5509,SKU-AYU-0509,Ayurvedic Premium Craft SKU #509,Ayurvedic Beauty & Wellness,667,1349,41,VND-1161,FALSE,Instagram DM
PRD-5510,SKU-LEA-0510,Leather Premium Craft SKU #510,Leather Footwear & Travel Goods,1482,4844,79,VND-1092,TRUE,Myntra
PRD-5511,SKU-ECO-0511,Eco-Friendly Premium Craft SKU #511,Eco-Friendly Packaging,1265,3456,37,VND-1240,TRUE,Instagram DM
PRD-5512,SKU-CON-0512,Consumer Premium Craft SKU #512,Consumer Electronics Accessories,875,2453,78,VND-1139,TRUE,Instagram DM
PRD-5513,SKU-ORG-0513,Organic Premium Craft SKU #513,Organic Home & Kitchenware,2460,6247,88,VND-1225,TRUE,Amazon IN
PRD-5514,SKU-HAN-0514,Handloom Premium Craft SKU #514,Handloom Bed Linen & Curtains,2360,5159,31,VND-1124,TRUE,Amazon IN
PRD-5515,SKU-SPI-0515,Spices Premium Craft SKU #515,Spices & Gourmet Food Crafts,1214,2506,21,VND-1106,FALSE,POS Counter
PRD-5516,SKU-JEW-0516,Jewelry Premium Craft SKU #516,Jewelry & Fashion Accessories,1324,3439,21,VND-1089,TRUE,Flipkart
PRD-5517,SKU-FOO-0517,Footwear Premium Craft SKU #517,Footwear & Athletic Shoes,2104,4858,75,VND-1243,TRUE,Myntra
PRD-5518,SKU-STA-0518,Stationery Premium Craft SKU #518,Stationery & Corporate Gifting,179,489,44,VND-1060,TRUE,Myntra
PRD-5519,SKU-PET-0519,Pet Premium Craft SKU #519,Pet Care & Organic Treats,1766,3929,69,VND-1112,TRUE,POS Counter
PRD-5520,SKU-KID-0520,Kids Premium Craft SKU #520,Kids Wear & Wooden Toys,474,1193,50,VND-1068,TRUE,Myntra
PRD-5521,SKU-FIT-0521,Fitness Premium Craft SKU #521,Fitness Gear & Yoga Accessories,1263,2884,88,VND-1207,TRUE,Flipkart
PRD-5522,SKU-AUT-0522,Automotive Premium Craft SKU #522,Automotive Accessories,430,907,57,VND-1049,TRUE,Flipkart
PRD-5523,SKU-TEX-0523,Textiles Premium Craft SKU #523,Textiles & Handblock Prints,2004,4534,99,VND-1159,TRUE,Amazon IN
PRD-5524,SKU-PUR-0524,Pure Premium Craft SKU #524,Pure Silk & Traditional Sarees,773,1456,88,VND-1005,FALSE,Shopify Storefront
PRD-5525,SKU-KNI-0525,Knitwear Premium Craft SKU #525,Knitwear & Everyday Apparel,1252,2519,76,VND-1073,TRUE,POS Counter
PRD-5526,SKU-BRA-0526,Brass Premium Craft SKU #526,Brass & Artisan Metalcraft,767,1399,47,VND-1024,TRUE,Amazon IN
PRD-5527,SKU-AYU-0527,Ayurvedic Premium Craft SKU #527,Ayurvedic Beauty & Wellness,2191,7660,79,VND-1202,TRUE,Shopify Storefront
PRD-5528,SKU-LEA-0528,Leather Premium Craft SKU #528,Leather Footwear & Travel Goods,478,1545,38,VND-1085,TRUE,Flipkart
PRD-5529,SKU-ECO-0529,Eco-Friendly Premium Craft SKU #529,Eco-Friendly Packaging,2374,6170,44,VND-1019,TRUE,Amazon IN
PRD-5530,SKU-CON-0530,Consumer Premium Craft SKU #530,Consumer Electronics Accessories,1712,5492,35,VND-1210,TRUE,Instagram DM
PRD-5531,SKU-ORG-0531,Organic Premium Craft SKU #531,Organic Home & Kitchenware,1726,5369,76,VND-1064,TRUE,Shopify Storefront
PRD-5532,SKU-HAN-0532,Handloom Premium Craft SKU #532,Handloom Bed Linen & Curtains,2037,6212,32,VND-1051,TRUE,POS Counter
PRD-5533,SKU-SPI-0533,Spices Premium Craft SKU #533,Spices & Gourmet Food Crafts,1743,5156,59,VND-1122,TRUE,POS Counter
PRD-5534,SKU-JEW-0534,Jewelry Premium Craft SKU #534,Jewelry & Fashion Accessories,322,987,90,VND-1162,TRUE,Amazon IN
PRD-5535,SKU-FOO-0535,Footwear Premium Craft SKU #535,Footwear & Athletic Shoes,1373,2935,26,VND-1124,TRUE,POS Counter
PRD-5536,SKU-STA-0536,Stationery Premium Craft SKU #536,Stationery & Corporate Gifting,612,1347,75,VND-1250,TRUE,POS Counter
PRD-5537,SKU-PET-0537,Pet Premium Craft SKU #537,Pet Care & Organic Treats,1280,3576,70,VND-1204,TRUE,Shopify Storefront
PRD-5538,SKU-KID-0538,Kids Premium Craft SKU #538,Kids Wear & Wooden Toys,322,897,80,VND-1249,TRUE,POS Counter
PRD-5539,SKU-FIT-0539,Fitness Premium Craft SKU #539,Fitness Gear & Yoga Accessories,516,1146,83,VND-1096,TRUE,Myntra
PRD-5540,SKU-AUT-0540,Automotive Premium Craft SKU #540,Automotive Accessories,395,751,39,VND-1087,TRUE,Shopify Storefront
PRD-5541,SKU-TEX-0541,Textiles Premium Craft SKU #541,Textiles & Handblock Prints,2148,4716,91,VND-1033,TRUE,Amazon IN
PRD-5542,SKU-PUR-0542,Pure Premium Craft SKU #542,Pure Silk & Traditional Sarees,1946,5928,22,VND-1207,TRUE,Amazon IN
PRD-5543,SKU-KNI-0543,Knitwear Premium Craft SKU #543,Knitwear & Everyday Apparel,701,1560,25,VND-1186,TRUE,Flipkart
PRD-5544,SKU-BRA-0544,Brass Premium Craft SKU #544,Brass & Artisan Metalcraft,1357,3694,82,VND-1144,TRUE,POS Counter
PRD-5545,SKU-AYU-0545,Ayurvedic Premium Craft SKU #545,Ayurvedic Beauty & Wellness,1574,3699,79,VND-1140,TRUE,Myntra
PRD-5546,SKU-LEA-0546,Leather Premium Craft SKU #546,Leather Footwear & Travel Goods,2421,5017,87,VND-1235,TRUE,Amazon IN
PRD-5547,SKU-ECO-0547,Eco-Friendly Premium Craft SKU #547,Eco-Friendly Packaging,1228,3341,78,VND-1210,FALSE,Instagram DM
PRD-5548,SKU-CON-0548,Consumer Premium Craft SKU #548,Consumer Electronics Accessories,1702,5186,22,VND-1130,TRUE,Amazon IN
PRD-5549,SKU-ORG-0549,Organic Premium Craft SKU #549,Organic Home & Kitchenware,1128,2645,28,VND-1199,TRUE,Myntra
PRD-5550,SKU-HAN-0550,Handloom Premium Craft SKU #550,Handloom Bed Linen & Curtains,1737,3687,83,VND-1210,TRUE,POS Counter
PRD-5551,SKU-SPI-0551,Spices Premium Craft SKU #551,Spices & Gourmet Food Crafts,1309,3074,61,VND-1157,TRUE,Myntra
PRD-5552,SKU-JEW-0552,Jewelry Premium Craft SKU #552,Jewelry & Fashion Accessories,423,792,36,VND-1169,TRUE,Shopify Storefront
PRD-5553,SKU-FOO-0553,Footwear Premium Craft SKU #553,Footwear & Athletic Shoes,588,1543,32,VND-1052,FALSE,Instagram DM
PRD-5554,SKU-STA-0554,Stationery Premium Craft SKU #554,Stationery & Corporate Gifting,1741,5081,87,VND-1215,TRUE,Myntra
PRD-5555,SKU-PET-0555,Pet Premium Craft SKU #555,Pet Care & Organic Treats,351,850,97,VND-1066,TRUE,Shopify Storefront
PRD-5556,SKU-KID-0556,Kids Premium Craft SKU #556,Kids Wear & Wooden Toys,1004,2926,30,VND-1239,TRUE,Instagram DM
PRD-5557,SKU-FIT-0557,Fitness Premium Craft SKU #557,Fitness Gear & Yoga Accessories,1628,4474,73,VND-1016,TRUE,Instagram DM
PRD-5558,SKU-AUT-0558,Automotive Premium Craft SKU #558,Automotive Accessories,1238,3341,29,VND-1015,TRUE,Shopify Storefront
PRD-5559,SKU-TEX-0559,Textiles Premium Craft SKU #559,Textiles & Handblock Prints,1034,3549,32,VND-1242,TRUE,POS Counter
PRD-5560,SKU-PUR-0560,Pure Premium Craft SKU #560,Pure Silk & Traditional Sarees,1728,3666,87,VND-1137,TRUE,Myntra
PRD-5561,SKU-KNI-0561,Knitwear Premium Craft SKU #561,Knitwear & Everyday Apparel,882,2424,91,VND-1161,TRUE,Shopify Storefront
PRD-5562,SKU-BRA-0562,Brass Premium Craft SKU #562,Brass & Artisan Metalcraft,1616,4761,74,VND-1197,TRUE,POS Counter
PRD-5563,SKU-AYU-0563,Ayurvedic Premium Craft SKU #563,Ayurvedic Beauty & Wellness,888,2428,84,VND-1203,TRUE,POS Counter
PRD-5564,SKU-LEA-0564,Leather Premium Craft SKU #564,Leather Footwear & Travel Goods,1964,6652,60,VND-1137,TRUE,Amazon IN
PRD-5565,SKU-ECO-0565,Eco-Friendly Premium Craft SKU #565,Eco-Friendly Packaging,1672,4181,75,VND-1217,TRUE,Amazon IN
PRD-5566,SKU-CON-0566,Consumer Premium Craft SKU #566,Consumer Electronics Accessories,1135,3129,47,VND-1156,TRUE,Myntra
PRD-5567,SKU-ORG-0567,Organic Premium Craft SKU #567,Organic Home & Kitchenware,1190,2870,77,VND-1238,TRUE,Flipkart
PRD-5568,SKU-HAN-0568,Handloom Premium Craft SKU #568,Handloom Bed Linen & Curtains,291,1010,96,VND-1001,FALSE,POS Counter
PRD-5569,SKU-SPI-0569,Spices Premium Craft SKU #569,Spices & Gourmet Food Crafts,1386,2510,48,VND-1228,TRUE,Amazon IN
PRD-5570,SKU-JEW-0570,Jewelry Premium Craft SKU #570,Jewelry & Fashion Accessories,1280,4303,85,VND-1006,TRUE,Myntra
PRD-5571,SKU-FOO-0571,Footwear Premium Craft SKU #571,Footwear & Athletic Shoes,536,999,65,VND-1040,TRUE,Amazon IN
PRD-5572,SKU-STA-0572,Stationery Premium Craft SKU #572,Stationery & Corporate Gifting,1173,2576,58,VND-1094,TRUE,Flipkart
PRD-5573,SKU-PET-0573,Pet Premium Craft SKU #573,Pet Care & Organic Treats,1040,3170,61,VND-1146,TRUE,POS Counter
PRD-5574,SKU-KID-0574,Kids Premium Craft SKU #574,Kids Wear & Wooden Toys,540,1518,58,VND-1125,FALSE,Myntra
PRD-5575,SKU-FIT-0575,Fitness Premium Craft SKU #575,Fitness Gear & Yoga Accessories,471,1472,62,VND-1098,TRUE,Flipkart
PRD-5576,SKU-AUT-0576,Automotive Premium Craft SKU #576,Automotive Accessories,643,2108,49,VND-1107,TRUE,Myntra
PRD-5577,SKU-TEX-0577,Textiles Premium Craft SKU #577,Textiles & Handblock Prints,196,564,100,VND-1238,TRUE,Amazon IN
PRD-5578,SKU-PUR-0578,Pure Premium Craft SKU #578,Pure Silk & Traditional Sarees,318,745,92,VND-1135,TRUE,Myntra
PRD-5579,SKU-KNI-0579,Knitwear Premium Craft SKU #579,Knitwear & Everyday Apparel,1054,2171,70,VND-1179,TRUE,Myntra
PRD-5580,SKU-BRA-0580,Brass Premium Craft SKU #580,Brass & Artisan Metalcraft,2217,4330,75,VND-1148,TRUE,Flipkart
PRD-5581,SKU-AYU-0581,Ayurvedic Premium Craft SKU #581,Ayurvedic Beauty & Wellness,691,1638,80,VND-1038,TRUE,Shopify Storefront
PRD-5582,SKU-LEA-0582,Leather Premium Craft SKU #582,Leather Footwear & Travel Goods,1785,4009,71,VND-1141,TRUE,Instagram DM
PRD-5583,SKU-ECO-0583,Eco-Friendly Premium Craft SKU #583,Eco-Friendly Packaging,702,1837,45,VND-1034,TRUE,Instagram DM
PRD-5584,SKU-CON-0584,Consumer Premium Craft SKU #584,Consumer Electronics Accessories,953,2624,87,VND-1147,TRUE,Shopify Storefront
PRD-5585,SKU-ORG-0585,Organic Premium Craft SKU #585,Organic Home & Kitchenware,1911,4490,93,VND-1069,TRUE,Instagram DM
PRD-5586,SKU-HAN-0586,Handloom Premium Craft SKU #586,Handloom Bed Linen & Curtains,1884,4561,44,VND-1106,TRUE,Myntra
PRD-5587,SKU-SPI-0587,Spices Premium Craft SKU #587,Spices & Gourmet Food Crafts,249,774,41,VND-1168,TRUE,Myntra
PRD-5588,SKU-JEW-0588,Jewelry Premium Craft SKU #588,Jewelry & Fashion Accessories,1961,5607,76,VND-1211,FALSE,POS Counter
PRD-5589,SKU-FOO-0589,Footwear Premium Craft SKU #589,Footwear & Athletic Shoes,1681,3471,30,VND-1052,TRUE,Shopify Storefront
PRD-5590,SKU-STA-0590,Stationery Premium Craft SKU #590,Stationery & Corporate Gifting,754,2470,56,VND-1063,FALSE,Instagram DM
PRD-5591,SKU-PET-0591,Pet Premium Craft SKU #591,Pet Care & Organic Treats,605,1402,80,VND-1206,FALSE,POS Counter
PRD-5592,SKU-KID-0592,Kids Premium Craft SKU #592,Kids Wear & Wooden Toys,2353,5082,89,VND-1190,TRUE,Amazon IN
PRD-5593,SKU-FIT-0593,Fitness Premium Craft SKU #593,Fitness Gear & Yoga Accessories,2128,6084,38,VND-1141,TRUE,Instagram DM
PRD-5594,SKU-AUT-0594,Automotive Premium Craft SKU #594,Automotive Accessories,1692,4722,87,VND-1005,FALSE,POS Counter
PRD-5595,SKU-TEX-0595,Textiles Premium Craft SKU #595,Textiles & Handblock Prints,1313,2811,99,VND-1016,TRUE,Flipkart
PRD-5596,SKU-PUR-0596,Pure Premium Craft SKU #596,Pure Silk & Traditional Sarees,184,352,54,VND-1168,TRUE,Instagram DM
PRD-5597,SKU-KNI-0597,Knitwear Premium Craft SKU #597,Knitwear & Everyday Apparel,591,1082,69,VND-1093,TRUE,Flipkart
PRD-5598,SKU-BRA-0598,Brass Premium Craft SKU #598,Brass & Artisan Metalcraft,557,1858,82,VND-1131,TRUE,Myntra
PRD-5599,SKU-AYU-0599,Ayurvedic Premium Craft SKU #599,Ayurvedic Beauty & Wellness,913,1952,78,VND-1023,TRUE,Instagram DM
PRD-5600,SKU-LEA-0600,Leather Premium Craft SKU #600,Leather Footwear & Travel Goods,312,692,87,VND-1006,TRUE,Flipkart
PRD-5601,SKU-ECO-0601,Eco-Friendly Premium Craft SKU #601,Eco-Friendly Packaging,793,1452,65,VND-1101,TRUE,Amazon IN
PRD-5602,SKU-CON-0602,Consumer Premium Craft SKU #602,Consumer Electronics Accessories,2203,4998,27,VND-1061,TRUE,Flipkart
PRD-5603,SKU-ORG-0603,Organic Premium Craft SKU #603,Organic Home & Kitchenware,270,919,55,VND-1228,TRUE,Amazon IN
PRD-5604,SKU-HAN-0604,Handloom Premium Craft SKU #604,Handloom Bed Linen & Curtains,1759,5130,31,VND-1230,TRUE,Myntra
PRD-5605,SKU-SPI-0605,Spices Premium Craft SKU #605,Spices & Gourmet Food Crafts,1081,2712,93,VND-1246,TRUE,Amazon IN
PRD-5606,SKU-JEW-0606,Jewelry Premium Craft SKU #606,Jewelry & Fashion Accessories,1498,3840,36,VND-1233,TRUE,POS Counter
PRD-5607,SKU-FOO-0607,Footwear Premium Craft SKU #607,Footwear & Athletic Shoes,2367,7013,45,VND-1149,TRUE,Amazon IN
PRD-5608,SKU-STA-0608,Stationery Premium Craft SKU #608,Stationery & Corporate Gifting,2295,7679,75,VND-1177,TRUE,POS Counter
PRD-5609,SKU-PET-0609,Pet Premium Craft SKU #609,Pet Care & Organic Treats,2463,8273,60,VND-1168,TRUE,Myntra
PRD-5610,SKU-KID-0610,Kids Premium Craft SKU #610,Kids Wear & Wooden Toys,634,1339,38,VND-1243,TRUE,Amazon IN
PRD-5611,SKU-FIT-0611,Fitness Premium Craft SKU #611,Fitness Gear & Yoga Accessories,1845,6335,58,VND-1226,TRUE,Instagram DM
PRD-5612,SKU-AUT-0612,Automotive Premium Craft SKU #612,Automotive Accessories,1271,2616,44,VND-1239,TRUE,POS Counter
PRD-5613,SKU-TEX-0613,Textiles Premium Craft SKU #613,Textiles & Handblock Prints,1243,3517,98,VND-1007,TRUE,POS Counter
PRD-5614,SKU-PUR-0614,Pure Premium Craft SKU #614,Pure Silk & Traditional Sarees,256,617,81,VND-1060,TRUE,Myntra
PRD-5615,SKU-KNI-0615,Knitwear Premium Craft SKU #615,Knitwear & Everyday Apparel,1681,3551,69,VND-1121,TRUE,POS Counter
PRD-5616,SKU-BRA-0616,Brass Premium Craft SKU #616,Brass & Artisan Metalcraft,941,2055,72,VND-1042,TRUE,Shopify Storefront
PRD-5617,SKU-AYU-0617,Ayurvedic Premium Craft SKU #617,Ayurvedic Beauty & Wellness,1255,4286,48,VND-1237,TRUE,POS Counter
PRD-5618,SKU-LEA-0618,Leather Premium Craft SKU #618,Leather Footwear & Travel Goods,987,1887,76,VND-1194,TRUE,Flipkart
PRD-5619,SKU-ECO-0619,Eco-Friendly Premium Craft SKU #619,Eco-Friendly Packaging,1480,4844,51,VND-1177,TRUE,Shopify Storefront
PRD-5620,SKU-CON-0620,Consumer Premium Craft SKU #620,Consumer Electronics Accessories,1708,5165,70,VND-1156,TRUE,Instagram DM
PRD-5621,SKU-ORG-0621,Organic Premium Craft SKU #621,Organic Home & Kitchenware,2346,6317,24,VND-1147,TRUE,Flipkart
PRD-5622,SKU-HAN-0622,Handloom Premium Craft SKU #622,Handloom Bed Linen & Curtains,323,1063,51,VND-1117,TRUE,Flipkart
PRD-5623,SKU-SPI-0623,Spices Premium Craft SKU #623,Spices & Gourmet Food Crafts,310,851,86,VND-1189,TRUE,Shopify Storefront
PRD-5624,SKU-JEW-0624,Jewelry Premium Craft SKU #624,Jewelry & Fashion Accessories,1342,3418,58,VND-1049,TRUE,Amazon IN
PRD-5625,SKU-FOO-0625,Footwear Premium Craft SKU #625,Footwear & Athletic Shoes,831,2092,98,VND-1119,TRUE,Instagram DM
PRD-5626,SKU-STA-0626,Stationery Premium Craft SKU #626,Stationery & Corporate Gifting,732,1894,77,VND-1133,TRUE,Myntra
PRD-5627,SKU-PET-0627,Pet Premium Craft SKU #627,Pet Care & Organic Treats,886,2767,89,VND-1029,TRUE,Flipkart
PRD-5628,SKU-KID-0628,Kids Premium Craft SKU #628,Kids Wear & Wooden Toys,1996,3677,78,VND-1083,TRUE,Instagram DM
PRD-5629,SKU-FIT-0629,Fitness Premium Craft SKU #629,Fitness Gear & Yoga Accessories,977,3224,31,VND-1230,TRUE,Instagram DM
PRD-5630,SKU-AUT-0630,Automotive Premium Craft SKU #630,Automotive Accessories,821,2480,35,VND-1167,TRUE,Instagram DM
PRD-5631,SKU-TEX-0631,Textiles Premium Craft SKU #631,Textiles & Handblock Prints,1636,3182,69,VND-1116,TRUE,Myntra
PRD-5632,SKU-PUR-0632,Pure Premium Craft SKU #632,Pure Silk & Traditional Sarees,804,1964,68,VND-1157,FALSE,POS Counter
PRD-5633,SKU-KNI-0633,Knitwear Premium Craft SKU #633,Knitwear & Everyday Apparel,1522,4202,39,VND-1234,TRUE,POS Counter
PRD-5634,SKU-BRA-0634,Brass Premium Craft SKU #634,Brass & Artisan Metalcraft,360,904,59,VND-1046,TRUE,Flipkart
PRD-5635,SKU-AYU-0635,Ayurvedic Premium Craft SKU #635,Ayurvedic Beauty & Wellness,890,1779,36,VND-1074,TRUE,Shopify Storefront
PRD-5636,SKU-LEA-0636,Leather Premium Craft SKU #636,Leather Footwear & Travel Goods,1186,2159,83,VND-1160,TRUE,Myntra
PRD-5637,SKU-ECO-0637,Eco-Friendly Premium Craft SKU #637,Eco-Friendly Packaging,173,490,83,VND-1207,TRUE,Myntra
PRD-5638,SKU-CON-0638,Consumer Premium Craft SKU #638,Consumer Electronics Accessories,2098,5394,76,VND-1169,TRUE,Myntra
PRD-5639,SKU-ORG-0639,Organic Premium Craft SKU #639,Organic Home & Kitchenware,1152,3801,55,VND-1002,TRUE,Myntra
PRD-5640,SKU-HAN-0640,Handloom Premium Craft SKU #640,Handloom Bed Linen & Curtains,1000,1883,38,VND-1210,TRUE,Amazon IN
PRD-5641,SKU-SPI-0641,Spices Premium Craft SKU #641,Spices & Gourmet Food Crafts,745,2422,93,VND-1010,TRUE,Amazon IN
PRD-5642,SKU-JEW-0642,Jewelry Premium Craft SKU #642,Jewelry & Fashion Accessories,509,958,73,VND-1085,TRUE,POS Counter
PRD-5643,SKU-FOO-0643,Footwear Premium Craft SKU #643,Footwear & Athletic Shoes,1314,3730,96,VND-1173,TRUE,Myntra
PRD-5644,SKU-STA-0644,Stationery Premium Craft SKU #644,Stationery & Corporate Gifting,2015,6193,66,VND-1046,TRUE,Shopify Storefront
PRD-5645,SKU-PET-0645,Pet Premium Craft SKU #645,Pet Care & Organic Treats,1375,3229,68,VND-1197,TRUE,Flipkart
PRD-5646,SKU-KID-0646,Kids Premium Craft SKU #646,Kids Wear & Wooden Toys,2404,4592,80,VND-1216,TRUE,Instagram DM
PRD-5647,SKU-FIT-0647,Fitness Premium Craft SKU #647,Fitness Gear & Yoga Accessories,1274,3006,72,VND-1221,TRUE,Instagram DM
PRD-5648,SKU-AUT-0648,Automotive Premium Craft SKU #648,Automotive Accessories,388,770,100,VND-1054,TRUE,Shopify Storefront
PRD-5649,SKU-TEX-0649,Textiles Premium Craft SKU #649,Textiles & Handblock Prints,1326,3349,60,VND-1124,TRUE,Myntra
PRD-5650,SKU-PUR-0650,Pure Premium Craft SKU #650,Pure Silk & Traditional Sarees,1599,5398,98,VND-1160,TRUE,Myntra
PRD-5651,SKU-KNI-0651,Knitwear Premium Craft SKU #651,Knitwear & Everyday Apparel,2188,5770,43,VND-1187,TRUE,POS Counter
PRD-5652,SKU-BRA-0652,Brass Premium Craft SKU #652,Brass & Artisan Metalcraft,1339,4639,20,VND-1182,TRUE,Flipkart
PRD-5653,SKU-AYU-0653,Ayurvedic Premium Craft SKU #653,Ayurvedic Beauty & Wellness,633,1932,46,VND-1161,TRUE,Flipkart
PRD-5654,SKU-LEA-0654,Leather Premium Craft SKU #654,Leather Footwear & Travel Goods,336,795,91,VND-1106,TRUE,POS Counter
PRD-5655,SKU-ECO-0655,Eco-Friendly Premium Craft SKU #655,Eco-Friendly Packaging,974,2895,52,VND-1003,TRUE,Amazon IN
PRD-5656,SKU-CON-0656,Consumer Premium Craft SKU #656,Consumer Electronics Accessories,2225,6085,20,VND-1077,TRUE,Amazon IN
PRD-5657,SKU-ORG-0657,Organic Premium Craft SKU #657,Organic Home & Kitchenware,1772,5371,98,VND-1088,TRUE,POS Counter
PRD-5658,SKU-HAN-0658,Handloom Premium Craft SKU #658,Handloom Bed Linen & Curtains,1503,4835,81,VND-1050,TRUE,Shopify Storefront
PRD-5659,SKU-SPI-0659,Spices Premium Craft SKU #659,Spices & Gourmet Food Crafts,706,1848,100,VND-1166,TRUE,Myntra
PRD-5660,SKU-JEW-0660,Jewelry Premium Craft SKU #660,Jewelry & Fashion Accessories,1522,3936,72,VND-1230,TRUE,Shopify Storefront
PRD-5661,SKU-FOO-0661,Footwear Premium Craft SKU #661,Footwear & Athletic Shoes,2284,5273,60,VND-1214,TRUE,Shopify Storefront
PRD-5662,SKU-STA-0662,Stationery Premium Craft SKU #662,Stationery & Corporate Gifting,1508,4764,65,VND-1054,TRUE,POS Counter
PRD-5663,SKU-PET-0663,Pet Premium Craft SKU #663,Pet Care & Organic Treats,277,658,68,VND-1072,TRUE,POS Counter
PRD-5664,SKU-KID-0664,Kids Premium Craft SKU #664,Kids Wear & Wooden Toys,1745,3696,34,VND-1147,TRUE,Amazon IN
PRD-5665,SKU-FIT-0665,Fitness Premium Craft SKU #665,Fitness Gear & Yoga Accessories,1438,4323,54,VND-1181,TRUE,Flipkart
PRD-5666,SKU-AUT-0666,Automotive Premium Craft SKU #666,Automotive Accessories,1123,2730,58,VND-1225,TRUE,Amazon IN
PRD-5667,SKU-TEX-0667,Textiles Premium Craft SKU #667,Textiles & Handblock Prints,609,1483,24,VND-1045,TRUE,Shopify Storefront
PRD-5668,SKU-PUR-0668,Pure Premium Craft SKU #668,Pure Silk & Traditional Sarees,2222,4093,81,VND-1114,TRUE,POS Counter
PRD-5669,SKU-KNI-0669,Knitwear Premium Craft SKU #669,Knitwear & Everyday Apparel,1543,5200,87,VND-1049,TRUE,Amazon IN
PRD-5670,SKU-BRA-0670,Brass Premium Craft SKU #670,Brass & Artisan Metalcraft,552,1765,86,VND-1037,TRUE,POS Counter
PRD-5671,SKU-AYU-0671,Ayurvedic Premium Craft SKU #671,Ayurvedic Beauty & Wellness,299,771,86,VND-1053,TRUE,Amazon IN
PRD-5672,SKU-LEA-0672,Leather Premium Craft SKU #672,Leather Footwear & Travel Goods,330,979,96,VND-1239,TRUE,Amazon IN
PRD-5673,SKU-ECO-0673,Eco-Friendly Premium Craft SKU #673,Eco-Friendly Packaging,338,667,59,VND-1120,FALSE,Amazon IN
PRD-5674,SKU-CON-0674,Consumer Premium Craft SKU #674,Consumer Electronics Accessories,1009,2366,44,VND-1164,TRUE,Myntra
PRD-5675,SKU-ORG-0675,Organic Premium Craft SKU #675,Organic Home & Kitchenware,1956,5752,54,VND-1082,TRUE,Amazon IN
PRD-5676,SKU-HAN-0676,Handloom Premium Craft SKU #676,Handloom Bed Linen & Curtains,212,726,91,VND-1030,TRUE,POS Counter
PRD-5677,SKU-SPI-0677,Spices Premium Craft SKU #677,Spices & Gourmet Food Crafts,1584,4330,54,VND-1139,TRUE,Instagram DM
PRD-5678,SKU-JEW-0678,Jewelry Premium Craft SKU #678,Jewelry & Fashion Accessories,1310,3636,41,VND-1206,TRUE,Myntra
PRD-5679,SKU-FOO-0679,Footwear Premium Craft SKU #679,Footwear & Athletic Shoes,1537,4179,26,VND-1229,TRUE,Flipkart
PRD-5680,SKU-STA-0680,Stationery Premium Craft SKU #680,Stationery & Corporate Gifting,356,704,26,VND-1232,TRUE,Flipkart
PRD-5681,SKU-PET-0681,Pet Premium Craft SKU #681,Pet Care & Organic Treats,1976,5627,59,VND-1046,TRUE,POS Counter
PRD-5682,SKU-KID-0682,Kids Premium Craft SKU #682,Kids Wear & Wooden Toys,2335,4514,79,VND-1183,TRUE,Shopify Storefront
PRD-5683,SKU-FIT-0683,Fitness Premium Craft SKU #683,Fitness Gear & Yoga Accessories,2068,4064,59,VND-1209,TRUE,Instagram DM
PRD-5684,SKU-AUT-0684,Automotive Premium Craft SKU #684,Automotive Accessories,2056,5345,48,VND-1197,TRUE,Myntra
PRD-5685,SKU-TEX-0685,Textiles Premium Craft SKU #685,Textiles & Handblock Prints,1638,4040,62,VND-1067,TRUE,Amazon IN
PRD-5686,SKU-PUR-0686,Pure Premium Craft SKU #686,Pure Silk & Traditional Sarees,2146,3973,80,VND-1117,TRUE,Flipkart
PRD-5687,SKU-KNI-0687,Knitwear Premium Craft SKU #687,Knitwear & Everyday Apparel,849,1935,64,VND-1119,TRUE,POS Counter
PRD-5688,SKU-BRA-0688,Brass Premium Craft SKU #688,Brass & Artisan Metalcraft,571,1421,33,VND-1131,TRUE,Instagram DM
PRD-5689,SKU-AYU-0689,Ayurvedic Premium Craft SKU #689,Ayurvedic Beauty & Wellness,1387,3752,71,VND-1019,TRUE,POS Counter
PRD-5690,SKU-LEA-0690,Leather Premium Craft SKU #690,Leather Footwear & Travel Goods,1148,3135,81,VND-1159,TRUE,Amazon IN
PRD-5691,SKU-ECO-0691,Eco-Friendly Premium Craft SKU #691,Eco-Friendly Packaging,1915,6000,75,VND-1054,TRUE,Amazon IN
PRD-5692,SKU-CON-0692,Consumer Premium Craft SKU #692,Consumer Electronics Accessories,1117,2339,29,VND-1140,TRUE,Instagram DM
PRD-5693,SKU-ORG-0693,Organic Premium Craft SKU #693,Organic Home & Kitchenware,2143,4273,96,VND-1147,TRUE,Myntra
PRD-5694,SKU-HAN-0694,Handloom Premium Craft SKU #694,Handloom Bed Linen & Curtains,1973,4142,71,VND-1025,TRUE,Shopify Storefront
PRD-5695,SKU-SPI-0695,Spices Premium Craft SKU #695,Spices & Gourmet Food Crafts,1702,4010,27,VND-1176,TRUE,POS Counter
PRD-5696,SKU-JEW-0696,Jewelry Premium Craft SKU #696,Jewelry & Fashion Accessories,150,463,39,VND-1228,TRUE,Amazon IN
PRD-5697,SKU-FOO-0697,Footwear Premium Craft SKU #697,Footwear & Athletic Shoes,1981,4224,60,VND-1100,TRUE,Instagram DM
PRD-5698,SKU-STA-0698,Stationery Premium Craft SKU #698,Stationery & Corporate Gifting,1930,5829,64,VND-1078,TRUE,Myntra
PRD-5699,SKU-PET-0699,Pet Premium Craft SKU #699,Pet Care & Organic Treats,2240,5571,36,VND-1003,TRUE,Shopify Storefront
PRD-5700,SKU-KID-0700,Kids Premium Craft SKU #700,Kids Wear & Wooden Toys,2398,8262,20,VND-1095,TRUE,Amazon IN
PRD-5701,SKU-FIT-0701,Fitness Premium Craft SKU #701,Fitness Gear & Yoga Accessories,1305,4269,50,VND-1029,TRUE,Myntra
PRD-5702,SKU-AUT-0702,Automotive Premium Craft SKU #702,Automotive Accessories,1453,4373,71,VND-1101,TRUE,Myntra
PRD-5703,SKU-TEX-0703,Textiles Premium Craft SKU #703,Textiles & Handblock Prints,860,2242,44,VND-1055,TRUE,Amazon IN
PRD-5704,SKU-PUR-0704,Pure Premium Craft SKU #704,Pure Silk & Traditional Sarees,1858,3831,36,VND-1216,TRUE,Shopify Storefront
PRD-5705,SKU-KNI-0705,Knitwear Premium Craft SKU #705,Knitwear & Everyday Apparel,214,437,82,VND-1166,TRUE,POS Counter
PRD-5706,SKU-BRA-0706,Brass Premium Craft SKU #706,Brass & Artisan Metalcraft,712,2058,73,VND-1022,TRUE,Instagram DM
PRD-5707,SKU-AYU-0707,Ayurvedic Premium Craft SKU #707,Ayurvedic Beauty & Wellness,1893,5413,78,VND-1155,TRUE,Myntra
PRD-5708,SKU-LEA-0708,Leather Premium Craft SKU #708,Leather Footwear & Travel Goods,1993,4890,48,VND-1210,TRUE,Myntra
PRD-5709,SKU-ECO-0709,Eco-Friendly Premium Craft SKU #709,Eco-Friendly Packaging,2190,7094,50,VND-1002,TRUE,Amazon IN
PRD-5710,SKU-CON-0710,Consumer Premium Craft SKU #710,Consumer Electronics Accessories,2387,6635,24,VND-1106,TRUE,Myntra
PRD-5711,SKU-ORG-0711,Organic Premium Craft SKU #711,Organic Home & Kitchenware,1659,3305,81,VND-1124,TRUE,Shopify Storefront
PRD-5712,SKU-HAN-0712,Handloom Premium Craft SKU #712,Handloom Bed Linen & Curtains,2306,8006,55,VND-1037,TRUE,Shopify Storefront
PRD-5713,SKU-SPI-0713,Spices Premium Craft SKU #713,Spices & Gourmet Food Crafts,512,1135,100,VND-1134,TRUE,Instagram DM
PRD-5714,SKU-JEW-0714,Jewelry Premium Craft SKU #714,Jewelry & Fashion Accessories,2358,7443,59,VND-1020,TRUE,Amazon IN
PRD-5715,SKU-FOO-0715,Footwear Premium Craft SKU #715,Footwear & Athletic Shoes,194,503,85,VND-1137,TRUE,Myntra
PRD-5716,SKU-STA-0716,Stationery Premium Craft SKU #716,Stationery & Corporate Gifting,1507,3791,57,VND-1188,TRUE,Shopify Storefront
PRD-5717,SKU-PET-0717,Pet Premium Craft SKU #717,Pet Care & Organic Treats,1395,4235,92,VND-1178,TRUE,Instagram DM
PRD-5718,SKU-KID-0718,Kids Premium Craft SKU #718,Kids Wear & Wooden Toys,842,2335,57,VND-1122,TRUE,Myntra
PRD-5719,SKU-FIT-0719,Fitness Premium Craft SKU #719,Fitness Gear & Yoga Accessories,1324,3474,36,VND-1007,TRUE,Amazon IN
PRD-5720,SKU-AUT-0720,Automotive Premium Craft SKU #720,Automotive Accessories,692,1970,55,VND-1065,TRUE,Shopify Storefront
PRD-5721,SKU-TEX-0721,Textiles Premium Craft SKU #721,Textiles & Handblock Prints,606,1712,95,VND-1190,TRUE,Instagram DM
PRD-5722,SKU-PUR-0722,Pure Premium Craft SKU #722,Pure Silk & Traditional Sarees,1664,5280,53,VND-1115,TRUE,POS Counter
PRD-5723,SKU-KNI-0723,Knitwear Premium Craft SKU #723,Knitwear & Everyday Apparel,890,2811,24,VND-1125,TRUE,Shopify Storefront
PRD-5724,SKU-BRA-0724,Brass Premium Craft SKU #724,Brass & Artisan Metalcraft,744,2092,39,VND-1248,TRUE,Flipkart
PRD-5725,SKU-AYU-0725,Ayurvedic Premium Craft SKU #725,Ayurvedic Beauty & Wellness,1719,3789,76,VND-1198,TRUE,POS Counter
PRD-5726,SKU-LEA-0726,Leather Premium Craft SKU #726,Leather Footwear & Travel Goods,1563,2957,53,VND-1054,TRUE,Shopify Storefront
PRD-5727,SKU-ECO-0727,Eco-Friendly Premium Craft SKU #727,Eco-Friendly Packaging,836,2164,80,VND-1014,TRUE,Instagram DM
PRD-5728,SKU-CON-0728,Consumer Premium Craft SKU #728,Consumer Electronics Accessories,2331,5121,69,VND-1243,TRUE,POS Counter
PRD-5729,SKU-ORG-0729,Organic Premium Craft SKU #729,Organic Home & Kitchenware,1930,3512,77,VND-1136,TRUE,Amazon IN
PRD-5730,SKU-HAN-0730,Handloom Premium Craft SKU #730,Handloom Bed Linen & Curtains,2321,6872,25,VND-1247,TRUE,Myntra
PRD-5731,SKU-SPI-0731,Spices Premium Craft SKU #731,Spices & Gourmet Food Crafts,1599,5477,75,VND-1164,TRUE,Instagram DM
PRD-5732,SKU-JEW-0732,Jewelry Premium Craft SKU #732,Jewelry & Fashion Accessories,1266,2999,54,VND-1220,TRUE,Amazon IN
PRD-5733,SKU-FOO-0733,Footwear Premium Craft SKU #733,Footwear & Athletic Shoes,1752,4526,50,VND-1168,TRUE,Myntra
PRD-5734,SKU-STA-0734,Stationery Premium Craft SKU #734,Stationery & Corporate Gifting,948,2544,43,VND-1198,TRUE,Shopify Storefront
PRD-5735,SKU-PET-0735,Pet Premium Craft SKU #735,Pet Care & Organic Treats,184,591,21,VND-1173,TRUE,Myntra
PRD-5736,SKU-KID-0736,Kids Premium Craft SKU #736,Kids Wear & Wooden Toys,1976,4737,56,VND-1027,TRUE,Shopify Storefront
PRD-5737,SKU-FIT-0737,Fitness Premium Craft SKU #737,Fitness Gear & Yoga Accessories,526,997,96,VND-1007,TRUE,POS Counter
PRD-5738,SKU-AUT-0738,Automotive Premium Craft SKU #738,Automotive Accessories,648,1946,35,VND-1244,TRUE,Myntra
PRD-5739,SKU-TEX-0739,Textiles Premium Craft SKU #739,Textiles & Handblock Prints,1689,4924,92,VND-1034,TRUE,POS Counter
PRD-5740,SKU-PUR-0740,Pure Premium Craft SKU #740,Pure Silk & Traditional Sarees,604,1801,52,VND-1230,TRUE,Instagram DM
PRD-5741,SKU-KNI-0741,Knitwear Premium Craft SKU #741,Knitwear & Everyday Apparel,460,1327,55,VND-1240,TRUE,Instagram DM
PRD-5742,SKU-BRA-0742,Brass Premium Craft SKU #742,Brass & Artisan Metalcraft,1474,3298,29,VND-1232,TRUE,Shopify Storefront
PRD-5743,SKU-AYU-0743,Ayurvedic Premium Craft SKU #743,Ayurvedic Beauty & Wellness,1741,4118,27,VND-1098,TRUE,Amazon IN
PRD-5744,SKU-LEA-0744,Leather Premium Craft SKU #744,Leather Footwear & Travel Goods,1954,3747,45,VND-1046,TRUE,POS Counter
PRD-5745,SKU-ECO-0745,Eco-Friendly Premium Craft SKU #745,Eco-Friendly Packaging,2165,4296,89,VND-1166,TRUE,POS Counter
PRD-5746,SKU-CON-0746,Consumer Premium Craft SKU #746,Consumer Electronics Accessories,585,1960,53,VND-1158,TRUE,Shopify Storefront
PRD-5747,SKU-ORG-0747,Organic Premium Craft SKU #747,Organic Home & Kitchenware,2490,7561,77,VND-1019,FALSE,Flipkart
PRD-5748,SKU-HAN-0748,Handloom Premium Craft SKU #748,Handloom Bed Linen & Curtains,153,518,69,VND-1039,TRUE,Instagram DM
PRD-5749,SKU-SPI-0749,Spices Premium Craft SKU #749,Spices & Gourmet Food Crafts,1752,4865,85,VND-1085,TRUE,Flipkart
PRD-5750,SKU-JEW-0750,Jewelry Premium Craft SKU #750,Jewelry & Fashion Accessories,1936,4814,28,VND-1123,TRUE,Shopify Storefront
PRD-5751,SKU-FOO-0751,Footwear Premium Craft SKU #751,Footwear & Athletic Shoes,2124,4260,88,VND-1099,TRUE,Amazon IN
PRD-5752,SKU-STA-0752,Stationery Premium Craft SKU #752,Stationery & Corporate Gifting,1390,3448,100,VND-1086,TRUE,Instagram DM
PRD-5753,SKU-PET-0753,Pet Premium Craft SKU #753,Pet Care & Organic Treats,1646,4458,63,VND-1024,TRUE,Flipkart
PRD-5754,SKU-KID-0754,Kids Premium Craft SKU #754,Kids Wear & Wooden Toys,1337,3878,42,VND-1195,TRUE,Flipkart
PRD-5755,SKU-FIT-0755,Fitness Premium Craft SKU #755,Fitness Gear & Yoga Accessories,932,2151,69,VND-1170,TRUE,Instagram DM
PRD-5756,SKU-AUT-0756,Automotive Premium Craft SKU #756,Automotive Accessories,1621,4258,100,VND-1177,TRUE,POS Counter
PRD-5757,SKU-TEX-0757,Textiles Premium Craft SKU #757,Textiles & Handblock Prints,296,629,95,VND-1036,TRUE,Flipkart
PRD-5758,SKU-PUR-0758,Pure Premium Craft SKU #758,Pure Silk & Traditional Sarees,2364,6840,83,VND-1017,TRUE,Flipkart
PRD-5759,SKU-KNI-0759,Knitwear Premium Craft SKU #759,Knitwear & Everyday Apparel,217,404,27,VND-1248,TRUE,Instagram DM
PRD-5760,SKU-BRA-0760,Brass Premium Craft SKU #760,Brass & Artisan Metalcraft,1810,3621,86,VND-1011,TRUE,Instagram DM
PRD-5761,SKU-AYU-0761,Ayurvedic Premium Craft SKU #761,Ayurvedic Beauty & Wellness,2347,4818,94,VND-1223,TRUE,Shopify Storefront
PRD-5762,SKU-LEA-0762,Leather Premium Craft SKU #762,Leather Footwear & Travel Goods,729,1918,22,VND-1010,TRUE,Myntra
PRD-5763,SKU-ECO-0763,Eco-Friendly Premium Craft SKU #763,Eco-Friendly Packaging,1144,3423,36,VND-1012,FALSE,Instagram DM
PRD-5764,SKU-CON-0764,Consumer Premium Craft SKU #764,Consumer Electronics Accessories,1408,4498,32,VND-1013,TRUE,POS Counter
PRD-5765,SKU-ORG-0765,Organic Premium Craft SKU #765,Organic Home & Kitchenware,411,1311,33,VND-1214,TRUE,Myntra
PRD-5766,SKU-HAN-0766,Handloom Premium Craft SKU #766,Handloom Bed Linen & Curtains,1053,2008,45,VND-1205,TRUE,Instagram DM
PRD-5767,SKU-SPI-0767,Spices Premium Craft SKU #767,Spices & Gourmet Food Crafts,1796,4222,93,VND-1174,TRUE,Amazon IN
PRD-5768,SKU-JEW-0768,Jewelry Premium Craft SKU #768,Jewelry & Fashion Accessories,1023,3170,95,VND-1215,TRUE,Shopify Storefront
PRD-5769,SKU-FOO-0769,Footwear Premium Craft SKU #769,Footwear & Athletic Shoes,1271,2592,73,VND-1031,TRUE,Amazon IN
PRD-5770,SKU-STA-0770,Stationery Premium Craft SKU #770,Stationery & Corporate Gifting,825,2100,94,VND-1142,FALSE,Shopify Storefront
PRD-5771,SKU-PET-0771,Pet Premium Craft SKU #771,Pet Care & Organic Treats,1690,5276,22,VND-1203,TRUE,Shopify Storefront
PRD-5772,SKU-KID-0772,Kids Premium Craft SKU #772,Kids Wear & Wooden Toys,179,376,31,VND-1002,TRUE,Myntra
PRD-5773,SKU-FIT-0773,Fitness Premium Craft SKU #773,Fitness Gear & Yoga Accessories,1312,3289,80,VND-1228,TRUE,POS Counter
PRD-5774,SKU-AUT-0774,Automotive Premium Craft SKU #774,Automotive Accessories,1259,3385,72,VND-1037,TRUE,POS Counter
PRD-5775,SKU-TEX-0775,Textiles Premium Craft SKU #775,Textiles & Handblock Prints,304,855,83,VND-1157,TRUE,Shopify Storefront
PRD-5776,SKU-PUR-0776,Pure Premium Craft SKU #776,Pure Silk & Traditional Sarees,1383,3307,20,VND-1161,TRUE,POS Counter
PRD-5777,SKU-KNI-0777,Knitwear Premium Craft SKU #777,Knitwear & Everyday Apparel,2321,8031,99,VND-1031,TRUE,Myntra
PRD-5778,SKU-BRA-0778,Brass Premium Craft SKU #778,Brass & Artisan Metalcraft,1048,2713,100,VND-1130,TRUE,Amazon IN
PRD-5779,SKU-AYU-0779,Ayurvedic Premium Craft SKU #779,Ayurvedic Beauty & Wellness,943,1878,39,VND-1014,TRUE,Flipkart
PRD-5780,SKU-LEA-0780,Leather Premium Craft SKU #780,Leather Footwear & Travel Goods,872,1806,25,VND-1128,TRUE,Amazon IN
PRD-5781,SKU-ECO-0781,Eco-Friendly Premium Craft SKU #781,Eco-Friendly Packaging,1008,2559,62,VND-1073,TRUE,Flipkart
PRD-5782,SKU-CON-0782,Consumer Premium Craft SKU #782,Consumer Electronics Accessories,577,1764,88,VND-1012,TRUE,Shopify Storefront
PRD-5783,SKU-ORG-0783,Organic Premium Craft SKU #783,Organic Home & Kitchenware,2259,4511,50,VND-1125,TRUE,Myntra
PRD-5784,SKU-HAN-0784,Handloom Premium Craft SKU #784,Handloom Bed Linen & Curtains,1485,3730,61,VND-1149,TRUE,Shopify Storefront
PRD-5785,SKU-SPI-0785,Spices Premium Craft SKU #785,Spices & Gourmet Food Crafts,1082,2127,72,VND-1084,TRUE,Flipkart
PRD-5786,SKU-JEW-0786,Jewelry Premium Craft SKU #786,Jewelry & Fashion Accessories,1053,2027,94,VND-1229,TRUE,Flipkart
PRD-5787,SKU-FOO-0787,Footwear Premium Craft SKU #787,Footwear & Athletic Shoes,1035,3495,78,VND-1038,TRUE,Amazon IN
PRD-5788,SKU-STA-0788,Stationery Premium Craft SKU #788,Stationery & Corporate Gifting,2024,6119,100,VND-1035,TRUE,Amazon IN
PRD-5789,SKU-PET-0789,Pet Premium Craft SKU #789,Pet Care & Organic Treats,1525,3074,92,VND-1052,TRUE,POS Counter
PRD-5790,SKU-KID-0790,Kids Premium Craft SKU #790,Kids Wear & Wooden Toys,2056,5303,41,VND-1029,TRUE,POS Counter
PRD-5791,SKU-FIT-0791,Fitness Premium Craft SKU #791,Fitness Gear & Yoga Accessories,1358,3837,98,VND-1227,TRUE,Myntra
PRD-5792,SKU-AUT-0792,Automotive Premium Craft SKU #792,Automotive Accessories,2414,7853,31,VND-1249,TRUE,Myntra
PRD-5793,SKU-TEX-0793,Textiles Premium Craft SKU #793,Textiles & Handblock Prints,1036,2906,79,VND-1126,TRUE,Instagram DM
PRD-5794,SKU-PUR-0794,Pure Premium Craft SKU #794,Pure Silk & Traditional Sarees,1160,2576,75,VND-1110,TRUE,Myntra
PRD-5795,SKU-KNI-0795,Knitwear Premium Craft SKU #795,Knitwear & Everyday Apparel,760,2548,20,VND-1243,TRUE,Shopify Storefront
PRD-5796,SKU-BRA-0796,Brass Premium Craft SKU #796,Brass & Artisan Metalcraft,2077,6328,84,VND-1011,FALSE,Myntra
PRD-5797,SKU-AYU-0797,Ayurvedic Premium Craft SKU #797,Ayurvedic Beauty & Wellness,2113,6711,32,VND-1101,TRUE,POS Counter
PRD-5798,SKU-LEA-0798,Leather Premium Craft SKU #798,Leather Footwear & Travel Goods,2437,7506,72,VND-1022,TRUE,POS Counter
PRD-5799,SKU-ECO-0799,Eco-Friendly Premium Craft SKU #799,Eco-Friendly Packaging,1361,3002,31,VND-1092,FALSE,Instagram DM
PRD-5800,SKU-CON-0800,Consumer Premium Craft SKU #800,Consumer Electronics Accessories,812,2432,93,VND-1079,TRUE,Shopify Storefront
PRD-5801,SKU-ORG-0801,Organic Premium Craft SKU #801,Organic Home & Kitchenware,2013,5210,37,VND-1250,TRUE,Flipkart
PRD-5802,SKU-HAN-0802,Handloom Premium Craft SKU #802,Handloom Bed Linen & Curtains,1667,4776,20,VND-1048,TRUE,Shopify Storefront
PRD-5803,SKU-SPI-0803,Spices Premium Craft SKU #803,Spices & Gourmet Food Crafts,1513,4088,57,VND-1099,TRUE,Amazon IN
PRD-5804,SKU-JEW-0804,Jewelry Premium Craft SKU #804,Jewelry & Fashion Accessories,2371,6586,46,VND-1179,TRUE,Shopify Storefront
PRD-5805,SKU-FOO-0805,Footwear Premium Craft SKU #805,Footwear & Athletic Shoes,1525,4652,27,VND-1159,TRUE,Instagram DM
PRD-5806,SKU-STA-0806,Stationery Premium Craft SKU #806,Stationery & Corporate Gifting,361,717,66,VND-1094,TRUE,Shopify Storefront
PRD-5807,SKU-PET-0807,Pet Premium Craft SKU #807,Pet Care & Organic Treats,1650,3461,91,VND-1094,TRUE,Myntra
PRD-5808,SKU-KID-0808,Kids Premium Craft SKU #808,Kids Wear & Wooden Toys,988,2010,62,VND-1182,TRUE,Shopify Storefront
PRD-5809,SKU-FIT-0809,Fitness Premium Craft SKU #809,Fitness Gear & Yoga Accessories,2109,6439,94,VND-1167,TRUE,Instagram DM
PRD-5810,SKU-AUT-0810,Automotive Premium Craft SKU #810,Automotive Accessories,1073,2515,54,VND-1054,TRUE,Flipkart
PRD-5811,SKU-TEX-0811,Textiles Premium Craft SKU #811,Textiles & Handblock Prints,373,711,64,VND-1071,TRUE,Myntra
PRD-5812,SKU-PUR-0812,Pure Premium Craft SKU #812,Pure Silk & Traditional Sarees,652,1694,88,VND-1135,TRUE,Myntra
PRD-5813,SKU-KNI-0813,Knitwear Premium Craft SKU #813,Knitwear & Everyday Apparel,1347,3459,67,VND-1231,TRUE,Instagram DM
PRD-5814,SKU-BRA-0814,Brass Premium Craft SKU #814,Brass & Artisan Metalcraft,418,886,78,VND-1208,TRUE,Flipkart
PRD-5815,SKU-AYU-0815,Ayurvedic Premium Craft SKU #815,Ayurvedic Beauty & Wellness,882,2019,29,VND-1230,TRUE,Amazon IN
PRD-5816,SKU-LEA-0816,Leather Premium Craft SKU #816,Leather Footwear & Travel Goods,756,1998,46,VND-1029,TRUE,Instagram DM
PRD-5817,SKU-ECO-0817,Eco-Friendly Premium Craft SKU #817,Eco-Friendly Packaging,1350,3385,89,VND-1006,TRUE,Flipkart
PRD-5818,SKU-CON-0818,Consumer Premium Craft SKU #818,Consumer Electronics Accessories,1870,4777,22,VND-1089,TRUE,Shopify Storefront
PRD-5819,SKU-ORG-0819,Organic Premium Craft SKU #819,Organic Home & Kitchenware,1101,3544,86,VND-1006,TRUE,Flipkart
PRD-5820,SKU-HAN-0820,Handloom Premium Craft SKU #820,Handloom Bed Linen & Curtains,1554,4529,61,VND-1149,TRUE,Instagram DM
PRD-5821,SKU-SPI-0821,Spices Premium Craft SKU #821,Spices & Gourmet Food Crafts,2321,7499,76,VND-1179,TRUE,Myntra
PRD-5822,SKU-JEW-0822,Jewelry Premium Craft SKU #822,Jewelry & Fashion Accessories,1405,2939,53,VND-1034,TRUE,Amazon IN
PRD-5823,SKU-FOO-0823,Footwear Premium Craft SKU #823,Footwear & Athletic Shoes,1330,4134,26,VND-1249,TRUE,Amazon IN
PRD-5824,SKU-STA-0824,Stationery Premium Craft SKU #824,Stationery & Corporate Gifting,831,2369,40,VND-1117,TRUE,Amazon IN
PRD-5825,SKU-PET-0825,Pet Premium Craft SKU #825,Pet Care & Organic Treats,868,2800,39,VND-1047,TRUE,Shopify Storefront
PRD-5826,SKU-KID-0826,Kids Premium Craft SKU #826,Kids Wear & Wooden Toys,1446,4015,76,VND-1011,TRUE,POS Counter
PRD-5827,SKU-FIT-0827,Fitness Premium Craft SKU #827,Fitness Gear & Yoga Accessories,2453,7364,60,VND-1053,TRUE,POS Counter
PRD-5828,SKU-AUT-0828,Automotive Premium Craft SKU #828,Automotive Accessories,1986,5397,40,VND-1096,TRUE,Shopify Storefront
PRD-5829,SKU-TEX-0829,Textiles Premium Craft SKU #829,Textiles & Handblock Prints,252,626,83,VND-1236,TRUE,Flipkart
PRD-5830,SKU-PUR-0830,Pure Premium Craft SKU #830,Pure Silk & Traditional Sarees,1461,3017,89,VND-1238,TRUE,Amazon IN
PRD-5831,SKU-KNI-0831,Knitwear Premium Craft SKU #831,Knitwear & Everyday Apparel,1360,3543,57,VND-1166,TRUE,Myntra
PRD-5832,SKU-BRA-0832,Brass Premium Craft SKU #832,Brass & Artisan Metalcraft,752,2375,76,VND-1171,TRUE,Shopify Storefront
PRD-5833,SKU-AYU-0833,Ayurvedic Premium Craft SKU #833,Ayurvedic Beauty & Wellness,2111,7030,37,VND-1188,TRUE,Shopify Storefront
PRD-5834,SKU-LEA-0834,Leather Premium Craft SKU #834,Leather Footwear & Travel Goods,251,623,48,VND-1079,TRUE,Shopify Storefront
PRD-5835,SKU-ECO-0835,Eco-Friendly Premium Craft SKU #835,Eco-Friendly Packaging,375,1062,44,VND-1084,TRUE,POS Counter
PRD-5836,SKU-CON-0836,Consumer Premium Craft SKU #836,Consumer Electronics Accessories,1288,2746,30,VND-1201,TRUE,Flipkart
PRD-5837,SKU-ORG-0837,Organic Premium Craft SKU #837,Organic Home & Kitchenware,507,1753,70,VND-1174,TRUE,Amazon IN
PRD-5838,SKU-HAN-0838,Handloom Premium Craft SKU #838,Handloom Bed Linen & Curtains,2245,7641,66,VND-1155,TRUE,Instagram DM
PRD-5839,SKU-SPI-0839,Spices Premium Craft SKU #839,Spices & Gourmet Food Crafts,1901,4616,67,VND-1219,FALSE,Amazon IN
PRD-5840,SKU-JEW-0840,Jewelry Premium Craft SKU #840,Jewelry & Fashion Accessories,1411,4884,91,VND-1090,TRUE,Instagram DM
PRD-5841,SKU-FOO-0841,Footwear Premium Craft SKU #841,Footwear & Athletic Shoes,1969,6026,73,VND-1228,TRUE,Amazon IN
PRD-5842,SKU-STA-0842,Stationery Premium Craft SKU #842,Stationery & Corporate Gifting,1886,5730,73,VND-1042,TRUE,Myntra
PRD-5843,SKU-PET-0843,Pet Premium Craft SKU #843,Pet Care & Organic Treats,502,1026,58,VND-1154,TRUE,Myntra
PRD-5844,SKU-KID-0844,Kids Premium Craft SKU #844,Kids Wear & Wooden Toys,420,1422,95,VND-1086,TRUE,Shopify Storefront
PRD-5845,SKU-FIT-0845,Fitness Premium Craft SKU #845,Fitness Gear & Yoga Accessories,1827,5272,54,VND-1002,TRUE,Myntra
PRD-5846,SKU-AUT-0846,Automotive Premium Craft SKU #846,Automotive Accessories,2476,7635,37,VND-1119,TRUE,Flipkart
PRD-5847,SKU-TEX-0847,Textiles Premium Craft SKU #847,Textiles & Handblock Prints,2418,6369,58,VND-1075,TRUE,Amazon IN
PRD-5848,SKU-PUR-0848,Pure Premium Craft SKU #848,Pure Silk & Traditional Sarees,2440,7460,48,VND-1127,FALSE,Shopify Storefront
PRD-5849,SKU-KNI-0849,Knitwear Premium Craft SKU #849,Knitwear & Everyday Apparel,1225,2830,80,VND-1040,TRUE,Instagram DM
PRD-5850,SKU-BRA-0850,Brass Premium Craft SKU #850,Brass & Artisan Metalcraft,1328,3332,82,VND-1229,TRUE,Instagram DM
PRD-5851,SKU-AYU-0851,Ayurvedic Premium Craft SKU #851,Ayurvedic Beauty & Wellness,266,532,55,VND-1063,TRUE,Shopify Storefront
PRD-5852,SKU-LEA-0852,Leather Premium Craft SKU #852,Leather Footwear & Travel Goods,1631,4546,92,VND-1154,TRUE,Amazon IN
PRD-5853,SKU-ECO-0853,Eco-Friendly Premium Craft SKU #853,Eco-Friendly Packaging,2099,7254,35,VND-1161,TRUE,Instagram DM
PRD-5854,SKU-CON-0854,Consumer Premium Craft SKU #854,Consumer Electronics Accessories,221,715,40,VND-1148,TRUE,POS Counter
PRD-5855,SKU-ORG-0855,Organic Premium Craft SKU #855,Organic Home & Kitchenware,2038,6711,37,VND-1082,TRUE,Shopify Storefront
PRD-5856,SKU-HAN-0856,Handloom Premium Craft SKU #856,Handloom Bed Linen & Curtains,1629,4093,65,VND-1070,FALSE,Amazon IN
PRD-5857,SKU-SPI-0857,Spices Premium Craft SKU #857,Spices & Gourmet Food Crafts,464,1240,100,VND-1136,TRUE,Shopify Storefront
PRD-5858,SKU-JEW-0858,Jewelry Premium Craft SKU #858,Jewelry & Fashion Accessories,834,2272,60,VND-1154,TRUE,Instagram DM
PRD-5859,SKU-FOO-0859,Footwear Premium Craft SKU #859,Footwear & Athletic Shoes,1383,3127,66,VND-1205,TRUE,Myntra
PRD-5860,SKU-STA-0860,Stationery Premium Craft SKU #860,Stationery & Corporate Gifting,738,1344,86,VND-1091,TRUE,Flipkart
PRD-5861,SKU-PET-0861,Pet Premium Craft SKU #861,Pet Care & Organic Treats,1543,5193,40,VND-1106,TRUE,POS Counter
PRD-5862,SKU-KID-0862,Kids Premium Craft SKU #862,Kids Wear & Wooden Toys,1055,3390,91,VND-1129,TRUE,Myntra
PRD-5863,SKU-FIT-0863,Fitness Premium Craft SKU #863,Fitness Gear & Yoga Accessories,2329,7013,34,VND-1217,TRUE,Shopify Storefront
PRD-5864,SKU-AUT-0864,Automotive Premium Craft SKU #864,Automotive Accessories,687,2315,81,VND-1030,TRUE,Instagram DM
PRD-5865,SKU-TEX-0865,Textiles Premium Craft SKU #865,Textiles & Handblock Prints,719,2292,96,VND-1093,TRUE,Amazon IN
PRD-5866,SKU-PUR-0866,Pure Premium Craft SKU #866,Pure Silk & Traditional Sarees,1397,2582,35,VND-1045,TRUE,Instagram DM
PRD-5867,SKU-KNI-0867,Knitwear Premium Craft SKU #867,Knitwear & Everyday Apparel,1078,2503,46,VND-1037,TRUE,Shopify Storefront
PRD-5868,SKU-BRA-0868,Brass Premium Craft SKU #868,Brass & Artisan Metalcraft,607,1172,81,VND-1109,TRUE,Shopify Storefront
PRD-5869,SKU-AYU-0869,Ayurvedic Premium Craft SKU #869,Ayurvedic Beauty & Wellness,591,1096,85,VND-1051,TRUE,Flipkart
PRD-5870,SKU-LEA-0870,Leather Premium Craft SKU #870,Leather Footwear & Travel Goods,1186,2222,58,VND-1031,TRUE,Shopify Storefront
PRD-5871,SKU-ECO-0871,Eco-Friendly Premium Craft SKU #871,Eco-Friendly Packaging,657,2210,46,VND-1201,TRUE,POS Counter
PRD-5872,SKU-CON-0872,Consumer Premium Craft SKU #872,Consumer Electronics Accessories,1589,2939,38,VND-1048,TRUE,Amazon IN
PRD-5873,SKU-ORG-0873,Organic Premium Craft SKU #873,Organic Home & Kitchenware,1574,3775,84,VND-1243,TRUE,Myntra
PRD-5874,SKU-HAN-0874,Handloom Premium Craft SKU #874,Handloom Bed Linen & Curtains,2218,6142,32,VND-1062,TRUE,Shopify Storefront
PRD-5875,SKU-SPI-0875,Spices Premium Craft SKU #875,Spices & Gourmet Food Crafts,1038,3131,56,VND-1136,TRUE,Myntra
PRD-5876,SKU-JEW-0876,Jewelry Premium Craft SKU #876,Jewelry & Fashion Accessories,554,1867,84,VND-1002,TRUE,Flipkart
PRD-5877,SKU-FOO-0877,Footwear Premium Craft SKU #877,Footwear & Athletic Shoes,908,2313,33,VND-1094,TRUE,Amazon IN
PRD-5878,SKU-STA-0878,Stationery Premium Craft SKU #878,Stationery & Corporate Gifting,1887,4083,49,VND-1098,TRUE,Amazon IN
PRD-5879,SKU-PET-0879,Pet Premium Craft SKU #879,Pet Care & Organic Treats,2058,4090,37,VND-1032,TRUE,Amazon IN
PRD-5880,SKU-KID-0880,Kids Premium Craft SKU #880,Kids Wear & Wooden Toys,1330,3653,25,VND-1181,TRUE,Flipkart
PRD-5881,SKU-FIT-0881,Fitness Premium Craft SKU #881,Fitness Gear & Yoga Accessories,1726,3938,96,VND-1030,TRUE,Instagram DM
PRD-5882,SKU-AUT-0882,Automotive Premium Craft SKU #882,Automotive Accessories,1968,4298,72,VND-1250,TRUE,Flipkart
PRD-5883,SKU-TEX-0883,Textiles Premium Craft SKU #883,Textiles & Handblock Prints,435,1444,80,VND-1049,TRUE,Amazon IN
PRD-5884,SKU-PUR-0884,Pure Premium Craft SKU #884,Pure Silk & Traditional Sarees,202,706,82,VND-1046,TRUE,Flipkart
PRD-5885,SKU-KNI-0885,Knitwear Premium Craft SKU #885,Knitwear & Everyday Apparel,2290,6685,30,VND-1113,TRUE,Flipkart
PRD-5886,SKU-BRA-0886,Brass Premium Craft SKU #886,Brass & Artisan Metalcraft,566,1732,41,VND-1103,TRUE,POS Counter
PRD-5887,SKU-AYU-0887,Ayurvedic Premium Craft SKU #887,Ayurvedic Beauty & Wellness,970,2727,71,VND-1087,TRUE,Flipkart
PRD-5888,SKU-LEA-0888,Leather Premium Craft SKU #888,Leather Footwear & Travel Goods,2194,4988,94,VND-1186,TRUE,Instagram DM
PRD-5889,SKU-ECO-0889,Eco-Friendly Premium Craft SKU #889,Eco-Friendly Packaging,1789,4303,97,VND-1242,TRUE,Flipkart
PRD-5890,SKU-CON-0890,Consumer Premium Craft SKU #890,Consumer Electronics Accessories,1292,2649,78,VND-1131,TRUE,Amazon IN
PRD-5891,SKU-ORG-0891,Organic Premium Craft SKU #891,Organic Home & Kitchenware,2186,4792,37,VND-1126,FALSE,Instagram DM
PRD-5892,SKU-HAN-0892,Handloom Premium Craft SKU #892,Handloom Bed Linen & Curtains,429,1135,23,VND-1014,TRUE,Flipkart
PRD-5893,SKU-SPI-0893,Spices Premium Craft SKU #893,Spices & Gourmet Food Crafts,1489,3066,99,VND-1155,TRUE,Shopify Storefront
PRD-5894,SKU-JEW-0894,Jewelry Premium Craft SKU #894,Jewelry & Fashion Accessories,2279,7076,79,VND-1170,TRUE,Instagram DM
PRD-5895,SKU-FOO-0895,Footwear Premium Craft SKU #895,Footwear & Athletic Shoes,2158,5736,89,VND-1128,TRUE,Myntra
PRD-5896,SKU-STA-0896,Stationery Premium Craft SKU #896,Stationery & Corporate Gifting,222,759,24,VND-1140,TRUE,Shopify Storefront
PRD-5897,SKU-PET-0897,Pet Premium Craft SKU #897,Pet Care & Organic Treats,1993,4653,68,VND-1099,TRUE,Shopify Storefront
PRD-5898,SKU-KID-0898,Kids Premium Craft SKU #898,Kids Wear & Wooden Toys,874,2400,58,VND-1009,TRUE,POS Counter
PRD-5899,SKU-FIT-0899,Fitness Premium Craft SKU #899,Fitness Gear & Yoga Accessories,1914,3882,69,VND-1126,TRUE,Shopify Storefront
PRD-5900,SKU-AUT-0900,Automotive Premium Craft SKU #900,Automotive Accessories,2159,6308,89,VND-1146,TRUE,Flipkart
PRD-5901,SKU-TEX-0901,Textiles Premium Craft SKU #901,Textiles & Handblock Prints,790,2102,70,VND-1144,TRUE,Myntra
PRD-5902,SKU-PUR-0902,Pure Premium Craft SKU #902,Pure Silk & Traditional Sarees,1697,4834,65,VND-1249,TRUE,Amazon IN
PRD-5903,SKU-KNI-0903,Knitwear Premium Craft SKU #903,Knitwear & Everyday Apparel,401,740,25,VND-1083,TRUE,Amazon IN
PRD-5904,SKU-BRA-0904,Brass Premium Craft SKU #904,Brass & Artisan Metalcraft,260,806,100,VND-1090,TRUE,Shopify Storefront
PRD-5905,SKU-AYU-0905,Ayurvedic Premium Craft SKU #905,Ayurvedic Beauty & Wellness,1563,5449,72,VND-1110,TRUE,Instagram DM
PRD-5906,SKU-LEA-0906,Leather Premium Craft SKU #906,Leather Footwear & Travel Goods,1164,2559,59,VND-1063,TRUE,Instagram DM
PRD-5907,SKU-ECO-0907,Eco-Friendly Premium Craft SKU #907,Eco-Friendly Packaging,1398,2788,41,VND-1017,FALSE,Amazon IN
PRD-5908,SKU-CON-0908,Consumer Premium Craft SKU #908,Consumer Electronics Accessories,2037,5944,74,VND-1010,TRUE,Flipkart
PRD-5909,SKU-ORG-0909,Organic Premium Craft SKU #909,Organic Home & Kitchenware,233,695,95,VND-1069,FALSE,Amazon IN
PRD-5910,SKU-HAN-0910,Handloom Premium Craft SKU #910,Handloom Bed Linen & Curtains,2486,6124,93,VND-1097,TRUE,Flipkart
PRD-5911,SKU-SPI-0911,Spices Premium Craft SKU #911,Spices & Gourmet Food Crafts,993,2354,84,VND-1026,TRUE,Instagram DM
PRD-5912,SKU-JEW-0912,Jewelry Premium Craft SKU #912,Jewelry & Fashion Accessories,832,2367,66,VND-1087,TRUE,POS Counter
PRD-5913,SKU-FOO-0913,Footwear Premium Craft SKU #913,Footwear & Athletic Shoes,458,1478,88,VND-1128,TRUE,Amazon IN
PRD-5914,SKU-STA-0914,Stationery Premium Craft SKU #914,Stationery & Corporate Gifting,1367,4775,71,VND-1013,TRUE,Myntra
PRD-5915,SKU-PET-0915,Pet Premium Craft SKU #915,Pet Care & Organic Treats,526,1588,94,VND-1191,TRUE,Amazon IN
PRD-5916,SKU-KID-0916,Kids Premium Craft SKU #916,Kids Wear & Wooden Toys,425,1174,87,VND-1070,TRUE,POS Counter
PRD-5917,SKU-FIT-0917,Fitness Premium Craft SKU #917,Fitness Gear & Yoga Accessories,464,1349,58,VND-1089,TRUE,Amazon IN
PRD-5918,SKU-AUT-0918,Automotive Premium Craft SKU #918,Automotive Accessories,2361,5507,73,VND-1111,TRUE,Myntra
PRD-5919,SKU-TEX-0919,Textiles Premium Craft SKU #919,Textiles & Handblock Prints,2006,5900,90,VND-1132,TRUE,Shopify Storefront
PRD-5920,SKU-PUR-0920,Pure Premium Craft SKU #920,Pure Silk & Traditional Sarees,2264,7395,93,VND-1161,TRUE,Instagram DM
PRD-5921,SKU-KNI-0921,Knitwear Premium Craft SKU #921,Knitwear & Everyday Apparel,2064,4655,88,VND-1247,TRUE,Flipkart
PRD-5922,SKU-BRA-0922,Brass Premium Craft SKU #922,Brass & Artisan Metalcraft,2468,7490,27,VND-1240,TRUE,Amazon IN
PRD-5923,SKU-AYU-0923,Ayurvedic Premium Craft SKU #923,Ayurvedic Beauty & Wellness,755,1667,58,VND-1119,TRUE,Flipkart
PRD-5924,SKU-LEA-0924,Leather Premium Craft SKU #924,Leather Footwear & Travel Goods,413,1188,72,VND-1082,TRUE,Amazon IN
PRD-5925,SKU-ECO-0925,Eco-Friendly Premium Craft SKU #925,Eco-Friendly Packaging,807,1804,96,VND-1166,TRUE,POS Counter
PRD-5926,SKU-CON-0926,Consumer Premium Craft SKU #926,Consumer Electronics Accessories,764,1624,51,VND-1030,TRUE,Amazon IN
PRD-5927,SKU-ORG-0927,Organic Premium Craft SKU #927,Organic Home & Kitchenware,2138,5883,75,VND-1119,TRUE,Shopify Storefront
PRD-5928,SKU-HAN-0928,Handloom Premium Craft SKU #928,Handloom Bed Linen & Curtains,802,1815,23,VND-1052,TRUE,Amazon IN
PRD-5929,SKU-SPI-0929,Spices Premium Craft SKU #929,Spices & Gourmet Food Crafts,2405,5048,25,VND-1169,TRUE,Flipkart
PRD-5930,SKU-JEW-0930,Jewelry Premium Craft SKU #930,Jewelry & Fashion Accessories,231,437,30,VND-1201,TRUE,Amazon IN
PRD-5931,SKU-FOO-0931,Footwear Premium Craft SKU #931,Footwear & Athletic Shoes,410,1365,72,VND-1222,TRUE,Instagram DM
PRD-5932,SKU-STA-0932,Stationery Premium Craft SKU #932,Stationery & Corporate Gifting,519,1284,37,VND-1169,TRUE,Myntra
PRD-5933,SKU-PET-0933,Pet Premium Craft SKU #933,Pet Care & Organic Treats,2199,7445,86,VND-1189,TRUE,Myntra
PRD-5934,SKU-KID-0934,Kids Premium Craft SKU #934,Kids Wear & Wooden Toys,2301,5126,31,VND-1244,TRUE,Shopify Storefront
PRD-5935,SKU-FIT-0935,Fitness Premium Craft SKU #935,Fitness Gear & Yoga Accessories,1433,3381,94,VND-1198,TRUE,Instagram DM
PRD-5936,SKU-AUT-0936,Automotive Premium Craft SKU #936,Automotive Accessories,1116,3783,47,VND-1191,TRUE,POS Counter
PRD-5937,SKU-TEX-0937,Textiles Premium Craft SKU #937,Textiles & Handblock Prints,1274,3245,52,VND-1055,TRUE,Shopify Storefront
PRD-5938,SKU-PUR-0938,Pure Premium Craft SKU #938,Pure Silk & Traditional Sarees,2335,5690,34,VND-1126,TRUE,Flipkart
PRD-5939,SKU-KNI-0939,Knitwear Premium Craft SKU #939,Knitwear & Everyday Apparel,1159,3984,38,VND-1122,TRUE,Instagram DM
PRD-5940,SKU-BRA-0940,Brass Premium Craft SKU #940,Brass & Artisan Metalcraft,1412,2592,97,VND-1095,FALSE,Instagram DM
PRD-5941,SKU-AYU-0941,Ayurvedic Premium Craft SKU #941,Ayurvedic Beauty & Wellness,373,1109,50,VND-1170,TRUE,Flipkart
PRD-5942,SKU-LEA-0942,Leather Premium Craft SKU #942,Leather Footwear & Travel Goods,1636,5456,35,VND-1080,TRUE,POS Counter
PRD-5943,SKU-ECO-0943,Eco-Friendly Premium Craft SKU #943,Eco-Friendly Packaging,1962,4827,70,VND-1220,TRUE,Amazon IN
PRD-5944,SKU-CON-0944,Consumer Premium Craft SKU #944,Consumer Electronics Accessories,519,1760,50,VND-1078,TRUE,POS Counter
PRD-5945,SKU-ORG-0945,Organic Premium Craft SKU #945,Organic Home & Kitchenware,1947,5594,72,VND-1235,TRUE,Amazon IN
PRD-5946,SKU-HAN-0946,Handloom Premium Craft SKU #946,Handloom Bed Linen & Curtains,478,1529,82,VND-1222,TRUE,Flipkart
PRD-5947,SKU-SPI-0947,Spices Premium Craft SKU #947,Spices & Gourmet Food Crafts,1512,4565,32,VND-1238,TRUE,Instagram DM
PRD-5948,SKU-JEW-0948,Jewelry Premium Craft SKU #948,Jewelry & Fashion Accessories,2223,4252,73,VND-1067,TRUE,Myntra
PRD-5949,SKU-FOO-0949,Footwear Premium Craft SKU #949,Footwear & Athletic Shoes,1488,3824,23,VND-1189,TRUE,Instagram DM
PRD-5950,SKU-STA-0950,Stationery Premium Craft SKU #950,Stationery & Corporate Gifting,902,2589,37,VND-1165,FALSE,POS Counter
PRD-5951,SKU-PET-0951,Pet Premium Craft SKU #951,Pet Care & Organic Treats,1401,3268,30,VND-1161,TRUE,POS Counter
PRD-5952,SKU-KID-0952,Kids Premium Craft SKU #952,Kids Wear & Wooden Toys,682,2209,72,VND-1133,TRUE,Amazon IN
PRD-5953,SKU-FIT-0953,Fitness Premium Craft SKU #953,Fitness Gear & Yoga Accessories,2109,6927,37,VND-1116,TRUE,Instagram DM
PRD-5954,SKU-AUT-0954,Automotive Premium Craft SKU #954,Automotive Accessories,1491,4710,45,VND-1152,TRUE,Amazon IN
PRD-5955,SKU-TEX-0955,Textiles Premium Craft SKU #955,Textiles & Handblock Prints,1761,5793,93,VND-1047,TRUE,Shopify Storefront
PRD-5956,SKU-PUR-0956,Pure Premium Craft SKU #956,Pure Silk & Traditional Sarees,2437,7067,100,VND-1237,TRUE,Shopify Storefront
PRD-5957,SKU-KNI-0957,Knitwear Premium Craft SKU #957,Knitwear & Everyday Apparel,2044,4368,41,VND-1250,FALSE,Myntra
PRD-5958,SKU-BRA-0958,Brass Premium Craft SKU #958,Brass & Artisan Metalcraft,1215,2495,67,VND-1110,TRUE,Myntra
PRD-5959,SKU-AYU-0959,Ayurvedic Premium Craft SKU #959,Ayurvedic Beauty & Wellness,207,625,75,VND-1031,TRUE,Flipkart
PRD-5960,SKU-LEA-0960,Leather Premium Craft SKU #960,Leather Footwear & Travel Goods,2174,4351,46,VND-1212,TRUE,Amazon IN
PRD-5961,SKU-ECO-0961,Eco-Friendly Premium Craft SKU #961,Eco-Friendly Packaging,2174,5325,75,VND-1074,TRUE,Myntra
PRD-5962,SKU-CON-0962,Consumer Premium Craft SKU #962,Consumer Electronics Accessories,1309,3973,44,VND-1056,TRUE,Flipkart
PRD-5963,SKU-ORG-0963,Organic Premium Craft SKU #963,Organic Home & Kitchenware,747,1381,53,VND-1203,TRUE,Flipkart
PRD-5964,SKU-HAN-0964,Handloom Premium Craft SKU #964,Handloom Bed Linen & Curtains,1167,2833,78,VND-1233,TRUE,Flipkart
PRD-5965,SKU-SPI-0965,Spices Premium Craft SKU #965,Spices & Gourmet Food Crafts,1474,5094,70,VND-1035,TRUE,Instagram DM
PRD-5966,SKU-JEW-0966,Jewelry Premium Craft SKU #966,Jewelry & Fashion Accessories,1883,5745,52,VND-1099,TRUE,Myntra
PRD-5967,SKU-FOO-0967,Footwear Premium Craft SKU #967,Footwear & Athletic Shoes,363,858,50,VND-1016,TRUE,Amazon IN
PRD-5968,SKU-STA-0968,Stationery Premium Craft SKU #968,Stationery & Corporate Gifting,336,607,84,VND-1156,TRUE,Amazon IN
PRD-5969,SKU-PET-0969,Pet Premium Craft SKU #969,Pet Care & Organic Treats,1669,3379,91,VND-1102,FALSE,POS Counter
PRD-5970,SKU-KID-0970,Kids Premium Craft SKU #970,Kids Wear & Wooden Toys,845,2244,63,VND-1067,TRUE,POS Counter
PRD-5971,SKU-FIT-0971,Fitness Premium Craft SKU #971,Fitness Gear & Yoga Accessories,1449,4357,75,VND-1023,TRUE,Shopify Storefront
PRD-5972,SKU-AUT-0972,Automotive Premium Craft SKU #972,Automotive Accessories,330,1142,83,VND-1081,TRUE,Amazon IN
PRD-5973,SKU-TEX-0973,Textiles Premium Craft SKU #973,Textiles & Handblock Prints,1626,5487,56,VND-1192,TRUE,Amazon IN
PRD-5974,SKU-PUR-0974,Pure Premium Craft SKU #974,Pure Silk & Traditional Sarees,1230,3294,75,VND-1157,TRUE,Amazon IN
PRD-5975,SKU-KNI-0975,Knitwear Premium Craft SKU #975,Knitwear & Everyday Apparel,2162,6698,39,VND-1189,TRUE,Instagram DM
PRD-5976,SKU-BRA-0976,Brass Premium Craft SKU #976,Brass & Artisan Metalcraft,1952,3690,39,VND-1163,TRUE,POS Counter
PRD-5977,SKU-AYU-0977,Ayurvedic Premium Craft SKU #977,Ayurvedic Beauty & Wellness,2076,4655,79,VND-1010,TRUE,Flipkart
PRD-5978,SKU-LEA-0978,Leather Premium Craft SKU #978,Leather Footwear & Travel Goods,1958,4711,91,VND-1011,TRUE,Flipkart
PRD-5979,SKU-ECO-0979,Eco-Friendly Premium Craft SKU #979,Eco-Friendly Packaging,756,1519,31,VND-1029,TRUE,Amazon IN
PRD-5980,SKU-CON-0980,Consumer Premium Craft SKU #980,Consumer Electronics Accessories,839,2579,54,VND-1047,TRUE,Instagram DM
PRD-5981,SKU-ORG-0981,Organic Premium Craft SKU #981,Organic Home & Kitchenware,1019,2845,20,VND-1150,TRUE,Myntra
PRD-5982,SKU-HAN-0982,Handloom Premium Craft SKU #982,Handloom Bed Linen & Curtains,1855,6241,51,VND-1047,TRUE,Instagram DM
PRD-5983,SKU-SPI-0983,Spices Premium Craft SKU #983,Spices & Gourmet Food Crafts,1496,2758,35,VND-1025,TRUE,Myntra
PRD-5984,SKU-JEW-0984,Jewelry Premium Craft SKU #984,Jewelry & Fashion Accessories,584,1882,39,VND-1238,FALSE,Flipkart
PRD-5985,SKU-FOO-0985,Footwear Premium Craft SKU #985,Footwear & Athletic Shoes,2115,5439,54,VND-1213,TRUE,Shopify Storefront
PRD-5986,SKU-STA-0986,Stationery Premium Craft SKU #986,Stationery & Corporate Gifting,329,959,77,VND-1085,TRUE,Instagram DM
PRD-5987,SKU-PET-0987,Pet Premium Craft SKU #987,Pet Care & Organic Treats,2481,5011,26,VND-1188,TRUE,Amazon IN
PRD-5988,SKU-KID-0988,Kids Premium Craft SKU #988,Kids Wear & Wooden Toys,377,1155,90,VND-1083,TRUE,Flipkart
PRD-5989,SKU-FIT-0989,Fitness Premium Craft SKU #989,Fitness Gear & Yoga Accessories,1783,3982,50,VND-1024,TRUE,Flipkart
PRD-5990,SKU-AUT-0990,Automotive Premium Craft SKU #990,Automotive Accessories,234,760,40,VND-1023,TRUE,Flipkart
PRD-5991,SKU-TEX-0991,Textiles Premium Craft SKU #991,Textiles & Handblock Prints,781,1565,82,VND-1073,TRUE,Instagram DM
PRD-5992,SKU-PUR-0992,Pure Premium Craft SKU #992,Pure Silk & Traditional Sarees,1420,4737,97,VND-1207,TRUE,Instagram DM
PRD-5993,SKU-KNI-0993,Knitwear Premium Craft SKU #993,Knitwear & Everyday Apparel,1655,4421,82,VND-1025,TRUE,Flipkart
PRD-5994,SKU-BRA-0994,Brass Premium Craft SKU #994,Brass & Artisan Metalcraft,1249,3443,74,VND-1122,TRUE,Flipkart
PRD-5995,SKU-AYU-0995,Ayurvedic Premium Craft SKU #995,Ayurvedic Beauty & Wellness,1658,4714,75,VND-1208,TRUE,Shopify Storefront
PRD-5996,SKU-LEA-0996,Leather Premium Craft SKU #996,Leather Footwear & Travel Goods,2252,5361,79,VND-1011,TRUE,Instagram DM
PRD-5997,SKU-ECO-0997,Eco-Friendly Premium Craft SKU #997,Eco-Friendly Packaging,785,2654,87,VND-1176,TRUE,Myntra
PRD-5998,SKU-CON-0998,Consumer Premium Craft SKU #998,Consumer Electronics Accessories,1340,3478,30,VND-1022,TRUE,Flipkart
PRD-5999,SKU-ORG-0999,Organic Premium Craft SKU #999,Organic Home & Kitchenware,758,2632,58,VND-1077,TRUE,Myntra
PRD-6000,SKU-HAN-1000,Handloom Premium Craft SKU #1000,Handloom Bed Linen & Curtains,1360,3762,90,VND-1110,TRUE,Shopify Storefront
PRD-6001,SKU-SPI-1001,Spices Premium Craft SKU #1001,Spices & Gourmet Food Crafts,590,1574,72,VND-1132,TRUE,Instagram DM
PRD-6002,SKU-JEW-1002,Jewelry Premium Craft SKU #1002,Jewelry & Fashion Accessories,2478,7884,65,VND-1185,TRUE,Shopify Storefront
PRD-6003,SKU-FOO-1003,Footwear Premium Craft SKU #1003,Footwear & Athletic Shoes,2212,4042,79,VND-1197,TRUE,POS Counter
PRD-6004,SKU-STA-1004,Stationery Premium Craft SKU #1004,Stationery & Corporate Gifting,1759,3301,73,VND-1216,TRUE,Amazon IN
PRD-6005,SKU-PET-1005,Pet Premium Craft SKU #1005,Pet Care & Organic Treats,2013,6215,77,VND-1081,TRUE,Amazon IN
PRD-6006,SKU-KID-1006,Kids Premium Craft SKU #1006,Kids Wear & Wooden Toys,916,1977,30,VND-1088,TRUE,Myntra
PRD-6007,SKU-FIT-1007,Fitness Premium Craft SKU #1007,Fitness Gear & Yoga Accessories,585,1484,22,VND-1067,FALSE,Shopify Storefront
PRD-6008,SKU-AUT-1008,Automotive Premium Craft SKU #1008,Automotive Accessories,853,2486,78,VND-1004,TRUE,Instagram DM
PRD-6009,SKU-TEX-1009,Textiles Premium Craft SKU #1009,Textiles & Handblock Prints,2143,4960,98,VND-1248,TRUE,Instagram DM
PRD-6010,SKU-PUR-1010,Pure Premium Craft SKU #1010,Pure Silk & Traditional Sarees,1767,5597,31,VND-1247,TRUE,Shopify Storefront
PRD-6011,SKU-KNI-1011,Knitwear Premium Craft SKU #1011,Knitwear & Everyday Apparel,608,1937,44,VND-1049,TRUE,POS Counter
PRD-6012,SKU-BRA-1012,Brass Premium Craft SKU #1012,Brass & Artisan Metalcraft,744,2160,75,VND-1124,TRUE,Myntra
PRD-6013,SKU-AYU-1013,Ayurvedic Premium Craft SKU #1013,Ayurvedic Beauty & Wellness,502,1160,79,VND-1049,TRUE,Flipkart
PRD-6014,SKU-LEA-1014,Leather Premium Craft SKU #1014,Leather Footwear & Travel Goods,627,1305,39,VND-1006,TRUE,Flipkart
PRD-6015,SKU-ECO-1015,Eco-Friendly Premium Craft SKU #1015,Eco-Friendly Packaging,2136,5556,77,VND-1247,TRUE,POS Counter
PRD-6016,SKU-CON-1016,Consumer Premium Craft SKU #1016,Consumer Electronics Accessories,2482,7967,70,VND-1076,TRUE,Shopify Storefront
PRD-6017,SKU-ORG-1017,Organic Premium Craft SKU #1017,Organic Home & Kitchenware,1918,6646,83,VND-1027,TRUE,Myntra
PRD-6018,SKU-HAN-1018,Handloom Premium Craft SKU #1018,Handloom Bed Linen & Curtains,2420,8465,24,VND-1188,TRUE,Flipkart
PRD-6019,SKU-SPI-1019,Spices Premium Craft SKU #1019,Spices & Gourmet Food Crafts,2148,4713,27,VND-1132,TRUE,Flipkart
PRD-6020,SKU-JEW-1020,Jewelry Premium Craft SKU #1020,Jewelry & Fashion Accessories,1443,3954,54,VND-1148,TRUE,Flipkart
PRD-6021,SKU-FOO-1021,Footwear Premium Craft SKU #1021,Footwear & Athletic Shoes,2088,4173,99,VND-1228,TRUE,Amazon IN
PRD-6022,SKU-STA-1022,Stationery Premium Craft SKU #1022,Stationery & Corporate Gifting,1936,3553,56,VND-1115,TRUE,Flipkart
PRD-6023,SKU-PET-1023,Pet Premium Craft SKU #1023,Pet Care & Organic Treats,1944,4266,48,VND-1089,TRUE,Instagram DM
PRD-6024,SKU-KID-1024,Kids Premium Craft SKU #1024,Kids Wear & Wooden Toys,2068,4183,57,VND-1087,TRUE,Flipkart
PRD-6025,SKU-FIT-1025,Fitness Premium Craft SKU #1025,Fitness Gear & Yoga Accessories,1857,5972,66,VND-1246,TRUE,POS Counter
PRD-6026,SKU-AUT-1026,Automotive Premium Craft SKU #1026,Automotive Accessories,998,2275,31,VND-1160,TRUE,POS Counter
PRD-6027,SKU-TEX-1027,Textiles Premium Craft SKU #1027,Textiles & Handblock Prints,967,1997,82,VND-1045,TRUE,Flipkart
PRD-6028,SKU-PUR-1028,Pure Premium Craft SKU #1028,Pure Silk & Traditional Sarees,2172,5030,46,VND-1242,TRUE,Shopify Storefront
PRD-6029,SKU-KNI-1029,Knitwear Premium Craft SKU #1029,Knitwear & Everyday Apparel,1218,2931,40,VND-1092,TRUE,Myntra
PRD-6030,SKU-BRA-1030,Brass Premium Craft SKU #1030,Brass & Artisan Metalcraft,410,973,34,VND-1009,TRUE,Shopify Storefront
PRD-6031,SKU-AYU-1031,Ayurvedic Premium Craft SKU #1031,Ayurvedic Beauty & Wellness,1067,2802,63,VND-1144,TRUE,Shopify Storefront
PRD-6032,SKU-LEA-1032,Leather Premium Craft SKU #1032,Leather Footwear & Travel Goods,2431,5481,39,VND-1198,TRUE,Myntra
PRD-6033,SKU-ECO-1033,Eco-Friendly Premium Craft SKU #1033,Eco-Friendly Packaging,576,1728,76,VND-1155,TRUE,Shopify Storefront
PRD-6034,SKU-CON-1034,Consumer Premium Craft SKU #1034,Consumer Electronics Accessories,583,1824,98,VND-1250,TRUE,Shopify Storefront
PRD-6035,SKU-ORG-1035,Organic Premium Craft SKU #1035,Organic Home & Kitchenware,2453,4590,33,VND-1211,TRUE,Shopify Storefront
PRD-6036,SKU-HAN-1036,Handloom Premium Craft SKU #1036,Handloom Bed Linen & Curtains,991,3318,40,VND-1223,TRUE,Instagram DM
PRD-6037,SKU-SPI-1037,Spices Premium Craft SKU #1037,Spices & Gourmet Food Crafts,2222,5882,32,VND-1114,TRUE,Amazon IN
PRD-6038,SKU-JEW-1038,Jewelry Premium Craft SKU #1038,Jewelry & Fashion Accessories,714,1434,45,VND-1086,TRUE,Flipkart
PRD-6039,SKU-FOO-1039,Footwear Premium Craft SKU #1039,Footwear & Athletic Shoes,176,390,80,VND-1197,TRUE,Myntra
PRD-6040,SKU-STA-1040,Stationery Premium Craft SKU #1040,Stationery & Corporate Gifting,499,1123,73,VND-1044,TRUE,Instagram DM
PRD-6041,SKU-PET-1041,Pet Premium Craft SKU #1041,Pet Care & Organic Treats,770,2371,87,VND-1063,TRUE,POS Counter
PRD-6042,SKU-KID-1042,Kids Premium Craft SKU #1042,Kids Wear & Wooden Toys,1906,4770,72,VND-1036,TRUE,Myntra
PRD-6043,SKU-FIT-1043,Fitness Premium Craft SKU #1043,Fitness Gear & Yoga Accessories,1631,5552,76,VND-1204,TRUE,Shopify Storefront
PRD-6044,SKU-AUT-1044,Automotive Premium Craft SKU #1044,Automotive Accessories,2269,7724,30,VND-1184,TRUE,Flipkart
PRD-6045,SKU-TEX-1045,Textiles Premium Craft SKU #1045,Textiles & Handblock Prints,823,2088,70,VND-1198,TRUE,Instagram DM
PRD-6046,SKU-PUR-1046,Pure Premium Craft SKU #1046,Pure Silk & Traditional Sarees,768,2560,27,VND-1237,TRUE,Instagram DM
PRD-6047,SKU-KNI-1047,Knitwear Premium Craft SKU #1047,Knitwear & Everyday Apparel,2279,7870,73,VND-1205,TRUE,Instagram DM
PRD-6048,SKU-BRA-1048,Brass Premium Craft SKU #1048,Brass & Artisan Metalcraft,2417,7939,60,VND-1180,TRUE,Shopify Storefront
PRD-6049,SKU-AYU-1049,Ayurvedic Premium Craft SKU #1049,Ayurvedic Beauty & Wellness,1295,4312,98,VND-1212,TRUE,Instagram DM
PRD-6050,SKU-LEA-1050,Leather Premium Craft SKU #1050,Leather Footwear & Travel Goods,1977,5722,89,VND-1104,TRUE,Myntra
PRD-6051,SKU-ECO-1051,Eco-Friendly Premium Craft SKU #1051,Eco-Friendly Packaging,1961,5854,71,VND-1167,TRUE,Amazon IN
PRD-6052,SKU-CON-1052,Consumer Premium Craft SKU #1052,Consumer Electronics Accessories,301,816,69,VND-1022,TRUE,Instagram DM
PRD-6053,SKU-ORG-1053,Organic Premium Craft SKU #1053,Organic Home & Kitchenware,666,1788,89,VND-1226,TRUE,Shopify Storefront
PRD-6054,SKU-HAN-1054,Handloom Premium Craft SKU #1054,Handloom Bed Linen & Curtains,2410,5617,63,VND-1131,TRUE,POS Counter
PRD-6055,SKU-SPI-1055,Spices Premium Craft SKU #1055,Spices & Gourmet Food Crafts,264,874,89,VND-1006,TRUE,POS Counter
PRD-6056,SKU-JEW-1056,Jewelry Premium Craft SKU #1056,Jewelry & Fashion Accessories,1394,4230,84,VND-1214,TRUE,Shopify Storefront
PRD-6057,SKU-FOO-1057,Footwear Premium Craft SKU #1057,Footwear & Athletic Shoes,1677,3759,84,VND-1216,TRUE,Shopify Storefront
PRD-6058,SKU-STA-1058,Stationery Premium Craft SKU #1058,Stationery & Corporate Gifting,660,1691,93,VND-1194,TRUE,Flipkart
PRD-6059,SKU-PET-1059,Pet Premium Craft SKU #1059,Pet Care & Organic Treats,1117,3539,94,VND-1087,TRUE,Instagram DM
PRD-6060,SKU-KID-1060,Kids Premium Craft SKU #1060,Kids Wear & Wooden Toys,2334,7551,49,VND-1171,TRUE,Amazon IN
PRD-6061,SKU-FIT-1061,Fitness Premium Craft SKU #1061,Fitness Gear & Yoga Accessories,2496,7346,68,VND-1171,TRUE,POS Counter
PRD-6062,SKU-AUT-1062,Automotive Premium Craft SKU #1062,Automotive Accessories,1492,3995,44,VND-1027,TRUE,Amazon IN
PRD-6063,SKU-TEX-1063,Textiles Premium Craft SKU #1063,Textiles & Handblock Prints,551,1129,74,VND-1117,TRUE,Shopify Storefront
PRD-6064,SKU-PUR-1064,Pure Premium Craft SKU #1064,Pure Silk & Traditional Sarees,404,1019,36,VND-1024,TRUE,Flipkart
PRD-6065,SKU-KNI-1065,Knitwear Premium Craft SKU #1065,Knitwear & Everyday Apparel,1662,4903,71,VND-1020,TRUE,Myntra
PRD-6066,SKU-BRA-1066,Brass Premium Craft SKU #1066,Brass & Artisan Metalcraft,1767,5800,94,VND-1200,TRUE,Flipkart
PRD-6067,SKU-AYU-1067,Ayurvedic Premium Craft SKU #1067,Ayurvedic Beauty & Wellness,2155,6559,73,VND-1113,TRUE,POS Counter
PRD-6068,SKU-LEA-1068,Leather Premium Craft SKU #1068,Leather Footwear & Travel Goods,670,1758,78,VND-1130,TRUE,Instagram DM
PRD-6069,SKU-ECO-1069,Eco-Friendly Premium Craft SKU #1069,Eco-Friendly Packaging,2317,4635,47,VND-1132,TRUE,Shopify Storefront
PRD-6070,SKU-CON-1070,Consumer Premium Craft SKU #1070,Consumer Electronics Accessories,792,2696,67,VND-1192,TRUE,Shopify Storefront
PRD-6071,SKU-ORG-1071,Organic Premium Craft SKU #1071,Organic Home & Kitchenware,1823,3623,67,VND-1155,TRUE,Shopify Storefront
PRD-6072,SKU-HAN-1072,Handloom Premium Craft SKU #1072,Handloom Bed Linen & Curtains,777,1554,59,VND-1134,TRUE,Amazon IN
PRD-6073,SKU-SPI-1073,Spices Premium Craft SKU #1073,Spices & Gourmet Food Crafts,2140,3953,38,VND-1076,TRUE,Myntra
PRD-6074,SKU-JEW-1074,Jewelry Premium Craft SKU #1074,Jewelry & Fashion Accessories,349,1184,59,VND-1108,TRUE,POS Counter
PRD-6075,SKU-FOO-1075,Footwear Premium Craft SKU #1075,Footwear & Athletic Shoes,2152,3881,90,VND-1047,TRUE,Shopify Storefront
PRD-6076,SKU-STA-1076,Stationery Premium Craft SKU #1076,Stationery & Corporate Gifting,2120,5881,92,VND-1107,TRUE,Amazon IN
PRD-6077,SKU-PET-1077,Pet Premium Craft SKU #1077,Pet Care & Organic Treats,1695,4420,97,VND-1201,TRUE,POS Counter
PRD-6078,SKU-KID-1078,Kids Premium Craft SKU #1078,Kids Wear & Wooden Toys,2037,6304,77,VND-1130,TRUE,Instagram DM
PRD-6079,SKU-FIT-1079,Fitness Premium Craft SKU #1079,Fitness Gear & Yoga Accessories,515,1627,99,VND-1084,TRUE,POS Counter
PRD-6080,SKU-AUT-1080,Automotive Premium Craft SKU #1080,Automotive Accessories,1769,4203,25,VND-1231,TRUE,Flipkart
PRD-6081,SKU-TEX-1081,Textiles Premium Craft SKU #1081,Textiles & Handblock Prints,1286,3726,41,VND-1189,TRUE,Myntra
PRD-6082,SKU-PUR-1082,Pure Premium Craft SKU #1082,Pure Silk & Traditional Sarees,1415,3896,35,VND-1162,TRUE,Shopify Storefront
PRD-6083,SKU-KNI-1083,Knitwear Premium Craft SKU #1083,Knitwear & Everyday Apparel,2369,6587,26,VND-1050,TRUE,Myntra
PRD-6084,SKU-BRA-1084,Brass Premium Craft SKU #1084,Brass & Artisan Metalcraft,2099,5571,22,VND-1049,TRUE,Myntra
PRD-6085,SKU-AYU-1085,Ayurvedic Premium Craft SKU #1085,Ayurvedic Beauty & Wellness,227,514,46,VND-1047,TRUE,Instagram DM
PRD-6086,SKU-LEA-1086,Leather Premium Craft SKU #1086,Leather Footwear & Travel Goods,1969,3827,88,VND-1215,TRUE,Flipkart
PRD-6087,SKU-ECO-1087,Eco-Friendly Premium Craft SKU #1087,Eco-Friendly Packaging,334,880,22,VND-1151,TRUE,POS Counter
PRD-6088,SKU-CON-1088,Consumer Premium Craft SKU #1088,Consumer Electronics Accessories,248,808,60,VND-1107,TRUE,Shopify Storefront
PRD-6089,SKU-ORG-1089,Organic Premium Craft SKU #1089,Organic Home & Kitchenware,556,1512,56,VND-1030,TRUE,Amazon IN
PRD-6090,SKU-HAN-1090,Handloom Premium Craft SKU #1090,Handloom Bed Linen & Curtains,517,1066,72,VND-1197,TRUE,Shopify Storefront
PRD-6091,SKU-SPI-1091,Spices Premium Craft SKU #1091,Spices & Gourmet Food Crafts,1482,3124,27,VND-1158,TRUE,Shopify Storefront
PRD-6092,SKU-JEW-1092,Jewelry Premium Craft SKU #1092,Jewelry & Fashion Accessories,733,1833,61,VND-1082,TRUE,Shopify Storefront
PRD-6093,SKU-FOO-1093,Footwear Premium Craft SKU #1093,Footwear & Athletic Shoes,979,2161,96,VND-1014,TRUE,Flipkart
PRD-6094,SKU-STA-1094,Stationery Premium Craft SKU #1094,Stationery & Corporate Gifting,2216,5439,34,VND-1131,TRUE,Amazon IN
PRD-6095,SKU-PET-1095,Pet Premium Craft SKU #1095,Pet Care & Organic Treats,2415,6018,81,VND-1119,FALSE,Instagram DM
PRD-6096,SKU-KID-1096,Kids Premium Craft SKU #1096,Kids Wear & Wooden Toys,226,510,95,VND-1060,TRUE,POS Counter
PRD-6097,SKU-FIT-1097,Fitness Premium Craft SKU #1097,Fitness Gear & Yoga Accessories,2422,7042,36,VND-1196,TRUE,Flipkart
PRD-6098,SKU-AUT-1098,Automotive Premium Craft SKU #1098,Automotive Accessories,493,1596,84,VND-1115,TRUE,POS Counter
PRD-6099,SKU-TEX-1099,Textiles Premium Craft SKU #1099,Textiles & Handblock Prints,2363,8211,51,VND-1096,TRUE,Flipkart
PRD-6100,SKU-PUR-1100,Pure Premium Craft SKU #1100,Pure Silk & Traditional Sarees,2423,6222,20,VND-1247,TRUE,Myntra
PRD-6101,SKU-KNI-1101,Knitwear Premium Craft SKU #1101,Knitwear & Everyday Apparel,835,1503,81,VND-1075,TRUE,Amazon IN
PRD-6102,SKU-BRA-1102,Brass Premium Craft SKU #1102,Brass & Artisan Metalcraft,1707,5972,100,VND-1215,TRUE,Myntra
PRD-6103,SKU-AYU-1103,Ayurvedic Premium Craft SKU #1103,Ayurvedic Beauty & Wellness,336,697,88,VND-1073,TRUE,Amazon IN
PRD-6104,SKU-LEA-1104,Leather Premium Craft SKU #1104,Leather Footwear & Travel Goods,1769,5284,37,VND-1023,TRUE,Amazon IN
PRD-6105,SKU-ECO-1105,Eco-Friendly Premium Craft SKU #1105,Eco-Friendly Packaging,1919,4142,84,VND-1225,TRUE,Amazon IN
PRD-6106,SKU-CON-1106,Consumer Premium Craft SKU #1106,Consumer Electronics Accessories,1553,4472,77,VND-1227,TRUE,Instagram DM
PRD-6107,SKU-ORG-1107,Organic Premium Craft SKU #1107,Organic Home & Kitchenware,1549,3342,96,VND-1083,TRUE,Instagram DM
PRD-6108,SKU-HAN-1108,Handloom Premium Craft SKU #1108,Handloom Bed Linen & Curtains,158,447,20,VND-1035,TRUE,Instagram DM
PRD-6109,SKU-SPI-1109,Spices Premium Craft SKU #1109,Spices & Gourmet Food Crafts,1842,5056,82,VND-1045,TRUE,Myntra
PRD-6110,SKU-JEW-1110,Jewelry Premium Craft SKU #1110,Jewelry & Fashion Accessories,467,1268,76,VND-1021,TRUE,Amazon IN
PRD-6111,SKU-FOO-1111,Footwear Premium Craft SKU #1111,Footwear & Athletic Shoes,1691,5422,65,VND-1249,TRUE,Instagram DM
PRD-6112,SKU-STA-1112,Stationery Premium Craft SKU #1112,Stationery & Corporate Gifting,661,1709,44,VND-1003,TRUE,POS Counter
PRD-6113,SKU-PET-1113,Pet Premium Craft SKU #1113,Pet Care & Organic Treats,231,713,65,VND-1191,TRUE,Myntra
PRD-6114,SKU-KID-1114,Kids Premium Craft SKU #1114,Kids Wear & Wooden Toys,1391,4415,48,VND-1161,TRUE,Flipkart
PRD-6115,SKU-FIT-1115,Fitness Premium Craft SKU #1115,Fitness Gear & Yoga Accessories,1636,3047,83,VND-1248,TRUE,Instagram DM
PRD-6116,SKU-AUT-1116,Automotive Premium Craft SKU #1116,Automotive Accessories,1006,1823,70,VND-1156,TRUE,Amazon IN
PRD-6117,SKU-TEX-1117,Textiles Premium Craft SKU #1117,Textiles & Handblock Prints,2199,5804,90,VND-1146,TRUE,Instagram DM
PRD-6118,SKU-PUR-1118,Pure Premium Craft SKU #1118,Pure Silk & Traditional Sarees,2464,5170,95,VND-1145,TRUE,Shopify Storefront
PRD-6119,SKU-KNI-1119,Knitwear Premium Craft SKU #1119,Knitwear & Everyday Apparel,1213,4108,49,VND-1033,TRUE,Instagram DM
PRD-6120,SKU-BRA-1120,Brass Premium Craft SKU #1120,Brass & Artisan Metalcraft,1273,2706,22,VND-1201,TRUE,Instagram DM
PRD-6121,SKU-AYU-1121,Ayurvedic Premium Craft SKU #1121,Ayurvedic Beauty & Wellness,2332,6633,91,VND-1174,TRUE,Shopify Storefront
PRD-6122,SKU-LEA-1122,Leather Premium Craft SKU #1122,Leather Footwear & Travel Goods,1899,5487,26,VND-1241,TRUE,Amazon IN
PRD-6123,SKU-ECO-1123,Eco-Friendly Premium Craft SKU #1123,Eco-Friendly Packaging,1816,4114,86,VND-1111,TRUE,Amazon IN
PRD-6124,SKU-CON-1124,Consumer Premium Craft SKU #1124,Consumer Electronics Accessories,328,1083,48,VND-1133,FALSE,Flipkart
PRD-6125,SKU-ORG-1125,Organic Premium Craft SKU #1125,Organic Home & Kitchenware,1988,4647,70,VND-1137,TRUE,Shopify Storefront
PRD-6126,SKU-HAN-1126,Handloom Premium Craft SKU #1126,Handloom Bed Linen & Curtains,2492,7907,48,VND-1226,TRUE,Flipkart
PRD-6127,SKU-SPI-1127,Spices Premium Craft SKU #1127,Spices & Gourmet Food Crafts,454,1524,45,VND-1246,TRUE,Amazon IN
PRD-6128,SKU-JEW-1128,Jewelry Premium Craft SKU #1128,Jewelry & Fashion Accessories,546,1008,75,VND-1017,TRUE,Myntra
PRD-6129,SKU-FOO-1129,Footwear Premium Craft SKU #1129,Footwear & Athletic Shoes,1519,4904,51,VND-1205,TRUE,POS Counter
PRD-6130,SKU-STA-1130,Stationery Premium Craft SKU #1130,Stationery & Corporate Gifting,1545,4967,62,VND-1246,TRUE,POS Counter
PRD-6131,SKU-PET-1131,Pet Premium Craft SKU #1131,Pet Care & Organic Treats,448,1397,99,VND-1242,TRUE,Shopify Storefront
PRD-6132,SKU-KID-1132,Kids Premium Craft SKU #1132,Kids Wear & Wooden Toys,1978,5507,30,VND-1161,TRUE,Shopify Storefront
PRD-6133,SKU-FIT-1133,Fitness Premium Craft SKU #1133,Fitness Gear & Yoga Accessories,1433,4747,28,VND-1097,TRUE,Shopify Storefront
PRD-6134,SKU-AUT-1134,Automotive Premium Craft SKU #1134,Automotive Accessories,1960,3710,98,VND-1236,TRUE,Shopify Storefront
PRD-6135,SKU-TEX-1135,Textiles Premium Craft SKU #1135,Textiles & Handblock Prints,378,1039,57,VND-1027,TRUE,Flipkart
PRD-6136,SKU-PUR-1136,Pure Premium Craft SKU #1136,Pure Silk & Traditional Sarees,1833,4025,96,VND-1025,TRUE,Myntra
PRD-6137,SKU-KNI-1137,Knitwear Premium Craft SKU #1137,Knitwear & Everyday Apparel,2007,4922,74,VND-1003,TRUE,Myntra
PRD-6138,SKU-BRA-1138,Brass Premium Craft SKU #1138,Brass & Artisan Metalcraft,1541,4479,23,VND-1026,TRUE,Amazon IN
PRD-6139,SKU-AYU-1139,Ayurvedic Premium Craft SKU #1139,Ayurvedic Beauty & Wellness,938,1860,21,VND-1151,TRUE,Shopify Storefront
PRD-6140,SKU-LEA-1140,Leather Premium Craft SKU #1140,Leather Footwear & Travel Goods,943,3147,36,VND-1152,TRUE,Amazon IN
PRD-6141,SKU-ECO-1141,Eco-Friendly Premium Craft SKU #1141,Eco-Friendly Packaging,1874,4906,99,VND-1091,TRUE,POS Counter
PRD-6142,SKU-CON-1142,Consumer Premium Craft SKU #1142,Consumer Electronics Accessories,330,627,59,VND-1036,TRUE,Myntra
PRD-6143,SKU-ORG-1143,Organic Premium Craft SKU #1143,Organic Home & Kitchenware,1615,3761,89,VND-1246,TRUE,POS Counter
PRD-6144,SKU-HAN-1144,Handloom Premium Craft SKU #1144,Handloom Bed Linen & Curtains,1414,3995,57,VND-1121,TRUE,Shopify Storefront
PRD-6145,SKU-SPI-1145,Spices Premium Craft SKU #1145,Spices & Gourmet Food Crafts,742,1407,84,VND-1133,TRUE,Myntra
PRD-6146,SKU-JEW-1146,Jewelry Premium Craft SKU #1146,Jewelry & Fashion Accessories,373,939,45,VND-1220,TRUE,Instagram DM
PRD-6147,SKU-FOO-1147,Footwear Premium Craft SKU #1147,Footwear & Athletic Shoes,974,3053,63,VND-1233,TRUE,Flipkart
PRD-6148,SKU-STA-1148,Stationery Premium Craft SKU #1148,Stationery & Corporate Gifting,2064,5819,62,VND-1178,TRUE,Myntra
PRD-6149,SKU-PET-1149,Pet Premium Craft SKU #1149,Pet Care & Organic Treats,1524,4339,73,VND-1247,TRUE,Shopify Storefront
PRD-6150,SKU-KID-1150,Kids Premium Craft SKU #1150,Kids Wear & Wooden Toys,322,851,20,VND-1117,TRUE,Instagram DM
PRD-6151,SKU-FIT-1151,Fitness Premium Craft SKU #1151,Fitness Gear & Yoga Accessories,2060,5892,50,VND-1059,TRUE,Amazon IN
PRD-6152,SKU-AUT-1152,Automotive Premium Craft SKU #1152,Automotive Accessories,1689,3629,43,VND-1207,TRUE,Shopify Storefront
PRD-6153,SKU-TEX-1153,Textiles Premium Craft SKU #1153,Textiles & Handblock Prints,190,365,23,VND-1093,TRUE,POS Counter
PRD-6154,SKU-PUR-1154,Pure Premium Craft SKU #1154,Pure Silk & Traditional Sarees,1953,4160,94,VND-1075,TRUE,Amazon IN
PRD-6155,SKU-KNI-1155,Knitwear Premium Craft SKU #1155,Knitwear & Everyday Apparel,271,579,56,VND-1012,TRUE,Amazon IN
PRD-6156,SKU-BRA-1156,Brass Premium Craft SKU #1156,Brass & Artisan Metalcraft,863,2051,90,VND-1185,TRUE,POS Counter
PRD-6157,SKU-AYU-1157,Ayurvedic Premium Craft SKU #1157,Ayurvedic Beauty & Wellness,871,2815,32,VND-1006,FALSE,Instagram DM
PRD-6158,SKU-LEA-1158,Leather Premium Craft SKU #1158,Leather Footwear & Travel Goods,1702,4958,34,VND-1036,TRUE,POS Counter
PRD-6159,SKU-ECO-1159,Eco-Friendly Premium Craft SKU #1159,Eco-Friendly Packaging,2018,4456,67,VND-1079,TRUE,Myntra
PRD-6160,SKU-CON-1160,Consumer Premium Craft SKU #1160,Consumer Electronics Accessories,1926,6342,28,VND-1205,TRUE,POS Counter
PRD-6161,SKU-ORG-1161,Organic Premium Craft SKU #1161,Organic Home & Kitchenware,926,1968,68,VND-1204,TRUE,Amazon IN
PRD-6162,SKU-HAN-1162,Handloom Premium Craft SKU #1162,Handloom Bed Linen & Curtains,1909,6606,51,VND-1154,TRUE,Myntra
PRD-6163,SKU-SPI-1163,Spices Premium Craft SKU #1163,Spices & Gourmet Food Crafts,924,3005,57,VND-1151,TRUE,Amazon IN
PRD-6164,SKU-JEW-1164,Jewelry Premium Craft SKU #1164,Jewelry & Fashion Accessories,368,1056,55,VND-1064,TRUE,Myntra
PRD-6165,SKU-FOO-1165,Footwear Premium Craft SKU #1165,Footwear & Athletic Shoes,2152,4639,30,VND-1248,TRUE,Instagram DM
PRD-6166,SKU-STA-1166,Stationery Premium Craft SKU #1166,Stationery & Corporate Gifting,415,865,69,VND-1158,TRUE,Instagram DM
PRD-6167,SKU-PET-1167,Pet Premium Craft SKU #1167,Pet Care & Organic Treats,2235,5445,86,VND-1193,TRUE,Amazon IN
PRD-6168,SKU-KID-1168,Kids Premium Craft SKU #1168,Kids Wear & Wooden Toys,1681,4527,81,VND-1183,TRUE,Flipkart
PRD-6169,SKU-FIT-1169,Fitness Premium Craft SKU #1169,Fitness Gear & Yoga Accessories,1249,3482,94,VND-1122,TRUE,POS Counter
PRD-6170,SKU-AUT-1170,Automotive Premium Craft SKU #1170,Automotive Accessories,981,2519,50,VND-1057,TRUE,Amazon IN
PRD-6171,SKU-TEX-1171,Textiles Premium Craft SKU #1171,Textiles & Handblock Prints,1694,4694,67,VND-1109,TRUE,Shopify Storefront
PRD-6172,SKU-PUR-1172,Pure Premium Craft SKU #1172,Pure Silk & Traditional Sarees,494,1136,86,VND-1035,TRUE,Myntra
PRD-6173,SKU-KNI-1173,Knitwear Premium Craft SKU #1173,Knitwear & Everyday Apparel,2055,5488,63,VND-1011,TRUE,Flipkart
PRD-6174,SKU-BRA-1174,Brass Premium Craft SKU #1174,Brass & Artisan Metalcraft,1825,4425,83,VND-1111,TRUE,Flipkart
PRD-6175,SKU-AYU-1175,Ayurvedic Premium Craft SKU #1175,Ayurvedic Beauty & Wellness,885,2257,53,VND-1007,TRUE,Amazon IN
PRD-6176,SKU-LEA-1176,Leather Premium Craft SKU #1176,Leather Footwear & Travel Goods,487,1120,84,VND-1231,TRUE,Instagram DM
PRD-6177,SKU-ECO-1177,Eco-Friendly Premium Craft SKU #1177,Eco-Friendly Packaging,1282,4327,32,VND-1021,TRUE,Amazon IN
PRD-6178,SKU-CON-1178,Consumer Premium Craft SKU #1178,Consumer Electronics Accessories,2386,5107,45,VND-1010,TRUE,Amazon IN
PRD-6179,SKU-ORG-1179,Organic Premium Craft SKU #1179,Organic Home & Kitchenware,1274,2706,97,VND-1078,TRUE,Instagram DM
PRD-6180,SKU-HAN-1180,Handloom Premium Craft SKU #1180,Handloom Bed Linen & Curtains,2374,7955,21,VND-1190,TRUE,Amazon IN
PRD-6181,SKU-SPI-1181,Spices Premium Craft SKU #1181,Spices & Gourmet Food Crafts,1569,4913,71,VND-1211,TRUE,Myntra
PRD-6182,SKU-JEW-1182,Jewelry Premium Craft SKU #1182,Jewelry & Fashion Accessories,198,515,85,VND-1194,TRUE,POS Counter
PRD-6183,SKU-FOO-1183,Footwear Premium Craft SKU #1183,Footwear & Athletic Shoes,1778,3888,46,VND-1222,TRUE,Myntra
PRD-6184,SKU-STA-1184,Stationery Premium Craft SKU #1184,Stationery & Corporate Gifting,2413,7451,79,VND-1151,TRUE,Shopify Storefront
PRD-6185,SKU-PET-1185,Pet Premium Craft SKU #1185,Pet Care & Organic Treats,919,2324,73,VND-1081,TRUE,Flipkart
PRD-6186,SKU-KID-1186,Kids Premium Craft SKU #1186,Kids Wear & Wooden Toys,2437,4511,37,VND-1219,TRUE,POS Counter
PRD-6187,SKU-FIT-1187,Fitness Premium Craft SKU #1187,Fitness Gear & Yoga Accessories,189,500,65,VND-1079,TRUE,Flipkart
PRD-6188,SKU-AUT-1188,Automotive Premium Craft SKU #1188,Automotive Accessories,1802,5580,88,VND-1109,TRUE,Myntra
PRD-6189,SKU-TEX-1189,Textiles Premium Craft SKU #1189,Textiles & Handblock Prints,2474,7756,37,VND-1006,TRUE,Amazon IN
PRD-6190,SKU-PUR-1190,Pure Premium Craft SKU #1190,Pure Silk & Traditional Sarees,2500,8184,68,VND-1146,TRUE,Flipkart
PRD-6191,SKU-KNI-1191,Knitwear Premium Craft SKU #1191,Knitwear & Everyday Apparel,2339,5746,80,VND-1017,TRUE,Myntra
PRD-6192,SKU-BRA-1192,Brass Premium Craft SKU #1192,Brass & Artisan Metalcraft,1999,5769,58,VND-1247,TRUE,Shopify Storefront
PRD-6193,SKU-AYU-1193,Ayurvedic Premium Craft SKU #1193,Ayurvedic Beauty & Wellness,2414,5074,97,VND-1173,TRUE,POS Counter
PRD-6194,SKU-LEA-1194,Leather Premium Craft SKU #1194,Leather Footwear & Travel Goods,434,1453,69,VND-1051,TRUE,POS Counter
PRD-6195,SKU-ECO-1195,Eco-Friendly Premium Craft SKU #1195,Eco-Friendly Packaging,2297,4407,27,VND-1075,TRUE,Shopify Storefront
PRD-6196,SKU-CON-1196,Consumer Premium Craft SKU #1196,Consumer Electronics Accessories,1488,4853,72,VND-1044,TRUE,Shopify Storefront
PRD-6197,SKU-ORG-1197,Organic Premium Craft SKU #1197,Organic Home & Kitchenware,2347,5894,28,VND-1034,TRUE,POS Counter
PRD-6198,SKU-HAN-1198,Handloom Premium Craft SKU #1198,Handloom Bed Linen & Curtains,992,2307,80,VND-1034,TRUE,Myntra
PRD-6199,SKU-SPI-1199,Spices Premium Craft SKU #1199,Spices & Gourmet Food Crafts,1421,3977,84,VND-1241,TRUE,Flipkart
PRD-6200,SKU-JEW-1200,Jewelry Premium Craft SKU #1200,Jewelry & Fashion Accessories,976,1769,38,VND-1071,TRUE,Flipkart
PRD-6201,SKU-FOO-1201,Footwear Premium Craft SKU #1201,Footwear & Athletic Shoes,1161,3127,92,VND-1155,TRUE,Flipkart
PRD-6202,SKU-STA-1202,Stationery Premium Craft SKU #1202,Stationery & Corporate Gifting,310,946,56,VND-1119,TRUE,Flipkart
PRD-6203,SKU-PET-1203,Pet Premium Craft SKU #1203,Pet Care & Organic Treats,1368,3371,42,VND-1089,TRUE,POS Counter
PRD-6204,SKU-KID-1204,Kids Premium Craft SKU #1204,Kids Wear & Wooden Toys,1919,4947,43,VND-1231,TRUE,Shopify Storefront
PRD-6205,SKU-FIT-1205,Fitness Premium Craft SKU #1205,Fitness Gear & Yoga Accessories,328,724,40,VND-1101,TRUE,Instagram DM
PRD-6206,SKU-AUT-1206,Automotive Premium Craft SKU #1206,Automotive Accessories,1345,3945,28,VND-1138,TRUE,Instagram DM
PRD-6207,SKU-TEX-1207,Textiles Premium Craft SKU #1207,Textiles & Handblock Prints,1039,3475,72,VND-1231,TRUE,Myntra
PRD-6208,SKU-PUR-1208,Pure Premium Craft SKU #1208,Pure Silk & Traditional Sarees,1660,3203,33,VND-1032,TRUE,Amazon IN
PRD-6209,SKU-KNI-1209,Knitwear Premium Craft SKU #1209,Knitwear & Everyday Apparel,1997,4154,46,VND-1105,TRUE,Flipkart
PRD-6210,SKU-BRA-1210,Brass Premium Craft SKU #1210,Brass & Artisan Metalcraft,449,1295,79,VND-1007,TRUE,Instagram DM
PRD-6211,SKU-AYU-1211,Ayurvedic Premium Craft SKU #1211,Ayurvedic Beauty & Wellness,946,2340,21,VND-1103,TRUE,Instagram DM
PRD-6212,SKU-LEA-1212,Leather Premium Craft SKU #1212,Leather Footwear & Travel Goods,709,1670,79,VND-1235,TRUE,Shopify Storefront
PRD-6213,SKU-ECO-1213,Eco-Friendly Premium Craft SKU #1213,Eco-Friendly Packaging,2396,6988,76,VND-1022,TRUE,Amazon IN
PRD-6214,SKU-CON-1214,Consumer Premium Craft SKU #1214,Consumer Electronics Accessories,810,1692,22,VND-1216,TRUE,POS Counter
PRD-6215,SKU-ORG-1215,Organic Premium Craft SKU #1215,Organic Home & Kitchenware,658,1782,70,VND-1076,TRUE,Instagram DM
PRD-6216,SKU-HAN-1216,Handloom Premium Craft SKU #1216,Handloom Bed Linen & Curtains,195,575,39,VND-1196,TRUE,POS Counter
PRD-6217,SKU-SPI-1217,Spices Premium Craft SKU #1217,Spices & Gourmet Food Crafts,291,965,88,VND-1056,TRUE,Instagram DM
PRD-6218,SKU-JEW-1218,Jewelry Premium Craft SKU #1218,Jewelry & Fashion Accessories,2291,6620,33,VND-1013,TRUE,Amazon IN
PRD-6219,SKU-FOO-1219,Footwear Premium Craft SKU #1219,Footwear & Athletic Shoes,364,1025,26,VND-1114,TRUE,POS Counter
PRD-6220,SKU-STA-1220,Stationery Premium Craft SKU #1220,Stationery & Corporate Gifting,1172,2856,50,VND-1238,TRUE,Shopify Storefront
PRD-6221,SKU-PET-1221,Pet Premium Craft SKU #1221,Pet Care & Organic Treats,264,919,63,VND-1108,TRUE,Instagram DM
PRD-6222,SKU-KID-1222,Kids Premium Craft SKU #1222,Kids Wear & Wooden Toys,408,887,32,VND-1172,TRUE,Instagram DM
PRD-6223,SKU-FIT-1223,Fitness Premium Craft SKU #1223,Fitness Gear & Yoga Accessories,834,1563,85,VND-1043,TRUE,Amazon IN
PRD-6224,SKU-AUT-1224,Automotive Premium Craft SKU #1224,Automotive Accessories,2452,7026,99,VND-1083,TRUE,Myntra
PRD-6225,SKU-TEX-1225,Textiles Premium Craft SKU #1225,Textiles & Handblock Prints,1902,3814,47,VND-1102,TRUE,Amazon IN
PRD-6226,SKU-PUR-1226,Pure Premium Craft SKU #1226,Pure Silk & Traditional Sarees,211,524,60,VND-1045,FALSE,POS Counter
PRD-6227,SKU-KNI-1227,Knitwear Premium Craft SKU #1227,Knitwear & Everyday Apparel,1051,2009,55,VND-1118,TRUE,Amazon IN
PRD-6228,SKU-BRA-1228,Brass Premium Craft SKU #1228,Brass & Artisan Metalcraft,425,1404,72,VND-1012,TRUE,Myntra
PRD-6229,SKU-AYU-1229,Ayurvedic Premium Craft SKU #1229,Ayurvedic Beauty & Wellness,567,1707,92,VND-1128,TRUE,Shopify Storefront
PRD-6230,SKU-LEA-1230,Leather Premium Craft SKU #1230,Leather Footwear & Travel Goods,1478,5126,69,VND-1154,TRUE,Instagram DM
PRD-6231,SKU-ECO-1231,Eco-Friendly Premium Craft SKU #1231,Eco-Friendly Packaging,1510,3168,60,VND-1035,TRUE,Instagram DM
PRD-6232,SKU-CON-1232,Consumer Premium Craft SKU #1232,Consumer Electronics Accessories,426,1009,97,VND-1124,TRUE,Flipkart
PRD-6233,SKU-ORG-1233,Organic Premium Craft SKU #1233,Organic Home & Kitchenware,2243,6480,49,VND-1098,TRUE,Instagram DM
PRD-6234,SKU-HAN-1234,Handloom Premium Craft SKU #1234,Handloom Bed Linen & Curtains,1102,2023,35,VND-1004,TRUE,Instagram DM
PRD-6235,SKU-SPI-1235,Spices Premium Craft SKU #1235,Spices & Gourmet Food Crafts,1147,3273,27,VND-1110,TRUE,Flipkart
PRD-6236,SKU-JEW-1236,Jewelry Premium Craft SKU #1236,Jewelry & Fashion Accessories,977,2010,46,VND-1076,TRUE,POS Counter
PRD-6237,SKU-FOO-1237,Footwear Premium Craft SKU #1237,Footwear & Athletic Shoes,1967,6012,62,VND-1237,TRUE,Amazon IN
PRD-6238,SKU-STA-1238,Stationery Premium Craft SKU #1238,Stationery & Corporate Gifting,312,837,73,VND-1165,TRUE,Amazon IN
PRD-6239,SKU-PET-1239,Pet Premium Craft SKU #1239,Pet Care & Organic Treats,247,540,62,VND-1193,TRUE,POS Counter
PRD-6240,SKU-KID-1240,Kids Premium Craft SKU #1240,Kids Wear & Wooden Toys,371,1239,51,VND-1139,TRUE,Instagram DM
PRD-6241,SKU-FIT-1241,Fitness Premium Craft SKU #1241,Fitness Gear & Yoga Accessories,1061,3006,68,VND-1185,TRUE,POS Counter
PRD-6242,SKU-AUT-1242,Automotive Premium Craft SKU #1242,Automotive Accessories,174,332,82,VND-1114,TRUE,POS Counter
PRD-6243,SKU-TEX-1243,Textiles Premium Craft SKU #1243,Textiles & Handblock Prints,729,2475,36,VND-1014,TRUE,Myntra
PRD-6244,SKU-PUR-1244,Pure Premium Craft SKU #1244,Pure Silk & Traditional Sarees,987,2173,30,VND-1141,TRUE,Flipkart
PRD-6245,SKU-KNI-1245,Knitwear Premium Craft SKU #1245,Knitwear & Everyday Apparel,822,2488,51,VND-1080,TRUE,Myntra
PRD-6246,SKU-BRA-1246,Brass Premium Craft SKU #1246,Brass & Artisan Metalcraft,1391,3178,77,VND-1064,TRUE,POS Counter
PRD-6247,SKU-AYU-1247,Ayurvedic Premium Craft SKU #1247,Ayurvedic Beauty & Wellness,2120,4104,66,VND-1070,TRUE,POS Counter
PRD-6248,SKU-LEA-1248,Leather Premium Craft SKU #1248,Leather Footwear & Travel Goods,1957,4928,98,VND-1121,TRUE,POS Counter
PRD-6249,SKU-ECO-1249,Eco-Friendly Premium Craft SKU #1249,Eco-Friendly Packaging,2124,3894,68,VND-1210,TRUE,Shopify Storefront
PRD-6250,SKU-CON-1250,Consumer Premium Craft SKU #1250,Consumer Electronics Accessories,1379,3877,39,VND-1195,TRUE,POS Counter
PRD-6251,SKU-ORG-1251,Organic Premium Craft SKU #1251,Organic Home & Kitchenware,1708,4420,78,VND-1066,TRUE,Myntra
PRD-6252,SKU-HAN-1252,Handloom Premium Craft SKU #1252,Handloom Bed Linen & Curtains,2119,4073,37,VND-1156,TRUE,POS Counter
PRD-6253,SKU-SPI-1253,Spices Premium Craft SKU #1253,Spices & Gourmet Food Crafts,926,1673,84,VND-1040,TRUE,Amazon IN
PRD-6254,SKU-JEW-1254,Jewelry Premium Craft SKU #1254,Jewelry & Fashion Accessories,1807,6096,70,VND-1126,TRUE,Amazon IN
PRD-6255,SKU-FOO-1255,Footwear Premium Craft SKU #1255,Footwear & Athletic Shoes,2155,5006,95,VND-1099,TRUE,Shopify Storefront
PRD-6256,SKU-STA-1256,Stationery Premium Craft SKU #1256,Stationery & Corporate Gifting,659,1617,92,VND-1236,TRUE,Flipkart
PRD-6257,SKU-PET-1257,Pet Premium Craft SKU #1257,Pet Care & Organic Treats,1195,3717,64,VND-1246,TRUE,Flipkart
PRD-6258,SKU-KID-1258,Kids Premium Craft SKU #1258,Kids Wear & Wooden Toys,1658,4947,69,VND-1163,TRUE,Instagram DM
PRD-6259,SKU-FIT-1259,Fitness Premium Craft SKU #1259,Fitness Gear & Yoga Accessories,1142,2983,66,VND-1064,TRUE,Instagram DM
PRD-6260,SKU-AUT-1260,Automotive Premium Craft SKU #1260,Automotive Accessories,755,1694,78,VND-1008,TRUE,POS Counter
PRD-6261,SKU-TEX-1261,Textiles Premium Craft SKU #1261,Textiles & Handblock Prints,1163,3283,40,VND-1066,FALSE,Shopify Storefront
PRD-6262,SKU-PUR-1262,Pure Premium Craft SKU #1262,Pure Silk & Traditional Sarees,1724,4268,95,VND-1165,TRUE,Shopify Storefront
PRD-6263,SKU-KNI-1263,Knitwear Premium Craft SKU #1263,Knitwear & Everyday Apparel,923,3035,41,VND-1133,TRUE,Amazon IN
PRD-6264,SKU-BRA-1264,Brass Premium Craft SKU #1264,Brass & Artisan Metalcraft,1387,3677,88,VND-1178,TRUE,Flipkart
PRD-6265,SKU-AYU-1265,Ayurvedic Premium Craft SKU #1265,Ayurvedic Beauty & Wellness,1411,4300,31,VND-1151,TRUE,Myntra
PRD-6266,SKU-LEA-1266,Leather Premium Craft SKU #1266,Leather Footwear & Travel Goods,1560,4967,54,VND-1199,TRUE,Instagram DM
PRD-6267,SKU-ECO-1267,Eco-Friendly Premium Craft SKU #1267,Eco-Friendly Packaging,1411,2555,41,VND-1102,TRUE,Shopify Storefront
PRD-6268,SKU-CON-1268,Consumer Premium Craft SKU #1268,Consumer Electronics Accessories,436,1358,73,VND-1025,TRUE,Instagram DM
PRD-6269,SKU-ORG-1269,Organic Premium Craft SKU #1269,Organic Home & Kitchenware,1915,4002,67,VND-1074,TRUE,POS Counter
PRD-6270,SKU-HAN-1270,Handloom Premium Craft SKU #1270,Handloom Bed Linen & Curtains,2142,4518,34,VND-1051,TRUE,POS Counter
PRD-6271,SKU-SPI-1271,Spices Premium Craft SKU #1271,Spices & Gourmet Food Crafts,973,1848,43,VND-1048,TRUE,POS Counter
PRD-6272,SKU-JEW-1272,Jewelry Premium Craft SKU #1272,Jewelry & Fashion Accessories,1824,4649,99,VND-1067,TRUE,Instagram DM
PRD-6273,SKU-FOO-1273,Footwear Premium Craft SKU #1273,Footwear & Athletic Shoes,476,1093,68,VND-1043,TRUE,Shopify Storefront
PRD-6274,SKU-STA-1274,Stationery Premium Craft SKU #1274,Stationery & Corporate Gifting,271,757,81,VND-1088,TRUE,Shopify Storefront
PRD-6275,SKU-PET-1275,Pet Premium Craft SKU #1275,Pet Care & Organic Treats,400,900,20,VND-1003,TRUE,Shopify Storefront
PRD-6276,SKU-KID-1276,Kids Premium Craft SKU #1276,Kids Wear & Wooden Toys,1014,2725,20,VND-1025,TRUE,Myntra
PRD-6277,SKU-FIT-1277,Fitness Premium Craft SKU #1277,Fitness Gear & Yoga Accessories,1238,4190,80,VND-1247,TRUE,Myntra
PRD-6278,SKU-AUT-1278,Automotive Premium Craft SKU #1278,Automotive Accessories,1528,3713,63,VND-1110,TRUE,POS Counter
PRD-6279,SKU-TEX-1279,Textiles Premium Craft SKU #1279,Textiles & Handblock Prints,1629,4774,68,VND-1241,TRUE,Amazon IN
PRD-6280,SKU-PUR-1280,Pure Premium Craft SKU #1280,Pure Silk & Traditional Sarees,1502,4762,20,VND-1224,TRUE,Instagram DM
PRD-6281,SKU-KNI-1281,Knitwear Premium Craft SKU #1281,Knitwear & Everyday Apparel,718,1323,35,VND-1103,TRUE,Amazon IN
PRD-6282,SKU-BRA-1282,Brass Premium Craft SKU #1282,Brass & Artisan Metalcraft,1168,2833,99,VND-1244,TRUE,Flipkart
PRD-6283,SKU-AYU-1283,Ayurvedic Premium Craft SKU #1283,Ayurvedic Beauty & Wellness,1842,5383,20,VND-1132,TRUE,Amazon IN
PRD-6284,SKU-LEA-1284,Leather Premium Craft SKU #1284,Leather Footwear & Travel Goods,1625,5337,61,VND-1005,TRUE,POS Counter
PRD-6285,SKU-ECO-1285,Eco-Friendly Premium Craft SKU #1285,Eco-Friendly Packaging,2134,5292,98,VND-1156,TRUE,Amazon IN
PRD-6286,SKU-CON-1286,Consumer Premium Craft SKU #1286,Consumer Electronics Accessories,2100,7303,32,VND-1110,TRUE,Amazon IN
PRD-6287,SKU-ORG-1287,Organic Premium Craft SKU #1287,Organic Home & Kitchenware,949,2856,86,VND-1156,TRUE,Instagram DM
PRD-6288,SKU-HAN-1288,Handloom Premium Craft SKU #1288,Handloom Bed Linen & Curtains,280,564,31,VND-1130,TRUE,Instagram DM
PRD-6289,SKU-SPI-1289,Spices Premium Craft SKU #1289,Spices & Gourmet Food Crafts,2062,4300,77,VND-1141,TRUE,Flipkart
PRD-6290,SKU-JEW-1290,Jewelry Premium Craft SKU #1290,Jewelry & Fashion Accessories,2364,5223,47,VND-1170,TRUE,Instagram DM
PRD-6291,SKU-FOO-1291,Footwear Premium Craft SKU #1291,Footwear & Athletic Shoes,516,1021,23,VND-1180,TRUE,Amazon IN
PRD-6292,SKU-STA-1292,Stationery Premium Craft SKU #1292,Stationery & Corporate Gifting,1720,5336,48,VND-1232,TRUE,Instagram DM
PRD-6293,SKU-PET-1293,Pet Premium Craft SKU #1293,Pet Care & Organic Treats,654,1917,88,VND-1122,TRUE,Flipkart
PRD-6294,SKU-KID-1294,Kids Premium Craft SKU #1294,Kids Wear & Wooden Toys,1513,4966,93,VND-1024,TRUE,Myntra
PRD-6295,SKU-FIT-1295,Fitness Premium Craft SKU #1295,Fitness Gear & Yoga Accessories,1555,3795,68,VND-1017,TRUE,Myntra
PRD-6296,SKU-AUT-1296,Automotive Premium Craft SKU #1296,Automotive Accessories,1939,6155,48,VND-1248,TRUE,Amazon IN
PRD-6297,SKU-TEX-1297,Textiles Premium Craft SKU #1297,Textiles & Handblock Prints,606,1182,95,VND-1023,TRUE,Instagram DM
PRD-6298,SKU-PUR-1298,Pure Premium Craft SKU #1298,Pure Silk & Traditional Sarees,625,1733,36,VND-1242,TRUE,Flipkart
PRD-6299,SKU-KNI-1299,Knitwear Premium Craft SKU #1299,Knitwear & Everyday Apparel,156,363,95,VND-1148,TRUE,Flipkart
PRD-6300,SKU-BRA-1300,Brass Premium Craft SKU #1300,Brass & Artisan Metalcraft,1459,4539,36,VND-1109,TRUE,Myntra
PRD-6301,SKU-AYU-1301,Ayurvedic Premium Craft SKU #1301,Ayurvedic Beauty & Wellness,1059,2098,21,VND-1152,TRUE,Flipkart
PRD-6302,SKU-LEA-1302,Leather Premium Craft SKU #1302,Leather Footwear & Travel Goods,742,2365,57,VND-1081,TRUE,Flipkart
PRD-6303,SKU-ECO-1303,Eco-Friendly Premium Craft SKU #1303,Eco-Friendly Packaging,2016,4134,56,VND-1175,TRUE,Instagram DM
PRD-6304,SKU-CON-1304,Consumer Premium Craft SKU #1304,Consumer Electronics Accessories,290,817,59,VND-1218,TRUE,Instagram DM
PRD-6305,SKU-ORG-1305,Organic Premium Craft SKU #1305,Organic Home & Kitchenware,1270,4438,93,VND-1032,TRUE,POS Counter
PRD-6306,SKU-HAN-1306,Handloom Premium Craft SKU #1306,Handloom Bed Linen & Curtains,1343,4025,68,VND-1127,TRUE,Amazon IN
PRD-6307,SKU-SPI-1307,Spices Premium Craft SKU #1307,Spices & Gourmet Food Crafts,1012,3280,48,VND-1040,TRUE,Shopify Storefront
PRD-6308,SKU-JEW-1308,Jewelry Premium Craft SKU #1308,Jewelry & Fashion Accessories,883,2875,70,VND-1237,TRUE,Instagram DM
PRD-6309,SKU-FOO-1309,Footwear Premium Craft SKU #1309,Footwear & Athletic Shoes,802,2794,90,VND-1234,TRUE,Flipkart
PRD-6310,SKU-STA-1310,Stationery Premium Craft SKU #1310,Stationery & Corporate Gifting,2089,7277,70,VND-1174,TRUE,Myntra
PRD-6311,SKU-PET-1311,Pet Premium Craft SKU #1311,Pet Care & Organic Treats,1309,2984,44,VND-1187,TRUE,Myntra
PRD-6312,SKU-KID-1312,Kids Premium Craft SKU #1312,Kids Wear & Wooden Toys,548,1108,94,VND-1101,TRUE,Shopify Storefront
PRD-6313,SKU-FIT-1313,Fitness Premium Craft SKU #1313,Fitness Gear & Yoga Accessories,1395,3596,40,VND-1218,TRUE,Flipkart
PRD-6314,SKU-AUT-1314,Automotive Premium Craft SKU #1314,Automotive Accessories,2126,4878,38,VND-1179,TRUE,Instagram DM
PRD-6315,SKU-TEX-1315,Textiles Premium Craft SKU #1315,Textiles & Handblock Prints,187,451,93,VND-1051,TRUE,POS Counter
PRD-6316,SKU-PUR-1316,Pure Premium Craft SKU #1316,Pure Silk & Traditional Sarees,1899,5611,41,VND-1097,TRUE,Shopify Storefront
PRD-6317,SKU-KNI-1317,Knitwear Premium Craft SKU #1317,Knitwear & Everyday Apparel,2090,4400,26,VND-1092,TRUE,Myntra
PRD-6318,SKU-BRA-1318,Brass Premium Craft SKU #1318,Brass & Artisan Metalcraft,1536,4314,39,VND-1167,TRUE,Flipkart
PRD-6319,SKU-AYU-1319,Ayurvedic Premium Craft SKU #1319,Ayurvedic Beauty & Wellness,289,578,70,VND-1063,TRUE,Instagram DM
PRD-6320,SKU-LEA-1320,Leather Premium Craft SKU #1320,Leather Footwear & Travel Goods,856,2490,68,VND-1153,TRUE,Instagram DM
PRD-6321,SKU-ECO-1321,Eco-Friendly Premium Craft SKU #1321,Eco-Friendly Packaging,517,1614,68,VND-1169,TRUE,Instagram DM
PRD-6322,SKU-CON-1322,Consumer Premium Craft SKU #1322,Consumer Electronics Accessories,1654,3009,34,VND-1114,TRUE,Flipkart
PRD-6323,SKU-ORG-1323,Organic Premium Craft SKU #1323,Organic Home & Kitchenware,2237,4882,95,VND-1165,TRUE,Myntra
PRD-6324,SKU-HAN-1324,Handloom Premium Craft SKU #1324,Handloom Bed Linen & Curtains,1271,3786,32,VND-1123,TRUE,POS Counter
PRD-6325,SKU-SPI-1325,Spices Premium Craft SKU #1325,Spices & Gourmet Food Crafts,2133,7465,75,VND-1099,TRUE,POS Counter
PRD-6326,SKU-JEW-1326,Jewelry Premium Craft SKU #1326,Jewelry & Fashion Accessories,1482,2827,88,VND-1026,TRUE,Instagram DM
PRD-6327,SKU-FOO-1327,Footwear Premium Craft SKU #1327,Footwear & Athletic Shoes,1762,4837,88,VND-1006,TRUE,Myntra
PRD-6328,SKU-STA-1328,Stationery Premium Craft SKU #1328,Stationery & Corporate Gifting,411,1102,94,VND-1126,TRUE,Instagram DM
PRD-6329,SKU-PET-1329,Pet Premium Craft SKU #1329,Pet Care & Organic Treats,999,3438,35,VND-1032,TRUE,Myntra
PRD-6330,SKU-KID-1330,Kids Premium Craft SKU #1330,Kids Wear & Wooden Toys,887,1604,77,VND-1178,TRUE,Shopify Storefront
PRD-6331,SKU-FIT-1331,Fitness Premium Craft SKU #1331,Fitness Gear & Yoga Accessories,677,1880,40,VND-1011,TRUE,Amazon IN
PRD-6332,SKU-AUT-1332,Automotive Premium Craft SKU #1332,Automotive Accessories,293,569,35,VND-1218,TRUE,Amazon IN
PRD-6333,SKU-TEX-1333,Textiles Premium Craft SKU #1333,Textiles & Handblock Prints,2379,4976,20,VND-1248,TRUE,Shopify Storefront
PRD-6334,SKU-PUR-1334,Pure Premium Craft SKU #1334,Pure Silk & Traditional Sarees,2277,7600,57,VND-1243,TRUE,Flipkart
PRD-6335,SKU-KNI-1335,Knitwear Premium Craft SKU #1335,Knitwear & Everyday Apparel,2158,6434,86,VND-1036,TRUE,Amazon IN
PRD-6336,SKU-BRA-1336,Brass Premium Craft SKU #1336,Brass & Artisan Metalcraft,2354,6280,32,VND-1156,TRUE,Shopify Storefront
PRD-6337,SKU-AYU-1337,Ayurvedic Premium Craft SKU #1337,Ayurvedic Beauty & Wellness,300,635,58,VND-1061,TRUE,POS Counter
PRD-6338,SKU-LEA-1338,Leather Premium Craft SKU #1338,Leather Footwear & Travel Goods,699,1973,47,VND-1246,TRUE,Amazon IN
PRD-6339,SKU-ECO-1339,Eco-Friendly Premium Craft SKU #1339,Eco-Friendly Packaging,1878,3617,52,VND-1033,TRUE,Instagram DM
PRD-6340,SKU-CON-1340,Consumer Premium Craft SKU #1340,Consumer Electronics Accessories,818,2028,30,VND-1232,TRUE,Instagram DM
PRD-6341,SKU-ORG-1341,Organic Premium Craft SKU #1341,Organic Home & Kitchenware,736,1995,29,VND-1109,TRUE,Amazon IN
PRD-6342,SKU-HAN-1342,Handloom Premium Craft SKU #1342,Handloom Bed Linen & Curtains,939,2830,92,VND-1163,TRUE,Myntra
PRD-6343,SKU-SPI-1343,Spices Premium Craft SKU #1343,Spices & Gourmet Food Crafts,821,2063,39,VND-1155,TRUE,Flipkart
PRD-6344,SKU-JEW-1344,Jewelry Premium Craft SKU #1344,Jewelry & Fashion Accessories,256,880,51,VND-1098,TRUE,Shopify Storefront
PRD-6345,SKU-FOO-1345,Footwear Premium Craft SKU #1345,Footwear & Athletic Shoes,600,1777,72,VND-1137,TRUE,Instagram DM
PRD-6346,SKU-STA-1346,Stationery Premium Craft SKU #1346,Stationery & Corporate Gifting,1636,5473,54,VND-1023,TRUE,POS Counter
PRD-6347,SKU-PET-1347,Pet Premium Craft SKU #1347,Pet Care & Organic Treats,190,373,48,VND-1071,TRUE,Shopify Storefront
PRD-6348,SKU-KID-1348,Kids Premium Craft SKU #1348,Kids Wear & Wooden Toys,655,1374,59,VND-1201,TRUE,Flipkart
PRD-6349,SKU-FIT-1349,Fitness Premium Craft SKU #1349,Fitness Gear & Yoga Accessories,2316,5542,93,VND-1025,TRUE,Myntra
PRD-6350,SKU-AUT-1350,Automotive Premium Craft SKU #1350,Automotive Accessories,555,1844,41,VND-1070,TRUE,Flipkart
PRD-6351,SKU-TEX-1351,Textiles Premium Craft SKU #1351,Textiles & Handblock Prints,1563,4955,88,VND-1047,TRUE,Flipkart
PRD-6352,SKU-PUR-1352,Pure Premium Craft SKU #1352,Pure Silk & Traditional Sarees,672,1505,85,VND-1123,TRUE,Instagram DM
PRD-6353,SKU-KNI-1353,Knitwear Premium Craft SKU #1353,Knitwear & Everyday Apparel,734,1793,54,VND-1033,TRUE,Instagram DM
PRD-6354,SKU-BRA-1354,Brass Premium Craft SKU #1354,Brass & Artisan Metalcraft,1666,5002,51,VND-1164,TRUE,Flipkart
PRD-6355,SKU-AYU-1355,Ayurvedic Premium Craft SKU #1355,Ayurvedic Beauty & Wellness,2025,4275,65,VND-1181,TRUE,Myntra
PRD-6356,SKU-LEA-1356,Leather Premium Craft SKU #1356,Leather Footwear & Travel Goods,1279,4373,86,VND-1074,TRUE,POS Counter
PRD-6357,SKU-ECO-1357,Eco-Friendly Premium Craft SKU #1357,Eco-Friendly Packaging,506,1725,72,VND-1079,TRUE,Shopify Storefront
PRD-6358,SKU-CON-1358,Consumer Premium Craft SKU #1358,Consumer Electronics Accessories,475,916,50,VND-1163,TRUE,POS Counter
PRD-6359,SKU-ORG-1359,Organic Premium Craft SKU #1359,Organic Home & Kitchenware,385,748,56,VND-1148,TRUE,Flipkart
PRD-6360,SKU-HAN-1360,Handloom Premium Craft SKU #1360,Handloom Bed Linen & Curtains,193,663,74,VND-1207,TRUE,Instagram DM
PRD-6361,SKU-SPI-1361,Spices Premium Craft SKU #1361,Spices & Gourmet Food Crafts,2114,5594,88,VND-1035,TRUE,Flipkart
PRD-6362,SKU-JEW-1362,Jewelry Premium Craft SKU #1362,Jewelry & Fashion Accessories,928,3107,20,VND-1004,TRUE,Instagram DM
PRD-6363,SKU-FOO-1363,Footwear Premium Craft SKU #1363,Footwear & Athletic Shoes,1563,3462,87,VND-1137,TRUE,Shopify Storefront
PRD-6364,SKU-STA-1364,Stationery Premium Craft SKU #1364,Stationery & Corporate Gifting,1987,6835,87,VND-1156,TRUE,POS Counter
PRD-6365,SKU-PET-1365,Pet Premium Craft SKU #1365,Pet Care & Organic Treats,1653,5334,85,VND-1020,TRUE,Shopify Storefront
PRD-6366,SKU-KID-1366,Kids Premium Craft SKU #1366,Kids Wear & Wooden Toys,2179,5326,67,VND-1109,TRUE,Amazon IN
PRD-6367,SKU-FIT-1367,Fitness Premium Craft SKU #1367,Fitness Gear & Yoga Accessories,1173,3769,35,VND-1234,TRUE,Flipkart
PRD-6368,SKU-AUT-1368,Automotive Premium Craft SKU #1368,Automotive Accessories,1234,2668,100,VND-1076,TRUE,POS Counter
PRD-6369,SKU-TEX-1369,Textiles Premium Craft SKU #1369,Textiles & Handblock Prints,1398,4724,85,VND-1237,TRUE,Shopify Storefront
PRD-6370,SKU-PUR-1370,Pure Premium Craft SKU #1370,Pure Silk & Traditional Sarees,2046,6787,82,VND-1240,TRUE,Shopify Storefront
PRD-6371,SKU-KNI-1371,Knitwear Premium Craft SKU #1371,Knitwear & Everyday Apparel,2035,4799,65,VND-1158,TRUE,Amazon IN
PRD-6372,SKU-BRA-1372,Brass Premium Craft SKU #1372,Brass & Artisan Metalcraft,912,2264,21,VND-1228,TRUE,Flipkart
PRD-6373,SKU-AYU-1373,Ayurvedic Premium Craft SKU #1373,Ayurvedic Beauty & Wellness,497,1341,39,VND-1051,TRUE,Flipkart
PRD-6374,SKU-LEA-1374,Leather Premium Craft SKU #1374,Leather Footwear & Travel Goods,787,2446,52,VND-1002,TRUE,Flipkart
PRD-6375,SKU-ECO-1375,Eco-Friendly Premium Craft SKU #1375,Eco-Friendly Packaging,1375,3327,43,VND-1096,TRUE,Amazon IN
PRD-6376,SKU-CON-1376,Consumer Premium Craft SKU #1376,Consumer Electronics Accessories,1946,5673,76,VND-1028,TRUE,Amazon IN
PRD-6377,SKU-ORG-1377,Organic Premium Craft SKU #1377,Organic Home & Kitchenware,1927,3487,45,VND-1192,TRUE,Amazon IN
PRD-6378,SKU-HAN-1378,Handloom Premium Craft SKU #1378,Handloom Bed Linen & Curtains,697,1722,62,VND-1011,TRUE,POS Counter
PRD-6379,SKU-SPI-1379,Spices Premium Craft SKU #1379,Spices & Gourmet Food Crafts,965,3292,54,VND-1171,TRUE,Flipkart
PRD-6380,SKU-JEW-1380,Jewelry Premium Craft SKU #1380,Jewelry & Fashion Accessories,2179,6884,36,VND-1141,TRUE,Flipkart
PRD-6381,SKU-FOO-1381,Footwear Premium Craft SKU #1381,Footwear & Athletic Shoes,1742,3524,33,VND-1129,TRUE,POS Counter
PRD-6382,SKU-STA-1382,Stationery Premium Craft SKU #1382,Stationery & Corporate Gifting,1559,4131,50,VND-1040,TRUE,Amazon IN
PRD-6383,SKU-PET-1383,Pet Premium Craft SKU #1383,Pet Care & Organic Treats,182,461,57,VND-1110,TRUE,Shopify Storefront
PRD-6384,SKU-KID-1384,Kids Premium Craft SKU #1384,Kids Wear & Wooden Toys,1906,4233,39,VND-1195,TRUE,POS Counter
PRD-6385,SKU-FIT-1385,Fitness Premium Craft SKU #1385,Fitness Gear & Yoga Accessories,1301,4037,53,VND-1064,TRUE,POS Counter
PRD-6386,SKU-AUT-1386,Automotive Premium Craft SKU #1386,Automotive Accessories,1907,4075,33,VND-1171,TRUE,Myntra
PRD-6387,SKU-TEX-1387,Textiles Premium Craft SKU #1387,Textiles & Handblock Prints,892,1891,95,VND-1157,TRUE,POS Counter
PRD-6388,SKU-PUR-1388,Pure Premium Craft SKU #1388,Pure Silk & Traditional Sarees,643,1302,24,VND-1059,TRUE,POS Counter
PRD-6389,SKU-KNI-1389,Knitwear Premium Craft SKU #1389,Knitwear & Everyday Apparel,748,1888,98,VND-1238,TRUE,Shopify Storefront
PRD-6390,SKU-BRA-1390,Brass Premium Craft SKU #1390,Brass & Artisan Metalcraft,1818,4894,49,VND-1098,TRUE,Flipkart
PRD-6391,SKU-AYU-1391,Ayurvedic Premium Craft SKU #1391,Ayurvedic Beauty & Wellness,401,1069,26,VND-1123,TRUE,Amazon IN
PRD-6392,SKU-LEA-1392,Leather Premium Craft SKU #1392,Leather Footwear & Travel Goods,1299,4420,73,VND-1094,TRUE,Shopify Storefront
PRD-6393,SKU-ECO-1393,Eco-Friendly Premium Craft SKU #1393,Eco-Friendly Packaging,317,570,61,VND-1047,TRUE,Flipkart
PRD-6394,SKU-CON-1394,Consumer Premium Craft SKU #1394,Consumer Electronics Accessories,562,1423,52,VND-1072,TRUE,Amazon IN
PRD-6395,SKU-ORG-1395,Organic Premium Craft SKU #1395,Organic Home & Kitchenware,1396,2777,21,VND-1086,TRUE,POS Counter
PRD-6396,SKU-HAN-1396,Handloom Premium Craft SKU #1396,Handloom Bed Linen & Curtains,1626,4975,66,VND-1085,TRUE,Myntra
PRD-6397,SKU-SPI-1397,Spices Premium Craft SKU #1397,Spices & Gourmet Food Crafts,1672,3686,55,VND-1136,TRUE,Flipkart
PRD-6398,SKU-JEW-1398,Jewelry Premium Craft SKU #1398,Jewelry & Fashion Accessories,585,1182,97,VND-1023,TRUE,Myntra
PRD-6399,SKU-FOO-1399,Footwear Premium Craft SKU #1399,Footwear & Athletic Shoes,930,1979,77,VND-1248,TRUE,Shopify Storefront
PRD-6400,SKU-STA-1400,Stationery Premium Craft SKU #1400,Stationery & Corporate Gifting,2388,6811,58,VND-1242,TRUE,POS Counter
PRD-6401,SKU-PET-1401,Pet Premium Craft SKU #1401,Pet Care & Organic Treats,779,1460,44,VND-1137,TRUE,Instagram DM
PRD-6402,SKU-KID-1402,Kids Premium Craft SKU #1402,Kids Wear & Wooden Toys,2445,8454,66,VND-1065,TRUE,Instagram DM
PRD-6403,SKU-FIT-1403,Fitness Premium Craft SKU #1403,Fitness Gear & Yoga Accessories,1936,3707,73,VND-1031,TRUE,Myntra
PRD-6404,SKU-AUT-1404,Automotive Premium Craft SKU #1404,Automotive Accessories,239,498,55,VND-1203,TRUE,POS Counter
PRD-6405,SKU-TEX-1405,Textiles Premium Craft SKU #1405,Textiles & Handblock Prints,336,1150,27,VND-1075,TRUE,Instagram DM
PRD-6406,SKU-PUR-1406,Pure Premium Craft SKU #1406,Pure Silk & Traditional Sarees,1778,4696,88,VND-1049,TRUE,Shopify Storefront
PRD-6407,SKU-KNI-1407,Knitwear Premium Craft SKU #1407,Knitwear & Everyday Apparel,1943,5977,69,VND-1043,TRUE,Flipkart
PRD-6408,SKU-BRA-1408,Brass Premium Craft SKU #1408,Brass & Artisan Metalcraft,1262,2715,20,VND-1103,TRUE,POS Counter
PRD-6409,SKU-AYU-1409,Ayurvedic Premium Craft SKU #1409,Ayurvedic Beauty & Wellness,186,612,85,VND-1152,TRUE,Instagram DM
PRD-6410,SKU-LEA-1410,Leather Premium Craft SKU #1410,Leather Footwear & Travel Goods,2300,5152,48,VND-1185,TRUE,Amazon IN
PRD-6411,SKU-ECO-1411,Eco-Friendly Premium Craft SKU #1411,Eco-Friendly Packaging,637,1331,25,VND-1142,TRUE,Amazon IN
PRD-6412,SKU-CON-1412,Consumer Premium Craft SKU #1412,Consumer Electronics Accessories,756,2571,55,VND-1011,TRUE,Amazon IN
PRD-6413,SKU-ORG-1413,Organic Premium Craft SKU #1413,Organic Home & Kitchenware,361,1044,51,VND-1224,TRUE,POS Counter
PRD-6414,SKU-HAN-1414,Handloom Premium Craft SKU #1414,Handloom Bed Linen & Curtains,625,1126,64,VND-1137,TRUE,Amazon IN
PRD-6415,SKU-SPI-1415,Spices Premium Craft SKU #1415,Spices & Gourmet Food Crafts,490,1670,90,VND-1084,TRUE,POS Counter
PRD-6416,SKU-JEW-1416,Jewelry Premium Craft SKU #1416,Jewelry & Fashion Accessories,1357,3191,27,VND-1105,TRUE,Shopify Storefront
PRD-6417,SKU-FOO-1417,Footwear Premium Craft SKU #1417,Footwear & Athletic Shoes,1606,3489,55,VND-1211,TRUE,Shopify Storefront
PRD-6418,SKU-STA-1418,Stationery Premium Craft SKU #1418,Stationery & Corporate Gifting,585,1771,68,VND-1138,TRUE,Amazon IN
PRD-6419,SKU-PET-1419,Pet Premium Craft SKU #1419,Pet Care & Organic Treats,2406,5174,76,VND-1223,TRUE,Amazon IN
PRD-6420,SKU-KID-1420,Kids Premium Craft SKU #1420,Kids Wear & Wooden Toys,1769,3652,49,VND-1053,TRUE,Flipkart
PRD-6421,SKU-FIT-1421,Fitness Premium Craft SKU #1421,Fitness Gear & Yoga Accessories,757,2523,31,VND-1095,TRUE,Flipkart
PRD-6422,SKU-AUT-1422,Automotive Premium Craft SKU #1422,Automotive Accessories,871,1847,82,VND-1048,TRUE,POS Counter
PRD-6423,SKU-TEX-1423,Textiles Premium Craft SKU #1423,Textiles & Handblock Prints,1305,2395,40,VND-1166,TRUE,Flipkart
PRD-6424,SKU-PUR-1424,Pure Premium Craft SKU #1424,Pure Silk & Traditional Sarees,919,1762,29,VND-1176,TRUE,Flipkart
PRD-6425,SKU-KNI-1425,Knitwear Premium Craft SKU #1425,Knitwear & Everyday Apparel,1798,3542,87,VND-1233,TRUE,Shopify Storefront
PRD-6426,SKU-BRA-1426,Brass Premium Craft SKU #1426,Brass & Artisan Metalcraft,558,1362,22,VND-1155,TRUE,Shopify Storefront
PRD-6427,SKU-AYU-1427,Ayurvedic Premium Craft SKU #1427,Ayurvedic Beauty & Wellness,329,666,30,VND-1196,TRUE,Instagram DM
PRD-6428,SKU-LEA-1428,Leather Premium Craft SKU #1428,Leather Footwear & Travel Goods,205,645,21,VND-1154,TRUE,Shopify Storefront
PRD-6429,SKU-ECO-1429,Eco-Friendly Premium Craft SKU #1429,Eco-Friendly Packaging,1536,4991,30,VND-1139,TRUE,Flipkart
PRD-6430,SKU-CON-1430,Consumer Premium Craft SKU #1430,Consumer Electronics Accessories,2455,8143,40,VND-1195,TRUE,Flipkart
PRD-6431,SKU-ORG-1431,Organic Premium Craft SKU #1431,Organic Home & Kitchenware,1148,2175,54,VND-1040,TRUE,Shopify Storefront
PRD-6432,SKU-HAN-1432,Handloom Premium Craft SKU #1432,Handloom Bed Linen & Curtains,332,655,57,VND-1006,TRUE,Flipkart
PRD-6433,SKU-SPI-1433,Spices Premium Craft SKU #1433,Spices & Gourmet Food Crafts,154,516,23,VND-1037,TRUE,Flipkart
PRD-6434,SKU-JEW-1434,Jewelry Premium Craft SKU #1434,Jewelry & Fashion Accessories,1597,4653,48,VND-1038,TRUE,Instagram DM
PRD-6435,SKU-FOO-1435,Footwear Premium Craft SKU #1435,Footwear & Athletic Shoes,610,1608,34,VND-1099,TRUE,Amazon IN
PRD-6436,SKU-STA-1436,Stationery Premium Craft SKU #1436,Stationery & Corporate Gifting,462,1315,35,VND-1092,TRUE,Shopify Storefront
PRD-6437,SKU-PET-1437,Pet Premium Craft SKU #1437,Pet Care & Organic Treats,327,924,42,VND-1230,TRUE,Amazon IN
PRD-6438,SKU-KID-1438,Kids Premium Craft SKU #1438,Kids Wear & Wooden Toys,892,2635,39,VND-1154,TRUE,Instagram DM
PRD-6439,SKU-FIT-1439,Fitness Premium Craft SKU #1439,Fitness Gear & Yoga Accessories,1325,3169,33,VND-1078,TRUE,Flipkart
PRD-6440,SKU-AUT-1440,Automotive Premium Craft SKU #1440,Automotive Accessories,1661,5623,29,VND-1170,TRUE,POS Counter
PRD-6441,SKU-TEX-1441,Textiles Premium Craft SKU #1441,Textiles & Handblock Prints,750,1758,69,VND-1200,TRUE,Flipkart
PRD-6442,SKU-PUR-1442,Pure Premium Craft SKU #1442,Pure Silk & Traditional Sarees,425,846,74,VND-1209,TRUE,Amazon IN
PRD-6443,SKU-KNI-1443,Knitwear Premium Craft SKU #1443,Knitwear & Everyday Apparel,520,1221,36,VND-1038,TRUE,Flipkart
PRD-6444,SKU-BRA-1444,Brass Premium Craft SKU #1444,Brass & Artisan Metalcraft,1457,3846,81,VND-1091,TRUE,Flipkart
PRD-6445,SKU-AYU-1445,Ayurvedic Premium Craft SKU #1445,Ayurvedic Beauty & Wellness,1515,3082,51,VND-1155,TRUE,Myntra
PRD-6446,SKU-LEA-1446,Leather Premium Craft SKU #1446,Leather Footwear & Travel Goods,2356,6378,88,VND-1128,TRUE,POS Counter
PRD-6447,SKU-ECO-1447,Eco-Friendly Premium Craft SKU #1447,Eco-Friendly Packaging,492,1371,73,VND-1099,TRUE,Instagram DM
PRD-6448,SKU-CON-1448,Consumer Premium Craft SKU #1448,Consumer Electronics Accessories,1048,3139,50,VND-1208,TRUE,POS Counter
PRD-6449,SKU-ORG-1449,Organic Premium Craft SKU #1449,Organic Home & Kitchenware,220,531,80,VND-1218,TRUE,Shopify Storefront
PRD-6450,SKU-HAN-1450,Handloom Premium Craft SKU #1450,Handloom Bed Linen & Curtains,1580,3813,37,VND-1016,TRUE,POS Counter
PRD-6451,SKU-SPI-1451,Spices Premium Craft SKU #1451,Spices & Gourmet Food Crafts,2408,8312,73,VND-1214,TRUE,POS Counter
PRD-6452,SKU-JEW-1452,Jewelry Premium Craft SKU #1452,Jewelry & Fashion Accessories,714,1427,38,VND-1015,TRUE,Shopify Storefront
PRD-6453,SKU-FOO-1453,Footwear Premium Craft SKU #1453,Footwear & Athletic Shoes,1889,4593,33,VND-1179,TRUE,Shopify Storefront
PRD-6454,SKU-STA-1454,Stationery Premium Craft SKU #1454,Stationery & Corporate Gifting,797,1475,66,VND-1123,TRUE,POS Counter
PRD-6455,SKU-PET-1455,Pet Premium Craft SKU #1455,Pet Care & Organic Treats,201,556,73,VND-1020,TRUE,POS Counter
PRD-6456,SKU-KID-1456,Kids Premium Craft SKU #1456,Kids Wear & Wooden Toys,723,2220,58,VND-1121,TRUE,Instagram DM
PRD-6457,SKU-FIT-1457,Fitness Premium Craft SKU #1457,Fitness Gear & Yoga Accessories,1968,6156,21,VND-1087,TRUE,POS Counter
PRD-6458,SKU-AUT-1458,Automotive Premium Craft SKU #1458,Automotive Accessories,281,794,42,VND-1016,TRUE,Shopify Storefront
PRD-6459,SKU-TEX-1459,Textiles Premium Craft SKU #1459,Textiles & Handblock Prints,1885,5571,78,VND-1102,TRUE,Amazon IN
PRD-6460,SKU-PUR-1460,Pure Premium Craft SKU #1460,Pure Silk & Traditional Sarees,2493,6614,49,VND-1236,TRUE,POS Counter
PRD-6461,SKU-KNI-1461,Knitwear Premium Craft SKU #1461,Knitwear & Everyday Apparel,526,1413,36,VND-1070,TRUE,Flipkart
PRD-6462,SKU-BRA-1462,Brass Premium Craft SKU #1462,Brass & Artisan Metalcraft,379,823,43,VND-1159,TRUE,Myntra
PRD-6463,SKU-AYU-1463,Ayurvedic Premium Craft SKU #1463,Ayurvedic Beauty & Wellness,466,1485,79,VND-1155,TRUE,Instagram DM
PRD-6464,SKU-LEA-1464,Leather Premium Craft SKU #1464,Leather Footwear & Travel Goods,1809,5800,41,VND-1165,TRUE,Amazon IN
PRD-6465,SKU-ECO-1465,Eco-Friendly Premium Craft SKU #1465,Eco-Friendly Packaging,1887,4021,33,VND-1166,TRUE,Amazon IN
PRD-6466,SKU-CON-1466,Consumer Premium Craft SKU #1466,Consumer Electronics Accessories,1524,2815,56,VND-1155,TRUE,Shopify Storefront
PRD-6467,SKU-ORG-1467,Organic Premium Craft SKU #1467,Organic Home & Kitchenware,1017,2862,59,VND-1017,TRUE,POS Counter
PRD-6468,SKU-HAN-1468,Handloom Premium Craft SKU #1468,Handloom Bed Linen & Curtains,282,622,30,VND-1164,TRUE,Myntra
PRD-6469,SKU-SPI-1469,Spices Premium Craft SKU #1469,Spices & Gourmet Food Crafts,2459,8550,81,VND-1012,FALSE,Amazon IN
PRD-6470,SKU-JEW-1470,Jewelry Premium Craft SKU #1470,Jewelry & Fashion Accessories,1414,2565,65,VND-1024,TRUE,Flipkart
PRD-6471,SKU-FOO-1471,Footwear Premium Craft SKU #1471,Footwear & Athletic Shoes,948,2213,70,VND-1129,TRUE,POS Counter
PRD-6472,SKU-STA-1472,Stationery Premium Craft SKU #1472,Stationery & Corporate Gifting,548,1295,84,VND-1180,TRUE,POS Counter
PRD-6473,SKU-PET-1473,Pet Premium Craft SKU #1473,Pet Care & Organic Treats,1715,4477,24,VND-1007,TRUE,POS Counter
PRD-6474,SKU-KID-1474,Kids Premium Craft SKU #1474,Kids Wear & Wooden Toys,2046,3956,100,VND-1175,TRUE,Instagram DM
PRD-6475,SKU-FIT-1475,Fitness Premium Craft SKU #1475,Fitness Gear & Yoga Accessories,1033,3277,38,VND-1060,TRUE,POS Counter
PRD-6476,SKU-AUT-1476,Automotive Premium Craft SKU #1476,Automotive Accessories,2204,5901,97,VND-1247,TRUE,Amazon IN
PRD-6477,SKU-TEX-1477,Textiles Premium Craft SKU #1477,Textiles & Handblock Prints,687,1632,66,VND-1115,TRUE,Flipkart
PRD-6478,SKU-PUR-1478,Pure Premium Craft SKU #1478,Pure Silk & Traditional Sarees,1737,3832,98,VND-1011,TRUE,POS Counter
PRD-6479,SKU-KNI-1479,Knitwear Premium Craft SKU #1479,Knitwear & Everyday Apparel,2187,4298,21,VND-1146,TRUE,Amazon IN
PRD-6480,SKU-BRA-1480,Brass Premium Craft SKU #1480,Brass & Artisan Metalcraft,507,1342,78,VND-1141,TRUE,Amazon IN
PRD-6481,SKU-AYU-1481,Ayurvedic Premium Craft SKU #1481,Ayurvedic Beauty & Wellness,429,976,66,VND-1042,TRUE,Shopify Storefront
PRD-6482,SKU-LEA-1482,Leather Premium Craft SKU #1482,Leather Footwear & Travel Goods,2037,4559,80,VND-1046,TRUE,Flipkart
PRD-6483,SKU-ECO-1483,Eco-Friendly Premium Craft SKU #1483,Eco-Friendly Packaging,725,2463,92,VND-1167,TRUE,Amazon IN
PRD-6484,SKU-CON-1484,Consumer Premium Craft SKU #1484,Consumer Electronics Accessories,1324,3285,99,VND-1220,TRUE,POS Counter
PRD-6485,SKU-ORG-1485,Organic Premium Craft SKU #1485,Organic Home & Kitchenware,1652,4412,99,VND-1113,TRUE,Amazon IN
PRD-6486,SKU-HAN-1486,Handloom Premium Craft SKU #1486,Handloom Bed Linen & Curtains,1842,4899,53,VND-1022,TRUE,Instagram DM
PRD-6487,SKU-SPI-1487,Spices Premium Craft SKU #1487,Spices & Gourmet Food Crafts,383,1171,51,VND-1011,TRUE,Myntra
PRD-6488,SKU-JEW-1488,Jewelry Premium Craft SKU #1488,Jewelry & Fashion Accessories,783,2544,57,VND-1003,TRUE,Myntra
PRD-6489,SKU-FOO-1489,Footwear Premium Craft SKU #1489,Footwear & Athletic Shoes,448,976,79,VND-1103,TRUE,Amazon IN
PRD-6490,SKU-STA-1490,Stationery Premium Craft SKU #1490,Stationery & Corporate Gifting,2068,5981,79,VND-1120,TRUE,POS Counter
PRD-6491,SKU-PET-1491,Pet Premium Craft SKU #1491,Pet Care & Organic Treats,593,1992,70,VND-1188,TRUE,POS Counter
PRD-6492,SKU-KID-1492,Kids Premium Craft SKU #1492,Kids Wear & Wooden Toys,1496,2856,63,VND-1103,TRUE,Flipkart
PRD-6493,SKU-FIT-1493,Fitness Premium Craft SKU #1493,Fitness Gear & Yoga Accessories,2100,4188,78,VND-1055,FALSE,POS Counter
PRD-6494,SKU-AUT-1494,Automotive Premium Craft SKU #1494,Automotive Accessories,2074,4246,47,VND-1243,TRUE,Shopify Storefront
PRD-6495,SKU-TEX-1495,Textiles Premium Craft SKU #1495,Textiles & Handblock Prints,1707,3253,66,VND-1154,TRUE,Flipkart
PRD-6496,SKU-PUR-1496,Pure Premium Craft SKU #1496,Pure Silk & Traditional Sarees,371,801,22,VND-1055,TRUE,Instagram DM
PRD-6497,SKU-KNI-1497,Knitwear Premium Craft SKU #1497,Knitwear & Everyday Apparel,1255,2796,42,VND-1109,TRUE,Shopify Storefront
PRD-6498,SKU-BRA-1498,Brass Premium Craft SKU #1498,Brass & Artisan Metalcraft,1809,3507,77,VND-1071,TRUE,Myntra
PRD-6499,SKU-AYU-1499,Ayurvedic Premium Craft SKU #1499,Ayurvedic Beauty & Wellness,1212,2560,26,VND-1055,TRUE,Flipkart
PRD-6500,SKU-LEA-1500,Leather Premium Craft SKU #1500,Leather Footwear & Travel Goods,1366,2840,64,VND-1088,TRUE,Flipkart
PRD-6501,SKU-ECO-1501,Eco-Friendly Premium Craft SKU #1501,Eco-Friendly Packaging,2343,6961,40,VND-1122,TRUE,Flipkart
PRD-6502,SKU-CON-1502,Consumer Premium Craft SKU #1502,Consumer Electronics Accessories,2486,6119,21,VND-1091,TRUE,Myntra
PRD-6503,SKU-ORG-1503,Organic Premium Craft SKU #1503,Organic Home & Kitchenware,468,1417,94,VND-1051,TRUE,Amazon IN
PRD-6504,SKU-HAN-1504,Handloom Premium Craft SKU #1504,Handloom Bed Linen & Curtains,1446,2637,78,VND-1171,TRUE,Flipkart
PRD-6505,SKU-SPI-1505,Spices Premium Craft SKU #1505,Spices & Gourmet Food Crafts,1446,2882,72,VND-1222,TRUE,Instagram DM
PRD-6506,SKU-JEW-1506,Jewelry Premium Craft SKU #1506,Jewelry & Fashion Accessories,1995,6790,36,VND-1001,TRUE,Instagram DM
PRD-6507,SKU-FOO-1507,Footwear Premium Craft SKU #1507,Footwear & Athletic Shoes,549,1022,44,VND-1249,TRUE,Myntra
PRD-6508,SKU-STA-1508,Stationery Premium Craft SKU #1508,Stationery & Corporate Gifting,830,2341,47,VND-1199,TRUE,POS Counter
PRD-6509,SKU-PET-1509,Pet Premium Craft SKU #1509,Pet Care & Organic Treats,208,505,66,VND-1249,FALSE,Amazon IN
PRD-6510,SKU-KID-1510,Kids Premium Craft SKU #1510,Kids Wear & Wooden Toys,660,1972,78,VND-1129,TRUE,Amazon IN
PRD-6511,SKU-FIT-1511,Fitness Premium Craft SKU #1511,Fitness Gear & Yoga Accessories,2371,5984,62,VND-1091,TRUE,POS Counter
PRD-6512,SKU-AUT-1512,Automotive Premium Craft SKU #1512,Automotive Accessories,1904,4634,90,VND-1118,TRUE,Myntra
PRD-6513,SKU-TEX-1513,Textiles Premium Craft SKU #1513,Textiles & Handblock Prints,1712,3911,75,VND-1112,TRUE,Instagram DM
PRD-6514,SKU-PUR-1514,Pure Premium Craft SKU #1514,Pure Silk & Traditional Sarees,556,1941,33,VND-1159,TRUE,Shopify Storefront
PRD-6515,SKU-KNI-1515,Knitwear Premium Craft SKU #1515,Knitwear & Everyday Apparel,1834,3624,99,VND-1158,TRUE,Shopify Storefront
PRD-6516,SKU-BRA-1516,Brass Premium Craft SKU #1516,Brass & Artisan Metalcraft,1969,5229,24,VND-1163,TRUE,Flipkart
PRD-6517,SKU-AYU-1517,Ayurvedic Premium Craft SKU #1517,Ayurvedic Beauty & Wellness,1062,3314,90,VND-1055,TRUE,POS Counter
PRD-6518,SKU-LEA-1518,Leather Premium Craft SKU #1518,Leather Footwear & Travel Goods,2073,7081,64,VND-1220,TRUE,Flipkart
PRD-6519,SKU-ECO-1519,Eco-Friendly Premium Craft SKU #1519,Eco-Friendly Packaging,1771,3210,67,VND-1106,TRUE,Myntra
PRD-6520,SKU-CON-1520,Consumer Premium Craft SKU #1520,Consumer Electronics Accessories,1246,4105,53,VND-1073,TRUE,Flipkart
PRD-6521,SKU-ORG-1521,Organic Premium Craft SKU #1521,Organic Home & Kitchenware,1139,2058,73,VND-1173,FALSE,Shopify Storefront
PRD-6522,SKU-HAN-1522,Handloom Premium Craft SKU #1522,Handloom Bed Linen & Curtains,1683,5434,86,VND-1040,TRUE,Myntra
PRD-6523,SKU-SPI-1523,Spices Premium Craft SKU #1523,Spices & Gourmet Food Crafts,1522,3180,93,VND-1082,TRUE,POS Counter
PRD-6524,SKU-JEW-1524,Jewelry Premium Craft SKU #1524,Jewelry & Fashion Accessories,1753,3729,70,VND-1143,TRUE,Myntra
PRD-6525,SKU-FOO-1525,Footwear Premium Craft SKU #1525,Footwear & Athletic Shoes,677,2299,69,VND-1110,TRUE,POS Counter
PRD-6526,SKU-STA-1526,Stationery Premium Craft SKU #1526,Stationery & Corporate Gifting,1453,3893,75,VND-1104,TRUE,Instagram DM
PRD-6527,SKU-PET-1527,Pet Premium Craft SKU #1527,Pet Care & Organic Treats,667,1772,100,VND-1206,TRUE,Flipkart
PRD-6528,SKU-KID-1528,Kids Premium Craft SKU #1528,Kids Wear & Wooden Toys,1215,3916,40,VND-1216,TRUE,POS Counter
PRD-6529,SKU-FIT-1529,Fitness Premium Craft SKU #1529,Fitness Gear & Yoga Accessories,532,980,21,VND-1024,TRUE,Myntra
PRD-6530,SKU-AUT-1530,Automotive Premium Craft SKU #1530,Automotive Accessories,263,749,89,VND-1040,TRUE,Shopify Storefront
PRD-6531,SKU-TEX-1531,Textiles Premium Craft SKU #1531,Textiles & Handblock Prints,1716,3162,36,VND-1147,TRUE,Instagram DM
PRD-6532,SKU-PUR-1532,Pure Premium Craft SKU #1532,Pure Silk & Traditional Sarees,1616,3421,48,VND-1162,TRUE,Myntra
PRD-6533,SKU-KNI-1533,Knitwear Premium Craft SKU #1533,Knitwear & Everyday Apparel,1154,3502,68,VND-1216,TRUE,Instagram DM
PRD-6534,SKU-BRA-1534,Brass Premium Craft SKU #1534,Brass & Artisan Metalcraft,1276,2476,38,VND-1014,TRUE,Instagram DM
PRD-6535,SKU-AYU-1535,Ayurvedic Premium Craft SKU #1535,Ayurvedic Beauty & Wellness,573,1139,96,VND-1149,TRUE,POS Counter
PRD-6536,SKU-LEA-1536,Leather Premium Craft SKU #1536,Leather Footwear & Travel Goods,1223,4061,31,VND-1073,TRUE,Amazon IN
PRD-6537,SKU-ECO-1537,Eco-Friendly Premium Craft SKU #1537,Eco-Friendly Packaging,1001,2466,82,VND-1234,TRUE,Flipkart
PRD-6538,SKU-CON-1538,Consumer Premium Craft SKU #1538,Consumer Electronics Accessories,2142,7348,29,VND-1019,TRUE,Flipkart
PRD-6539,SKU-ORG-1539,Organic Premium Craft SKU #1539,Organic Home & Kitchenware,1434,4125,77,VND-1097,TRUE,POS Counter
PRD-6540,SKU-HAN-1540,Handloom Premium Craft SKU #1540,Handloom Bed Linen & Curtains,191,637,92,VND-1077,TRUE,Shopify Storefront
PRD-6541,SKU-SPI-1541,Spices Premium Craft SKU #1541,Spices & Gourmet Food Crafts,1554,5422,81,VND-1031,TRUE,Myntra
PRD-6542,SKU-JEW-1542,Jewelry Premium Craft SKU #1542,Jewelry & Fashion Accessories,170,351,52,VND-1140,TRUE,POS Counter
PRD-6543,SKU-FOO-1543,Footwear Premium Craft SKU #1543,Footwear & Athletic Shoes,271,734,86,VND-1156,TRUE,POS Counter
PRD-6544,SKU-STA-1544,Stationery Premium Craft SKU #1544,Stationery & Corporate Gifting,1644,3280,47,VND-1056,FALSE,POS Counter
PRD-6545,SKU-PET-1545,Pet Premium Craft SKU #1545,Pet Care & Organic Treats,491,1491,36,VND-1057,TRUE,Flipkart
PRD-6546,SKU-KID-1546,Kids Premium Craft SKU #1546,Kids Wear & Wooden Toys,526,1258,90,VND-1052,TRUE,Flipkart
PRD-6547,SKU-FIT-1547,Fitness Premium Craft SKU #1547,Fitness Gear & Yoga Accessories,2180,5540,71,VND-1191,TRUE,Amazon IN
PRD-6548,SKU-AUT-1548,Automotive Premium Craft SKU #1548,Automotive Accessories,960,2849,55,VND-1045,TRUE,Shopify Storefront
PRD-6549,SKU-TEX-1549,Textiles Premium Craft SKU #1549,Textiles & Handblock Prints,1426,2968,46,VND-1150,TRUE,Flipkart
PRD-6550,SKU-PUR-1550,Pure Premium Craft SKU #1550,Pure Silk & Traditional Sarees,1977,4982,54,VND-1111,TRUE,Myntra
PRD-6551,SKU-KNI-1551,Knitwear Premium Craft SKU #1551,Knitwear & Everyday Apparel,1718,4346,92,VND-1028,TRUE,Instagram DM
PRD-6552,SKU-BRA-1552,Brass Premium Craft SKU #1552,Brass & Artisan Metalcraft,413,1058,24,VND-1210,TRUE,Amazon IN
PRD-6553,SKU-AYU-1553,Ayurvedic Premium Craft SKU #1553,Ayurvedic Beauty & Wellness,1828,4202,87,VND-1151,TRUE,Shopify Storefront
PRD-6554,SKU-LEA-1554,Leather Premium Craft SKU #1554,Leather Footwear & Travel Goods,886,2813,74,VND-1030,TRUE,Amazon IN
PRD-6555,SKU-ECO-1555,Eco-Friendly Premium Craft SKU #1555,Eco-Friendly Packaging,447,968,67,VND-1063,TRUE,Amazon IN
PRD-6556,SKU-CON-1556,Consumer Premium Craft SKU #1556,Consumer Electronics Accessories,189,442,21,VND-1032,TRUE,POS Counter
PRD-6557,SKU-ORG-1557,Organic Premium Craft SKU #1557,Organic Home & Kitchenware,2474,7797,49,VND-1120,TRUE,Flipkart
PRD-6558,SKU-HAN-1558,Handloom Premium Craft SKU #1558,Handloom Bed Linen & Curtains,1019,2747,33,VND-1073,TRUE,Instagram DM
PRD-6559,SKU-SPI-1559,Spices Premium Craft SKU #1559,Spices & Gourmet Food Crafts,456,1265,73,VND-1156,TRUE,Flipkart
PRD-6560,SKU-JEW-1560,Jewelry Premium Craft SKU #1560,Jewelry & Fashion Accessories,1461,3121,26,VND-1082,TRUE,Flipkart
PRD-6561,SKU-FOO-1561,Footwear Premium Craft SKU #1561,Footwear & Athletic Shoes,1274,3205,35,VND-1012,TRUE,Myntra
PRD-6562,SKU-STA-1562,Stationery Premium Craft SKU #1562,Stationery & Corporate Gifting,1718,3782,22,VND-1084,TRUE,Instagram DM
PRD-6563,SKU-PET-1563,Pet Premium Craft SKU #1563,Pet Care & Organic Treats,169,566,56,VND-1201,TRUE,Flipkart
PRD-6564,SKU-KID-1564,Kids Premium Craft SKU #1564,Kids Wear & Wooden Toys,2335,7847,25,VND-1010,TRUE,Shopify Storefront
PRD-6565,SKU-FIT-1565,Fitness Premium Craft SKU #1565,Fitness Gear & Yoga Accessories,2074,4068,73,VND-1018,TRUE,Amazon IN
PRD-6566,SKU-AUT-1566,Automotive Premium Craft SKU #1566,Automotive Accessories,1566,3884,91,VND-1082,TRUE,Flipkart
PRD-6567,SKU-TEX-1567,Textiles Premium Craft SKU #1567,Textiles & Handblock Prints,342,844,78,VND-1157,TRUE,Instagram DM
PRD-6568,SKU-PUR-1568,Pure Premium Craft SKU #1568,Pure Silk & Traditional Sarees,647,2091,99,VND-1248,TRUE,POS Counter
PRD-6569,SKU-KNI-1569,Knitwear Premium Craft SKU #1569,Knitwear & Everyday Apparel,192,390,61,VND-1013,TRUE,Instagram DM
PRD-6570,SKU-BRA-1570,Brass Premium Craft SKU #1570,Brass & Artisan Metalcraft,1077,2250,44,VND-1112,TRUE,Amazon IN
PRD-6571,SKU-AYU-1571,Ayurvedic Premium Craft SKU #1571,Ayurvedic Beauty & Wellness,2351,8186,26,VND-1209,TRUE,Shopify Storefront
PRD-6572,SKU-LEA-1572,Leather Premium Craft SKU #1572,Leather Footwear & Travel Goods,346,1179,29,VND-1029,TRUE,Instagram DM
PRD-6573,SKU-ECO-1573,Eco-Friendly Premium Craft SKU #1573,Eco-Friendly Packaging,1704,3849,41,VND-1157,TRUE,Myntra
PRD-6574,SKU-CON-1574,Consumer Premium Craft SKU #1574,Consumer Electronics Accessories,641,1291,38,VND-1118,TRUE,Flipkart
PRD-6575,SKU-ORG-1575,Organic Premium Craft SKU #1575,Organic Home & Kitchenware,1980,5813,86,VND-1164,TRUE,Myntra
PRD-6576,SKU-HAN-1576,Handloom Premium Craft SKU #1576,Handloom Bed Linen & Curtains,2157,7462,61,VND-1123,TRUE,Flipkart
PRD-6577,SKU-SPI-1577,Spices Premium Craft SKU #1577,Spices & Gourmet Food Crafts,526,1182,57,VND-1058,TRUE,Amazon IN
PRD-6578,SKU-JEW-1578,Jewelry Premium Craft SKU #1578,Jewelry & Fashion Accessories,1142,3335,46,VND-1143,TRUE,Shopify Storefront
PRD-6579,SKU-FOO-1579,Footwear Premium Craft SKU #1579,Footwear & Athletic Shoes,2175,4137,21,VND-1249,TRUE,Flipkart
PRD-6580,SKU-STA-1580,Stationery Premium Craft SKU #1580,Stationery & Corporate Gifting,1727,3660,33,VND-1210,TRUE,Myntra
PRD-6581,SKU-PET-1581,Pet Premium Craft SKU #1581,Pet Care & Organic Treats,2311,6178,60,VND-1195,TRUE,Amazon IN
PRD-6582,SKU-KID-1582,Kids Premium Craft SKU #1582,Kids Wear & Wooden Toys,2009,5854,84,VND-1182,TRUE,POS Counter
PRD-6583,SKU-FIT-1583,Fitness Premium Craft SKU #1583,Fitness Gear & Yoga Accessories,1639,4024,77,VND-1057,TRUE,Myntra
PRD-6584,SKU-AUT-1584,Automotive Premium Craft SKU #1584,Automotive Accessories,1789,3791,55,VND-1052,TRUE,Instagram DM
PRD-6585,SKU-TEX-1585,Textiles Premium Craft SKU #1585,Textiles & Handblock Prints,568,1164,33,VND-1079,TRUE,POS Counter
PRD-6586,SKU-PUR-1586,Pure Premium Craft SKU #1586,Pure Silk & Traditional Sarees,2037,4314,23,VND-1005,TRUE,Myntra
PRD-6587,SKU-KNI-1587,Knitwear Premium Craft SKU #1587,Knitwear & Everyday Apparel,1591,3582,90,VND-1116,TRUE,Flipkart
PRD-6588,SKU-BRA-1588,Brass Premium Craft SKU #1588,Brass & Artisan Metalcraft,766,1895,75,VND-1055,TRUE,Shopify Storefront
PRD-6589,SKU-AYU-1589,Ayurvedic Premium Craft SKU #1589,Ayurvedic Beauty & Wellness,1266,3074,26,VND-1113,TRUE,Instagram DM
PRD-6590,SKU-LEA-1590,Leather Premium Craft SKU #1590,Leather Footwear & Travel Goods,1880,4003,44,VND-1238,TRUE,Myntra
PRD-6591,SKU-ECO-1591,Eco-Friendly Premium Craft SKU #1591,Eco-Friendly Packaging,2319,6568,86,VND-1071,TRUE,Instagram DM
PRD-6592,SKU-CON-1592,Consumer Premium Craft SKU #1592,Consumer Electronics Accessories,1169,4009,48,VND-1013,TRUE,Shopify Storefront
PRD-6593,SKU-ORG-1593,Organic Premium Craft SKU #1593,Organic Home & Kitchenware,1240,2735,88,VND-1148,TRUE,POS Counter
PRD-6594,SKU-HAN-1594,Handloom Premium Craft SKU #1594,Handloom Bed Linen & Curtains,1807,4456,32,VND-1226,TRUE,Instagram DM
PRD-6595,SKU-SPI-1595,Spices Premium Craft SKU #1595,Spices & Gourmet Food Crafts,2178,4682,46,VND-1069,TRUE,Amazon IN
PRD-6596,SKU-JEW-1596,Jewelry Premium Craft SKU #1596,Jewelry & Fashion Accessories,1329,4050,32,VND-1181,TRUE,Instagram DM
PRD-6597,SKU-FOO-1597,Footwear Premium Craft SKU #1597,Footwear & Athletic Shoes,2102,6424,50,VND-1160,TRUE,Instagram DM
PRD-6598,SKU-STA-1598,Stationery Premium Craft SKU #1598,Stationery & Corporate Gifting,832,1762,78,VND-1018,TRUE,Shopify Storefront
PRD-6599,SKU-PET-1599,Pet Premium Craft SKU #1599,Pet Care & Organic Treats,2093,5289,22,VND-1171,TRUE,Amazon IN
PRD-6600,SKU-KID-1600,Kids Premium Craft SKU #1600,Kids Wear & Wooden Toys,465,971,21,VND-1226,TRUE,Flipkart
PRD-6601,SKU-FIT-1601,Fitness Premium Craft SKU #1601,Fitness Gear & Yoga Accessories,154,405,51,VND-1150,TRUE,Shopify Storefront
PRD-6602,SKU-AUT-1602,Automotive Premium Craft SKU #1602,Automotive Accessories,221,610,57,VND-1210,TRUE,Myntra
PRD-6603,SKU-TEX-1603,Textiles Premium Craft SKU #1603,Textiles & Handblock Prints,835,2574,32,VND-1129,TRUE,Instagram DM
PRD-6604,SKU-PUR-1604,Pure Premium Craft SKU #1604,Pure Silk & Traditional Sarees,2003,5276,64,VND-1086,TRUE,Amazon IN
PRD-6605,SKU-KNI-1605,Knitwear Premium Craft SKU #1605,Knitwear & Everyday Apparel,2142,4778,78,VND-1170,FALSE,Amazon IN
PRD-6606,SKU-BRA-1606,Brass Premium Craft SKU #1606,Brass & Artisan Metalcraft,1516,5026,96,VND-1078,TRUE,Amazon IN
PRD-6607,SKU-AYU-1607,Ayurvedic Premium Craft SKU #1607,Ayurvedic Beauty & Wellness,2277,6917,22,VND-1176,TRUE,Flipkart
PRD-6608,SKU-LEA-1608,Leather Premium Craft SKU #1608,Leather Footwear & Travel Goods,1052,3072,38,VND-1220,TRUE,Shopify Storefront
PRD-6609,SKU-ECO-1609,Eco-Friendly Premium Craft SKU #1609,Eco-Friendly Packaging,1914,4614,31,VND-1063,TRUE,Flipkart
PRD-6610,SKU-CON-1610,Consumer Premium Craft SKU #1610,Consumer Electronics Accessories,592,2037,100,VND-1164,TRUE,Flipkart
PRD-6611,SKU-ORG-1611,Organic Premium Craft SKU #1611,Organic Home & Kitchenware,2308,4840,64,VND-1246,TRUE,Flipkart
PRD-6612,SKU-HAN-1612,Handloom Premium Craft SKU #1612,Handloom Bed Linen & Curtains,1859,6333,55,VND-1151,TRUE,Shopify Storefront
PRD-6613,SKU-SPI-1613,Spices Premium Craft SKU #1613,Spices & Gourmet Food Crafts,2280,6824,98,VND-1149,TRUE,Flipkart
PRD-6614,SKU-JEW-1614,Jewelry Premium Craft SKU #1614,Jewelry & Fashion Accessories,1571,3598,21,VND-1146,TRUE,Instagram DM
PRD-6615,SKU-FOO-1615,Footwear Premium Craft SKU #1615,Footwear & Athletic Shoes,2060,6092,86,VND-1038,TRUE,Myntra
PRD-6616,SKU-STA-1616,Stationery Premium Craft SKU #1616,Stationery & Corporate Gifting,816,1890,56,VND-1143,TRUE,Amazon IN
PRD-6617,SKU-PET-1617,Pet Premium Craft SKU #1617,Pet Care & Organic Treats,2009,3756,56,VND-1004,TRUE,Shopify Storefront
PRD-6618,SKU-KID-1618,Kids Premium Craft SKU #1618,Kids Wear & Wooden Toys,2150,4987,75,VND-1014,TRUE,Shopify Storefront
PRD-6619,SKU-FIT-1619,Fitness Premium Craft SKU #1619,Fitness Gear & Yoga Accessories,1179,2398,56,VND-1013,TRUE,Myntra
PRD-6620,SKU-AUT-1620,Automotive Premium Craft SKU #1620,Automotive Accessories,2446,5047,31,VND-1171,TRUE,POS Counter
PRD-6621,SKU-TEX-1621,Textiles Premium Craft SKU #1621,Textiles & Handblock Prints,955,2420,30,VND-1188,TRUE,Shopify Storefront
PRD-6622,SKU-PUR-1622,Pure Premium Craft SKU #1622,Pure Silk & Traditional Sarees,1602,3560,69,VND-1122,TRUE,Shopify Storefront
PRD-6623,SKU-KNI-1623,Knitwear Premium Craft SKU #1623,Knitwear & Everyday Apparel,1220,4104,96,VND-1229,TRUE,Myntra
PRD-6624,SKU-BRA-1624,Brass Premium Craft SKU #1624,Brass & Artisan Metalcraft,1470,4656,37,VND-1112,TRUE,POS Counter
PRD-6625,SKU-AYU-1625,Ayurvedic Premium Craft SKU #1625,Ayurvedic Beauty & Wellness,705,1767,45,VND-1065,TRUE,Shopify Storefront
PRD-6626,SKU-LEA-1626,Leather Premium Craft SKU #1626,Leather Footwear & Travel Goods,2471,8342,79,VND-1077,TRUE,Flipkart
PRD-6627,SKU-ECO-1627,Eco-Friendly Premium Craft SKU #1627,Eco-Friendly Packaging,1939,3806,87,VND-1201,TRUE,Amazon IN
PRD-6628,SKU-CON-1628,Consumer Premium Craft SKU #1628,Consumer Electronics Accessories,1614,4190,74,VND-1129,TRUE,Flipkart
PRD-6629,SKU-ORG-1629,Organic Premium Craft SKU #1629,Organic Home & Kitchenware,263,881,23,VND-1119,TRUE,Flipkart
PRD-6630,SKU-HAN-1630,Handloom Premium Craft SKU #1630,Handloom Bed Linen & Curtains,725,2063,58,VND-1023,TRUE,Myntra
PRD-6631,SKU-SPI-1631,Spices Premium Craft SKU #1631,Spices & Gourmet Food Crafts,1678,3383,89,VND-1132,TRUE,Amazon IN
PRD-6632,SKU-JEW-1632,Jewelry Premium Craft SKU #1632,Jewelry & Fashion Accessories,1758,3540,20,VND-1014,TRUE,Myntra
PRD-6633,SKU-FOO-1633,Footwear Premium Craft SKU #1633,Footwear & Athletic Shoes,372,723,54,VND-1118,TRUE,Instagram DM
PRD-6634,SKU-STA-1634,Stationery Premium Craft SKU #1634,Stationery & Corporate Gifting,1515,4257,57,VND-1028,TRUE,Instagram DM
PRD-6635,SKU-PET-1635,Pet Premium Craft SKU #1635,Pet Care & Organic Treats,399,800,94,VND-1085,TRUE,Instagram DM
PRD-6636,SKU-KID-1636,Kids Premium Craft SKU #1636,Kids Wear & Wooden Toys,367,1098,86,VND-1184,TRUE,Instagram DM
PRD-6637,SKU-FIT-1637,Fitness Premium Craft SKU #1637,Fitness Gear & Yoga Accessories,2178,4425,39,VND-1248,TRUE,Amazon IN
PRD-6638,SKU-AUT-1638,Automotive Premium Craft SKU #1638,Automotive Accessories,176,557,99,VND-1185,TRUE,Shopify Storefront
PRD-6639,SKU-TEX-1639,Textiles Premium Craft SKU #1639,Textiles & Handblock Prints,150,309,35,VND-1018,TRUE,POS Counter
PRD-6640,SKU-PUR-1640,Pure Premium Craft SKU #1640,Pure Silk & Traditional Sarees,574,1495,84,VND-1053,TRUE,Shopify Storefront
PRD-6641,SKU-KNI-1641,Knitwear Premium Craft SKU #1641,Knitwear & Everyday Apparel,648,1496,81,VND-1238,TRUE,POS Counter
PRD-6642,SKU-BRA-1642,Brass Premium Craft SKU #1642,Brass & Artisan Metalcraft,2389,5357,98,VND-1216,TRUE,Instagram DM
PRD-6643,SKU-AYU-1643,Ayurvedic Premium Craft SKU #1643,Ayurvedic Beauty & Wellness,654,1657,22,VND-1158,TRUE,Instagram DM
PRD-6644,SKU-LEA-1644,Leather Premium Craft SKU #1644,Leather Footwear & Travel Goods,1135,2372,89,VND-1169,TRUE,Flipkart
PRD-6645,SKU-ECO-1645,Eco-Friendly Premium Craft SKU #1645,Eco-Friendly Packaging,1335,3917,95,VND-1075,TRUE,Instagram DM
PRD-6646,SKU-CON-1646,Consumer Premium Craft SKU #1646,Consumer Electronics Accessories,1752,4302,33,VND-1071,TRUE,Flipkart
PRD-6647,SKU-ORG-1647,Organic Premium Craft SKU #1647,Organic Home & Kitchenware,264,602,35,VND-1038,TRUE,Shopify Storefront
PRD-6648,SKU-HAN-1648,Handloom Premium Craft SKU #1648,Handloom Bed Linen & Curtains,1390,2582,99,VND-1149,TRUE,Amazon IN
PRD-6649,SKU-SPI-1649,Spices Premium Craft SKU #1649,Spices & Gourmet Food Crafts,720,1868,78,VND-1247,TRUE,POS Counter
PRD-6650,SKU-JEW-1650,Jewelry Premium Craft SKU #1650,Jewelry & Fashion Accessories,2200,7160,84,VND-1092,TRUE,Instagram DM
PRD-6651,SKU-FOO-1651,Footwear Premium Craft SKU #1651,Footwear & Athletic Shoes,1749,4673,42,VND-1135,TRUE,Amazon IN
PRD-6652,SKU-STA-1652,Stationery Premium Craft SKU #1652,Stationery & Corporate Gifting,2456,5837,37,VND-1168,TRUE,Instagram DM
PRD-6653,SKU-PET-1653,Pet Premium Craft SKU #1653,Pet Care & Organic Treats,1763,3377,81,VND-1078,TRUE,Flipkart
PRD-6654,SKU-KID-1654,Kids Premium Craft SKU #1654,Kids Wear & Wooden Toys,888,2467,84,VND-1156,TRUE,Myntra
PRD-6655,SKU-FIT-1655,Fitness Premium Craft SKU #1655,Fitness Gear & Yoga Accessories,680,2030,95,VND-1067,TRUE,Amazon IN
PRD-6656,SKU-AUT-1656,Automotive Premium Craft SKU #1656,Automotive Accessories,1803,3452,23,VND-1150,TRUE,POS Counter
PRD-6657,SKU-TEX-1657,Textiles Premium Craft SKU #1657,Textiles & Handblock Prints,545,1597,83,VND-1060,TRUE,Flipkart
PRD-6658,SKU-PUR-1658,Pure Premium Craft SKU #1658,Pure Silk & Traditional Sarees,1098,3808,50,VND-1083,TRUE,POS Counter
PRD-6659,SKU-KNI-1659,Knitwear Premium Craft SKU #1659,Knitwear & Everyday Apparel,1723,5315,73,VND-1187,TRUE,Shopify Storefront
PRD-6660,SKU-BRA-1660,Brass Premium Craft SKU #1660,Brass & Artisan Metalcraft,1175,2343,29,VND-1157,TRUE,Amazon IN
PRD-6661,SKU-AYU-1661,Ayurvedic Premium Craft SKU #1661,Ayurvedic Beauty & Wellness,270,909,61,VND-1156,TRUE,Flipkart
PRD-6662,SKU-LEA-1662,Leather Premium Craft SKU #1662,Leather Footwear & Travel Goods,695,2419,93,VND-1097,TRUE,POS Counter
PRD-6663,SKU-ECO-1663,Eco-Friendly Premium Craft SKU #1663,Eco-Friendly Packaging,2161,5497,56,VND-1065,TRUE,Instagram DM
PRD-6664,SKU-CON-1664,Consumer Premium Craft SKU #1664,Consumer Electronics Accessories,1927,6134,44,VND-1042,TRUE,Shopify Storefront
PRD-6665,SKU-ORG-1665,Organic Premium Craft SKU #1665,Organic Home & Kitchenware,544,1167,37,VND-1162,TRUE,Amazon IN
PRD-6666,SKU-HAN-1666,Handloom Premium Craft SKU #1666,Handloom Bed Linen & Curtains,1821,5037,29,VND-1199,TRUE,Instagram DM
PRD-6667,SKU-SPI-1667,Spices Premium Craft SKU #1667,Spices & Gourmet Food Crafts,2313,6114,46,VND-1187,TRUE,Flipkart
PRD-6668,SKU-JEW-1668,Jewelry Premium Craft SKU #1668,Jewelry & Fashion Accessories,1592,3830,91,VND-1129,TRUE,Shopify Storefront
PRD-6669,SKU-FOO-1669,Footwear Premium Craft SKU #1669,Footwear & Athletic Shoes,1901,5443,29,VND-1113,TRUE,POS Counter
PRD-6670,SKU-STA-1670,Stationery Premium Craft SKU #1670,Stationery & Corporate Gifting,2268,5232,35,VND-1201,TRUE,Shopify Storefront
PRD-6671,SKU-PET-1671,Pet Premium Craft SKU #1671,Pet Care & Organic Treats,2364,5585,48,VND-1154,TRUE,Amazon IN
PRD-6672,SKU-KID-1672,Kids Premium Craft SKU #1672,Kids Wear & Wooden Toys,1179,2904,65,VND-1237,TRUE,POS Counter
PRD-6673,SKU-FIT-1673,Fitness Premium Craft SKU #1673,Fitness Gear & Yoga Accessories,1329,2561,93,VND-1248,TRUE,Myntra
PRD-6674,SKU-AUT-1674,Automotive Premium Craft SKU #1674,Automotive Accessories,2198,5123,99,VND-1239,TRUE,Instagram DM
PRD-6675,SKU-TEX-1675,Textiles Premium Craft SKU #1675,Textiles & Handblock Prints,604,1685,53,VND-1229,TRUE,Shopify Storefront
PRD-6676,SKU-PUR-1676,Pure Premium Craft SKU #1676,Pure Silk & Traditional Sarees,1876,4208,62,VND-1087,TRUE,Shopify Storefront
PRD-6677,SKU-KNI-1677,Knitwear Premium Craft SKU #1677,Knitwear & Everyday Apparel,986,2691,62,VND-1036,TRUE,Instagram DM
PRD-6678,SKU-BRA-1678,Brass Premium Craft SKU #1678,Brass & Artisan Metalcraft,405,891,29,VND-1234,TRUE,Myntra
PRD-6679,SKU-AYU-1679,Ayurvedic Premium Craft SKU #1679,Ayurvedic Beauty & Wellness,294,702,29,VND-1232,TRUE,Myntra
PRD-6680,SKU-LEA-1680,Leather Premium Craft SKU #1680,Leather Footwear & Travel Goods,480,1588,81,VND-1190,TRUE,Amazon IN
PRD-6681,SKU-ECO-1681,Eco-Friendly Premium Craft SKU #1681,Eco-Friendly Packaging,320,632,83,VND-1186,TRUE,Instagram DM
PRD-6682,SKU-CON-1682,Consumer Premium Craft SKU #1682,Consumer Electronics Accessories,1917,5007,49,VND-1090,FALSE,Shopify Storefront
PRD-6683,SKU-ORG-1683,Organic Premium Craft SKU #1683,Organic Home & Kitchenware,953,2580,68,VND-1007,TRUE,Instagram DM
PRD-6684,SKU-HAN-1684,Handloom Premium Craft SKU #1684,Handloom Bed Linen & Curtains,2413,6321,69,VND-1005,TRUE,Instagram DM
PRD-6685,SKU-SPI-1685,Spices Premium Craft SKU #1685,Spices & Gourmet Food Crafts,1910,5715,90,VND-1033,TRUE,Flipkart
PRD-6686,SKU-JEW-1686,Jewelry Premium Craft SKU #1686,Jewelry & Fashion Accessories,1656,3971,63,VND-1031,TRUE,Shopify Storefront
PRD-6687,SKU-FOO-1687,Footwear Premium Craft SKU #1687,Footwear & Athletic Shoes,1100,2152,21,VND-1061,TRUE,Instagram DM
PRD-6688,SKU-STA-1688,Stationery Premium Craft SKU #1688,Stationery & Corporate Gifting,2346,6488,21,VND-1193,TRUE,POS Counter
PRD-6689,SKU-PET-1689,Pet Premium Craft SKU #1689,Pet Care & Organic Treats,382,737,36,VND-1209,TRUE,Amazon IN
PRD-6690,SKU-KID-1690,Kids Premium Craft SKU #1690,Kids Wear & Wooden Toys,1436,3438,51,VND-1012,TRUE,POS Counter
PRD-6691,SKU-FIT-1691,Fitness Premium Craft SKU #1691,Fitness Gear & Yoga Accessories,1779,4649,35,VND-1156,TRUE,Shopify Storefront
PRD-6692,SKU-AUT-1692,Automotive Premium Craft SKU #1692,Automotive Accessories,2376,5108,65,VND-1065,TRUE,POS Counter
PRD-6693,SKU-TEX-1693,Textiles Premium Craft SKU #1693,Textiles & Handblock Prints,1389,4723,90,VND-1114,TRUE,Instagram DM
PRD-6694,SKU-PUR-1694,Pure Premium Craft SKU #1694,Pure Silk & Traditional Sarees,2307,7654,60,VND-1063,TRUE,Myntra
PRD-6695,SKU-KNI-1695,Knitwear Premium Craft SKU #1695,Knitwear & Everyday Apparel,371,886,72,VND-1027,TRUE,Myntra
PRD-6696,SKU-BRA-1696,Brass Premium Craft SKU #1696,Brass & Artisan Metalcraft,1295,2503,37,VND-1125,TRUE,Myntra
PRD-6697,SKU-AYU-1697,Ayurvedic Premium Craft SKU #1697,Ayurvedic Beauty & Wellness,1399,4282,46,VND-1060,TRUE,Instagram DM
PRD-6698,SKU-LEA-1698,Leather Premium Craft SKU #1698,Leather Footwear & Travel Goods,731,1360,50,VND-1209,TRUE,Instagram DM
PRD-6699,SKU-ECO-1699,Eco-Friendly Premium Craft SKU #1699,Eco-Friendly Packaging,2008,6867,22,VND-1196,TRUE,Shopify Storefront
PRD-6700,SKU-CON-1700,Consumer Premium Craft SKU #1700,Consumer Electronics Accessories,1288,3606,58,VND-1070,TRUE,Shopify Storefront
PRD-6701,SKU-ORG-1701,Organic Premium Craft SKU #1701,Organic Home & Kitchenware,1293,4205,69,VND-1016,TRUE,Flipkart
PRD-6702,SKU-HAN-1702,Handloom Premium Craft SKU #1702,Handloom Bed Linen & Curtains,1968,3690,46,VND-1099,TRUE,Instagram DM
PRD-6703,SKU-SPI-1703,Spices Premium Craft SKU #1703,Spices & Gourmet Food Crafts,2331,4402,59,VND-1111,FALSE,Amazon IN
PRD-6704,SKU-JEW-1704,Jewelry Premium Craft SKU #1704,Jewelry & Fashion Accessories,256,856,63,VND-1240,TRUE,Amazon IN
PRD-6705,SKU-FOO-1705,Footwear Premium Craft SKU #1705,Footwear & Athletic Shoes,1036,3198,63,VND-1208,TRUE,Myntra
PRD-6706,SKU-STA-1706,Stationery Premium Craft SKU #1706,Stationery & Corporate Gifting,1901,5950,27,VND-1112,TRUE,Myntra
PRD-6707,SKU-PET-1707,Pet Premium Craft SKU #1707,Pet Care & Organic Treats,1327,4325,88,VND-1100,TRUE,Myntra
PRD-6708,SKU-KID-1708,Kids Premium Craft SKU #1708,Kids Wear & Wooden Toys,2477,7696,53,VND-1185,TRUE,Flipkart
PRD-6709,SKU-FIT-1709,Fitness Premium Craft SKU #1709,Fitness Gear & Yoga Accessories,1125,2277,21,VND-1120,TRUE,Instagram DM
PRD-6710,SKU-AUT-1710,Automotive Premium Craft SKU #1710,Automotive Accessories,1273,2476,51,VND-1244,TRUE,Amazon IN
PRD-6711,SKU-TEX-1711,Textiles Premium Craft SKU #1711,Textiles & Handblock Prints,2489,6149,98,VND-1087,TRUE,Amazon IN
PRD-6712,SKU-PUR-1712,Pure Premium Craft SKU #1712,Pure Silk & Traditional Sarees,1176,3681,97,VND-1169,FALSE,Amazon IN
PRD-6713,SKU-KNI-1713,Knitwear Premium Craft SKU #1713,Knitwear & Everyday Apparel,1464,4715,42,VND-1146,TRUE,Shopify Storefront
PRD-6714,SKU-BRA-1714,Brass Premium Craft SKU #1714,Brass & Artisan Metalcraft,186,482,65,VND-1113,TRUE,Myntra
PRD-6715,SKU-AYU-1715,Ayurvedic Premium Craft SKU #1715,Ayurvedic Beauty & Wellness,1823,3462,30,VND-1056,TRUE,Myntra
PRD-6716,SKU-LEA-1716,Leather Premium Craft SKU #1716,Leather Footwear & Travel Goods,1436,4911,76,VND-1142,TRUE,Amazon IN
PRD-6717,SKU-ECO-1717,Eco-Friendly Premium Craft SKU #1717,Eco-Friendly Packaging,2177,4389,100,VND-1067,TRUE,Myntra
PRD-6718,SKU-CON-1718,Consumer Premium Craft SKU #1718,Consumer Electronics Accessories,353,775,24,VND-1168,TRUE,Myntra
PRD-6719,SKU-ORG-1719,Organic Premium Craft SKU #1719,Organic Home & Kitchenware,1953,5440,25,VND-1221,TRUE,POS Counter
PRD-6720,SKU-HAN-1720,Handloom Premium Craft SKU #1720,Handloom Bed Linen & Curtains,1211,4187,22,VND-1016,TRUE,Amazon IN
PRD-6721,SKU-SPI-1721,Spices Premium Craft SKU #1721,Spices & Gourmet Food Crafts,333,939,64,VND-1139,TRUE,Myntra
PRD-6722,SKU-JEW-1722,Jewelry Premium Craft SKU #1722,Jewelry & Fashion Accessories,613,1635,50,VND-1114,TRUE,Myntra
PRD-6723,SKU-FOO-1723,Footwear Premium Craft SKU #1723,Footwear & Athletic Shoes,1853,3560,74,VND-1096,TRUE,POS Counter
PRD-6724,SKU-STA-1724,Stationery Premium Craft SKU #1724,Stationery & Corporate Gifting,1487,4210,66,VND-1007,TRUE,Flipkart
PRD-6725,SKU-PET-1725,Pet Premium Craft SKU #1725,Pet Care & Organic Treats,1684,4378,57,VND-1230,TRUE,POS Counter
PRD-6726,SKU-KID-1726,Kids Premium Craft SKU #1726,Kids Wear & Wooden Toys,332,761,39,VND-1095,TRUE,Shopify Storefront
PRD-6727,SKU-FIT-1727,Fitness Premium Craft SKU #1727,Fitness Gear & Yoga Accessories,1016,3224,85,VND-1028,TRUE,Instagram DM
PRD-6728,SKU-AUT-1728,Automotive Premium Craft SKU #1728,Automotive Accessories,1559,5297,68,VND-1131,TRUE,Shopify Storefront
PRD-6729,SKU-TEX-1729,Textiles Premium Craft SKU #1729,Textiles & Handblock Prints,764,1870,30,VND-1169,TRUE,POS Counter
PRD-6730,SKU-PUR-1730,Pure Premium Craft SKU #1730,Pure Silk & Traditional Sarees,2212,7733,100,VND-1145,TRUE,Flipkart
PRD-6731,SKU-KNI-1731,Knitwear Premium Craft SKU #1731,Knitwear & Everyday Apparel,646,2093,87,VND-1138,TRUE,Myntra
PRD-6732,SKU-BRA-1732,Brass Premium Craft SKU #1732,Brass & Artisan Metalcraft,2298,6169,60,VND-1121,TRUE,Myntra
PRD-6733,SKU-AYU-1733,Ayurvedic Premium Craft SKU #1733,Ayurvedic Beauty & Wellness,1149,2710,66,VND-1076,TRUE,Amazon IN
PRD-6734,SKU-LEA-1734,Leather Premium Craft SKU #1734,Leather Footwear & Travel Goods,622,1852,76,VND-1192,TRUE,Flipkart
PRD-6735,SKU-ECO-1735,Eco-Friendly Premium Craft SKU #1735,Eco-Friendly Packaging,476,1141,84,VND-1093,TRUE,Amazon IN
PRD-6736,SKU-CON-1736,Consumer Premium Craft SKU #1736,Consumer Electronics Accessories,2133,6033,77,VND-1168,TRUE,POS Counter
PRD-6737,SKU-ORG-1737,Organic Premium Craft SKU #1737,Organic Home & Kitchenware,663,2236,51,VND-1146,TRUE,Flipkart
PRD-6738,SKU-HAN-1738,Handloom Premium Craft SKU #1738,Handloom Bed Linen & Curtains,715,2023,56,VND-1173,TRUE,Shopify Storefront
PRD-6739,SKU-SPI-1739,Spices Premium Craft SKU #1739,Spices & Gourmet Food Crafts,1823,4586,38,VND-1021,TRUE,Instagram DM
PRD-6740,SKU-JEW-1740,Jewelry Premium Craft SKU #1740,Jewelry & Fashion Accessories,961,3199,78,VND-1226,FALSE,Shopify Storefront
PRD-6741,SKU-FOO-1741,Footwear Premium Craft SKU #1741,Footwear & Athletic Shoes,1228,3808,80,VND-1108,TRUE,POS Counter
PRD-6742,SKU-STA-1742,Stationery Premium Craft SKU #1742,Stationery & Corporate Gifting,289,929,23,VND-1223,TRUE,Shopify Storefront
PRD-6743,SKU-PET-1743,Pet Premium Craft SKU #1743,Pet Care & Organic Treats,2259,7395,69,VND-1034,TRUE,Amazon IN
PRD-6744,SKU-KID-1744,Kids Premium Craft SKU #1744,Kids Wear & Wooden Toys,1797,5363,50,VND-1033,TRUE,Shopify Storefront
PRD-6745,SKU-FIT-1745,Fitness Premium Craft SKU #1745,Fitness Gear & Yoga Accessories,1528,4286,98,VND-1087,TRUE,Instagram DM
PRD-6746,SKU-AUT-1746,Automotive Premium Craft SKU #1746,Automotive Accessories,452,1381,65,VND-1012,TRUE,Flipkart
PRD-6747,SKU-TEX-1747,Textiles Premium Craft SKU #1747,Textiles & Handblock Prints,1992,6093,75,VND-1162,TRUE,Flipkart
PRD-6748,SKU-PUR-1748,Pure Premium Craft SKU #1748,Pure Silk & Traditional Sarees,701,2135,95,VND-1180,TRUE,Myntra
PRD-6749,SKU-KNI-1749,Knitwear Premium Craft SKU #1749,Knitwear & Everyday Apparel,773,2568,95,VND-1022,TRUE,Instagram DM
PRD-6750,SKU-BRA-1750,Brass Premium Craft SKU #1750,Brass & Artisan Metalcraft,2007,4906,76,VND-1167,TRUE,Instagram DM
PRD-6751,SKU-AYU-1751,Ayurvedic Premium Craft SKU #1751,Ayurvedic Beauty & Wellness,1294,4407,32,VND-1151,TRUE,Flipkart
PRD-6752,SKU-LEA-1752,Leather Premium Craft SKU #1752,Leather Footwear & Travel Goods,347,957,87,VND-1088,TRUE,Flipkart
PRD-6753,SKU-ECO-1753,Eco-Friendly Premium Craft SKU #1753,Eco-Friendly Packaging,1472,3610,42,VND-1074,TRUE,Shopify Storefront
PRD-6754,SKU-CON-1754,Consumer Premium Craft SKU #1754,Consumer Electronics Accessories,1012,2562,55,VND-1209,TRUE,Myntra
PRD-6755,SKU-ORG-1755,Organic Premium Craft SKU #1755,Organic Home & Kitchenware,557,1331,41,VND-1081,TRUE,Amazon IN
PRD-6756,SKU-HAN-1756,Handloom Premium Craft SKU #1756,Handloom Bed Linen & Curtains,1947,4244,41,VND-1125,TRUE,Amazon IN
PRD-6757,SKU-SPI-1757,Spices Premium Craft SKU #1757,Spices & Gourmet Food Crafts,584,1969,55,VND-1156,TRUE,POS Counter
PRD-6758,SKU-JEW-1758,Jewelry Premium Craft SKU #1758,Jewelry & Fashion Accessories,2233,6884,23,VND-1142,TRUE,Shopify Storefront
PRD-6759,SKU-FOO-1759,Footwear Premium Craft SKU #1759,Footwear & Athletic Shoes,2361,6408,44,VND-1246,FALSE,Shopify Storefront
PRD-6760,SKU-STA-1760,Stationery Premium Craft SKU #1760,Stationery & Corporate Gifting,982,2238,93,VND-1095,TRUE,Flipkart
PRD-6761,SKU-PET-1761,Pet Premium Craft SKU #1761,Pet Care & Organic Treats,666,2139,57,VND-1134,TRUE,Instagram DM
PRD-6762,SKU-KID-1762,Kids Premium Craft SKU #1762,Kids Wear & Wooden Toys,641,1638,75,VND-1181,TRUE,Shopify Storefront
PRD-6763,SKU-FIT-1763,Fitness Premium Craft SKU #1763,Fitness Gear & Yoga Accessories,710,2476,34,VND-1222,TRUE,Shopify Storefront
PRD-6764,SKU-AUT-1764,Automotive Premium Craft SKU #1764,Automotive Accessories,1061,3221,61,VND-1191,TRUE,Amazon IN
PRD-6765,SKU-TEX-1765,Textiles Premium Craft SKU #1765,Textiles & Handblock Prints,2007,5764,85,VND-1071,TRUE,Shopify Storefront
PRD-6766,SKU-PUR-1766,Pure Premium Craft SKU #1766,Pure Silk & Traditional Sarees,1439,4772,24,VND-1181,TRUE,Instagram DM
PRD-6767,SKU-KNI-1767,Knitwear Premium Craft SKU #1767,Knitwear & Everyday Apparel,2285,5346,91,VND-1204,TRUE,Instagram DM
PRD-6768,SKU-BRA-1768,Brass Premium Craft SKU #1768,Brass & Artisan Metalcraft,182,403,95,VND-1010,TRUE,POS Counter
PRD-6769,SKU-AYU-1769,Ayurvedic Premium Craft SKU #1769,Ayurvedic Beauty & Wellness,951,2140,39,VND-1173,TRUE,POS Counter
PRD-6770,SKU-LEA-1770,Leather Premium Craft SKU #1770,Leather Footwear & Travel Goods,2184,4980,45,VND-1188,TRUE,Shopify Storefront
PRD-6771,SKU-ECO-1771,Eco-Friendly Premium Craft SKU #1771,Eco-Friendly Packaging,2264,7374,47,VND-1244,FALSE,Shopify Storefront
PRD-6772,SKU-CON-1772,Consumer Premium Craft SKU #1772,Consumer Electronics Accessories,2434,6910,42,VND-1126,FALSE,Instagram DM
PRD-6773,SKU-ORG-1773,Organic Premium Craft SKU #1773,Organic Home & Kitchenware,1707,4903,50,VND-1068,TRUE,Flipkart
PRD-6774,SKU-HAN-1774,Handloom Premium Craft SKU #1774,Handloom Bed Linen & Curtains,887,2920,49,VND-1136,TRUE,Instagram DM
PRD-6775,SKU-SPI-1775,Spices Premium Craft SKU #1775,Spices & Gourmet Food Crafts,2157,6804,70,VND-1125,TRUE,Myntra
PRD-6776,SKU-JEW-1776,Jewelry Premium Craft SKU #1776,Jewelry & Fashion Accessories,1360,2671,34,VND-1124,TRUE,Amazon IN
PRD-6777,SKU-FOO-1777,Footwear Premium Craft SKU #1777,Footwear & Athletic Shoes,1981,4661,74,VND-1108,TRUE,Flipkart
PRD-6778,SKU-STA-1778,Stationery Premium Craft SKU #1778,Stationery & Corporate Gifting,1456,4255,64,VND-1245,TRUE,Instagram DM
PRD-6779,SKU-PET-1779,Pet Premium Craft SKU #1779,Pet Care & Organic Treats,2131,6879,82,VND-1033,TRUE,Instagram DM
PRD-6780,SKU-KID-1780,Kids Premium Craft SKU #1780,Kids Wear & Wooden Toys,268,614,84,VND-1061,TRUE,Flipkart
PRD-6781,SKU-FIT-1781,Fitness Premium Craft SKU #1781,Fitness Gear & Yoga Accessories,2453,7633,53,VND-1016,TRUE,Flipkart
PRD-6782,SKU-AUT-1782,Automotive Premium Craft SKU #1782,Automotive Accessories,1960,4944,53,VND-1101,TRUE,Amazon IN
PRD-6783,SKU-TEX-1783,Textiles Premium Craft SKU #1783,Textiles & Handblock Prints,1046,2487,25,VND-1125,TRUE,Flipkart
PRD-6784,SKU-PUR-1784,Pure Premium Craft SKU #1784,Pure Silk & Traditional Sarees,2494,8201,88,VND-1057,TRUE,Instagram DM
PRD-6785,SKU-KNI-1785,Knitwear Premium Craft SKU #1785,Knitwear & Everyday Apparel,1500,3029,89,VND-1029,FALSE,Instagram DM
PRD-6786,SKU-BRA-1786,Brass Premium Craft SKU #1786,Brass & Artisan Metalcraft,1703,3326,62,VND-1006,TRUE,Myntra
PRD-6787,SKU-AYU-1787,Ayurvedic Premium Craft SKU #1787,Ayurvedic Beauty & Wellness,351,941,66,VND-1017,TRUE,POS Counter
PRD-6788,SKU-LEA-1788,Leather Premium Craft SKU #1788,Leather Footwear & Travel Goods,2344,5795,49,VND-1215,TRUE,POS Counter
PRD-6789,SKU-ECO-1789,Eco-Friendly Premium Craft SKU #1789,Eco-Friendly Packaging,1681,3973,47,VND-1234,TRUE,POS Counter
PRD-6790,SKU-CON-1790,Consumer Premium Craft SKU #1790,Consumer Electronics Accessories,205,381,22,VND-1241,TRUE,Myntra
PRD-6791,SKU-ORG-1791,Organic Premium Craft SKU #1791,Organic Home & Kitchenware,2204,5458,82,VND-1027,FALSE,Amazon IN
PRD-6792,SKU-HAN-1792,Handloom Premium Craft SKU #1792,Handloom Bed Linen & Curtains,249,545,51,VND-1078,FALSE,Instagram DM
PRD-6793,SKU-SPI-1793,Spices Premium Craft SKU #1793,Spices & Gourmet Food Crafts,1697,4945,36,VND-1032,TRUE,Amazon IN
PRD-6794,SKU-JEW-1794,Jewelry Premium Craft SKU #1794,Jewelry & Fashion Accessories,497,959,84,VND-1221,TRUE,Instagram DM
PRD-6795,SKU-FOO-1795,Footwear Premium Craft SKU #1795,Footwear & Athletic Shoes,232,423,89,VND-1107,TRUE,POS Counter
PRD-6796,SKU-STA-1796,Stationery Premium Craft SKU #1796,Stationery & Corporate Gifting,1752,3732,97,VND-1025,TRUE,Amazon IN
PRD-6797,SKU-PET-1797,Pet Premium Craft SKU #1797,Pet Care & Organic Treats,2248,6887,58,VND-1109,TRUE,POS Counter
PRD-6798,SKU-KID-1798,Kids Premium Craft SKU #1798,Kids Wear & Wooden Toys,1232,4247,93,VND-1026,TRUE,Amazon IN
PRD-6799,SKU-FIT-1799,Fitness Premium Craft SKU #1799,Fitness Gear & Yoga Accessories,531,1156,72,VND-1110,TRUE,Flipkart
PRD-6800,SKU-AUT-1800,Automotive Premium Craft SKU #1800,Automotive Accessories,2334,6211,68,VND-1073,FALSE,Flipkart
PRD-6801,SKU-TEX-1801,Textiles Premium Craft SKU #1801,Textiles & Handblock Prints,1762,6021,89,VND-1187,TRUE,Flipkart
PRD-6802,SKU-PUR-1802,Pure Premium Craft SKU #1802,Pure Silk & Traditional Sarees,251,621,49,VND-1058,TRUE,Flipkart
PRD-6803,SKU-KNI-1803,Knitwear Premium Craft SKU #1803,Knitwear & Everyday Apparel,596,1724,62,VND-1145,TRUE,Instagram DM
PRD-6804,SKU-BRA-1804,Brass Premium Craft SKU #1804,Brass & Artisan Metalcraft,492,965,41,VND-1250,TRUE,Flipkart
PRD-6805,SKU-AYU-1805,Ayurvedic Premium Craft SKU #1805,Ayurvedic Beauty & Wellness,1173,2278,71,VND-1152,TRUE,Flipkart
PRD-6806,SKU-LEA-1806,Leather Premium Craft SKU #1806,Leather Footwear & Travel Goods,2470,7639,27,VND-1134,TRUE,Amazon IN
PRD-6807,SKU-ECO-1807,Eco-Friendly Premium Craft SKU #1807,Eco-Friendly Packaging,1425,4358,39,VND-1106,FALSE,Instagram DM
PRD-6808,SKU-CON-1808,Consumer Premium Craft SKU #1808,Consumer Electronics Accessories,1815,5955,54,VND-1145,TRUE,Myntra
PRD-6809,SKU-ORG-1809,Organic Premium Craft SKU #1809,Organic Home & Kitchenware,2151,5866,60,VND-1204,TRUE,POS Counter
PRD-6810,SKU-HAN-1810,Handloom Premium Craft SKU #1810,Handloom Bed Linen & Curtains,2039,6127,85,VND-1083,TRUE,Instagram DM
PRD-6811,SKU-SPI-1811,Spices Premium Craft SKU #1811,Spices & Gourmet Food Crafts,483,1625,74,VND-1188,TRUE,Flipkart
PRD-6812,SKU-JEW-1812,Jewelry Premium Craft SKU #1812,Jewelry & Fashion Accessories,205,425,35,VND-1033,TRUE,Flipkart
PRD-6813,SKU-FOO-1813,Footwear Premium Craft SKU #1813,Footwear & Athletic Shoes,615,1147,74,VND-1223,TRUE,Instagram DM
PRD-6814,SKU-STA-1814,Stationery Premium Craft SKU #1814,Stationery & Corporate Gifting,2298,6039,90,VND-1206,TRUE,Shopify Storefront
PRD-6815,SKU-PET-1815,Pet Premium Craft SKU #1815,Pet Care & Organic Treats,631,1602,57,VND-1076,TRUE,Instagram DM
PRD-6816,SKU-KID-1816,Kids Premium Craft SKU #1816,Kids Wear & Wooden Toys,2290,5377,67,VND-1070,TRUE,POS Counter
PRD-6817,SKU-FIT-1817,Fitness Premium Craft SKU #1817,Fitness Gear & Yoga Accessories,1338,3598,46,VND-1037,TRUE,Instagram DM
PRD-6818,SKU-AUT-1818,Automotive Premium Craft SKU #1818,Automotive Accessories,2277,6438,80,VND-1096,TRUE,Amazon IN
PRD-6819,SKU-TEX-1819,Textiles Premium Craft SKU #1819,Textiles & Handblock Prints,704,1463,80,VND-1238,FALSE,Flipkart
PRD-6820,SKU-PUR-1820,Pure Premium Craft SKU #1820,Pure Silk & Traditional Sarees,765,1988,20,VND-1046,TRUE,POS Counter
PRD-6821,SKU-KNI-1821,Knitwear Premium Craft SKU #1821,Knitwear & Everyday Apparel,534,1449,62,VND-1052,TRUE,Myntra
PRD-6822,SKU-BRA-1822,Brass Premium Craft SKU #1822,Brass & Artisan Metalcraft,790,1511,91,VND-1120,TRUE,Amazon IN
PRD-6823,SKU-AYU-1823,Ayurvedic Premium Craft SKU #1823,Ayurvedic Beauty & Wellness,207,699,55,VND-1161,TRUE,Flipkart
PRD-6824,SKU-LEA-1824,Leather Premium Craft SKU #1824,Leather Footwear & Travel Goods,1402,3398,71,VND-1150,TRUE,Myntra
PRD-6825,SKU-ECO-1825,Eco-Friendly Premium Craft SKU #1825,Eco-Friendly Packaging,979,1891,39,VND-1139,TRUE,POS Counter
PRD-6826,SKU-CON-1826,Consumer Premium Craft SKU #1826,Consumer Electronics Accessories,880,1977,33,VND-1072,TRUE,Myntra
PRD-6827,SKU-ORG-1827,Organic Premium Craft SKU #1827,Organic Home & Kitchenware,1718,4056,95,VND-1151,TRUE,Instagram DM
PRD-6828,SKU-HAN-1828,Handloom Premium Craft SKU #1828,Handloom Bed Linen & Curtains,2089,4503,20,VND-1224,TRUE,POS Counter
PRD-6829,SKU-SPI-1829,Spices Premium Craft SKU #1829,Spices & Gourmet Food Crafts,750,1532,80,VND-1024,TRUE,Amazon IN
PRD-6830,SKU-JEW-1830,Jewelry Premium Craft SKU #1830,Jewelry & Fashion Accessories,363,737,76,VND-1020,TRUE,Flipkart
PRD-6831,SKU-FOO-1831,Footwear Premium Craft SKU #1831,Footwear & Athletic Shoes,1389,3681,35,VND-1084,TRUE,Flipkart
PRD-6832,SKU-STA-1832,Stationery Premium Craft SKU #1832,Stationery & Corporate Gifting,1729,5188,65,VND-1097,TRUE,Myntra
PRD-6833,SKU-PET-1833,Pet Premium Craft SKU #1833,Pet Care & Organic Treats,2323,4490,97,VND-1082,TRUE,POS Counter
PRD-6834,SKU-KID-1834,Kids Premium Craft SKU #1834,Kids Wear & Wooden Toys,1287,3872,75,VND-1243,TRUE,Flipkart
PRD-6835,SKU-FIT-1835,Fitness Premium Craft SKU #1835,Fitness Gear & Yoga Accessories,1176,3486,91,VND-1178,TRUE,Instagram DM
PRD-6836,SKU-AUT-1836,Automotive Premium Craft SKU #1836,Automotive Accessories,879,1619,66,VND-1090,TRUE,Instagram DM
PRD-6837,SKU-TEX-1837,Textiles Premium Craft SKU #1837,Textiles & Handblock Prints,1887,4082,91,VND-1089,TRUE,POS Counter
PRD-6838,SKU-PUR-1838,Pure Premium Craft SKU #1838,Pure Silk & Traditional Sarees,1682,3539,21,VND-1098,TRUE,Amazon IN
PRD-6839,SKU-KNI-1839,Knitwear Premium Craft SKU #1839,Knitwear & Everyday Apparel,948,1715,59,VND-1135,TRUE,Amazon IN
PRD-6840,SKU-BRA-1840,Brass Premium Craft SKU #1840,Brass & Artisan Metalcraft,1189,3156,21,VND-1235,TRUE,Shopify Storefront
PRD-6841,SKU-AYU-1841,Ayurvedic Premium Craft SKU #1841,Ayurvedic Beauty & Wellness,1276,3688,70,VND-1166,FALSE,Instagram DM
PRD-6842,SKU-LEA-1842,Leather Premium Craft SKU #1842,Leather Footwear & Travel Goods,1186,2687,27,VND-1181,TRUE,Shopify Storefront
PRD-6843,SKU-ECO-1843,Eco-Friendly Premium Craft SKU #1843,Eco-Friendly Packaging,2078,7263,100,VND-1221,TRUE,POS Counter
PRD-6844,SKU-CON-1844,Consumer Premium Craft SKU #1844,Consumer Electronics Accessories,2384,7563,24,VND-1122,TRUE,Myntra
PRD-6845,SKU-ORG-1845,Organic Premium Craft SKU #1845,Organic Home & Kitchenware,777,2330,42,VND-1229,TRUE,POS Counter
PRD-6846,SKU-HAN-1846,Handloom Premium Craft SKU #1846,Handloom Bed Linen & Curtains,1868,6011,35,VND-1022,TRUE,Instagram DM
PRD-6847,SKU-SPI-1847,Spices Premium Craft SKU #1847,Spices & Gourmet Food Crafts,405,945,89,VND-1182,TRUE,POS Counter
PRD-6848,SKU-JEW-1848,Jewelry Premium Craft SKU #1848,Jewelry & Fashion Accessories,218,515,60,VND-1168,TRUE,POS Counter
PRD-6849,SKU-FOO-1849,Footwear Premium Craft SKU #1849,Footwear & Athletic Shoes,1650,4418,71,VND-1232,TRUE,Instagram DM
PRD-6850,SKU-STA-1850,Stationery Premium Craft SKU #1850,Stationery & Corporate Gifting,401,766,84,VND-1172,TRUE,Amazon IN
PRD-6851,SKU-PET-1851,Pet Premium Craft SKU #1851,Pet Care & Organic Treats,856,2186,55,VND-1022,TRUE,Instagram DM
PRD-6852,SKU-KID-1852,Kids Premium Craft SKU #1852,Kids Wear & Wooden Toys,1826,3823,20,VND-1130,TRUE,Myntra
PRD-6853,SKU-FIT-1853,Fitness Premium Craft SKU #1853,Fitness Gear & Yoga Accessories,632,1504,92,VND-1090,TRUE,Shopify Storefront
PRD-6854,SKU-AUT-1854,Automotive Premium Craft SKU #1854,Automotive Accessories,2046,3989,31,VND-1145,TRUE,Shopify Storefront
PRD-6855,SKU-TEX-1855,Textiles Premium Craft SKU #1855,Textiles & Handblock Prints,1450,4067,22,VND-1048,TRUE,Shopify Storefront
PRD-6856,SKU-PUR-1856,Pure Premium Craft SKU #1856,Pure Silk & Traditional Sarees,1684,4349,51,VND-1056,TRUE,Instagram DM
PRD-6857,SKU-KNI-1857,Knitwear Premium Craft SKU #1857,Knitwear & Everyday Apparel,932,2861,36,VND-1165,TRUE,Flipkart
PRD-6858,SKU-BRA-1858,Brass Premium Craft SKU #1858,Brass & Artisan Metalcraft,1325,2785,37,VND-1181,TRUE,Flipkart
PRD-6859,SKU-AYU-1859,Ayurvedic Premium Craft SKU #1859,Ayurvedic Beauty & Wellness,921,2084,45,VND-1058,TRUE,Amazon IN
PRD-6860,SKU-LEA-1860,Leather Premium Craft SKU #1860,Leather Footwear & Travel Goods,1950,4386,82,VND-1067,TRUE,Amazon IN
PRD-6861,SKU-ECO-1861,Eco-Friendly Premium Craft SKU #1861,Eco-Friendly Packaging,2292,5877,100,VND-1090,TRUE,POS Counter
PRD-6862,SKU-CON-1862,Consumer Premium Craft SKU #1862,Consumer Electronics Accessories,1729,3569,92,VND-1010,TRUE,Instagram DM
PRD-6863,SKU-ORG-1863,Organic Premium Craft SKU #1863,Organic Home & Kitchenware,1570,4550,56,VND-1112,TRUE,Instagram DM
PRD-6864,SKU-HAN-1864,Handloom Premium Craft SKU #1864,Handloom Bed Linen & Curtains,2213,6058,54,VND-1248,TRUE,POS Counter
PRD-6865,SKU-SPI-1865,Spices Premium Craft SKU #1865,Spices & Gourmet Food Crafts,1043,2706,24,VND-1067,TRUE,Myntra
PRD-6866,SKU-JEW-1866,Jewelry Premium Craft SKU #1866,Jewelry & Fashion Accessories,913,2380,79,VND-1169,TRUE,Amazon IN
PRD-6867,SKU-FOO-1867,Footwear Premium Craft SKU #1867,Footwear & Athletic Shoes,1697,4953,24,VND-1145,TRUE,Shopify Storefront
PRD-6868,SKU-STA-1868,Stationery Premium Craft SKU #1868,Stationery & Corporate Gifting,1619,5306,21,VND-1162,TRUE,Flipkart
PRD-6869,SKU-PET-1869,Pet Premium Craft SKU #1869,Pet Care & Organic Treats,1529,4436,32,VND-1086,TRUE,Amazon IN
PRD-6870,SKU-KID-1870,Kids Premium Craft SKU #1870,Kids Wear & Wooden Toys,816,2116,43,VND-1079,TRUE,Flipkart
PRD-6871,SKU-FIT-1871,Fitness Premium Craft SKU #1871,Fitness Gear & Yoga Accessories,2019,5671,75,VND-1208,TRUE,Flipkart
PRD-6872,SKU-AUT-1872,Automotive Premium Craft SKU #1872,Automotive Accessories,1147,2557,67,VND-1214,TRUE,Flipkart
PRD-6873,SKU-TEX-1873,Textiles Premium Craft SKU #1873,Textiles & Handblock Prints,1793,4142,49,VND-1174,TRUE,Myntra
PRD-6874,SKU-PUR-1874,Pure Premium Craft SKU #1874,Pure Silk & Traditional Sarees,1874,4730,54,VND-1028,TRUE,Flipkart
PRD-6875,SKU-KNI-1875,Knitwear Premium Craft SKU #1875,Knitwear & Everyday Apparel,266,552,41,VND-1152,TRUE,Myntra
PRD-6876,SKU-BRA-1876,Brass Premium Craft SKU #1876,Brass & Artisan Metalcraft,2296,4907,92,VND-1248,TRUE,POS Counter
PRD-6877,SKU-AYU-1877,Ayurvedic Premium Craft SKU #1877,Ayurvedic Beauty & Wellness,1514,4754,26,VND-1170,TRUE,Amazon IN
PRD-6878,SKU-LEA-1878,Leather Premium Craft SKU #1878,Leather Footwear & Travel Goods,729,2305,78,VND-1203,TRUE,Flipkart
PRD-6879,SKU-ECO-1879,Eco-Friendly Premium Craft SKU #1879,Eco-Friendly Packaging,754,1614,42,VND-1001,TRUE,Shopify Storefront
PRD-6880,SKU-CON-1880,Consumer Premium Craft SKU #1880,Consumer Electronics Accessories,1117,3639,75,VND-1048,TRUE,POS Counter
PRD-6881,SKU-ORG-1881,Organic Premium Craft SKU #1881,Organic Home & Kitchenware,2424,7848,67,VND-1040,FALSE,POS Counter
PRD-6882,SKU-HAN-1882,Handloom Premium Craft SKU #1882,Handloom Bed Linen & Curtains,559,1453,70,VND-1089,TRUE,Flipkart
PRD-6883,SKU-SPI-1883,Spices Premium Craft SKU #1883,Spices & Gourmet Food Crafts,1691,5433,51,VND-1172,TRUE,Shopify Storefront
PRD-6884,SKU-JEW-1884,Jewelry Premium Craft SKU #1884,Jewelry & Fashion Accessories,676,1582,37,VND-1100,TRUE,Amazon IN
PRD-6885,SKU-FOO-1885,Footwear Premium Craft SKU #1885,Footwear & Athletic Shoes,1309,4180,74,VND-1230,TRUE,Myntra
PRD-6886,SKU-STA-1886,Stationery Premium Craft SKU #1886,Stationery & Corporate Gifting,1570,4129,95,VND-1019,FALSE,Myntra
PRD-6887,SKU-PET-1887,Pet Premium Craft SKU #1887,Pet Care & Organic Treats,1113,2701,63,VND-1046,TRUE,Shopify Storefront
PRD-6888,SKU-KID-1888,Kids Premium Craft SKU #1888,Kids Wear & Wooden Toys,1780,5971,49,VND-1157,TRUE,POS Counter
PRD-6889,SKU-FIT-1889,Fitness Premium Craft SKU #1889,Fitness Gear & Yoga Accessories,1015,2347,31,VND-1012,TRUE,Instagram DM
PRD-6890,SKU-AUT-1890,Automotive Premium Craft SKU #1890,Automotive Accessories,1893,3892,59,VND-1047,TRUE,Flipkart
PRD-6891,SKU-TEX-1891,Textiles Premium Craft SKU #1891,Textiles & Handblock Prints,1219,4180,73,VND-1009,TRUE,Flipkart
PRD-6892,SKU-PUR-1892,Pure Premium Craft SKU #1892,Pure Silk & Traditional Sarees,2269,7302,79,VND-1175,TRUE,Amazon IN
PRD-6893,SKU-KNI-1893,Knitwear Premium Craft SKU #1893,Knitwear & Everyday Apparel,565,1646,71,VND-1176,TRUE,Shopify Storefront
PRD-6894,SKU-BRA-1894,Brass Premium Craft SKU #1894,Brass & Artisan Metalcraft,1456,2939,84,VND-1042,TRUE,Flipkart
PRD-6895,SKU-AYU-1895,Ayurvedic Premium Craft SKU #1895,Ayurvedic Beauty & Wellness,2141,6233,71,VND-1003,TRUE,Shopify Storefront
PRD-6896,SKU-LEA-1896,Leather Premium Craft SKU #1896,Leather Footwear & Travel Goods,1890,4233,34,VND-1078,TRUE,Flipkart
PRD-6897,SKU-ECO-1897,Eco-Friendly Premium Craft SKU #1897,Eco-Friendly Packaging,1677,5245,62,VND-1129,TRUE,Amazon IN
PRD-6898,SKU-CON-1898,Consumer Premium Craft SKU #1898,Consumer Electronics Accessories,882,3058,88,VND-1029,TRUE,Instagram DM
PRD-6899,SKU-ORG-1899,Organic Premium Craft SKU #1899,Organic Home & Kitchenware,765,1386,95,VND-1021,TRUE,Myntra
PRD-6900,SKU-HAN-1900,Handloom Premium Craft SKU #1900,Handloom Bed Linen & Curtains,2013,5111,79,VND-1209,TRUE,Shopify Storefront
PRD-6901,SKU-SPI-1901,Spices Premium Craft SKU #1901,Spices & Gourmet Food Crafts,2155,5565,26,VND-1223,TRUE,Instagram DM
PRD-6902,SKU-JEW-1902,Jewelry Premium Craft SKU #1902,Jewelry & Fashion Accessories,1183,2985,57,VND-1095,TRUE,Shopify Storefront
PRD-6903,SKU-FOO-1903,Footwear Premium Craft SKU #1903,Footwear & Athletic Shoes,1244,2617,65,VND-1139,TRUE,Flipkart
PRD-6904,SKU-STA-1904,Stationery Premium Craft SKU #1904,Stationery & Corporate Gifting,1369,3944,96,VND-1084,TRUE,Instagram DM
PRD-6905,SKU-PET-1905,Pet Premium Craft SKU #1905,Pet Care & Organic Treats,2326,7107,51,VND-1010,TRUE,Myntra
PRD-6906,SKU-KID-1906,Kids Premium Craft SKU #1906,Kids Wear & Wooden Toys,666,2021,83,VND-1025,TRUE,Amazon IN
PRD-6907,SKU-FIT-1907,Fitness Premium Craft SKU #1907,Fitness Gear & Yoga Accessories,2026,6019,51,VND-1089,TRUE,Instagram DM
PRD-6908,SKU-AUT-1908,Automotive Premium Craft SKU #1908,Automotive Accessories,2294,6348,25,VND-1211,TRUE,Amazon IN
PRD-6909,SKU-TEX-1909,Textiles Premium Craft SKU #1909,Textiles & Handblock Prints,751,2129,32,VND-1010,TRUE,Instagram DM
PRD-6910,SKU-PUR-1910,Pure Premium Craft SKU #1910,Pure Silk & Traditional Sarees,1533,5176,58,VND-1021,TRUE,Shopify Storefront
PRD-6911,SKU-KNI-1911,Knitwear Premium Craft SKU #1911,Knitwear & Everyday Apparel,1202,3638,30,VND-1048,TRUE,Flipkart
PRD-6912,SKU-BRA-1912,Brass Premium Craft SKU #1912,Brass & Artisan Metalcraft,626,1971,93,VND-1248,TRUE,Amazon IN
PRD-6913,SKU-AYU-1913,Ayurvedic Premium Craft SKU #1913,Ayurvedic Beauty & Wellness,2255,6125,51,VND-1158,TRUE,Shopify Storefront
PRD-6914,SKU-LEA-1914,Leather Premium Craft SKU #1914,Leather Footwear & Travel Goods,2498,6504,75,VND-1096,TRUE,Instagram DM
PRD-6915,SKU-ECO-1915,Eco-Friendly Premium Craft SKU #1915,Eco-Friendly Packaging,910,2066,25,VND-1200,TRUE,POS Counter
PRD-6916,SKU-CON-1916,Consumer Premium Craft SKU #1916,Consumer Electronics Accessories,1317,2981,72,VND-1174,TRUE,Flipkart
PRD-6917,SKU-ORG-1917,Organic Premium Craft SKU #1917,Organic Home & Kitchenware,681,1543,79,VND-1169,TRUE,Instagram DM
PRD-6918,SKU-HAN-1918,Handloom Premium Craft SKU #1918,Handloom Bed Linen & Curtains,547,1190,22,VND-1082,TRUE,POS Counter
PRD-6919,SKU-SPI-1919,Spices Premium Craft SKU #1919,Spices & Gourmet Food Crafts,1328,4034,97,VND-1017,TRUE,Myntra
PRD-6920,SKU-JEW-1920,Jewelry Premium Craft SKU #1920,Jewelry & Fashion Accessories,1496,4069,80,VND-1108,TRUE,Shopify Storefront
PRD-6921,SKU-FOO-1921,Footwear Premium Craft SKU #1921,Footwear & Athletic Shoes,1545,3620,76,VND-1088,TRUE,Instagram DM
PRD-6922,SKU-STA-1922,Stationery Premium Craft SKU #1922,Stationery & Corporate Gifting,1012,2737,41,VND-1128,TRUE,Amazon IN
PRD-6923,SKU-PET-1923,Pet Premium Craft SKU #1923,Pet Care & Organic Treats,282,824,93,VND-1104,TRUE,Instagram DM
PRD-6924,SKU-KID-1924,Kids Premium Craft SKU #1924,Kids Wear & Wooden Toys,2449,8508,30,VND-1125,TRUE,Myntra
PRD-6925,SKU-FIT-1925,Fitness Premium Craft SKU #1925,Fitness Gear & Yoga Accessories,1395,3203,60,VND-1095,TRUE,Flipkart
PRD-6926,SKU-AUT-1926,Automotive Premium Craft SKU #1926,Automotive Accessories,788,2255,41,VND-1008,TRUE,Myntra
PRD-6927,SKU-TEX-1927,Textiles Premium Craft SKU #1927,Textiles & Handblock Prints,1851,6465,22,VND-1111,TRUE,Amazon IN
PRD-6928,SKU-PUR-1928,Pure Premium Craft SKU #1928,Pure Silk & Traditional Sarees,2160,7522,68,VND-1143,TRUE,POS Counter
PRD-6929,SKU-KNI-1929,Knitwear Premium Craft SKU #1929,Knitwear & Everyday Apparel,655,1286,47,VND-1097,TRUE,Shopify Storefront
PRD-6930,SKU-BRA-1930,Brass Premium Craft SKU #1930,Brass & Artisan Metalcraft,1335,2808,40,VND-1147,TRUE,Instagram DM
PRD-6931,SKU-AYU-1931,Ayurvedic Premium Craft SKU #1931,Ayurvedic Beauty & Wellness,2403,5994,47,VND-1103,TRUE,Myntra
PRD-6932,SKU-LEA-1932,Leather Premium Craft SKU #1932,Leather Footwear & Travel Goods,1458,4534,100,VND-1072,TRUE,Instagram DM
PRD-6933,SKU-ECO-1933,Eco-Friendly Premium Craft SKU #1933,Eco-Friendly Packaging,1451,3850,88,VND-1246,TRUE,Flipkart
PRD-6934,SKU-CON-1934,Consumer Premium Craft SKU #1934,Consumer Electronics Accessories,2050,4687,77,VND-1127,TRUE,POS Counter
PRD-6935,SKU-ORG-1935,Organic Premium Craft SKU #1935,Organic Home & Kitchenware,1331,2403,62,VND-1103,TRUE,Instagram DM
PRD-6936,SKU-HAN-1936,Handloom Premium Craft SKU #1936,Handloom Bed Linen & Curtains,552,1353,73,VND-1045,TRUE,Flipkart
PRD-6937,SKU-SPI-1937,Spices Premium Craft SKU #1937,Spices & Gourmet Food Crafts,268,764,37,VND-1049,TRUE,Myntra
PRD-6938,SKU-JEW-1938,Jewelry Premium Craft SKU #1938,Jewelry & Fashion Accessories,2487,7572,22,VND-1021,TRUE,POS Counter
PRD-6939,SKU-FOO-1939,Footwear Premium Craft SKU #1939,Footwear & Athletic Shoes,2481,7103,31,VND-1043,TRUE,Shopify Storefront
PRD-6940,SKU-STA-1940,Stationery Premium Craft SKU #1940,Stationery & Corporate Gifting,1744,4775,44,VND-1191,TRUE,POS Counter
PRD-6941,SKU-PET-1941,Pet Premium Craft SKU #1941,Pet Care & Organic Treats,1661,5031,50,VND-1118,TRUE,Instagram DM
PRD-6942,SKU-KID-1942,Kids Premium Craft SKU #1942,Kids Wear & Wooden Toys,968,2273,57,VND-1236,TRUE,Shopify Storefront
PRD-6943,SKU-FIT-1943,Fitness Premium Craft SKU #1943,Fitness Gear & Yoga Accessories,2038,5259,97,VND-1053,TRUE,POS Counter
PRD-6944,SKU-AUT-1944,Automotive Premium Craft SKU #1944,Automotive Accessories,874,3018,84,VND-1204,TRUE,Myntra
PRD-6945,SKU-TEX-1945,Textiles Premium Craft SKU #1945,Textiles & Handblock Prints,1506,4943,40,VND-1215,TRUE,Instagram DM
PRD-6946,SKU-PUR-1946,Pure Premium Craft SKU #1946,Pure Silk & Traditional Sarees,436,789,24,VND-1247,TRUE,Flipkart
PRD-6947,SKU-KNI-1947,Knitwear Premium Craft SKU #1947,Knitwear & Everyday Apparel,2278,7955,69,VND-1222,TRUE,Flipkart
PRD-6948,SKU-BRA-1948,Brass Premium Craft SKU #1948,Brass & Artisan Metalcraft,1215,4011,88,VND-1246,TRUE,Myntra
PRD-6949,SKU-AYU-1949,Ayurvedic Premium Craft SKU #1949,Ayurvedic Beauty & Wellness,2337,7046,76,VND-1166,TRUE,Instagram DM
PRD-6950,SKU-LEA-1950,Leather Premium Craft SKU #1950,Leather Footwear & Travel Goods,1349,4289,25,VND-1016,TRUE,Instagram DM
PRD-6951,SKU-ECO-1951,Eco-Friendly Premium Craft SKU #1951,Eco-Friendly Packaging,2245,6442,76,VND-1238,TRUE,Shopify Storefront
PRD-6952,SKU-CON-1952,Consumer Premium Craft SKU #1952,Consumer Electronics Accessories,747,2420,94,VND-1027,TRUE,Shopify Storefront
PRD-6953,SKU-ORG-1953,Organic Premium Craft SKU #1953,Organic Home & Kitchenware,842,2040,63,VND-1185,TRUE,POS Counter
PRD-6954,SKU-HAN-1954,Handloom Premium Craft SKU #1954,Handloom Bed Linen & Curtains,2126,4586,32,VND-1204,TRUE,Instagram DM
PRD-6955,SKU-SPI-1955,Spices Premium Craft SKU #1955,Spices & Gourmet Food Crafts,2026,6743,82,VND-1019,TRUE,Amazon IN
PRD-6956,SKU-JEW-1956,Jewelry Premium Craft SKU #1956,Jewelry & Fashion Accessories,1359,4038,62,VND-1088,TRUE,Instagram DM
PRD-6957,SKU-FOO-1957,Footwear Premium Craft SKU #1957,Footwear & Athletic Shoes,2477,5617,24,VND-1067,TRUE,POS Counter
PRD-6958,SKU-STA-1958,Stationery Premium Craft SKU #1958,Stationery & Corporate Gifting,1331,2454,67,VND-1134,TRUE,Instagram DM
PRD-6959,SKU-PET-1959,Pet Premium Craft SKU #1959,Pet Care & Organic Treats,1406,4789,40,VND-1075,TRUE,Amazon IN
PRD-6960,SKU-KID-1960,Kids Premium Craft SKU #1960,Kids Wear & Wooden Toys,1951,5744,39,VND-1122,TRUE,Instagram DM
PRD-6961,SKU-FIT-1961,Fitness Premium Craft SKU #1961,Fitness Gear & Yoga Accessories,750,2124,69,VND-1033,TRUE,POS Counter
PRD-6962,SKU-AUT-1962,Automotive Premium Craft SKU #1962,Automotive Accessories,1016,2836,38,VND-1008,TRUE,Amazon IN
PRD-6963,SKU-TEX-1963,Textiles Premium Craft SKU #1963,Textiles & Handblock Prints,2233,6849,86,VND-1094,TRUE,Myntra
PRD-6964,SKU-PUR-1964,Pure Premium Craft SKU #1964,Pure Silk & Traditional Sarees,847,2924,39,VND-1231,TRUE,Myntra
PRD-6965,SKU-KNI-1965,Knitwear Premium Craft SKU #1965,Knitwear & Everyday Apparel,2293,5586,82,VND-1081,TRUE,Myntra
PRD-6966,SKU-BRA-1966,Brass Premium Craft SKU #1966,Brass & Artisan Metalcraft,868,2276,68,VND-1124,FALSE,Shopify Storefront
PRD-6967,SKU-AYU-1967,Ayurvedic Premium Craft SKU #1967,Ayurvedic Beauty & Wellness,1070,2488,48,VND-1088,TRUE,Myntra
PRD-6968,SKU-LEA-1968,Leather Premium Craft SKU #1968,Leather Footwear & Travel Goods,639,1856,65,VND-1200,TRUE,Myntra
PRD-6969,SKU-ECO-1969,Eco-Friendly Premium Craft SKU #1969,Eco-Friendly Packaging,199,642,87,VND-1234,TRUE,Instagram DM
PRD-6970,SKU-CON-1970,Consumer Premium Craft SKU #1970,Consumer Electronics Accessories,1639,4800,71,VND-1052,TRUE,Amazon IN
PRD-6971,SKU-ORG-1971,Organic Premium Craft SKU #1971,Organic Home & Kitchenware,425,961,88,VND-1130,TRUE,Myntra
PRD-6972,SKU-HAN-1972,Handloom Premium Craft SKU #1972,Handloom Bed Linen & Curtains,475,1638,27,VND-1224,TRUE,Myntra
PRD-6973,SKU-SPI-1973,Spices Premium Craft SKU #1973,Spices & Gourmet Food Crafts,1152,2575,43,VND-1064,TRUE,Instagram DM
PRD-6974,SKU-JEW-1974,Jewelry Premium Craft SKU #1974,Jewelry & Fashion Accessories,1153,2522,78,VND-1220,TRUE,Myntra
PRD-6975,SKU-FOO-1975,Footwear Premium Craft SKU #1975,Footwear & Athletic Shoes,2410,5474,44,VND-1069,TRUE,Shopify Storefront
PRD-6976,SKU-STA-1976,Stationery Premium Craft SKU #1976,Stationery & Corporate Gifting,692,1860,27,VND-1232,TRUE,POS Counter
PRD-6977,SKU-PET-1977,Pet Premium Craft SKU #1977,Pet Care & Organic Treats,2104,5447,88,VND-1150,TRUE,Shopify Storefront
PRD-6978,SKU-KID-1978,Kids Premium Craft SKU #1978,Kids Wear & Wooden Toys,449,958,34,VND-1082,TRUE,Flipkart
PRD-6979,SKU-FIT-1979,Fitness Premium Craft SKU #1979,Fitness Gear & Yoga Accessories,559,1521,47,VND-1051,TRUE,Amazon IN
PRD-6980,SKU-AUT-1980,Automotive Premium Craft SKU #1980,Automotive Accessories,189,527,34,VND-1146,TRUE,Flipkart
PRD-6981,SKU-TEX-1981,Textiles Premium Craft SKU #1981,Textiles & Handblock Prints,947,2652,98,VND-1200,TRUE,Shopify Storefront
PRD-6982,SKU-PUR-1982,Pure Premium Craft SKU #1982,Pure Silk & Traditional Sarees,1817,5128,83,VND-1065,TRUE,Amazon IN
PRD-6983,SKU-KNI-1983,Knitwear Premium Craft SKU #1983,Knitwear & Everyday Apparel,2129,5693,58,VND-1130,TRUE,Myntra
PRD-6984,SKU-BRA-1984,Brass Premium Craft SKU #1984,Brass & Artisan Metalcraft,1547,3508,91,VND-1064,TRUE,Instagram DM
PRD-6985,SKU-AYU-1985,Ayurvedic Premium Craft SKU #1985,Ayurvedic Beauty & Wellness,606,2097,43,VND-1113,TRUE,Amazon IN
PRD-6986,SKU-LEA-1986,Leather Premium Craft SKU #1986,Leather Footwear & Travel Goods,2237,5815,40,VND-1229,TRUE,Flipkart
PRD-6987,SKU-ECO-1987,Eco-Friendly Premium Craft SKU #1987,Eco-Friendly Packaging,1397,2739,76,VND-1173,TRUE,Instagram DM
PRD-6988,SKU-CON-1988,Consumer Premium Craft SKU #1988,Consumer Electronics Accessories,898,1911,33,VND-1138,TRUE,POS Counter
PRD-6989,SKU-ORG-1989,Organic Premium Craft SKU #1989,Organic Home & Kitchenware,2205,5113,87,VND-1079,TRUE,Instagram DM
PRD-6990,SKU-HAN-1990,Handloom Premium Craft SKU #1990,Handloom Bed Linen & Curtains,1011,2801,39,VND-1077,TRUE,POS Counter
PRD-6991,SKU-SPI-1991,Spices Premium Craft SKU #1991,Spices & Gourmet Food Crafts,1772,5556,40,VND-1197,TRUE,POS Counter
PRD-6992,SKU-JEW-1992,Jewelry Premium Craft SKU #1992,Jewelry & Fashion Accessories,2265,7854,96,VND-1084,TRUE,Instagram DM
PRD-6993,SKU-FOO-1993,Footwear Premium Craft SKU #1993,Footwear & Athletic Shoes,1086,3677,80,VND-1069,TRUE,Amazon IN
PRD-6994,SKU-STA-1994,Stationery Premium Craft SKU #1994,Stationery & Corporate Gifting,743,1724,65,VND-1095,TRUE,Amazon IN
PRD-6995,SKU-PET-1995,Pet Premium Craft SKU #1995,Pet Care & Organic Treats,1411,3559,70,VND-1116,TRUE,Shopify Storefront
PRD-6996,SKU-KID-1996,Kids Premium Craft SKU #1996,Kids Wear & Wooden Toys,1805,3418,72,VND-1196,TRUE,POS Counter
PRD-6997,SKU-FIT-1997,Fitness Premium Craft SKU #1997,Fitness Gear & Yoga Accessories,2021,6273,22,VND-1250,TRUE,POS Counter
PRD-6998,SKU-AUT-1998,Automotive Premium Craft SKU #1998,Automotive Accessories,1198,2756,67,VND-1054,FALSE,Flipkart
PRD-6999,SKU-TEX-1999,Textiles Premium Craft SKU #1999,Textiles & Handblock Prints,1716,4038,91,VND-1203,TRUE,POS Counter
PRD-7000,SKU-PUR-2000,Pure Premium Craft SKU #2000,Pure Silk & Traditional Sarees,2210,5631,55,VND-1159,TRUE,POS Counter
PRD-7001,SKU-KNI-2001,Knitwear Premium Craft SKU #2001,Knitwear & Everyday Apparel,1483,4491,95,VND-1042,TRUE,Shopify Storefront
PRD-7002,SKU-BRA-2002,Brass Premium Craft SKU #2002,Brass & Artisan Metalcraft,1747,5187,82,VND-1200,TRUE,Myntra
PRD-7003,SKU-AYU-2003,Ayurvedic Premium Craft SKU #2003,Ayurvedic Beauty & Wellness,1686,3204,27,VND-1151,TRUE,Amazon IN
PRD-7004,SKU-LEA-2004,Leather Premium Craft SKU #2004,Leather Footwear & Travel Goods,1663,4232,56,VND-1138,TRUE,POS Counter
PRD-7005,SKU-ECO-2005,Eco-Friendly Premium Craft SKU #2005,Eco-Friendly Packaging,453,1065,72,VND-1226,TRUE,POS Counter
PRD-7006,SKU-CON-2006,Consumer Premium Craft SKU #2006,Consumer Electronics Accessories,1374,3814,91,VND-1151,TRUE,POS Counter
PRD-7007,SKU-ORG-2007,Organic Premium Craft SKU #2007,Organic Home & Kitchenware,2495,6809,53,VND-1084,TRUE,Amazon IN
PRD-7008,SKU-HAN-2008,Handloom Premium Craft SKU #2008,Handloom Bed Linen & Curtains,239,487,28,VND-1177,TRUE,Instagram DM
PRD-7009,SKU-SPI-2009,Spices Premium Craft SKU #2009,Spices & Gourmet Food Crafts,1435,4918,66,VND-1183,TRUE,Flipkart
PRD-7010,SKU-JEW-2010,Jewelry Premium Craft SKU #2010,Jewelry & Fashion Accessories,1029,2174,79,VND-1192,TRUE,Amazon IN
PRD-7011,SKU-FOO-2011,Footwear Premium Craft SKU #2011,Footwear & Athletic Shoes,965,2848,53,VND-1086,TRUE,Instagram DM
PRD-7012,SKU-STA-2012,Stationery Premium Craft SKU #2012,Stationery & Corporate Gifting,244,497,72,VND-1239,TRUE,Flipkart
PRD-7013,SKU-PET-2013,Pet Premium Craft SKU #2013,Pet Care & Organic Treats,346,1111,27,VND-1205,TRUE,Myntra
PRD-7014,SKU-KID-2014,Kids Premium Craft SKU #2014,Kids Wear & Wooden Toys,216,596,24,VND-1096,TRUE,Amazon IN
PRD-7015,SKU-FIT-2015,Fitness Premium Craft SKU #2015,Fitness Gear & Yoga Accessories,2356,6211,93,VND-1203,TRUE,Shopify Storefront
PRD-7016,SKU-AUT-2016,Automotive Premium Craft SKU #2016,Automotive Accessories,459,1267,91,VND-1189,TRUE,Myntra
PRD-7017,SKU-TEX-2017,Textiles Premium Craft SKU #2017,Textiles & Handblock Prints,2253,7296,31,VND-1041,TRUE,Flipkart
PRD-7018,SKU-PUR-2018,Pure Premium Craft SKU #2018,Pure Silk & Traditional Sarees,931,2865,75,VND-1157,TRUE,Flipkart
PRD-7019,SKU-KNI-2019,Knitwear Premium Craft SKU #2019,Knitwear & Everyday Apparel,773,2246,29,VND-1116,TRUE,Myntra
PRD-7020,SKU-BRA-2020,Brass Premium Craft SKU #2020,Brass & Artisan Metalcraft,2009,5418,75,VND-1087,TRUE,Flipkart
PRD-7021,SKU-AYU-2021,Ayurvedic Premium Craft SKU #2021,Ayurvedic Beauty & Wellness,1353,2450,69,VND-1148,FALSE,POS Counter
PRD-7022,SKU-LEA-2022,Leather Premium Craft SKU #2022,Leather Footwear & Travel Goods,1899,3904,48,VND-1083,TRUE,Amazon IN
PRD-7023,SKU-ECO-2023,Eco-Friendly Premium Craft SKU #2023,Eco-Friendly Packaging,2024,5892,45,VND-1137,TRUE,Myntra
PRD-7024,SKU-CON-2024,Consumer Premium Craft SKU #2024,Consumer Electronics Accessories,1602,5316,93,VND-1237,TRUE,POS Counter
PRD-7025,SKU-ORG-2025,Organic Premium Craft SKU #2025,Organic Home & Kitchenware,1413,2979,23,VND-1053,TRUE,Shopify Storefront
PRD-7026,SKU-HAN-2026,Handloom Premium Craft SKU #2026,Handloom Bed Linen & Curtains,671,1823,28,VND-1200,TRUE,Amazon IN
PRD-7027,SKU-SPI-2027,Spices Premium Craft SKU #2027,Spices & Gourmet Food Crafts,1092,3187,45,VND-1238,TRUE,Flipkart
PRD-7028,SKU-JEW-2028,Jewelry Premium Craft SKU #2028,Jewelry & Fashion Accessories,1104,3744,47,VND-1070,TRUE,Shopify Storefront
PRD-7029,SKU-FOO-2029,Footwear Premium Craft SKU #2029,Footwear & Athletic Shoes,1950,3918,68,VND-1036,FALSE,Instagram DM
PRD-7030,SKU-STA-2030,Stationery Premium Craft SKU #2030,Stationery & Corporate Gifting,1004,2456,77,VND-1219,TRUE,POS Counter
PRD-7031,SKU-PET-2031,Pet Premium Craft SKU #2031,Pet Care & Organic Treats,1708,4788,35,VND-1053,TRUE,POS Counter
PRD-7032,SKU-KID-2032,Kids Premium Craft SKU #2032,Kids Wear & Wooden Toys,2265,4545,46,VND-1130,TRUE,Flipkart
PRD-7033,SKU-FIT-2033,Fitness Premium Craft SKU #2033,Fitness Gear & Yoga Accessories,1617,4971,60,VND-1190,TRUE,POS Counter
PRD-7034,SKU-AUT-2034,Automotive Premium Craft SKU #2034,Automotive Accessories,2226,5368,52,VND-1024,TRUE,Flipkart
PRD-7035,SKU-TEX-2035,Textiles Premium Craft SKU #2035,Textiles & Handblock Prints,179,437,73,VND-1005,TRUE,Shopify Storefront
PRD-7036,SKU-PUR-2036,Pure Premium Craft SKU #2036,Pure Silk & Traditional Sarees,1626,5540,28,VND-1091,TRUE,Instagram DM
PRD-7037,SKU-KNI-2037,Knitwear Premium Craft SKU #2037,Knitwear & Everyday Apparel,1089,3810,30,VND-1077,TRUE,Flipkart
PRD-7038,SKU-BRA-2038,Brass Premium Craft SKU #2038,Brass & Artisan Metalcraft,2080,3800,55,VND-1225,TRUE,Amazon IN
PRD-7039,SKU-AYU-2039,Ayurvedic Premium Craft SKU #2039,Ayurvedic Beauty & Wellness,726,2352,42,VND-1012,TRUE,POS Counter
PRD-7040,SKU-LEA-2040,Leather Premium Craft SKU #2040,Leather Footwear & Travel Goods,787,1604,80,VND-1133,TRUE,Shopify Storefront
PRD-7041,SKU-ECO-2041,Eco-Friendly Premium Craft SKU #2041,Eco-Friendly Packaging,1009,3302,57,VND-1153,TRUE,Flipkart
PRD-7042,SKU-CON-2042,Consumer Premium Craft SKU #2042,Consumer Electronics Accessories,795,1997,42,VND-1211,TRUE,POS Counter
PRD-7043,SKU-ORG-2043,Organic Premium Craft SKU #2043,Organic Home & Kitchenware,893,2161,34,VND-1190,TRUE,Shopify Storefront
PRD-7044,SKU-HAN-2044,Handloom Premium Craft SKU #2044,Handloom Bed Linen & Curtains,985,2285,100,VND-1128,TRUE,Amazon IN
PRD-7045,SKU-SPI-2045,Spices Premium Craft SKU #2045,Spices & Gourmet Food Crafts,1465,2707,23,VND-1160,TRUE,Flipkart
PRD-7046,SKU-JEW-2046,Jewelry Premium Craft SKU #2046,Jewelry & Fashion Accessories,741,2484,25,VND-1009,TRUE,Myntra
PRD-7047,SKU-FOO-2047,Footwear Premium Craft SKU #2047,Footwear & Athletic Shoes,2301,4805,32,VND-1185,FALSE,POS Counter
PRD-7048,SKU-STA-2048,Stationery Premium Craft SKU #2048,Stationery & Corporate Gifting,1869,6503,34,VND-1024,TRUE,Flipkart
PRD-7049,SKU-PET-2049,Pet Premium Craft SKU #2049,Pet Care & Organic Treats,2348,5984,97,VND-1107,TRUE,Shopify Storefront
PRD-7050,SKU-KID-2050,Kids Premium Craft SKU #2050,Kids Wear & Wooden Toys,2100,5456,52,VND-1080,TRUE,Instagram DM
PRD-7051,SKU-FIT-2051,Fitness Premium Craft SKU #2051,Fitness Gear & Yoga Accessories,1647,5643,32,VND-1139,TRUE,Instagram DM
PRD-7052,SKU-AUT-2052,Automotive Premium Craft SKU #2052,Automotive Accessories,2489,5310,48,VND-1213,TRUE,POS Counter
PRD-7053,SKU-TEX-2053,Textiles Premium Craft SKU #2053,Textiles & Handblock Prints,486,1488,71,VND-1058,TRUE,Myntra
PRD-7054,SKU-PUR-2054,Pure Premium Craft SKU #2054,Pure Silk & Traditional Sarees,1173,2562,43,VND-1027,TRUE,Amazon IN
PRD-7055,SKU-KNI-2055,Knitwear Premium Craft SKU #2055,Knitwear & Everyday Apparel,2042,5995,86,VND-1085,TRUE,Amazon IN
PRD-7056,SKU-BRA-2056,Brass Premium Craft SKU #2056,Brass & Artisan Metalcraft,689,1624,67,VND-1195,TRUE,Myntra
PRD-7057,SKU-AYU-2057,Ayurvedic Premium Craft SKU #2057,Ayurvedic Beauty & Wellness,290,890,69,VND-1189,TRUE,POS Counter
PRD-7058,SKU-LEA-2058,Leather Premium Craft SKU #2058,Leather Footwear & Travel Goods,208,424,24,VND-1047,TRUE,POS Counter
PRD-7059,SKU-ECO-2059,Eco-Friendly Premium Craft SKU #2059,Eco-Friendly Packaging,1775,4168,93,VND-1042,TRUE,Amazon IN
PRD-7060,SKU-CON-2060,Consumer Premium Craft SKU #2060,Consumer Electronics Accessories,1811,4651,47,VND-1049,TRUE,Amazon IN
PRD-7061,SKU-ORG-2061,Organic Premium Craft SKU #2061,Organic Home & Kitchenware,1951,3902,55,VND-1140,TRUE,Myntra
PRD-7062,SKU-HAN-2062,Handloom Premium Craft SKU #2062,Handloom Bed Linen & Curtains,1531,3633,43,VND-1237,TRUE,Flipkart
PRD-7063,SKU-SPI-2063,Spices Premium Craft SKU #2063,Spices & Gourmet Food Crafts,2398,6176,32,VND-1198,TRUE,Amazon IN
PRD-7064,SKU-JEW-2064,Jewelry Premium Craft SKU #2064,Jewelry & Fashion Accessories,2276,5113,66,VND-1196,TRUE,Shopify Storefront
PRD-7065,SKU-FOO-2065,Footwear Premium Craft SKU #2065,Footwear & Athletic Shoes,2375,4784,49,VND-1247,TRUE,Shopify Storefront
PRD-7066,SKU-STA-2066,Stationery Premium Craft SKU #2066,Stationery & Corporate Gifting,2404,7239,36,VND-1031,TRUE,Amazon IN
PRD-7067,SKU-PET-2067,Pet Premium Craft SKU #2067,Pet Care & Organic Treats,1936,5305,30,VND-1116,TRUE,Myntra
PRD-7068,SKU-KID-2068,Kids Premium Craft SKU #2068,Kids Wear & Wooden Toys,1778,5679,85,VND-1047,TRUE,Instagram DM
PRD-7069,SKU-FIT-2069,Fitness Premium Craft SKU #2069,Fitness Gear & Yoga Accessories,218,466,65,VND-1057,TRUE,POS Counter
PRD-7070,SKU-AUT-2070,Automotive Premium Craft SKU #2070,Automotive Accessories,2323,6254,88,VND-1145,TRUE,POS Counter
PRD-7071,SKU-TEX-2071,Textiles Premium Craft SKU #2071,Textiles & Handblock Prints,2324,4842,40,VND-1178,TRUE,POS Counter
PRD-7072,SKU-PUR-2072,Pure Premium Craft SKU #2072,Pure Silk & Traditional Sarees,1076,3479,39,VND-1163,TRUE,Myntra
PRD-7073,SKU-KNI-2073,Knitwear Premium Craft SKU #2073,Knitwear & Everyday Apparel,978,2223,71,VND-1109,TRUE,Myntra
PRD-7074,SKU-BRA-2074,Brass Premium Craft SKU #2074,Brass & Artisan Metalcraft,1875,6223,79,VND-1249,TRUE,Instagram DM
PRD-7075,SKU-AYU-2075,Ayurvedic Premium Craft SKU #2075,Ayurvedic Beauty & Wellness,1378,2481,52,VND-1241,TRUE,Instagram DM
PRD-7076,SKU-LEA-2076,Leather Premium Craft SKU #2076,Leather Footwear & Travel Goods,1005,3386,98,VND-1080,TRUE,Shopify Storefront
PRD-7077,SKU-ECO-2077,Eco-Friendly Premium Craft SKU #2077,Eco-Friendly Packaging,1830,3730,81,VND-1016,TRUE,POS Counter
PRD-7078,SKU-CON-2078,Consumer Premium Craft SKU #2078,Consumer Electronics Accessories,803,2327,70,VND-1101,TRUE,POS Counter
PRD-7079,SKU-ORG-2079,Organic Premium Craft SKU #2079,Organic Home & Kitchenware,1585,3043,55,VND-1214,TRUE,Flipkart
PRD-7080,SKU-HAN-2080,Handloom Premium Craft SKU #2080,Handloom Bed Linen & Curtains,771,1657,38,VND-1032,TRUE,Amazon IN
PRD-7081,SKU-SPI-2081,Spices Premium Craft SKU #2081,Spices & Gourmet Food Crafts,630,1691,87,VND-1003,TRUE,Instagram DM
PRD-7082,SKU-JEW-2082,Jewelry Premium Craft SKU #2082,Jewelry & Fashion Accessories,2079,4562,76,VND-1154,TRUE,Shopify Storefront
PRD-7083,SKU-FOO-2083,Footwear Premium Craft SKU #2083,Footwear & Athletic Shoes,2011,4145,63,VND-1139,TRUE,Shopify Storefront
PRD-7084,SKU-STA-2084,Stationery Premium Craft SKU #2084,Stationery & Corporate Gifting,1196,2382,79,VND-1098,TRUE,POS Counter
PRD-7085,SKU-PET-2085,Pet Premium Craft SKU #2085,Pet Care & Organic Treats,2145,6626,48,VND-1225,TRUE,Shopify Storefront
PRD-7086,SKU-KID-2086,Kids Premium Craft SKU #2086,Kids Wear & Wooden Toys,1635,3613,83,VND-1188,TRUE,Flipkart
PRD-7087,SKU-FIT-2087,Fitness Premium Craft SKU #2087,Fitness Gear & Yoga Accessories,382,1101,55,VND-1108,TRUE,Instagram DM
PRD-7088,SKU-AUT-2088,Automotive Premium Craft SKU #2088,Automotive Accessories,1180,3408,62,VND-1071,TRUE,Amazon IN
PRD-7089,SKU-TEX-2089,Textiles Premium Craft SKU #2089,Textiles & Handblock Prints,490,892,82,VND-1092,TRUE,Flipkart
PRD-7090,SKU-PUR-2090,Pure Premium Craft SKU #2090,Pure Silk & Traditional Sarees,1926,5646,33,VND-1057,TRUE,Instagram DM
PRD-7091,SKU-KNI-2091,Knitwear Premium Craft SKU #2091,Knitwear & Everyday Apparel,2446,6925,92,VND-1125,TRUE,Myntra
PRD-7092,SKU-BRA-2092,Brass Premium Craft SKU #2092,Brass & Artisan Metalcraft,1717,3213,33,VND-1223,TRUE,Instagram DM
PRD-7093,SKU-AYU-2093,Ayurvedic Premium Craft SKU #2093,Ayurvedic Beauty & Wellness,553,1536,35,VND-1245,TRUE,POS Counter
PRD-7094,SKU-LEA-2094,Leather Premium Craft SKU #2094,Leather Footwear & Travel Goods,1877,5980,25,VND-1093,TRUE,Flipkart
PRD-7095,SKU-ECO-2095,Eco-Friendly Premium Craft SKU #2095,Eco-Friendly Packaging,2037,5652,86,VND-1219,FALSE,Flipkart
PRD-7096,SKU-CON-2096,Consumer Premium Craft SKU #2096,Consumer Electronics Accessories,1918,5633,23,VND-1209,TRUE,POS Counter
PRD-7097,SKU-ORG-2097,Organic Premium Craft SKU #2097,Organic Home & Kitchenware,1497,2946,72,VND-1007,TRUE,Instagram DM
PRD-7098,SKU-HAN-2098,Handloom Premium Craft SKU #2098,Handloom Bed Linen & Curtains,1188,2862,64,VND-1117,TRUE,POS Counter
PRD-7099,SKU-SPI-2099,Spices Premium Craft SKU #2099,Spices & Gourmet Food Crafts,1976,6189,61,VND-1071,TRUE,Instagram DM
PRD-7100,SKU-JEW-2100,Jewelry Premium Craft SKU #2100,Jewelry & Fashion Accessories,807,1739,90,VND-1068,TRUE,Instagram DM
PRD-7101,SKU-FOO-2101,Footwear Premium Craft SKU #2101,Footwear & Athletic Shoes,1577,4932,42,VND-1103,TRUE,Shopify Storefront
PRD-7102,SKU-STA-2102,Stationery Premium Craft SKU #2102,Stationery & Corporate Gifting,1590,4528,49,VND-1086,TRUE,Amazon IN
PRD-7103,SKU-PET-2103,Pet Premium Craft SKU #2103,Pet Care & Organic Treats,520,1501,60,VND-1026,TRUE,Instagram DM
PRD-7104,SKU-KID-2104,Kids Premium Craft SKU #2104,Kids Wear & Wooden Toys,1717,3680,82,VND-1048,TRUE,Flipkart
PRD-7105,SKU-FIT-2105,Fitness Premium Craft SKU #2105,Fitness Gear & Yoga Accessories,1630,5025,41,VND-1230,TRUE,Shopify Storefront
PRD-7106,SKU-AUT-2106,Automotive Premium Craft SKU #2106,Automotive Accessories,1421,4753,91,VND-1049,TRUE,Myntra
PRD-7107,SKU-TEX-2107,Textiles Premium Craft SKU #2107,Textiles & Handblock Prints,878,2174,29,VND-1138,TRUE,Shopify Storefront
PRD-7108,SKU-PUR-2108,Pure Premium Craft SKU #2108,Pure Silk & Traditional Sarees,1807,5870,38,VND-1183,TRUE,Myntra
PRD-7109,SKU-KNI-2109,Knitwear Premium Craft SKU #2109,Knitwear & Everyday Apparel,1775,3596,69,VND-1091,TRUE,Instagram DM
PRD-7110,SKU-BRA-2110,Brass Premium Craft SKU #2110,Brass & Artisan Metalcraft,1353,3846,30,VND-1209,TRUE,POS Counter
PRD-7111,SKU-AYU-2111,Ayurvedic Premium Craft SKU #2111,Ayurvedic Beauty & Wellness,317,703,39,VND-1114,TRUE,Amazon IN
PRD-7112,SKU-LEA-2112,Leather Premium Craft SKU #2112,Leather Footwear & Travel Goods,2175,4744,48,VND-1007,TRUE,POS Counter
PRD-7113,SKU-ECO-2113,Eco-Friendly Premium Craft SKU #2113,Eco-Friendly Packaging,1034,2116,57,VND-1113,TRUE,Shopify Storefront
PRD-7114,SKU-CON-2114,Consumer Premium Craft SKU #2114,Consumer Electronics Accessories,2129,6864,73,VND-1220,TRUE,Myntra
PRD-7115,SKU-ORG-2115,Organic Premium Craft SKU #2115,Organic Home & Kitchenware,1838,3889,86,VND-1050,TRUE,Instagram DM
PRD-7116,SKU-HAN-2116,Handloom Premium Craft SKU #2116,Handloom Bed Linen & Curtains,1735,5325,66,VND-1148,TRUE,Amazon IN
PRD-7117,SKU-SPI-2117,Spices Premium Craft SKU #2117,Spices & Gourmet Food Crafts,1666,4031,50,VND-1111,TRUE,Amazon IN
PRD-7118,SKU-JEW-2118,Jewelry Premium Craft SKU #2118,Jewelry & Fashion Accessories,700,1642,51,VND-1020,TRUE,Myntra
PRD-7119,SKU-FOO-2119,Footwear Premium Craft SKU #2119,Footwear & Athletic Shoes,545,1889,84,VND-1033,TRUE,Myntra
PRD-7120,SKU-STA-2120,Stationery Premium Craft SKU #2120,Stationery & Corporate Gifting,579,1836,97,VND-1081,TRUE,Amazon IN
PRD-7121,SKU-PET-2121,Pet Premium Craft SKU #2121,Pet Care & Organic Treats,2419,7730,48,VND-1184,TRUE,Myntra
PRD-7122,SKU-KID-2122,Kids Premium Craft SKU #2122,Kids Wear & Wooden Toys,367,947,76,VND-1215,TRUE,Flipkart
PRD-7123,SKU-FIT-2123,Fitness Premium Craft SKU #2123,Fitness Gear & Yoga Accessories,851,1563,77,VND-1017,TRUE,Shopify Storefront
PRD-7124,SKU-AUT-2124,Automotive Premium Craft SKU #2124,Automotive Accessories,1573,4105,38,VND-1230,TRUE,Amazon IN
PRD-7125,SKU-TEX-2125,Textiles Premium Craft SKU #2125,Textiles & Handblock Prints,1280,3543,23,VND-1017,TRUE,Flipkart
PRD-7126,SKU-PUR-2126,Pure Premium Craft SKU #2126,Pure Silk & Traditional Sarees,696,2419,47,VND-1111,TRUE,Amazon IN
PRD-7127,SKU-KNI-2127,Knitwear Premium Craft SKU #2127,Knitwear & Everyday Apparel,1397,3299,92,VND-1138,TRUE,Myntra
PRD-7128,SKU-BRA-2128,Brass Premium Craft SKU #2128,Brass & Artisan Metalcraft,1817,3716,89,VND-1243,TRUE,Myntra
PRD-7129,SKU-AYU-2129,Ayurvedic Premium Craft SKU #2129,Ayurvedic Beauty & Wellness,177,610,26,VND-1081,TRUE,Amazon IN
PRD-7130,SKU-LEA-2130,Leather Premium Craft SKU #2130,Leather Footwear & Travel Goods,640,1994,29,VND-1151,TRUE,Myntra
PRD-7131,SKU-ECO-2131,Eco-Friendly Premium Craft SKU #2131,Eco-Friendly Packaging,810,2466,51,VND-1106,TRUE,POS Counter
PRD-7132,SKU-CON-2132,Consumer Premium Craft SKU #2132,Consumer Electronics Accessories,892,1650,83,VND-1214,TRUE,Amazon IN
PRD-7133,SKU-ORG-2133,Organic Premium Craft SKU #2133,Organic Home & Kitchenware,535,1823,93,VND-1023,TRUE,Instagram DM
PRD-7134,SKU-HAN-2134,Handloom Premium Craft SKU #2134,Handloom Bed Linen & Curtains,1819,4453,80,VND-1100,TRUE,Amazon IN
PRD-7135,SKU-SPI-2135,Spices Premium Craft SKU #2135,Spices & Gourmet Food Crafts,542,1262,42,VND-1047,TRUE,Amazon IN
PRD-7136,SKU-JEW-2136,Jewelry Premium Craft SKU #2136,Jewelry & Fashion Accessories,521,1101,71,VND-1128,TRUE,Amazon IN
PRD-7137,SKU-FOO-2137,Footwear Premium Craft SKU #2137,Footwear & Athletic Shoes,484,1150,32,VND-1166,TRUE,Shopify Storefront
PRD-7138,SKU-STA-2138,Stationery Premium Craft SKU #2138,Stationery & Corporate Gifting,399,1384,27,VND-1226,TRUE,Shopify Storefront
PRD-7139,SKU-PET-2139,Pet Premium Craft SKU #2139,Pet Care & Organic Treats,157,539,87,VND-1044,FALSE,Amazon IN
PRD-7140,SKU-KID-2140,Kids Premium Craft SKU #2140,Kids Wear & Wooden Toys,1404,2593,92,VND-1099,TRUE,Shopify Storefront
PRD-7141,SKU-FIT-2141,Fitness Premium Craft SKU #2141,Fitness Gear & Yoga Accessories,856,1815,99,VND-1245,TRUE,Myntra
PRD-7142,SKU-AUT-2142,Automotive Premium Craft SKU #2142,Automotive Accessories,1564,3073,39,VND-1056,TRUE,Myntra
PRD-7143,SKU-TEX-2143,Textiles Premium Craft SKU #2143,Textiles & Handblock Prints,1955,5866,42,VND-1046,TRUE,Flipkart
PRD-7144,SKU-PUR-2144,Pure Premium Craft SKU #2144,Pure Silk & Traditional Sarees,308,1044,35,VND-1008,TRUE,Amazon IN
PRD-7145,SKU-KNI-2145,Knitwear Premium Craft SKU #2145,Knitwear & Everyday Apparel,1343,2663,43,VND-1240,TRUE,POS Counter
PRD-7146,SKU-BRA-2146,Brass Premium Craft SKU #2146,Brass & Artisan Metalcraft,558,1476,97,VND-1231,TRUE,Myntra
PRD-7147,SKU-AYU-2147,Ayurvedic Premium Craft SKU #2147,Ayurvedic Beauty & Wellness,1531,5196,90,VND-1236,TRUE,Flipkart
PRD-7148,SKU-LEA-2148,Leather Premium Craft SKU #2148,Leather Footwear & Travel Goods,626,1838,28,VND-1242,TRUE,Amazon IN
PRD-7149,SKU-ECO-2149,Eco-Friendly Premium Craft SKU #2149,Eco-Friendly Packaging,1130,3878,82,VND-1037,TRUE,Flipkart
PRD-7150,SKU-CON-2150,Consumer Premium Craft SKU #2150,Consumer Electronics Accessories,1617,3071,81,VND-1011,TRUE,Instagram DM
PRD-7151,SKU-ORG-2151,Organic Premium Craft SKU #2151,Organic Home & Kitchenware,554,1795,31,VND-1182,TRUE,Amazon IN
PRD-7152,SKU-HAN-2152,Handloom Premium Craft SKU #2152,Handloom Bed Linen & Curtains,2309,6366,88,VND-1234,TRUE,Myntra
PRD-7153,SKU-SPI-2153,Spices Premium Craft SKU #2153,Spices & Gourmet Food Crafts,973,2218,37,VND-1165,TRUE,POS Counter
PRD-7154,SKU-JEW-2154,Jewelry Premium Craft SKU #2154,Jewelry & Fashion Accessories,1896,4715,68,VND-1075,TRUE,Shopify Storefront
PRD-7155,SKU-FOO-2155,Footwear Premium Craft SKU #2155,Footwear & Athletic Shoes,577,1353,81,VND-1126,TRUE,Amazon IN
PRD-7156,SKU-STA-2156,Stationery Premium Craft SKU #2156,Stationery & Corporate Gifting,1326,4124,27,VND-1128,TRUE,Shopify Storefront
PRD-7157,SKU-PET-2157,Pet Premium Craft SKU #2157,Pet Care & Organic Treats,515,1195,95,VND-1049,TRUE,Myntra
PRD-7158,SKU-KID-2158,Kids Premium Craft SKU #2158,Kids Wear & Wooden Toys,860,2485,26,VND-1139,TRUE,Shopify Storefront
PRD-7159,SKU-FIT-2159,Fitness Premium Craft SKU #2159,Fitness Gear & Yoga Accessories,1390,3411,65,VND-1248,TRUE,Shopify Storefront
PRD-7160,SKU-AUT-2160,Automotive Premium Craft SKU #2160,Automotive Accessories,1926,5884,87,VND-1211,TRUE,Myntra
PRD-7161,SKU-TEX-2161,Textiles Premium Craft SKU #2161,Textiles & Handblock Prints,333,1114,32,VND-1095,TRUE,POS Counter
PRD-7162,SKU-PUR-2162,Pure Premium Craft SKU #2162,Pure Silk & Traditional Sarees,1057,3182,29,VND-1229,TRUE,Flipkart
PRD-7163,SKU-KNI-2163,Knitwear Premium Craft SKU #2163,Knitwear & Everyday Apparel,2489,7190,21,VND-1053,FALSE,Flipkart
PRD-7164,SKU-BRA-2164,Brass Premium Craft SKU #2164,Brass & Artisan Metalcraft,626,2110,20,VND-1053,TRUE,Instagram DM
PRD-7165,SKU-AYU-2165,Ayurvedic Premium Craft SKU #2165,Ayurvedic Beauty & Wellness,1504,5224,69,VND-1209,TRUE,Amazon IN
PRD-7166,SKU-LEA-2166,Leather Premium Craft SKU #2166,Leather Footwear & Travel Goods,1796,3369,38,VND-1235,TRUE,Myntra
PRD-7167,SKU-ECO-2167,Eco-Friendly Premium Craft SKU #2167,Eco-Friendly Packaging,1207,3982,74,VND-1172,TRUE,Instagram DM
PRD-7168,SKU-CON-2168,Consumer Premium Craft SKU #2168,Consumer Electronics Accessories,1418,3046,54,VND-1222,TRUE,Shopify Storefront
PRD-7169,SKU-ORG-2169,Organic Premium Craft SKU #2169,Organic Home & Kitchenware,1844,4501,44,VND-1107,TRUE,Flipkart
PRD-7170,SKU-HAN-2170,Handloom Premium Craft SKU #2170,Handloom Bed Linen & Curtains,192,550,70,VND-1065,FALSE,Flipkart
PRD-7171,SKU-SPI-2171,Spices Premium Craft SKU #2171,Spices & Gourmet Food Crafts,1063,2040,34,VND-1033,TRUE,Flipkart
PRD-7172,SKU-JEW-2172,Jewelry Premium Craft SKU #2172,Jewelry & Fashion Accessories,901,2444,41,VND-1018,TRUE,Amazon IN
PRD-7173,SKU-FOO-2173,Footwear Premium Craft SKU #2173,Footwear & Athletic Shoes,1781,4068,56,VND-1245,TRUE,Myntra
PRD-7174,SKU-STA-2174,Stationery Premium Craft SKU #2174,Stationery & Corporate Gifting,594,1837,70,VND-1067,TRUE,POS Counter
PRD-7175,SKU-PET-2175,Pet Premium Craft SKU #2175,Pet Care & Organic Treats,504,1382,83,VND-1244,TRUE,Myntra
PRD-7176,SKU-KID-2176,Kids Premium Craft SKU #2176,Kids Wear & Wooden Toys,2070,5410,34,VND-1010,TRUE,Flipkart
PRD-7177,SKU-FIT-2177,Fitness Premium Craft SKU #2177,Fitness Gear & Yoga Accessories,492,1523,28,VND-1048,TRUE,Myntra
PRD-7178,SKU-AUT-2178,Automotive Premium Craft SKU #2178,Automotive Accessories,1944,5939,76,VND-1095,TRUE,Shopify Storefront
PRD-7179,SKU-TEX-2179,Textiles Premium Craft SKU #2179,Textiles & Handblock Prints,2212,6865,44,VND-1170,TRUE,Instagram DM
PRD-7180,SKU-PUR-2180,Pure Premium Craft SKU #2180,Pure Silk & Traditional Sarees,329,910,39,VND-1082,TRUE,Amazon IN
PRD-7181,SKU-KNI-2181,Knitwear Premium Craft SKU #2181,Knitwear & Everyday Apparel,868,2079,45,VND-1236,TRUE,Shopify Storefront
PRD-7182,SKU-BRA-2182,Brass Premium Craft SKU #2182,Brass & Artisan Metalcraft,1706,3514,57,VND-1101,TRUE,POS Counter
PRD-7183,SKU-AYU-2183,Ayurvedic Premium Craft SKU #2183,Ayurvedic Beauty & Wellness,946,2242,76,VND-1048,FALSE,Flipkart
PRD-7184,SKU-LEA-2184,Leather Premium Craft SKU #2184,Leather Footwear & Travel Goods,1156,3263,56,VND-1018,TRUE,POS Counter
PRD-7185,SKU-ECO-2185,Eco-Friendly Premium Craft SKU #2185,Eco-Friendly Packaging,1450,2749,28,VND-1141,TRUE,Myntra
PRD-7186,SKU-CON-2186,Consumer Premium Craft SKU #2186,Consumer Electronics Accessories,845,2561,61,VND-1005,TRUE,POS Counter
PRD-7187,SKU-ORG-2187,Organic Premium Craft SKU #2187,Organic Home & Kitchenware,575,1703,20,VND-1231,TRUE,Myntra
PRD-7188,SKU-HAN-2188,Handloom Premium Craft SKU #2188,Handloom Bed Linen & Curtains,1737,5396,35,VND-1015,TRUE,Instagram DM
PRD-7189,SKU-SPI-2189,Spices Premium Craft SKU #2189,Spices & Gourmet Food Crafts,2458,6704,22,VND-1010,TRUE,Flipkart
PRD-7190,SKU-JEW-2190,Jewelry Premium Craft SKU #2190,Jewelry & Fashion Accessories,2490,7211,56,VND-1240,TRUE,Flipkart
PRD-7191,SKU-FOO-2191,Footwear Premium Craft SKU #2191,Footwear & Athletic Shoes,1123,3325,98,VND-1116,TRUE,Instagram DM
PRD-7192,SKU-STA-2192,Stationery Premium Craft SKU #2192,Stationery & Corporate Gifting,2112,7102,39,VND-1117,TRUE,Amazon IN
PRD-7193,SKU-PET-2193,Pet Premium Craft SKU #2193,Pet Care & Organic Treats,741,1695,42,VND-1058,TRUE,Flipkart
PRD-7194,SKU-KID-2194,Kids Premium Craft SKU #2194,Kids Wear & Wooden Toys,806,1955,22,VND-1066,TRUE,Amazon IN
PRD-7195,SKU-FIT-2195,Fitness Premium Craft SKU #2195,Fitness Gear & Yoga Accessories,324,836,89,VND-1037,TRUE,Flipkart
PRD-7196,SKU-AUT-2196,Automotive Premium Craft SKU #2196,Automotive Accessories,1595,3435,71,VND-1033,TRUE,Flipkart
PRD-7197,SKU-TEX-2197,Textiles Premium Craft SKU #2197,Textiles & Handblock Prints,2002,5114,69,VND-1118,TRUE,Amazon IN
PRD-7198,SKU-PUR-2198,Pure Premium Craft SKU #2198,Pure Silk & Traditional Sarees,1783,3612,87,VND-1084,TRUE,POS Counter
PRD-7199,SKU-KNI-2199,Knitwear Premium Craft SKU #2199,Knitwear & Everyday Apparel,932,2578,99,VND-1183,TRUE,Flipkart
PRD-7200,SKU-BRA-2200,Brass Premium Craft SKU #2200,Brass & Artisan Metalcraft,1822,4440,59,VND-1141,TRUE,POS Counter
PRD-7201,SKU-AYU-2201,Ayurvedic Premium Craft SKU #2201,Ayurvedic Beauty & Wellness,595,1620,77,VND-1121,TRUE,Myntra
PRD-7202,SKU-LEA-2202,Leather Premium Craft SKU #2202,Leather Footwear & Travel Goods,358,765,63,VND-1106,TRUE,POS Counter
PRD-7203,SKU-ECO-2203,Eco-Friendly Premium Craft SKU #2203,Eco-Friendly Packaging,1724,5849,75,VND-1169,TRUE,Flipkart
PRD-7204,SKU-CON-2204,Consumer Premium Craft SKU #2204,Consumer Electronics Accessories,995,2443,42,VND-1007,TRUE,Instagram DM
PRD-7205,SKU-ORG-2205,Organic Premium Craft SKU #2205,Organic Home & Kitchenware,2457,7635,71,VND-1175,TRUE,POS Counter
PRD-7206,SKU-HAN-2206,Handloom Premium Craft SKU #2206,Handloom Bed Linen & Curtains,1834,4287,51,VND-1039,TRUE,POS Counter
PRD-7207,SKU-SPI-2207,Spices Premium Craft SKU #2207,Spices & Gourmet Food Crafts,2143,5009,98,VND-1196,TRUE,Instagram DM
PRD-7208,SKU-JEW-2208,Jewelry Premium Craft SKU #2208,Jewelry & Fashion Accessories,294,867,28,VND-1225,TRUE,Shopify Storefront
PRD-7209,SKU-FOO-2209,Footwear Premium Craft SKU #2209,Footwear & Athletic Shoes,366,865,31,VND-1236,TRUE,Amazon IN
PRD-7210,SKU-STA-2210,Stationery Premium Craft SKU #2210,Stationery & Corporate Gifting,766,2626,59,VND-1052,TRUE,Amazon IN
PRD-7211,SKU-PET-2211,Pet Premium Craft SKU #2211,Pet Care & Organic Treats,1442,4025,77,VND-1160,TRUE,Instagram DM
PRD-7212,SKU-KID-2212,Kids Premium Craft SKU #2212,Kids Wear & Wooden Toys,1336,3093,91,VND-1045,TRUE,POS Counter
PRD-7213,SKU-FIT-2213,Fitness Premium Craft SKU #2213,Fitness Gear & Yoga Accessories,1850,3702,99,VND-1042,TRUE,Myntra
PRD-7214,SKU-AUT-2214,Automotive Premium Craft SKU #2214,Automotive Accessories,2073,6197,55,VND-1142,TRUE,POS Counter
PRD-7215,SKU-TEX-2215,Textiles Premium Craft SKU #2215,Textiles & Handblock Prints,614,1798,38,VND-1250,TRUE,Shopify Storefront
PRD-7216,SKU-PUR-2216,Pure Premium Craft SKU #2216,Pure Silk & Traditional Sarees,311,631,68,VND-1194,TRUE,Flipkart
PRD-7217,SKU-KNI-2217,Knitwear Premium Craft SKU #2217,Knitwear & Everyday Apparel,231,645,66,VND-1044,TRUE,Myntra
PRD-7218,SKU-BRA-2218,Brass Premium Craft SKU #2218,Brass & Artisan Metalcraft,894,2289,22,VND-1147,TRUE,Instagram DM
PRD-7219,SKU-AYU-2219,Ayurvedic Premium Craft SKU #2219,Ayurvedic Beauty & Wellness,1558,5150,30,VND-1146,TRUE,Shopify Storefront
PRD-7220,SKU-LEA-2220,Leather Premium Craft SKU #2220,Leather Footwear & Travel Goods,702,2008,70,VND-1046,TRUE,Shopify Storefront
PRD-7221,SKU-ECO-2221,Eco-Friendly Premium Craft SKU #2221,Eco-Friendly Packaging,957,3286,61,VND-1240,TRUE,Shopify Storefront
PRD-7222,SKU-CON-2222,Consumer Premium Craft SKU #2222,Consumer Electronics Accessories,2176,3975,95,VND-1091,TRUE,POS Counter
PRD-7223,SKU-ORG-2223,Organic Premium Craft SKU #2223,Organic Home & Kitchenware,1185,2519,55,VND-1094,TRUE,Shopify Storefront
PRD-7224,SKU-HAN-2224,Handloom Premium Craft SKU #2224,Handloom Bed Linen & Curtains,1454,4856,26,VND-1126,TRUE,Instagram DM
PRD-7225,SKU-SPI-2225,Spices Premium Craft SKU #2225,Spices & Gourmet Food Crafts,1227,3145,75,VND-1079,TRUE,Amazon IN
PRD-7226,SKU-JEW-2226,Jewelry Premium Craft SKU #2226,Jewelry & Fashion Accessories,2026,5917,62,VND-1192,TRUE,POS Counter
PRD-7227,SKU-FOO-2227,Footwear Premium Craft SKU #2227,Footwear & Athletic Shoes,193,588,22,VND-1224,TRUE,POS Counter
PRD-7228,SKU-STA-2228,Stationery Premium Craft SKU #2228,Stationery & Corporate Gifting,2075,5075,24,VND-1232,TRUE,Amazon IN
PRD-7229,SKU-PET-2229,Pet Premium Craft SKU #2229,Pet Care & Organic Treats,1686,3996,85,VND-1179,TRUE,Flipkart
PRD-7230,SKU-KID-2230,Kids Premium Craft SKU #2230,Kids Wear & Wooden Toys,1551,3140,64,VND-1105,TRUE,Myntra
PRD-7231,SKU-FIT-2231,Fitness Premium Craft SKU #2231,Fitness Gear & Yoga Accessories,2152,4903,30,VND-1050,TRUE,Instagram DM
PRD-7232,SKU-AUT-2232,Automotive Premium Craft SKU #2232,Automotive Accessories,1455,4749,34,VND-1022,FALSE,POS Counter
PRD-7233,SKU-TEX-2233,Textiles Premium Craft SKU #2233,Textiles & Handblock Prints,588,1301,42,VND-1207,TRUE,POS Counter
PRD-7234,SKU-PUR-2234,Pure Premium Craft SKU #2234,Pure Silk & Traditional Sarees,1120,3498,29,VND-1147,FALSE,Shopify Storefront
PRD-7235,SKU-KNI-2235,Knitwear Premium Craft SKU #2235,Knitwear & Everyday Apparel,1547,5073,99,VND-1189,TRUE,Myntra
PRD-7236,SKU-BRA-2236,Brass Premium Craft SKU #2236,Brass & Artisan Metalcraft,2037,5851,62,VND-1161,TRUE,Shopify Storefront
PRD-7237,SKU-AYU-2237,Ayurvedic Premium Craft SKU #2237,Ayurvedic Beauty & Wellness,649,1230,37,VND-1157,TRUE,Instagram DM
PRD-7238,SKU-LEA-2238,Leather Premium Craft SKU #2238,Leather Footwear & Travel Goods,482,1019,31,VND-1238,FALSE,Instagram DM
PRD-7239,SKU-ECO-2239,Eco-Friendly Premium Craft SKU #2239,Eco-Friendly Packaging,1011,1905,30,VND-1060,TRUE,Instagram DM
PRD-7240,SKU-CON-2240,Consumer Premium Craft SKU #2240,Consumer Electronics Accessories,939,2450,45,VND-1136,TRUE,Flipkart
PRD-7241,SKU-ORG-2241,Organic Premium Craft SKU #2241,Organic Home & Kitchenware,912,2369,95,VND-1155,TRUE,Shopify Storefront
PRD-7242,SKU-HAN-2242,Handloom Premium Craft SKU #2242,Handloom Bed Linen & Curtains,907,2415,30,VND-1114,TRUE,POS Counter
PRD-7243,SKU-SPI-2243,Spices Premium Craft SKU #2243,Spices & Gourmet Food Crafts,739,2433,93,VND-1068,TRUE,Instagram DM
PRD-7244,SKU-JEW-2244,Jewelry Premium Craft SKU #2244,Jewelry & Fashion Accessories,460,975,61,VND-1032,TRUE,POS Counter
PRD-7245,SKU-FOO-2245,Footwear Premium Craft SKU #2245,Footwear & Athletic Shoes,1766,5086,95,VND-1042,TRUE,Flipkart
PRD-7246,SKU-STA-2246,Stationery Premium Craft SKU #2246,Stationery & Corporate Gifting,1319,2863,52,VND-1130,TRUE,Instagram DM
PRD-7247,SKU-PET-2247,Pet Premium Craft SKU #2247,Pet Care & Organic Treats,2323,4208,52,VND-1062,TRUE,POS Counter
PRD-7248,SKU-KID-2248,Kids Premium Craft SKU #2248,Kids Wear & Wooden Toys,402,766,64,VND-1017,TRUE,Shopify Storefront
PRD-7249,SKU-FIT-2249,Fitness Premium Craft SKU #2249,Fitness Gear & Yoga Accessories,1911,3699,77,VND-1159,FALSE,Instagram DM
PRD-7250,SKU-AUT-2250,Automotive Premium Craft SKU #2250,Automotive Accessories,511,1196,66,VND-1173,TRUE,Myntra
PRD-7251,SKU-TEX-2251,Textiles Premium Craft SKU #2251,Textiles & Handblock Prints,419,1159,60,VND-1174,TRUE,Instagram DM
PRD-7252,SKU-PUR-2252,Pure Premium Craft SKU #2252,Pure Silk & Traditional Sarees,2117,5143,58,VND-1208,TRUE,Amazon IN
PRD-7253,SKU-KNI-2253,Knitwear Premium Craft SKU #2253,Knitwear & Everyday Apparel,929,2032,41,VND-1140,FALSE,Amazon IN
PRD-7254,SKU-BRA-2254,Brass Premium Craft SKU #2254,Brass & Artisan Metalcraft,2054,6769,61,VND-1105,TRUE,Flipkart
PRD-7255,SKU-AYU-2255,Ayurvedic Premium Craft SKU #2255,Ayurvedic Beauty & Wellness,2052,5270,38,VND-1119,TRUE,Flipkart
PRD-7256,SKU-LEA-2256,Leather Premium Craft SKU #2256,Leather Footwear & Travel Goods,250,821,60,VND-1108,TRUE,Instagram DM
PRD-7257,SKU-ECO-2257,Eco-Friendly Premium Craft SKU #2257,Eco-Friendly Packaging,1786,4325,75,VND-1039,TRUE,Instagram DM
PRD-7258,SKU-CON-2258,Consumer Premium Craft SKU #2258,Consumer Electronics Accessories,857,1762,43,VND-1232,TRUE,Shopify Storefront
PRD-7259,SKU-ORG-2259,Organic Premium Craft SKU #2259,Organic Home & Kitchenware,2084,4282,63,VND-1101,TRUE,Flipkart
PRD-7260,SKU-HAN-2260,Handloom Premium Craft SKU #2260,Handloom Bed Linen & Curtains,798,1848,90,VND-1101,TRUE,POS Counter
PRD-7261,SKU-SPI-2261,Spices Premium Craft SKU #2261,Spices & Gourmet Food Crafts,2194,5563,40,VND-1125,TRUE,Instagram DM
PRD-7262,SKU-JEW-2262,Jewelry Premium Craft SKU #2262,Jewelry & Fashion Accessories,1597,5484,28,VND-1016,TRUE,Instagram DM
PRD-7263,SKU-FOO-2263,Footwear Premium Craft SKU #2263,Footwear & Athletic Shoes,1335,2724,86,VND-1123,TRUE,POS Counter
PRD-7264,SKU-STA-2264,Stationery Premium Craft SKU #2264,Stationery & Corporate Gifting,2159,3933,59,VND-1107,TRUE,Amazon IN
PRD-7265,SKU-PET-2265,Pet Premium Craft SKU #2265,Pet Care & Organic Treats,1422,4213,74,VND-1162,TRUE,Myntra
PRD-7266,SKU-KID-2266,Kids Premium Craft SKU #2266,Kids Wear & Wooden Toys,2319,5285,67,VND-1034,TRUE,POS Counter
PRD-7267,SKU-FIT-2267,Fitness Premium Craft SKU #2267,Fitness Gear & Yoga Accessories,2465,8503,28,VND-1095,FALSE,Amazon IN
PRD-7268,SKU-AUT-2268,Automotive Premium Craft SKU #2268,Automotive Accessories,1158,2496,61,VND-1107,TRUE,Amazon IN
PRD-7269,SKU-TEX-2269,Textiles Premium Craft SKU #2269,Textiles & Handblock Prints,2100,6588,91,VND-1163,TRUE,Amazon IN
PRD-7270,SKU-PUR-2270,Pure Premium Craft SKU #2270,Pure Silk & Traditional Sarees,946,3153,61,VND-1179,TRUE,Myntra
PRD-7271,SKU-KNI-2271,Knitwear Premium Craft SKU #2271,Knitwear & Everyday Apparel,1087,3265,98,VND-1249,TRUE,POS Counter
PRD-7272,SKU-BRA-2272,Brass Premium Craft SKU #2272,Brass & Artisan Metalcraft,2457,6384,22,VND-1126,TRUE,Shopify Storefront
PRD-7273,SKU-AYU-2273,Ayurvedic Premium Craft SKU #2273,Ayurvedic Beauty & Wellness,757,2165,30,VND-1099,TRUE,Flipkart
PRD-7274,SKU-LEA-2274,Leather Premium Craft SKU #2274,Leather Footwear & Travel Goods,1239,2371,69,VND-1155,TRUE,Amazon IN
PRD-7275,SKU-ECO-2275,Eco-Friendly Premium Craft SKU #2275,Eco-Friendly Packaging,736,1779,27,VND-1183,TRUE,POS Counter
PRD-7276,SKU-CON-2276,Consumer Premium Craft SKU #2276,Consumer Electronics Accessories,162,381,99,VND-1163,TRUE,POS Counter
PRD-7277,SKU-ORG-2277,Organic Premium Craft SKU #2277,Organic Home & Kitchenware,1267,4341,82,VND-1201,TRUE,Myntra
PRD-7278,SKU-HAN-2278,Handloom Premium Craft SKU #2278,Handloom Bed Linen & Curtains,2346,5020,44,VND-1227,TRUE,Myntra
PRD-7279,SKU-SPI-2279,Spices Premium Craft SKU #2279,Spices & Gourmet Food Crafts,643,1480,27,VND-1155,TRUE,POS Counter
PRD-7280,SKU-JEW-2280,Jewelry Premium Craft SKU #2280,Jewelry & Fashion Accessories,2214,5048,68,VND-1135,TRUE,Shopify Storefront
PRD-7281,SKU-FOO-2281,Footwear Premium Craft SKU #2281,Footwear & Athletic Shoes,1219,2617,57,VND-1077,FALSE,Instagram DM
PRD-7282,SKU-STA-2282,Stationery Premium Craft SKU #2282,Stationery & Corporate Gifting,1876,3627,79,VND-1165,TRUE,POS Counter
PRD-7283,SKU-PET-2283,Pet Premium Craft SKU #2283,Pet Care & Organic Treats,1714,4703,96,VND-1115,TRUE,Amazon IN
PRD-7284,SKU-KID-2284,Kids Premium Craft SKU #2284,Kids Wear & Wooden Toys,1270,3270,45,VND-1028,TRUE,Flipkart
PRD-7285,SKU-FIT-2285,Fitness Premium Craft SKU #2285,Fitness Gear & Yoga Accessories,817,2285,61,VND-1073,TRUE,Shopify Storefront
PRD-7286,SKU-AUT-2286,Automotive Premium Craft SKU #2286,Automotive Accessories,1487,4073,67,VND-1014,TRUE,Instagram DM
PRD-7287,SKU-TEX-2287,Textiles Premium Craft SKU #2287,Textiles & Handblock Prints,2403,4429,75,VND-1097,TRUE,Flipkart
PRD-7288,SKU-PUR-2288,Pure Premium Craft SKU #2288,Pure Silk & Traditional Sarees,1487,4226,24,VND-1046,TRUE,Amazon IN
PRD-7289,SKU-KNI-2289,Knitwear Premium Craft SKU #2289,Knitwear & Everyday Apparel,2478,4626,85,VND-1145,TRUE,Instagram DM
PRD-7290,SKU-BRA-2290,Brass Premium Craft SKU #2290,Brass & Artisan Metalcraft,690,1824,28,VND-1183,TRUE,Shopify Storefront
PRD-7291,SKU-AYU-2291,Ayurvedic Premium Craft SKU #2291,Ayurvedic Beauty & Wellness,819,2783,50,VND-1134,TRUE,Amazon IN
PRD-7292,SKU-LEA-2292,Leather Premium Craft SKU #2292,Leather Footwear & Travel Goods,1612,3828,72,VND-1249,TRUE,Shopify Storefront
PRD-7293,SKU-ECO-2293,Eco-Friendly Premium Craft SKU #2293,Eco-Friendly Packaging,1790,4880,87,VND-1127,TRUE,Flipkart
PRD-7294,SKU-CON-2294,Consumer Premium Craft SKU #2294,Consumer Electronics Accessories,784,2141,31,VND-1178,TRUE,Flipkart
PRD-7295,SKU-ORG-2295,Organic Premium Craft SKU #2295,Organic Home & Kitchenware,622,1926,53,VND-1041,TRUE,Shopify Storefront
PRD-7296,SKU-HAN-2296,Handloom Premium Craft SKU #2296,Handloom Bed Linen & Curtains,2434,4481,48,VND-1166,TRUE,Shopify Storefront
PRD-7297,SKU-SPI-2297,Spices Premium Craft SKU #2297,Spices & Gourmet Food Crafts,1102,3763,37,VND-1057,TRUE,Amazon IN
PRD-7298,SKU-JEW-2298,Jewelry Premium Craft SKU #2298,Jewelry & Fashion Accessories,1771,3245,57,VND-1100,TRUE,Instagram DM
PRD-7299,SKU-FOO-2299,Footwear Premium Craft SKU #2299,Footwear & Athletic Shoes,1849,5057,25,VND-1183,TRUE,Shopify Storefront
PRD-7300,SKU-STA-2300,Stationery Premium Craft SKU #2300,Stationery & Corporate Gifting,1090,3041,20,VND-1054,TRUE,Shopify Storefront
PRD-7301,SKU-PET-2301,Pet Premium Craft SKU #2301,Pet Care & Organic Treats,1657,4416,41,VND-1149,TRUE,POS Counter
PRD-7302,SKU-KID-2302,Kids Premium Craft SKU #2302,Kids Wear & Wooden Toys,180,604,99,VND-1138,TRUE,Myntra
PRD-7303,SKU-FIT-2303,Fitness Premium Craft SKU #2303,Fitness Gear & Yoga Accessories,2242,5516,45,VND-1096,TRUE,Amazon IN
PRD-7304,SKU-AUT-2304,Automotive Premium Craft SKU #2304,Automotive Accessories,951,2240,53,VND-1086,TRUE,Instagram DM
PRD-7305,SKU-TEX-2305,Textiles Premium Craft SKU #2305,Textiles & Handblock Prints,1999,3696,97,VND-1074,TRUE,Instagram DM
PRD-7306,SKU-PUR-2306,Pure Premium Craft SKU #2306,Pure Silk & Traditional Sarees,1811,3889,34,VND-1132,FALSE,Shopify Storefront
PRD-7307,SKU-KNI-2307,Knitwear Premium Craft SKU #2307,Knitwear & Everyday Apparel,992,2123,92,VND-1191,TRUE,Amazon IN
PRD-7308,SKU-BRA-2308,Brass Premium Craft SKU #2308,Brass & Artisan Metalcraft,1027,3396,58,VND-1214,TRUE,Shopify Storefront
PRD-7309,SKU-AYU-2309,Ayurvedic Premium Craft SKU #2309,Ayurvedic Beauty & Wellness,1091,3015,52,VND-1166,TRUE,Shopify Storefront
PRD-7310,SKU-LEA-2310,Leather Premium Craft SKU #2310,Leather Footwear & Travel Goods,200,433,43,VND-1080,TRUE,POS Counter
PRD-7311,SKU-ECO-2311,Eco-Friendly Premium Craft SKU #2311,Eco-Friendly Packaging,1741,5264,78,VND-1128,TRUE,Myntra
PRD-7312,SKU-CON-2312,Consumer Premium Craft SKU #2312,Consumer Electronics Accessories,826,2779,81,VND-1193,TRUE,Amazon IN
PRD-7313,SKU-ORG-2313,Organic Premium Craft SKU #2313,Organic Home & Kitchenware,1167,2254,33,VND-1204,TRUE,Shopify Storefront
PRD-7314,SKU-HAN-2314,Handloom Premium Craft SKU #2314,Handloom Bed Linen & Curtains,354,1153,55,VND-1159,TRUE,Amazon IN
PRD-7315,SKU-SPI-2315,Spices Premium Craft SKU #2315,Spices & Gourmet Food Crafts,1712,5202,40,VND-1114,TRUE,Amazon IN
PRD-7316,SKU-JEW-2316,Jewelry Premium Craft SKU #2316,Jewelry & Fashion Accessories,931,3212,67,VND-1056,TRUE,Flipkart
PRD-7317,SKU-FOO-2317,Footwear Premium Craft SKU #2317,Footwear & Athletic Shoes,241,555,24,VND-1168,TRUE,Amazon IN
PRD-7318,SKU-STA-2318,Stationery Premium Craft SKU #2318,Stationery & Corporate Gifting,1226,3159,46,VND-1037,TRUE,Instagram DM
PRD-7319,SKU-PET-2319,Pet Premium Craft SKU #2319,Pet Care & Organic Treats,274,903,80,VND-1191,TRUE,Shopify Storefront
PRD-7320,SKU-KID-2320,Kids Premium Craft SKU #2320,Kids Wear & Wooden Toys,1111,2859,94,VND-1023,TRUE,Amazon IN
PRD-7321,SKU-FIT-2321,Fitness Premium Craft SKU #2321,Fitness Gear & Yoga Accessories,242,724,81,VND-1070,TRUE,Instagram DM
PRD-7322,SKU-AUT-2322,Automotive Premium Craft SKU #2322,Automotive Accessories,1032,1971,68,VND-1040,FALSE,Flipkart
PRD-7323,SKU-TEX-2323,Textiles Premium Craft SKU #2323,Textiles & Handblock Prints,2057,5144,21,VND-1111,TRUE,Shopify Storefront
PRD-7324,SKU-PUR-2324,Pure Premium Craft SKU #2324,Pure Silk & Traditional Sarees,408,1399,55,VND-1169,TRUE,Instagram DM
PRD-7325,SKU-KNI-2325,Knitwear Premium Craft SKU #2325,Knitwear & Everyday Apparel,980,3100,23,VND-1123,TRUE,POS Counter
PRD-7326,SKU-BRA-2326,Brass Premium Craft SKU #2326,Brass & Artisan Metalcraft,1984,6304,25,VND-1061,TRUE,Flipkart
PRD-7327,SKU-AYU-2327,Ayurvedic Premium Craft SKU #2327,Ayurvedic Beauty & Wellness,2151,6767,26,VND-1144,TRUE,Shopify Storefront
PRD-7328,SKU-LEA-2328,Leather Premium Craft SKU #2328,Leather Footwear & Travel Goods,1654,4260,80,VND-1154,TRUE,Amazon IN
PRD-7329,SKU-ECO-2329,Eco-Friendly Premium Craft SKU #2329,Eco-Friendly Packaging,1670,5067,89,VND-1169,TRUE,Instagram DM
PRD-7330,SKU-CON-2330,Consumer Premium Craft SKU #2330,Consumer Electronics Accessories,1570,3912,94,VND-1164,TRUE,Flipkart
PRD-7331,SKU-ORG-2331,Organic Premium Craft SKU #2331,Organic Home & Kitchenware,1347,2762,83,VND-1089,TRUE,Flipkart
PRD-7332,SKU-HAN-2332,Handloom Premium Craft SKU #2332,Handloom Bed Linen & Curtains,1918,3734,52,VND-1093,TRUE,Amazon IN
PRD-7333,SKU-SPI-2333,Spices Premium Craft SKU #2333,Spices & Gourmet Food Crafts,1619,4690,77,VND-1237,TRUE,Instagram DM
PRD-7334,SKU-JEW-2334,Jewelry Premium Craft SKU #2334,Jewelry & Fashion Accessories,325,774,100,VND-1043,TRUE,Amazon IN
PRD-7335,SKU-FOO-2335,Footwear Premium Craft SKU #2335,Footwear & Athletic Shoes,803,2607,93,VND-1139,TRUE,POS Counter
PRD-7336,SKU-STA-2336,Stationery Premium Craft SKU #2336,Stationery & Corporate Gifting,1773,3437,73,VND-1212,TRUE,Myntra
PRD-7337,SKU-PET-2337,Pet Premium Craft SKU #2337,Pet Care & Organic Treats,321,861,93,VND-1140,FALSE,Myntra
PRD-7338,SKU-KID-2338,Kids Premium Craft SKU #2338,Kids Wear & Wooden Toys,824,2519,62,VND-1171,TRUE,Amazon IN
PRD-7339,SKU-FIT-2339,Fitness Premium Craft SKU #2339,Fitness Gear & Yoga Accessories,1679,4587,70,VND-1188,TRUE,Flipkart
PRD-7340,SKU-AUT-2340,Automotive Premium Craft SKU #2340,Automotive Accessories,1588,4882,33,VND-1057,TRUE,Instagram DM
PRD-7341,SKU-TEX-2341,Textiles Premium Craft SKU #2341,Textiles & Handblock Prints,787,2532,44,VND-1117,TRUE,Myntra
PRD-7342,SKU-PUR-2342,Pure Premium Craft SKU #2342,Pure Silk & Traditional Sarees,591,1561,29,VND-1205,TRUE,Amazon IN
PRD-7343,SKU-KNI-2343,Knitwear Premium Craft SKU #2343,Knitwear & Everyday Apparel,1813,4196,46,VND-1062,TRUE,Shopify Storefront
PRD-7344,SKU-BRA-2344,Brass Premium Craft SKU #2344,Brass & Artisan Metalcraft,932,1714,23,VND-1244,TRUE,POS Counter
PRD-7345,SKU-AYU-2345,Ayurvedic Premium Craft SKU #2345,Ayurvedic Beauty & Wellness,442,845,77,VND-1048,TRUE,Flipkart
PRD-7346,SKU-LEA-2346,Leather Premium Craft SKU #2346,Leather Footwear & Travel Goods,1614,4720,21,VND-1242,TRUE,Amazon IN
PRD-7347,SKU-ECO-2347,Eco-Friendly Premium Craft SKU #2347,Eco-Friendly Packaging,1738,4236,58,VND-1088,TRUE,Myntra
PRD-7348,SKU-CON-2348,Consumer Premium Craft SKU #2348,Consumer Electronics Accessories,2109,6073,95,VND-1236,FALSE,Flipkart
PRD-7349,SKU-ORG-2349,Organic Premium Craft SKU #2349,Organic Home & Kitchenware,2197,5148,23,VND-1009,TRUE,Flipkart
PRD-7350,SKU-HAN-2350,Handloom Premium Craft SKU #2350,Handloom Bed Linen & Curtains,1721,5300,32,VND-1221,TRUE,Myntra
PRD-7351,SKU-SPI-2351,Spices Premium Craft SKU #2351,Spices & Gourmet Food Crafts,1587,5417,82,VND-1159,TRUE,Flipkart
PRD-7352,SKU-JEW-2352,Jewelry Premium Craft SKU #2352,Jewelry & Fashion Accessories,2146,6631,31,VND-1010,TRUE,Myntra
PRD-7353,SKU-FOO-2353,Footwear Premium Craft SKU #2353,Footwear & Athletic Shoes,489,1084,100,VND-1024,TRUE,Flipkart
PRD-7354,SKU-STA-2354,Stationery Premium Craft SKU #2354,Stationery & Corporate Gifting,1531,3384,80,VND-1098,FALSE,Amazon IN
PRD-7355,SKU-PET-2355,Pet Premium Craft SKU #2355,Pet Care & Organic Treats,1998,4331,72,VND-1142,TRUE,Instagram DM
PRD-7356,SKU-KID-2356,Kids Premium Craft SKU #2356,Kids Wear & Wooden Toys,265,898,76,VND-1033,TRUE,POS Counter
PRD-7357,SKU-FIT-2357,Fitness Premium Craft SKU #2357,Fitness Gear & Yoga Accessories,1275,3806,69,VND-1119,TRUE,Myntra
PRD-7358,SKU-AUT-2358,Automotive Premium Craft SKU #2358,Automotive Accessories,349,778,35,VND-1168,TRUE,Flipkart
PRD-7359,SKU-TEX-2359,Textiles Premium Craft SKU #2359,Textiles & Handblock Prints,2000,4597,40,VND-1045,FALSE,Myntra
PRD-7360,SKU-PUR-2360,Pure Premium Craft SKU #2360,Pure Silk & Traditional Sarees,1897,3768,39,VND-1085,TRUE,Shopify Storefront
PRD-7361,SKU-KNI-2361,Knitwear Premium Craft SKU #2361,Knitwear & Everyday Apparel,2124,5578,20,VND-1051,TRUE,Instagram DM
PRD-7362,SKU-BRA-2362,Brass Premium Craft SKU #2362,Brass & Artisan Metalcraft,873,2717,25,VND-1207,TRUE,POS Counter
PRD-7363,SKU-AYU-2363,Ayurvedic Premium Craft SKU #2363,Ayurvedic Beauty & Wellness,2170,4749,76,VND-1088,TRUE,Shopify Storefront
PRD-7364,SKU-LEA-2364,Leather Premium Craft SKU #2364,Leather Footwear & Travel Goods,823,1676,97,VND-1026,TRUE,Flipkart
PRD-7365,SKU-ECO-2365,Eco-Friendly Premium Craft SKU #2365,Eco-Friendly Packaging,1651,5201,75,VND-1128,FALSE,Myntra
PRD-7366,SKU-CON-2366,Consumer Premium Craft SKU #2366,Consumer Electronics Accessories,1658,4773,33,VND-1230,TRUE,Shopify Storefront
PRD-7367,SKU-ORG-2367,Organic Premium Craft SKU #2367,Organic Home & Kitchenware,1937,5321,74,VND-1072,TRUE,Shopify Storefront
PRD-7368,SKU-HAN-2368,Handloom Premium Craft SKU #2368,Handloom Bed Linen & Curtains,1614,4207,84,VND-1068,TRUE,POS Counter
PRD-7369,SKU-SPI-2369,Spices Premium Craft SKU #2369,Spices & Gourmet Food Crafts,248,514,93,VND-1031,TRUE,POS Counter
PRD-7370,SKU-JEW-2370,Jewelry Premium Craft SKU #2370,Jewelry & Fashion Accessories,2386,5809,53,VND-1115,TRUE,Instagram DM
PRD-7371,SKU-FOO-2371,Footwear Premium Craft SKU #2371,Footwear & Athletic Shoes,1842,3678,25,VND-1048,TRUE,POS Counter
PRD-7372,SKU-STA-2372,Stationery Premium Craft SKU #2372,Stationery & Corporate Gifting,695,2133,70,VND-1077,FALSE,Shopify Storefront
PRD-7373,SKU-PET-2373,Pet Premium Craft SKU #2373,Pet Care & Organic Treats,199,396,54,VND-1131,TRUE,Shopify Storefront
PRD-7374,SKU-KID-2374,Kids Premium Craft SKU #2374,Kids Wear & Wooden Toys,711,1666,51,VND-1078,TRUE,POS Counter
PRD-7375,SKU-FIT-2375,Fitness Premium Craft SKU #2375,Fitness Gear & Yoga Accessories,2094,5471,47,VND-1049,TRUE,Flipkart
PRD-7376,SKU-AUT-2376,Automotive Premium Craft SKU #2376,Automotive Accessories,2367,7715,29,VND-1142,TRUE,POS Counter
PRD-7377,SKU-TEX-2377,Textiles Premium Craft SKU #2377,Textiles & Handblock Prints,2238,4581,28,VND-1220,TRUE,Shopify Storefront
PRD-7378,SKU-PUR-2378,Pure Premium Craft SKU #2378,Pure Silk & Traditional Sarees,824,1829,72,VND-1145,TRUE,Amazon IN
PRD-7379,SKU-KNI-2379,Knitwear Premium Craft SKU #2379,Knitwear & Everyday Apparel,1073,3441,72,VND-1241,TRUE,Flipkart
PRD-7380,SKU-BRA-2380,Brass Premium Craft SKU #2380,Brass & Artisan Metalcraft,1462,4571,23,VND-1011,TRUE,Instagram DM
PRD-7381,SKU-AYU-2381,Ayurvedic Premium Craft SKU #2381,Ayurvedic Beauty & Wellness,1680,4140,97,VND-1239,TRUE,POS Counter
PRD-7382,SKU-LEA-2382,Leather Premium Craft SKU #2382,Leather Footwear & Travel Goods,671,1754,85,VND-1192,TRUE,Instagram DM
PRD-7383,SKU-ECO-2383,Eco-Friendly Premium Craft SKU #2383,Eco-Friendly Packaging,794,1754,86,VND-1224,TRUE,Shopify Storefront
PRD-7384,SKU-CON-2384,Consumer Premium Craft SKU #2384,Consumer Electronics Accessories,276,692,91,VND-1111,TRUE,POS Counter
PRD-7385,SKU-ORG-2385,Organic Premium Craft SKU #2385,Organic Home & Kitchenware,313,760,70,VND-1198,TRUE,Instagram DM
PRD-7386,SKU-HAN-2386,Handloom Premium Craft SKU #2386,Handloom Bed Linen & Curtains,1548,3585,88,VND-1207,TRUE,Amazon IN
PRD-7387,SKU-SPI-2387,Spices Premium Craft SKU #2387,Spices & Gourmet Food Crafts,2074,5536,69,VND-1219,TRUE,Instagram DM
PRD-7388,SKU-JEW-2388,Jewelry Premium Craft SKU #2388,Jewelry & Fashion Accessories,2444,8235,97,VND-1151,TRUE,Myntra
PRD-7389,SKU-FOO-2389,Footwear Premium Craft SKU #2389,Footwear & Athletic Shoes,2072,4916,82,VND-1036,TRUE,Myntra
PRD-7390,SKU-STA-2390,Stationery Premium Craft SKU #2390,Stationery & Corporate Gifting,407,906,54,VND-1133,TRUE,Amazon IN
PRD-7391,SKU-PET-2391,Pet Premium Craft SKU #2391,Pet Care & Organic Treats,2253,4928,61,VND-1153,TRUE,Myntra
PRD-7392,SKU-KID-2392,Kids Premium Craft SKU #2392,Kids Wear & Wooden Toys,1577,5445,44,VND-1049,TRUE,Myntra
PRD-7393,SKU-FIT-2393,Fitness Premium Craft SKU #2393,Fitness Gear & Yoga Accessories,1835,4171,96,VND-1174,TRUE,Instagram DM
PRD-7394,SKU-AUT-2394,Automotive Premium Craft SKU #2394,Automotive Accessories,720,2277,57,VND-1049,TRUE,Instagram DM
PRD-7395,SKU-TEX-2395,Textiles Premium Craft SKU #2395,Textiles & Handblock Prints,2373,6501,46,VND-1093,TRUE,Myntra
PRD-7396,SKU-PUR-2396,Pure Premium Craft SKU #2396,Pure Silk & Traditional Sarees,860,1719,57,VND-1134,TRUE,POS Counter
PRD-7397,SKU-KNI-2397,Knitwear Premium Craft SKU #2397,Knitwear & Everyday Apparel,1531,3232,83,VND-1154,TRUE,Flipkart
PRD-7398,SKU-BRA-2398,Brass Premium Craft SKU #2398,Brass & Artisan Metalcraft,1258,4258,78,VND-1124,TRUE,POS Counter
PRD-7399,SKU-AYU-2399,Ayurvedic Premium Craft SKU #2399,Ayurvedic Beauty & Wellness,445,992,68,VND-1066,TRUE,Flipkart
PRD-7400,SKU-LEA-2400,Leather Premium Craft SKU #2400,Leather Footwear & Travel Goods,422,895,52,VND-1001,TRUE,Flipkart
PRD-7401,SKU-ECO-2401,Eco-Friendly Premium Craft SKU #2401,Eco-Friendly Packaging,2405,6714,55,VND-1240,TRUE,Flipkart
PRD-7402,SKU-CON-2402,Consumer Premium Craft SKU #2402,Consumer Electronics Accessories,1238,2335,74,VND-1051,TRUE,Flipkart
PRD-7403,SKU-ORG-2403,Organic Premium Craft SKU #2403,Organic Home & Kitchenware,592,1545,69,VND-1153,TRUE,POS Counter
PRD-7404,SKU-HAN-2404,Handloom Premium Craft SKU #2404,Handloom Bed Linen & Curtains,653,1576,26,VND-1047,FALSE,Shopify Storefront
PRD-7405,SKU-SPI-2405,Spices Premium Craft SKU #2405,Spices & Gourmet Food Crafts,590,1612,54,VND-1072,TRUE,Shopify Storefront
PRD-7406,SKU-JEW-2406,Jewelry Premium Craft SKU #2406,Jewelry & Fashion Accessories,1883,4045,92,VND-1237,TRUE,Shopify Storefront
PRD-7407,SKU-FOO-2407,Footwear Premium Craft SKU #2407,Footwear & Athletic Shoes,1285,2933,50,VND-1087,TRUE,Myntra
PRD-7408,SKU-STA-2408,Stationery Premium Craft SKU #2408,Stationery & Corporate Gifting,2487,7654,90,VND-1155,TRUE,POS Counter
PRD-7409,SKU-PET-2409,Pet Premium Craft SKU #2409,Pet Care & Organic Treats,244,668,60,VND-1039,TRUE,POS Counter
PRD-7410,SKU-KID-2410,Kids Premium Craft SKU #2410,Kids Wear & Wooden Toys,1719,3687,98,VND-1207,FALSE,POS Counter
PRD-7411,SKU-FIT-2411,Fitness Premium Craft SKU #2411,Fitness Gear & Yoga Accessories,2489,7613,54,VND-1024,TRUE,Shopify Storefront
PRD-7412,SKU-AUT-2412,Automotive Premium Craft SKU #2412,Automotive Accessories,1158,3748,48,VND-1025,TRUE,Myntra
PRD-7413,SKU-TEX-2413,Textiles Premium Craft SKU #2413,Textiles & Handblock Prints,860,2889,55,VND-1043,TRUE,POS Counter
PRD-7414,SKU-PUR-2414,Pure Premium Craft SKU #2414,Pure Silk & Traditional Sarees,1413,3588,96,VND-1172,TRUE,Flipkart
PRD-7415,SKU-KNI-2415,Knitwear Premium Craft SKU #2415,Knitwear & Everyday Apparel,1101,2169,30,VND-1055,TRUE,Flipkart
PRD-7416,SKU-BRA-2416,Brass Premium Craft SKU #2416,Brass & Artisan Metalcraft,765,2338,69,VND-1114,TRUE,Flipkart
PRD-7417,SKU-AYU-2417,Ayurvedic Premium Craft SKU #2417,Ayurvedic Beauty & Wellness,2367,7339,46,VND-1006,TRUE,Flipkart
PRD-7418,SKU-LEA-2418,Leather Premium Craft SKU #2418,Leather Footwear & Travel Goods,2296,5468,22,VND-1112,TRUE,Myntra
PRD-7419,SKU-ECO-2419,Eco-Friendly Premium Craft SKU #2419,Eco-Friendly Packaging,1961,5551,67,VND-1100,TRUE,Shopify Storefront
PRD-7420,SKU-CON-2420,Consumer Premium Craft SKU #2420,Consumer Electronics Accessories,1696,3538,71,VND-1154,TRUE,Amazon IN
PRD-7421,SKU-ORG-2421,Organic Premium Craft SKU #2421,Organic Home & Kitchenware,1809,4099,57,VND-1091,TRUE,Flipkart
PRD-7422,SKU-HAN-2422,Handloom Premium Craft SKU #2422,Handloom Bed Linen & Curtains,2073,7116,92,VND-1154,TRUE,Instagram DM
PRD-7423,SKU-SPI-2423,Spices Premium Craft SKU #2423,Spices & Gourmet Food Crafts,2002,6030,22,VND-1017,TRUE,Amazon IN
PRD-7424,SKU-JEW-2424,Jewelry Premium Craft SKU #2424,Jewelry & Fashion Accessories,1710,3137,75,VND-1093,TRUE,Flipkart
PRD-7425,SKU-FOO-2425,Footwear Premium Craft SKU #2425,Footwear & Athletic Shoes,1941,4334,49,VND-1023,TRUE,Amazon IN
PRD-7426,SKU-STA-2426,Stationery Premium Craft SKU #2426,Stationery & Corporate Gifting,797,1662,94,VND-1123,TRUE,Myntra
PRD-7427,SKU-PET-2427,Pet Premium Craft SKU #2427,Pet Care & Organic Treats,951,3079,68,VND-1136,TRUE,POS Counter
PRD-7428,SKU-KID-2428,Kids Premium Craft SKU #2428,Kids Wear & Wooden Toys,800,1565,90,VND-1024,TRUE,Shopify Storefront
PRD-7429,SKU-FIT-2429,Fitness Premium Craft SKU #2429,Fitness Gear & Yoga Accessories,1195,3071,57,VND-1135,TRUE,Flipkart
PRD-7430,SKU-AUT-2430,Automotive Premium Craft SKU #2430,Automotive Accessories,911,1994,59,VND-1072,TRUE,Shopify Storefront
PRD-7431,SKU-TEX-2431,Textiles Premium Craft SKU #2431,Textiles & Handblock Prints,527,1504,93,VND-1060,TRUE,Instagram DM
PRD-7432,SKU-PUR-2432,Pure Premium Craft SKU #2432,Pure Silk & Traditional Sarees,1330,3632,74,VND-1046,TRUE,POS Counter
PRD-7433,SKU-KNI-2433,Knitwear Premium Craft SKU #2433,Knitwear & Everyday Apparel,950,2683,29,VND-1005,TRUE,Shopify Storefront
PRD-7434,SKU-BRA-2434,Brass Premium Craft SKU #2434,Brass & Artisan Metalcraft,882,2388,79,VND-1069,TRUE,Amazon IN
PRD-7435,SKU-AYU-2435,Ayurvedic Premium Craft SKU #2435,Ayurvedic Beauty & Wellness,882,1816,43,VND-1186,TRUE,Shopify Storefront
PRD-7436,SKU-LEA-2436,Leather Premium Craft SKU #2436,Leather Footwear & Travel Goods,853,2646,85,VND-1084,TRUE,Myntra
PRD-7437,SKU-ECO-2437,Eco-Friendly Premium Craft SKU #2437,Eco-Friendly Packaging,382,943,41,VND-1130,FALSE,POS Counter
PRD-7438,SKU-CON-2438,Consumer Premium Craft SKU #2438,Consumer Electronics Accessories,691,1527,97,VND-1217,TRUE,Myntra
PRD-7439,SKU-ORG-2439,Organic Premium Craft SKU #2439,Organic Home & Kitchenware,1293,3343,78,VND-1201,TRUE,Shopify Storefront
PRD-7440,SKU-HAN-2440,Handloom Premium Craft SKU #2440,Handloom Bed Linen & Curtains,1166,2420,97,VND-1183,TRUE,Shopify Storefront
PRD-7441,SKU-SPI-2441,Spices Premium Craft SKU #2441,Spices & Gourmet Food Crafts,706,1271,78,VND-1097,TRUE,Flipkart
PRD-7442,SKU-JEW-2442,Jewelry Premium Craft SKU #2442,Jewelry & Fashion Accessories,1767,4833,71,VND-1174,TRUE,Flipkart
PRD-7443,SKU-FOO-2443,Footwear Premium Craft SKU #2443,Footwear & Athletic Shoes,2278,5471,97,VND-1247,TRUE,Instagram DM
PRD-7444,SKU-STA-2444,Stationery Premium Craft SKU #2444,Stationery & Corporate Gifting,1179,3171,72,VND-1104,TRUE,Flipkart
PRD-7445,SKU-PET-2445,Pet Premium Craft SKU #2445,Pet Care & Organic Treats,299,643,96,VND-1033,TRUE,Amazon IN
PRD-7446,SKU-KID-2446,Kids Premium Craft SKU #2446,Kids Wear & Wooden Toys,1839,4506,58,VND-1030,TRUE,Amazon IN
PRD-7447,SKU-FIT-2447,Fitness Premium Craft SKU #2447,Fitness Gear & Yoga Accessories,963,2961,47,VND-1125,TRUE,Instagram DM
PRD-7448,SKU-AUT-2448,Automotive Premium Craft SKU #2448,Automotive Accessories,752,1928,95,VND-1193,TRUE,Instagram DM
PRD-7449,SKU-TEX-2449,Textiles Premium Craft SKU #2449,Textiles & Handblock Prints,1386,3428,38,VND-1036,FALSE,POS Counter
PRD-7450,SKU-PUR-2450,Pure Premium Craft SKU #2450,Pure Silk & Traditional Sarees,1948,4343,71,VND-1232,TRUE,Flipkart
PRD-7451,SKU-KNI-2451,Knitwear Premium Craft SKU #2451,Knitwear & Everyday Apparel,988,2556,73,VND-1096,TRUE,POS Counter
PRD-7452,SKU-BRA-2452,Brass Premium Craft SKU #2452,Brass & Artisan Metalcraft,746,2480,32,VND-1243,TRUE,Shopify Storefront
PRD-7453,SKU-AYU-2453,Ayurvedic Premium Craft SKU #2453,Ayurvedic Beauty & Wellness,2055,6875,75,VND-1090,TRUE,Amazon IN
PRD-7454,SKU-LEA-2454,Leather Premium Craft SKU #2454,Leather Footwear & Travel Goods,2249,6157,25,VND-1091,TRUE,Flipkart
PRD-7455,SKU-ECO-2455,Eco-Friendly Premium Craft SKU #2455,Eco-Friendly Packaging,1593,3765,59,VND-1018,TRUE,POS Counter
PRD-7456,SKU-CON-2456,Consumer Premium Craft SKU #2456,Consumer Electronics Accessories,564,1155,91,VND-1003,TRUE,Shopify Storefront
PRD-7457,SKU-ORG-2457,Organic Premium Craft SKU #2457,Organic Home & Kitchenware,1045,3001,67,VND-1131,FALSE,Flipkart
PRD-7458,SKU-HAN-2458,Handloom Premium Craft SKU #2458,Handloom Bed Linen & Curtains,2035,4863,61,VND-1086,TRUE,Shopify Storefront
PRD-7459,SKU-SPI-2459,Spices Premium Craft SKU #2459,Spices & Gourmet Food Crafts,2267,6337,76,VND-1206,TRUE,Flipkart
PRD-7460,SKU-JEW-2460,Jewelry Premium Craft SKU #2460,Jewelry & Fashion Accessories,2255,4197,90,VND-1196,TRUE,Myntra
PRD-7461,SKU-FOO-2461,Footwear Premium Craft SKU #2461,Footwear & Athletic Shoes,425,1486,39,VND-1130,TRUE,Flipkart
PRD-7462,SKU-STA-2462,Stationery Premium Craft SKU #2462,Stationery & Corporate Gifting,1951,5937,54,VND-1085,TRUE,POS Counter
PRD-7463,SKU-PET-2463,Pet Premium Craft SKU #2463,Pet Care & Organic Treats,1722,3906,48,VND-1024,FALSE,Amazon IN
PRD-7464,SKU-KID-2464,Kids Premium Craft SKU #2464,Kids Wear & Wooden Toys,694,1478,92,VND-1004,TRUE,POS Counter
PRD-7465,SKU-FIT-2465,Fitness Premium Craft SKU #2465,Fitness Gear & Yoga Accessories,2390,6610,46,VND-1110,FALSE,Shopify Storefront
PRD-7466,SKU-AUT-2466,Automotive Premium Craft SKU #2466,Automotive Accessories,303,682,81,VND-1042,TRUE,POS Counter
PRD-7467,SKU-TEX-2467,Textiles Premium Craft SKU #2467,Textiles & Handblock Prints,828,2792,83,VND-1120,TRUE,Instagram DM
PRD-7468,SKU-PUR-2468,Pure Premium Craft SKU #2468,Pure Silk & Traditional Sarees,1553,4423,67,VND-1118,TRUE,Amazon IN
PRD-7469,SKU-KNI-2469,Knitwear Premium Craft SKU #2469,Knitwear & Everyday Apparel,2437,6656,62,VND-1148,TRUE,Amazon IN
PRD-7470,SKU-BRA-2470,Brass Premium Craft SKU #2470,Brass & Artisan Metalcraft,787,2309,95,VND-1135,TRUE,Amazon IN
PRD-7471,SKU-AYU-2471,Ayurvedic Premium Craft SKU #2471,Ayurvedic Beauty & Wellness,1154,2520,22,VND-1207,TRUE,Amazon IN
PRD-7472,SKU-LEA-2472,Leather Premium Craft SKU #2472,Leather Footwear & Travel Goods,2234,5162,71,VND-1085,TRUE,Myntra
PRD-7473,SKU-ECO-2473,Eco-Friendly Premium Craft SKU #2473,Eco-Friendly Packaging,1205,2387,38,VND-1077,TRUE,POS Counter
PRD-7474,SKU-CON-2474,Consumer Premium Craft SKU #2474,Consumer Electronics Accessories,1168,3024,39,VND-1226,TRUE,Instagram DM
PRD-7475,SKU-ORG-2475,Organic Premium Craft SKU #2475,Organic Home & Kitchenware,2221,5368,71,VND-1139,TRUE,Amazon IN
PRD-7476,SKU-HAN-2476,Handloom Premium Craft SKU #2476,Handloom Bed Linen & Curtains,482,1066,99,VND-1077,TRUE,Instagram DM
PRD-7477,SKU-SPI-2477,Spices Premium Craft SKU #2477,Spices & Gourmet Food Crafts,1435,4842,27,VND-1017,TRUE,Flipkart
PRD-7478,SKU-JEW-2478,Jewelry Premium Craft SKU #2478,Jewelry & Fashion Accessories,1846,4807,23,VND-1040,TRUE,Amazon IN
PRD-7479,SKU-FOO-2479,Footwear Premium Craft SKU #2479,Footwear & Athletic Shoes,1411,3105,82,VND-1031,TRUE,Flipkart
PRD-7480,SKU-STA-2480,Stationery Premium Craft SKU #2480,Stationery & Corporate Gifting,1026,2553,50,VND-1151,TRUE,Myntra
PRD-7481,SKU-PET-2481,Pet Premium Craft SKU #2481,Pet Care & Organic Treats,825,1956,96,VND-1206,TRUE,Flipkart
PRD-7482,SKU-KID-2482,Kids Premium Craft SKU #2482,Kids Wear & Wooden Toys,489,963,30,VND-1219,TRUE,Shopify Storefront
PRD-7483,SKU-FIT-2483,Fitness Premium Craft SKU #2483,Fitness Gear & Yoga Accessories,2363,5974,31,VND-1039,TRUE,Instagram DM
PRD-7484,SKU-AUT-2484,Automotive Premium Craft SKU #2484,Automotive Accessories,772,2691,20,VND-1166,TRUE,Shopify Storefront
PRD-7485,SKU-TEX-2485,Textiles Premium Craft SKU #2485,Textiles & Handblock Prints,1343,4663,66,VND-1035,TRUE,Instagram DM
PRD-7486,SKU-PUR-2486,Pure Premium Craft SKU #2486,Pure Silk & Traditional Sarees,2492,4856,41,VND-1092,TRUE,Amazon IN
PRD-7487,SKU-KNI-2487,Knitwear Premium Craft SKU #2487,Knitwear & Everyday Apparel,309,1079,30,VND-1026,TRUE,Myntra
PRD-7488,SKU-BRA-2488,Brass Premium Craft SKU #2488,Brass & Artisan Metalcraft,937,2944,70,VND-1001,TRUE,Flipkart
PRD-7489,SKU-AYU-2489,Ayurvedic Premium Craft SKU #2489,Ayurvedic Beauty & Wellness,1244,3494,98,VND-1028,TRUE,Shopify Storefront
PRD-7490,SKU-LEA-2490,Leather Premium Craft SKU #2490,Leather Footwear & Travel Goods,1315,2676,79,VND-1213,TRUE,Amazon IN
PRD-7491,SKU-ECO-2491,Eco-Friendly Premium Craft SKU #2491,Eco-Friendly Packaging,2258,4433,97,VND-1041,TRUE,Amazon IN
PRD-7492,SKU-CON-2492,Consumer Premium Craft SKU #2492,Consumer Electronics Accessories,1761,5720,40,VND-1009,TRUE,Flipkart
PRD-7493,SKU-ORG-2493,Organic Premium Craft SKU #2493,Organic Home & Kitchenware,2234,5184,71,VND-1092,TRUE,POS Counter
PRD-7494,SKU-HAN-2494,Handloom Premium Craft SKU #2494,Handloom Bed Linen & Curtains,1416,4152,46,VND-1204,TRUE,POS Counter
PRD-7495,SKU-SPI-2495,Spices Premium Craft SKU #2495,Spices & Gourmet Food Crafts,785,1462,27,VND-1181,TRUE,Shopify Storefront
PRD-7496,SKU-JEW-2496,Jewelry Premium Craft SKU #2496,Jewelry & Fashion Accessories,591,2066,36,VND-1038,TRUE,Shopify Storefront
PRD-7497,SKU-FOO-2497,Footwear Premium Craft SKU #2497,Footwear & Athletic Shoes,1512,4489,94,VND-1073,TRUE,Flipkart
PRD-7498,SKU-STA-2498,Stationery Premium Craft SKU #2498,Stationery & Corporate Gifting,1828,3671,90,VND-1112,TRUE,Amazon IN
PRD-7499,SKU-PET-2499,Pet Premium Craft SKU #2499,Pet Care & Organic Treats,1009,3352,24,VND-1240,TRUE,Flipkart
PRD-7500,SKU-KID-2500,Kids Premium Craft SKU #2500,Kids Wear & Wooden Toys,1563,2988,24,VND-1050,TRUE,Amazon IN
