shipment_id,order_id,carrier_name,tracking_number,promised_days,actual_days,shipping_cost_inr,sla_status
SHP-40002,ORD-10002,BlueDart Express,TRK900002,3,4,150,SLA Breached
SHP-40003,ORD-10003,Shadowfax Surface,TRK900003,3,7,90,SLA Breached
SHP-40004,ORD-10004,Shadowfax Surface,TRK900004,4,4,60,SLA Met
SHP-40005,ORD-10005,XpressBees Surface,TRK900005,4,4,90,SLA Met
SHP-40006,ORD-10006,Delhivery Direct,TRK900006,4,8,60,SLA Breached
SHP-40007,ORD-10007,XpressBees Surface,TRK900007,5,9,60,SLA Breached
SHP-40008,ORD-10008,XpressBees Surface,TRK900008,2,4,120,SLA Breached
SHP-40009,ORD-10009,BlueDart Express,TRK900009,5,5,90,SLA Met
SHP-40010,ORD-10010,XpressBees Surface,TRK900010,4,4,120,SLA Met
SHP-40011,ORD-10011,Ecom Express,TRK900011,3,3,180,SLA Met
SHP-40013,ORD-10013,Shadowfax Surface,TRK900013,4,6,60,SLA Breached
SHP-40014,ORD-10014,Shadowfax Surface,TRK900014,4,4,90,SLA Met
SHP-40015,ORD-10015,BlueDart Express,TRK900015,4,4,90,SLA Met
SHP-40016,ORD-10016,XpressBees Surface,TRK900016,5,5,180,SLA Met
SHP-40017,ORD-10017,Delhivery Direct,TRK900017,4,4,90,SLA Met
SHP-40018,ORD-10018,Delhivery Direct,TRK900018,4,4,90,SLA Met
SHP-40019,ORD-10019,XpressBees Surface,TRK900019,5,5,150,SLA Met
SHP-40020,ORD-10020,BlueDart Express,TRK900020,4,4,150,SLA Met
SHP-40021,ORD-10021,Shadowfax Surface,TRK900021,4,4,180,SLA Met
SHP-40022,ORD-10022,Ecom Express,TRK900022,2,4,60,SLA Breached
SHP-40023,ORD-10023,BlueDart Express,TRK900023,4,4,180,SLA Met
SHP-40024,ORD-10024,Ecom Express,TRK900024,3,6,60,SLA Breached
SHP-40025,ORD-10025,Shadowfax Surface,TRK900025,4,4,180,SLA Met
SHP-40026,ORD-10026,Delhivery Direct,TRK900026,2,5,90,SLA Breached
SHP-40027,ORD-10027,BlueDart Express,TRK900027,2,2,90,SLA Met
SHP-40028,ORD-10028,Ecom Express,TRK900028,4,5,180,SLA Breached
SHP-40029,ORD-10029,Delhivery Direct,TRK900029,3,3,120,SLA Met
SHP-40030,ORD-10030,XpressBees Surface,TRK900030,5,5,60,SLA Met
SHP-40031,ORD-10031,Delhivery Direct,TRK900031,2,2,120,SLA Met
SHP-40034,ORD-10034,BlueDart Express,TRK900034,5,5,90,SLA Met
SHP-40035,ORD-10035,BlueDart Express,TRK900035,4,7,180,SLA Breached
SHP-40036,ORD-10036,Ecom Express,TRK900036,2,2,180,SLA Met
SHP-40037,ORD-10037,Delhivery Direct,TRK900037,3,5,90,SLA Breached
SHP-40039,ORD-10039,Delhivery Direct,TRK900039,2,6,90,SLA Breached
SHP-40041,ORD-10041,BlueDart Express,TRK900041,3,3,180,SLA Met
SHP-40042,ORD-10042,Ecom Express,TRK900042,4,4,90,SLA Met
SHP-40043,ORD-10043,Ecom Express,TRK900043,2,2,90,SLA Met
SHP-40044,ORD-10044,Ecom Express,TRK900044,3,3,120,SLA Met
SHP-40045,ORD-10045,Ecom Express,TRK900045,3,3,150,SLA Met
SHP-40046,ORD-10046,BlueDart Express,TRK900046,5,5,120,SLA Met
SHP-40048,ORD-10048,XpressBees Surface,TRK900048,4,4,120,SLA Met
SHP-40049,ORD-10049,Shadowfax Surface,TRK900049,4,4,180,SLA Met
SHP-40050,ORD-10050,Shadowfax Surface,TRK900050,2,2,150,SLA Met
SHP-40051,ORD-10051,Ecom Express,TRK900051,4,4,90,SLA Met
SHP-40052,ORD-10052,XpressBees Surface,TRK900052,5,5,150,SLA Met
SHP-40054,ORD-10054,XpressBees Surface,TRK900054,2,2,150,SLA Met
SHP-40056,ORD-10056,Shadowfax Surface,TRK900056,3,3,90,SLA Met
SHP-40057,ORD-10057,Delhivery Direct,TRK900057,5,7,150,SLA Breached
SHP-40059,ORD-10059,Ecom Express,TRK900059,5,7,90,SLA Breached
SHP-40060,ORD-10060,Shadowfax Surface,TRK900060,4,4,120,SLA Met
SHP-40061,ORD-10061,BlueDart Express,TRK900061,3,3,60,SLA Met
SHP-40064,ORD-10064,Ecom Express,TRK900064,4,4,90,SLA Met
SHP-40065,ORD-10065,XpressBees Surface,TRK900065,2,2,150,SLA Met
SHP-40066,ORD-10066,Delhivery Direct,TRK900066,5,5,90,SLA Met
SHP-40068,ORD-10068,Shadowfax Surface,TRK900068,5,5,150,SLA Met
SHP-40069,ORD-10069,XpressBees Surface,TRK900069,5,5,60,SLA Met
SHP-40070,ORD-10070,XpressBees Surface,TRK900070,2,2,90,SLA Met
SHP-40071,ORD-10071,BlueDart Express,TRK900071,3,3,180,SLA Met
SHP-40072,ORD-10072,Shadowfax Surface,TRK900072,2,2,180,SLA Met
SHP-40073,ORD-10073,BlueDart Express,TRK900073,3,3,60,SLA Met
SHP-40074,ORD-10074,Shadowfax Surface,TRK900074,2,2,150,SLA Met
SHP-40076,ORD-10076,Delhivery Direct,TRK900076,2,2,120,SLA Met
SHP-40077,ORD-10077,BlueDart Express,TRK900077,2,2,120,SLA Met
SHP-40078,ORD-10078,XpressBees Surface,TRK900078,2,2,120,SLA Met
SHP-40079,ORD-10079,XpressBees Surface,TRK900079,4,4,150,SLA Met
SHP-40080,ORD-10080,XpressBees Surface,TRK900080,2,2,180,SLA Met
SHP-40081,ORD-10081,XpressBees Surface,TRK900081,4,4,120,SLA Met
SHP-40082,ORD-10082,Shadowfax Surface,TRK900082,3,3,150,SLA Met
SHP-40083,ORD-10083,Ecom Express,TRK900083,2,2,90,SLA Met
SHP-40084,ORD-10084,XpressBees Surface,TRK900084,2,2,180,SLA Met
SHP-40086,ORD-10086,BlueDart Express,TRK900086,4,4,60,SLA Met
SHP-40087,ORD-10087,BlueDart Express,TRK900087,3,3,90,SLA Met
SHP-40089,ORD-10089,Shadowfax Surface,TRK900089,3,3,90,SLA Met
SHP-40091,ORD-10091,BlueDart Express,TRK900091,2,2,120,SLA Met
SHP-40094,ORD-10094,Shadowfax Surface,TRK900094,3,3,60,SLA Met
SHP-40095,ORD-10095,Shadowfax Surface,TRK900095,2,2,60,SLA Met
SHP-40097,ORD-10097,Delhivery Direct,TRK900097,3,3,60,SLA Met
SHP-40098,ORD-10098,BlueDart Express,TRK900098,3,3,150,SLA Met
SHP-40099,ORD-10099,Delhivery Direct,TRK900099,3,3,90,SLA Met
SHP-40100,ORD-10100,Ecom Express,TRK900100,4,4,180,SLA Met
SHP-40101,ORD-10101,BlueDart Express,TRK900101,3,3,180,SLA Met
SHP-40102,ORD-10102,BlueDart Express,TRK900102,2,2,150,SLA Met
SHP-40103,ORD-10103,XpressBees Surface,TRK900103,5,6,120,SLA Breached
SHP-40104,ORD-10104,Delhivery Direct,TRK900104,2,2,60,SLA Met
SHP-40105,ORD-10105,XpressBees Surface,TRK900105,5,5,180,SLA Met
SHP-40106,ORD-10106,BlueDart Express,TRK900106,3,3,90,SLA Met
SHP-40108,ORD-10108,Delhivery Direct,TRK900108,5,5,60,SLA Met
SHP-40109,ORD-10109,XpressBees Surface,TRK900109,2,2,150,SLA Met
SHP-40110,ORD-10110,Shadowfax Surface,TRK900110,2,4,60,SLA Breached
SHP-40111,ORD-10111,Shadowfax Surface,TRK900111,2,2,150,SLA Met
SHP-40112,ORD-10112,XpressBees Surface,TRK900112,5,5,120,SLA Met
SHP-40113,ORD-10113,XpressBees Surface,TRK900113,3,3,150,SLA Met
SHP-40114,ORD-10114,XpressBees Surface,TRK900114,2,2,60,SLA Met
SHP-40116,ORD-10116,Ecom Express,TRK900116,4,4,120,SLA Met
SHP-40117,ORD-10117,XpressBees Surface,TRK900117,4,4,180,SLA Met
SHP-40118,ORD-10118,XpressBees Surface,TRK900118,5,5,90,SLA Met
SHP-40119,ORD-10119,XpressBees Surface,TRK900119,4,4,180,SLA Met
SHP-40120,ORD-10120,XpressBees Surface,TRK900120,4,4,120,SLA Met
SHP-40122,ORD-10122,XpressBees Surface,TRK900122,2,2,180,SLA Met
SHP-40124,ORD-10124,XpressBees Surface,TRK900124,3,3,90,SLA Met
SHP-40125,ORD-10125,Shadowfax Surface,TRK900125,2,2,90,SLA Met
SHP-40126,ORD-10126,Ecom Express,TRK900126,3,3,180,SLA Met
SHP-40127,ORD-10127,XpressBees Surface,TRK900127,5,5,120,SLA Met
SHP-40128,ORD-10128,BlueDart Express,TRK900128,2,2,60,SLA Met
SHP-40129,ORD-10129,XpressBees Surface,TRK900129,5,5,120,SLA Met
SHP-40131,ORD-10131,XpressBees Surface,TRK900131,5,5,60,SLA Met
SHP-40132,ORD-10132,XpressBees Surface,TRK900132,3,3,150,SLA Met
SHP-40133,ORD-10133,Delhivery Direct,TRK900133,4,4,180,SLA Met
SHP-40134,ORD-10134,XpressBees Surface,TRK900134,3,3,120,SLA Met
SHP-40135,ORD-10135,Shadowfax Surface,TRK900135,3,3,90,SLA Met
SHP-40136,ORD-10136,Ecom Express,TRK900136,2,2,180,SLA Met
SHP-40137,ORD-10137,Ecom Express,TRK900137,2,2,90,SLA Met
SHP-40138,ORD-10138,Delhivery Direct,TRK900138,4,4,180,SLA Met
SHP-40139,ORD-10139,Delhivery Direct,TRK900139,3,3,90,SLA Met
SHP-40140,ORD-10140,Ecom Express,TRK900140,2,2,120,SLA Met
SHP-40142,ORD-10142,XpressBees Surface,TRK900142,5,5,90,SLA Met
SHP-40143,ORD-10143,Shadowfax Surface,TRK900143,4,7,150,SLA Breached
SHP-40144,ORD-10144,Delhivery Direct,TRK900144,2,2,90,SLA Met
SHP-40145,ORD-10145,Ecom Express,TRK900145,2,2,150,SLA Met
SHP-40146,ORD-10146,BlueDart Express,TRK900146,2,3,150,SLA Breached
SHP-40147,ORD-10147,BlueDart Express,TRK900147,5,5,90,SLA Met
SHP-40148,ORD-10148,XpressBees Surface,TRK900148,3,4,150,SLA Breached
SHP-40149,ORD-10149,Delhivery Direct,TRK900149,5,5,120,SLA Met
SHP-40150,ORD-10150,Ecom Express,TRK900150,2,2,60,SLA Met
SHP-40152,ORD-10152,Shadowfax Surface,TRK900152,4,4,90,SLA Met
SHP-40153,ORD-10153,XpressBees Surface,TRK900153,4,8,120,SLA Breached
SHP-40154,ORD-10154,Ecom Express,TRK900154,5,5,180,SLA Met
SHP-40155,ORD-10155,BlueDart Express,TRK900155,2,2,150,SLA Met
SHP-40156,ORD-10156,BlueDart Express,TRK900156,4,7,90,SLA Breached
SHP-40157,ORD-10157,Delhivery Direct,TRK900157,5,5,60,SLA Met
SHP-40158,ORD-10158,BlueDart Express,TRK900158,5,5,180,SLA Met
SHP-40159,ORD-10159,Ecom Express,TRK900159,5,5,60,SLA Met
SHP-40160,ORD-10160,BlueDart Express,TRK900160,3,3,180,SLA Met
SHP-40161,ORD-10161,Ecom Express,TRK900161,2,2,60,SLA Met
SHP-40162,ORD-10162,Ecom Express,TRK900162,4,4,120,SLA Met
SHP-40163,ORD-10163,Shadowfax Surface,TRK900163,3,3,60,SLA Met
SHP-40164,ORD-10164,XpressBees Surface,TRK900164,5,9,120,SLA Breached
SHP-40166,ORD-10166,Shadowfax Surface,TRK900166,2,2,90,SLA Met
SHP-40170,ORD-10170,Delhivery Direct,TRK900170,4,4,90,SLA Met
SHP-40171,ORD-10171,Ecom Express,TRK900171,5,8,120,SLA Breached
SHP-40172,ORD-10172,Shadowfax Surface,TRK900172,3,3,120,SLA Met
SHP-40173,ORD-10173,XpressBees Surface,TRK900173,3,3,150,SLA Met
SHP-40174,ORD-10174,Delhivery Direct,TRK900174,4,4,60,SLA Met
SHP-40175,ORD-10175,Shadowfax Surface,TRK900175,3,3,120,SLA Met
SHP-40176,ORD-10176,XpressBees Surface,TRK900176,2,3,150,SLA Breached
SHP-40179,ORD-10179,Shadowfax Surface,TRK900179,2,2,60,SLA Met
SHP-40181,ORD-10181,XpressBees Surface,TRK900181,5,9,60,SLA Breached
SHP-40182,ORD-10182,XpressBees Surface,TRK900182,4,4,150,SLA Met
SHP-40183,ORD-10183,Shadowfax Surface,TRK900183,3,3,120,SLA Met
SHP-40184,ORD-10184,Shadowfax Surface,TRK900184,2,4,90,SLA Breached
SHP-40185,ORD-10185,Shadowfax Surface,TRK900185,2,2,90,SLA Met
SHP-40186,ORD-10186,Ecom Express,TRK900186,3,3,120,SLA Met
SHP-40187,ORD-10187,BlueDart Express,TRK900187,5,5,120,SLA Met
SHP-40188,ORD-10188,Delhivery Direct,TRK900188,3,3,150,SLA Met
SHP-40189,ORD-10189,BlueDart Express,TRK900189,2,4,120,SLA Breached
SHP-40190,ORD-10190,Shadowfax Surface,TRK900190,2,2,90,SLA Met
SHP-40191,ORD-10191,BlueDart Express,TRK900191,5,5,180,SLA Met
SHP-40192,ORD-10192,XpressBees Surface,TRK900192,5,5,60,SLA Met
SHP-40193,ORD-10193,Shadowfax Surface,TRK900193,4,4,120,SLA Met
SHP-40194,ORD-10194,XpressBees Surface,TRK900194,2,2,180,SLA Met
SHP-40195,ORD-10195,Ecom Express,TRK900195,3,3,60,SLA Met
SHP-40196,ORD-10196,XpressBees Surface,TRK900196,3,3,150,SLA Met
SHP-40197,ORD-10197,Delhivery Direct,TRK900197,3,3,90,SLA Met
SHP-40198,ORD-10198,BlueDart Express,TRK900198,3,3,120,SLA Met
SHP-40199,ORD-10199,Shadowfax Surface,TRK900199,4,4,180,SLA Met
SHP-40200,ORD-10200,Shadowfax Surface,TRK900200,5,5,150,SLA Met
SHP-40201,ORD-10201,BlueDart Express,TRK900201,2,2,120,SLA Met
SHP-40202,ORD-10202,Delhivery Direct,TRK900202,3,3,90,SLA Met
SHP-40207,ORD-10207,XpressBees Surface,TRK900207,5,5,60,SLA Met
SHP-40208,ORD-10208,BlueDart Express,TRK900208,4,4,90,SLA Met
SHP-40209,ORD-10209,BlueDart Express,TRK900209,4,4,60,SLA Met
SHP-40210,ORD-10210,BlueDart Express,TRK900210,3,3,150,SLA Met
SHP-40211,ORD-10211,Shadowfax Surface,TRK900211,2,2,180,SLA Met
SHP-40212,ORD-10212,Delhivery Direct,TRK900212,5,9,180,SLA Breached
SHP-40213,ORD-10213,BlueDart Express,TRK900213,2,2,180,SLA Met
SHP-40214,ORD-10214,Delhivery Direct,TRK900214,3,3,150,SLA Met
SHP-40215,ORD-10215,Delhivery Direct,TRK900215,3,3,150,SLA Met
SHP-40216,ORD-10216,Delhivery Direct,TRK900216,3,5,120,SLA Breached
SHP-40217,ORD-10217,Ecom Express,TRK900217,3,3,120,SLA Met
SHP-40218,ORD-10218,XpressBees Surface,TRK900218,2,2,90,SLA Met
SHP-40219,ORD-10219,Ecom Express,TRK900219,3,6,60,SLA Breached
SHP-40220,ORD-10220,Delhivery Direct,TRK900220,2,2,120,SLA Met
SHP-40221,ORD-10221,Ecom Express,TRK900221,2,4,180,SLA Breached
SHP-40223,ORD-10223,BlueDart Express,TRK900223,4,5,90,SLA Breached
SHP-40225,ORD-10225,Ecom Express,TRK900225,2,2,60,SLA Met
SHP-40226,ORD-10226,XpressBees Surface,TRK900226,4,4,90,SLA Met
SHP-40227,ORD-10227,Delhivery Direct,TRK900227,4,4,60,SLA Met
SHP-40228,ORD-10228,Ecom Express,TRK900228,5,8,120,SLA Breached
SHP-40229,ORD-10229,BlueDart Express,TRK900229,5,5,180,SLA Met
SHP-40230,ORD-10230,Delhivery Direct,TRK900230,2,2,120,SLA Met
SHP-40231,ORD-10231,XpressBees Surface,TRK900231,5,5,90,SLA Met
SHP-40232,ORD-10232,XpressBees Surface,TRK900232,2,2,60,SLA Met
SHP-40233,ORD-10233,Shadowfax Surface,TRK900233,2,2,60,SLA Met
SHP-40234,ORD-10234,Delhivery Direct,TRK900234,3,3,60,SLA Met
SHP-40235,ORD-10235,Ecom Express,TRK900235,4,4,60,SLA Met
SHP-40237,ORD-10237,XpressBees Surface,TRK900237,5,5,120,SLA Met
SHP-40238,ORD-10238,XpressBees Surface,TRK900238,3,3,180,SLA Met
SHP-40242,ORD-10242,Delhivery Direct,TRK900242,2,2,120,SLA Met
SHP-40243,ORD-10243,Shadowfax Surface,TRK900243,2,3,150,SLA Breached
SHP-40244,ORD-10244,BlueDart Express,TRK900244,4,4,180,SLA Met
SHP-40245,ORD-10245,XpressBees Surface,TRK900245,4,4,180,SLA Met
SHP-40246,ORD-10246,Delhivery Direct,TRK900246,5,5,90,SLA Met
SHP-40247,ORD-10247,Ecom Express,TRK900247,3,5,150,SLA Breached
SHP-40248,ORD-10248,Shadowfax Surface,TRK900248,3,3,120,SLA Met
SHP-40250,ORD-10250,BlueDart Express,TRK900250,3,4,120,SLA Breached
SHP-40251,ORD-10251,BlueDart Express,TRK900251,2,2,90,SLA Met
SHP-40252,ORD-10252,BlueDart Express,TRK900252,5,5,60,SLA Met
SHP-40253,ORD-10253,XpressBees Surface,TRK900253,2,3,180,SLA Breached
SHP-40254,ORD-10254,XpressBees Surface,TRK900254,4,6,60,SLA Breached
SHP-40255,ORD-10255,Shadowfax Surface,TRK900255,2,2,180,SLA Met
SHP-40256,ORD-10256,Shadowfax Surface,TRK900256,5,6,60,SLA Breached
SHP-40257,ORD-10257,XpressBees Surface,TRK900257,5,5,150,SLA Met
SHP-40259,ORD-10259,Shadowfax Surface,TRK900259,2,2,180,SLA Met
SHP-40260,ORD-10260,BlueDart Express,TRK900260,3,3,150,SLA Met
SHP-40261,ORD-10261,XpressBees Surface,TRK900261,5,5,150,SLA Met
SHP-40263,ORD-10263,Shadowfax Surface,TRK900263,5,6,90,SLA Breached
SHP-40264,ORD-10264,Delhivery Direct,TRK900264,4,4,150,SLA Met
SHP-40266,ORD-10266,XpressBees Surface,TRK900266,5,5,180,SLA Met
SHP-40268,ORD-10268,Delhivery Direct,TRK900268,2,2,180,SLA Met
SHP-40269,ORD-10269,BlueDart Express,TRK900269,3,3,90,SLA Met
SHP-40270,ORD-10270,Delhivery Direct,TRK900270,3,3,150,SLA Met
SHP-40271,ORD-10271,Shadowfax Surface,TRK900271,4,7,120,SLA Breached
SHP-40273,ORD-10273,Ecom Express,TRK900273,5,5,120,SLA Met
SHP-40274,ORD-10274,XpressBees Surface,TRK900274,2,2,90,SLA Met
SHP-40275,ORD-10275,XpressBees Surface,TRK900275,5,5,120,SLA Met
SHP-40277,ORD-10277,Shadowfax Surface,TRK900277,5,5,180,SLA Met
SHP-40278,ORD-10278,Shadowfax Surface,TRK900278,4,4,60,SLA Met
SHP-40279,ORD-10279,Shadowfax Surface,TRK900279,5,5,180,SLA Met
SHP-40280,ORD-10280,Delhivery Direct,TRK900280,5,5,60,SLA Met
SHP-40281,ORD-10281,Delhivery Direct,TRK900281,3,3,150,SLA Met
SHP-40282,ORD-10282,Delhivery Direct,TRK900282,2,2,180,SLA Met
SHP-40283,ORD-10283,Ecom Express,TRK900283,4,4,120,SLA Met
SHP-40284,ORD-10284,Shadowfax Surface,TRK900284,5,5,150,SLA Met
SHP-40285,ORD-10285,XpressBees Surface,TRK900285,4,4,120,SLA Met
SHP-40286,ORD-10286,Ecom Express,TRK900286,2,2,90,SLA Met
SHP-40288,ORD-10288,XpressBees Surface,TRK900288,4,4,120,SLA Met
SHP-40291,ORD-10291,XpressBees Surface,TRK900291,4,4,150,SLA Met
SHP-40292,ORD-10292,Delhivery Direct,TRK900292,2,2,90,SLA Met
SHP-40293,ORD-10293,Ecom Express,TRK900293,5,5,60,SLA Met
SHP-40294,ORD-10294,Shadowfax Surface,TRK900294,2,2,90,SLA Met
SHP-40296,ORD-10296,Ecom Express,TRK900296,3,3,60,SLA Met
SHP-40298,ORD-10298,XpressBees Surface,TRK900298,4,4,120,SLA Met
SHP-40299,ORD-10299,Shadowfax Surface,TRK900299,4,4,180,SLA Met
SHP-40300,ORD-10300,Shadowfax Surface,TRK900300,5,5,120,SLA Met
SHP-40302,ORD-10302,Ecom Express,TRK900302,2,2,180,SLA Met
SHP-40303,ORD-10303,BlueDart Express,TRK900303,2,2,120,SLA Met
SHP-40304,ORD-10304,Delhivery Direct,TRK900304,2,2,120,SLA Met
SHP-40306,ORD-10306,Shadowfax Surface,TRK900306,3,3,180,SLA Met
SHP-40307,ORD-10307,Ecom Express,TRK900307,5,5,60,SLA Met
SHP-40308,ORD-10308,Shadowfax Surface,TRK900308,4,4,120,SLA Met
SHP-40309,ORD-10309,XpressBees Surface,TRK900309,5,5,90,SLA Met
SHP-40310,ORD-10310,BlueDart Express,TRK900310,2,2,120,SLA Met
SHP-40311,ORD-10311,Shadowfax Surface,TRK900311,3,4,150,SLA Breached
SHP-40312,ORD-10312,Ecom Express,TRK900312,3,6,60,SLA Breached
SHP-40313,ORD-10313,XpressBees Surface,TRK900313,3,3,120,SLA Met
SHP-40314,ORD-10314,BlueDart Express,TRK900314,2,2,90,SLA Met
SHP-40315,ORD-10315,XpressBees Surface,TRK900315,3,5,150,SLA Breached
SHP-40316,ORD-10316,Delhivery Direct,TRK900316,2,2,90,SLA Met
SHP-40318,ORD-10318,Delhivery Direct,TRK900318,5,9,60,SLA Breached
SHP-40319,ORD-10319,Delhivery Direct,TRK900319,4,4,120,SLA Met
SHP-40320,ORD-10320,Ecom Express,TRK900320,2,2,90,SLA Met
SHP-40321,ORD-10321,Delhivery Direct,TRK900321,4,4,120,SLA Met
SHP-40322,ORD-10322,Shadowfax Surface,TRK900322,4,4,150,SLA Met
SHP-40323,ORD-10323,Ecom Express,TRK900323,5,5,60,SLA Met
SHP-40324,ORD-10324,Delhivery Direct,TRK900324,2,2,150,SLA Met
SHP-40325,ORD-10325,XpressBees Surface,TRK900325,4,4,120,SLA Met
SHP-40326,ORD-10326,Shadowfax Surface,TRK900326,3,3,180,SLA Met
SHP-40327,ORD-10327,XpressBees Surface,TRK900327,3,3,150,SLA Met
SHP-40328,ORD-10328,Shadowfax Surface,TRK900328,2,2,180,SLA Met
SHP-40329,ORD-10329,Delhivery Direct,TRK900329,5,9,120,SLA Breached
SHP-40331,ORD-10331,BlueDart Express,TRK900331,2,5,60,SLA Breached
SHP-40332,ORD-10332,Shadowfax Surface,TRK900332,5,5,120,SLA Met
SHP-40333,ORD-10333,XpressBees Surface,TRK900333,2,2,150,SLA Met
SHP-40334,ORD-10334,XpressBees Surface,TRK900334,3,3,150,SLA Met
SHP-40335,ORD-10335,Shadowfax Surface,TRK900335,4,4,60,SLA Met
SHP-40336,ORD-10336,Shadowfax Surface,TRK900336,2,2,120,SLA Met
SHP-40337,ORD-10337,Delhivery Direct,TRK900337,4,8,90,SLA Breached
SHP-40338,ORD-10338,Shadowfax Surface,TRK900338,4,8,150,SLA Breached
SHP-40339,ORD-10339,Shadowfax Surface,TRK900339,3,6,120,SLA Breached
SHP-40340,ORD-10340,Ecom Express,TRK900340,4,4,180,SLA Met
SHP-40341,ORD-10341,Delhivery Direct,TRK900341,2,2,150,SLA Met
SHP-40342,ORD-10342,Delhivery Direct,TRK900342,3,7,180,SLA Breached
SHP-40343,ORD-10343,Delhivery Direct,TRK900343,5,5,60,SLA Met
SHP-40345,ORD-10345,XpressBees Surface,TRK900345,2,5,150,SLA Breached
SHP-40346,ORD-10346,Ecom Express,TRK900346,3,3,90,SLA Met
SHP-40348,ORD-10348,BlueDart Express,TRK900348,2,2,90,SLA Met
SHP-40349,ORD-10349,BlueDart Express,TRK900349,5,5,90,SLA Met
SHP-40350,ORD-10350,Shadowfax Surface,TRK900350,3,3,120,SLA Met
SHP-40351,ORD-10351,Ecom Express,TRK900351,5,5,120,SLA Met
SHP-40352,ORD-10352,BlueDart Express,TRK900352,3,6,120,SLA Breached
SHP-40354,ORD-10354,Shadowfax Surface,TRK900354,5,5,150,SLA Met
SHP-40355,ORD-10355,Delhivery Direct,TRK900355,3,3,120,SLA Met
SHP-40356,ORD-10356,Delhivery Direct,TRK900356,4,4,60,SLA Met
SHP-40358,ORD-10358,Ecom Express,TRK900358,5,5,120,SLA Met
SHP-40359,ORD-10359,BlueDart Express,TRK900359,4,4,60,SLA Met
SHP-40360,ORD-10360,XpressBees Surface,TRK900360,4,4,60,SLA Met
SHP-40361,ORD-10361,BlueDart Express,TRK900361,4,4,60,SLA Met
SHP-40362,ORD-10362,Delhivery Direct,TRK900362,4,4,180,SLA Met
SHP-40363,ORD-10363,BlueDart Express,TRK900363,4,5,150,SLA Breached
SHP-40364,ORD-10364,XpressBees Surface,TRK900364,2,4,180,SLA Breached
SHP-40365,ORD-10365,Delhivery Direct,TRK900365,4,4,60,SLA Met
SHP-40366,ORD-10366,BlueDart Express,TRK900366,4,7,120,SLA Breached
SHP-40367,ORD-10367,Delhivery Direct,TRK900367,2,2,60,SLA Met
SHP-40368,ORD-10368,Delhivery Direct,TRK900368,2,2,60,SLA Met
SHP-40369,ORD-10369,BlueDart Express,TRK900369,4,6,60,SLA Breached
SHP-40370,ORD-10370,Ecom Express,TRK900370,5,5,120,SLA Met
SHP-40371,ORD-10371,Delhivery Direct,TRK900371,4,4,60,SLA Met
SHP-40372,ORD-10372,Delhivery Direct,TRK900372,3,6,120,SLA Breached
SHP-40373,ORD-10373,BlueDart Express,TRK900373,3,3,60,SLA Met
SHP-40374,ORD-10374,Delhivery Direct,TRK900374,5,5,60,SLA Met
SHP-40378,ORD-10378,Shadowfax Surface,TRK900378,5,5,180,SLA Met
SHP-40379,ORD-10379,Ecom Express,TRK900379,3,3,150,SLA Met
SHP-40380,ORD-10380,Delhivery Direct,TRK900380,2,4,120,SLA Breached
SHP-40381,ORD-10381,BlueDart Express,TRK900381,5,5,90,SLA Met
SHP-40382,ORD-10382,Delhivery Direct,TRK900382,5,5,120,SLA Met
SHP-40383,ORD-10383,Shadowfax Surface,TRK900383,4,4,60,SLA Met
SHP-40384,ORD-10384,Ecom Express,TRK900384,2,2,150,SLA Met
SHP-40385,ORD-10385,XpressBees Surface,TRK900385,5,5,150,SLA Met
SHP-40386,ORD-10386,Delhivery Direct,TRK900386,4,4,180,SLA Met
SHP-40387,ORD-10387,XpressBees Surface,TRK900387,3,3,150,SLA Met
SHP-40388,ORD-10388,Delhivery Direct,TRK900388,3,3,90,SLA Met
SHP-40389,ORD-10389,Delhivery Direct,TRK900389,2,2,120,SLA Met
SHP-40390,ORD-10390,BlueDart Express,TRK900390,2,2,60,SLA Met
SHP-40391,ORD-10391,Ecom Express,TRK900391,3,7,90,SLA Breached
SHP-40394,ORD-10394,Ecom Express,TRK900394,3,3,60,SLA Met
SHP-40395,ORD-10395,Delhivery Direct,TRK900395,2,2,60,SLA Met
SHP-40396,ORD-10396,BlueDart Express,TRK900396,2,2,60,SLA Met
SHP-40397,ORD-10397,Ecom Express,TRK900397,5,5,180,SLA Met
SHP-40399,ORD-10399,Ecom Express,TRK900399,5,9,150,SLA Breached
SHP-40400,ORD-10400,Shadowfax Surface,TRK900400,2,2,60,SLA Met
SHP-40401,ORD-10401,BlueDart Express,TRK900401,4,6,150,SLA Breached
SHP-40402,ORD-10402,BlueDart Express,TRK900402,3,3,180,SLA Met
SHP-40403,ORD-10403,Ecom Express,TRK900403,4,6,60,SLA Breached
SHP-40404,ORD-10404,XpressBees Surface,TRK900404,2,2,90,SLA Met
SHP-40405,ORD-10405,Shadowfax Surface,TRK900405,2,6,90,SLA Breached
SHP-40407,ORD-10407,BlueDart Express,TRK900407,3,3,60,SLA Met
SHP-40409,ORD-10409,Ecom Express,TRK900409,4,7,60,SLA Breached
SHP-40410,ORD-10410,Shadowfax Surface,TRK900410,4,4,120,SLA Met
SHP-40411,ORD-10411,Ecom Express,TRK900411,4,8,180,SLA Breached
SHP-40412,ORD-10412,Shadowfax Surface,TRK900412,4,4,120,SLA Met
SHP-40413,ORD-10413,BlueDart Express,TRK900413,4,4,120,SLA Met
SHP-40414,ORD-10414,BlueDart Express,TRK900414,5,5,180,SLA Met
SHP-40416,ORD-10416,Delhivery Direct,TRK900416,4,4,90,SLA Met
SHP-40417,ORD-10417,Shadowfax Surface,TRK900417,4,4,90,SLA Met
SHP-40420,ORD-10420,Delhivery Direct,TRK900420,5,5,90,SLA Met
SHP-40421,ORD-10421,Shadowfax Surface,TRK900421,5,5,120,SLA Met
SHP-40422,ORD-10422,Delhivery Direct,TRK900422,3,3,150,SLA Met
SHP-40423,ORD-10423,Ecom Express,TRK900423,5,5,150,SLA Met
SHP-40424,ORD-10424,Delhivery Direct,TRK900424,2,2,60,SLA Met
SHP-40426,ORD-10426,BlueDart Express,TRK900426,3,3,60,SLA Met
SHP-40427,ORD-10427,BlueDart Express,TRK900427,4,4,90,SLA Met
SHP-40430,ORD-10430,BlueDart Express,TRK900430,5,5,60,SLA Met
SHP-40434,ORD-10434,XpressBees Surface,TRK900434,2,2,90,SLA Met
SHP-40435,ORD-10435,Ecom Express,TRK900435,3,3,60,SLA Met
SHP-40436,ORD-10436,Delhivery Direct,TRK900436,5,5,150,SLA Met
SHP-40437,ORD-10437,Ecom Express,TRK900437,3,4,180,SLA Breached
SHP-40438,ORD-10438,BlueDart Express,TRK900438,4,4,150,SLA Met
SHP-40440,ORD-10440,BlueDart Express,TRK900440,3,3,90,SLA Met
SHP-40441,ORD-10441,Shadowfax Surface,TRK900441,4,6,150,SLA Breached
SHP-40442,ORD-10442,Ecom Express,TRK900442,4,4,60,SLA Met
SHP-40443,ORD-10443,Delhivery Direct,TRK900443,4,4,150,SLA Met
SHP-40445,ORD-10445,Shadowfax Surface,TRK900445,5,5,150,SLA Met
SHP-40446,ORD-10446,BlueDart Express,TRK900446,2,2,60,SLA Met
SHP-40447,ORD-10447,Shadowfax Surface,TRK900447,4,4,120,SLA Met
SHP-40448,ORD-10448,XpressBees Surface,TRK900448,5,5,150,SLA Met
SHP-40449,ORD-10449,Ecom Express,TRK900449,3,3,60,SLA Met
SHP-40450,ORD-10450,BlueDart Express,TRK900450,2,2,150,SLA Met
SHP-40451,ORD-10451,Ecom Express,TRK900451,5,5,150,SLA Met
SHP-40452,ORD-10452,BlueDart Express,TRK900452,5,5,60,SLA Met
SHP-40453,ORD-10453,XpressBees Surface,TRK900453,4,4,150,SLA Met
SHP-40454,ORD-10454,Delhivery Direct,TRK900454,4,6,90,SLA Breached
SHP-40455,ORD-10455,BlueDart Express,TRK900455,4,6,90,SLA Breached
SHP-40457,ORD-10457,Shadowfax Surface,TRK900457,5,5,120,SLA Met
SHP-40458,ORD-10458,XpressBees Surface,TRK900458,4,4,150,SLA Met
SHP-40459,ORD-10459,BlueDart Express,TRK900459,2,6,150,SLA Breached
SHP-40460,ORD-10460,Shadowfax Surface,TRK900460,3,3,120,SLA Met
SHP-40461,ORD-10461,Ecom Express,TRK900461,5,7,60,SLA Breached
SHP-40462,ORD-10462,Delhivery Direct,TRK900462,3,3,180,SLA Met
SHP-40463,ORD-10463,Ecom Express,TRK900463,3,3,120,SLA Met
SHP-40464,ORD-10464,XpressBees Surface,TRK900464,4,7,90,SLA Breached
SHP-40465,ORD-10465,Shadowfax Surface,TRK900465,4,4,150,SLA Met
SHP-40466,ORD-10466,XpressBees Surface,TRK900466,4,4,120,SLA Met
SHP-40467,ORD-10467,Shadowfax Surface,TRK900467,5,5,90,SLA Met
SHP-40468,ORD-10468,XpressBees Surface,TRK900468,2,2,60,SLA Met
SHP-40469,ORD-10469,BlueDart Express,TRK900469,4,5,150,SLA Breached
SHP-40470,ORD-10470,Delhivery Direct,TRK900470,5,5,60,SLA Met
SHP-40471,ORD-10471,XpressBees Surface,TRK900471,5,5,120,SLA Met
SHP-40473,ORD-10473,XpressBees Surface,TRK900473,3,3,60,SLA Met
SHP-40474,ORD-10474,Shadowfax Surface,TRK900474,5,5,90,SLA Met
SHP-40475,ORD-10475,Delhivery Direct,TRK900475,5,5,120,SLA Met
SHP-40476,ORD-10476,Shadowfax Surface,TRK900476,3,3,120,SLA Met
SHP-40477,ORD-10477,BlueDart Express,TRK900477,4,5,60,SLA Breached
SHP-40479,ORD-10479,BlueDart Express,TRK900479,5,5,150,SLA Met
SHP-40480,ORD-10480,XpressBees Surface,TRK900480,5,5,150,SLA Met
SHP-40481,ORD-10481,BlueDart Express,TRK900481,2,2,90,SLA Met
SHP-40482,ORD-10482,Shadowfax Surface,TRK900482,2,2,60,SLA Met
SHP-40483,ORD-10483,XpressBees Surface,TRK900483,3,5,180,SLA Breached
SHP-40484,ORD-10484,BlueDart Express,TRK900484,3,3,150,SLA Met
SHP-40488,ORD-10488,Ecom Express,TRK900488,5,5,60,SLA Met
SHP-40489,ORD-10489,BlueDart Express,TRK900489,4,4,150,SLA Met
SHP-40493,ORD-10493,Delhivery Direct,TRK900493,3,6,150,SLA Breached
SHP-40494,ORD-10494,Ecom Express,TRK900494,2,2,180,SLA Met
SHP-40495,ORD-10495,Shadowfax Surface,TRK900495,2,6,180,SLA Breached
SHP-40496,ORD-10496,BlueDart Express,TRK900496,2,2,150,SLA Met
SHP-40497,ORD-10497,Shadowfax Surface,TRK900497,4,4,120,SLA Met
SHP-40498,ORD-10498,BlueDart Express,TRK900498,2,2,90,SLA Met
SHP-40500,ORD-10500,Delhivery Direct,TRK900500,2,2,120,SLA Met
SHP-40501,ORD-10501,Delhivery Direct,TRK900501,4,4,60,SLA Met
SHP-40502,ORD-10502,BlueDart Express,TRK900502,3,3,120,SLA Met
SHP-40503,ORD-10503,Shadowfax Surface,TRK900503,2,2,90,SLA Met
SHP-40505,ORD-10505,BlueDart Express,TRK900505,3,3,90,SLA Met
SHP-40506,ORD-10506,Delhivery Direct,TRK900506,4,4,120,SLA Met
SHP-40507,ORD-10507,Delhivery Direct,TRK900507,4,4,120,SLA Met
SHP-40509,ORD-10509,BlueDart Express,TRK900509,4,4,180,SLA Met
SHP-40510,ORD-10510,Ecom Express,TRK900510,2,2,90,SLA Met
SHP-40511,ORD-10511,XpressBees Surface,TRK900511,4,4,180,SLA Met
SHP-40515,ORD-10515,Delhivery Direct,TRK900515,5,5,120,SLA Met
SHP-40516,ORD-10516,Delhivery Direct,TRK900516,3,3,180,SLA Met
SHP-40517,ORD-10517,Delhivery Direct,TRK900517,3,3,120,SLA Met
SHP-40519,ORD-10519,Ecom Express,TRK900519,5,9,120,SLA Breached
SHP-40520,ORD-10520,Ecom Express,TRK900520,2,2,120,SLA Met
SHP-40521,ORD-10521,Ecom Express,TRK900521,5,5,150,SLA Met
SHP-40522,ORD-10522,Ecom Express,TRK900522,4,4,120,SLA Met
SHP-40523,ORD-10523,Delhivery Direct,TRK900523,3,3,90,SLA Met
SHP-40524,ORD-10524,Delhivery Direct,TRK900524,4,4,60,SLA Met
SHP-40525,ORD-10525,XpressBees Surface,TRK900525,5,5,90,SLA Met
SHP-40526,ORD-10526,BlueDart Express,TRK900526,2,2,150,SLA Met
SHP-40527,ORD-10527,Ecom Express,TRK900527,5,5,180,SLA Met
SHP-40528,ORD-10528,BlueDart Express,TRK900528,3,6,60,SLA Breached
SHP-40531,ORD-10531,Delhivery Direct,TRK900531,2,2,180,SLA Met
SHP-40532,ORD-10532,XpressBees Surface,TRK900532,3,5,150,SLA Breached
SHP-40533,ORD-10533,Delhivery Direct,TRK900533,5,5,90,SLA Met
SHP-40534,ORD-10534,XpressBees Surface,TRK900534,5,5,150,SLA Met
SHP-40535,ORD-10535,XpressBees Surface,TRK900535,3,3,90,SLA Met
SHP-40536,ORD-10536,XpressBees Surface,TRK900536,2,2,90,SLA Met
SHP-40537,ORD-10537,Ecom Express,TRK900537,2,2,150,SLA Met
SHP-40538,ORD-10538,Delhivery Direct,TRK900538,4,6,180,SLA Breached
SHP-40539,ORD-10539,XpressBees Surface,TRK900539,2,5,60,SLA Breached
SHP-40540,ORD-10540,Delhivery Direct,TRK900540,3,3,120,SLA Met
SHP-40541,ORD-10541,XpressBees Surface,TRK900541,4,4,150,SLA Met
SHP-40543,ORD-10543,Delhivery Direct,TRK900543,5,5,120,SLA Met
SHP-40544,ORD-10544,BlueDart Express,TRK900544,5,5,180,SLA Met
SHP-40545,ORD-10545,XpressBees Surface,TRK900545,2,2,150,SLA Met
SHP-40546,ORD-10546,XpressBees Surface,TRK900546,2,2,120,SLA Met
SHP-40547,ORD-10547,XpressBees Surface,TRK900547,5,5,150,SLA Met
SHP-40549,ORD-10549,Delhivery Direct,TRK900549,5,5,180,SLA Met
SHP-40551,ORD-10551,Shadowfax Surface,TRK900551,3,3,180,SLA Met
SHP-40552,ORD-10552,Ecom Express,TRK900552,2,5,60,SLA Breached
SHP-40553,ORD-10553,XpressBees Surface,TRK900553,2,2,180,SLA Met
SHP-40554,ORD-10554,BlueDart Express,TRK900554,2,3,150,SLA Breached
SHP-40555,ORD-10555,BlueDart Express,TRK900555,4,4,150,SLA Met
SHP-40556,ORD-10556,Ecom Express,TRK900556,3,3,180,SLA Met
SHP-40557,ORD-10557,BlueDart Express,TRK900557,5,5,150,SLA Met
SHP-40558,ORD-10558,Delhivery Direct,TRK900558,2,2,90,SLA Met
SHP-40559,ORD-10559,Shadowfax Surface,TRK900559,4,4,90,SLA Met
SHP-40560,ORD-10560,Delhivery Direct,TRK900560,3,3,120,SLA Met
SHP-40561,ORD-10561,BlueDart Express,TRK900561,3,5,90,SLA Breached
SHP-40562,ORD-10562,Shadowfax Surface,TRK900562,2,2,90,SLA Met
SHP-40563,ORD-10563,Shadowfax Surface,TRK900563,4,4,180,SLA Met
SHP-40564,ORD-10564,Delhivery Direct,TRK900564,4,4,60,SLA Met
SHP-40565,ORD-10565,Delhivery Direct,TRK900565,2,2,120,SLA Met
SHP-40566,ORD-10566,Ecom Express,TRK900566,3,3,60,SLA Met
SHP-40568,ORD-10568,BlueDart Express,TRK900568,4,4,120,SLA Met
SHP-40570,ORD-10570,Delhivery Direct,TRK900570,4,4,60,SLA Met
SHP-40571,ORD-10571,BlueDart Express,TRK900571,5,5,150,SLA Met
SHP-40572,ORD-10572,Ecom Express,TRK900572,4,5,120,SLA Breached
SHP-40573,ORD-10573,XpressBees Surface,TRK900573,4,4,180,SLA Met
SHP-40574,ORD-10574,XpressBees Surface,TRK900574,2,2,180,SLA Met
SHP-40575,ORD-10575,Delhivery Direct,TRK900575,3,7,90,SLA Breached
SHP-40576,ORD-10576,XpressBees Surface,TRK900576,5,5,60,SLA Met
SHP-40578,ORD-10578,Shadowfax Surface,TRK900578,5,5,60,SLA Met
SHP-40579,ORD-10579,Shadowfax Surface,TRK900579,2,2,60,SLA Met
SHP-40580,ORD-10580,Ecom Express,TRK900580,5,5,120,SLA Met
SHP-40583,ORD-10583,Delhivery Direct,TRK900583,2,2,60,SLA Met
SHP-40584,ORD-10584,XpressBees Surface,TRK900584,2,2,90,SLA Met
SHP-40585,ORD-10585,XpressBees Surface,TRK900585,4,4,90,SLA Met
SHP-40586,ORD-10586,XpressBees Surface,TRK900586,5,8,180,SLA Breached
SHP-40587,ORD-10587,XpressBees Surface,TRK900587,5,5,60,SLA Met
SHP-40588,ORD-10588,Delhivery Direct,TRK900588,5,5,120,SLA Met
SHP-40589,ORD-10589,Ecom Express,TRK900589,3,3,120,SLA Met
SHP-40591,ORD-10591,Delhivery Direct,TRK900591,2,2,180,SLA Met
SHP-40592,ORD-10592,Delhivery Direct,TRK900592,2,4,120,SLA Breached
SHP-40593,ORD-10593,Ecom Express,TRK900593,5,5,120,SLA Met
SHP-40595,ORD-10595,BlueDart Express,TRK900595,4,4,150,SLA Met
SHP-40596,ORD-10596,Delhivery Direct,TRK900596,2,2,60,SLA Met
SHP-40597,ORD-10597,Ecom Express,TRK900597,3,3,90,SLA Met
SHP-40598,ORD-10598,Delhivery Direct,TRK900598,4,4,60,SLA Met
SHP-40599,ORD-10599,Ecom Express,TRK900599,5,7,150,SLA Breached
SHP-40601,ORD-10601,Delhivery Direct,TRK900601,2,2,90,SLA Met
SHP-40602,ORD-10602,Delhivery Direct,TRK900602,3,3,120,SLA Met
SHP-40603,ORD-10603,Delhivery Direct,TRK900603,2,2,150,SLA Met
SHP-40604,ORD-10604,Ecom Express,TRK900604,3,3,180,SLA Met
SHP-40606,ORD-10606,Ecom Express,TRK900606,2,2,120,SLA Met
SHP-40607,ORD-10607,Shadowfax Surface,TRK900607,5,5,60,SLA Met
SHP-40608,ORD-10608,BlueDart Express,TRK900608,2,3,120,SLA Breached
SHP-40610,ORD-10610,Shadowfax Surface,TRK900610,4,4,180,SLA Met
SHP-40611,ORD-10611,Ecom Express,TRK900611,5,6,120,SLA Breached
SHP-40612,ORD-10612,XpressBees Surface,TRK900612,4,4,90,SLA Met
SHP-40613,ORD-10613,BlueDart Express,TRK900613,4,8,60,SLA Breached
SHP-40614,ORD-10614,Delhivery Direct,TRK900614,2,2,60,SLA Met
SHP-40615,ORD-10615,XpressBees Surface,TRK900615,3,3,90,SLA Met
SHP-40616,ORD-10616,Ecom Express,TRK900616,5,5,90,SLA Met
SHP-40617,ORD-10617,Shadowfax Surface,TRK900617,2,2,60,SLA Met
SHP-40618,ORD-10618,Shadowfax Surface,TRK900618,4,4,180,SLA Met
SHP-40619,ORD-10619,Ecom Express,TRK900619,2,5,90,SLA Breached
SHP-40621,ORD-10621,BlueDart Express,TRK900621,4,4,180,SLA Met
SHP-40622,ORD-10622,Delhivery Direct,TRK900622,5,5,90,SLA Met
SHP-40627,ORD-10627,BlueDart Express,TRK900627,5,5,180,SLA Met
SHP-40628,ORD-10628,Delhivery Direct,TRK900628,3,3,150,SLA Met
SHP-40629,ORD-10629,XpressBees Surface,TRK900629,2,2,150,SLA Met
SHP-40631,ORD-10631,XpressBees Surface,TRK900631,4,4,60,SLA Met
SHP-40632,ORD-10632,Ecom Express,TRK900632,2,2,150,SLA Met
SHP-40634,ORD-10634,Delhivery Direct,TRK900634,2,2,150,SLA Met
SHP-40635,ORD-10635,Ecom Express,TRK900635,2,2,150,SLA Met
SHP-40636,ORD-10636,Shadowfax Surface,TRK900636,3,5,150,SLA Breached
SHP-40638,ORD-10638,Delhivery Direct,TRK900638,3,3,90,SLA Met
SHP-40639,ORD-10639,Ecom Express,TRK900639,3,3,150,SLA Met
SHP-40640,ORD-10640,XpressBees Surface,TRK900640,5,5,150,SLA Met
SHP-40641,ORD-10641,Delhivery Direct,TRK900641,4,7,90,SLA Breached
SHP-40642,ORD-10642,BlueDart Express,TRK900642,2,2,180,SLA Met
SHP-40643,ORD-10643,XpressBees Surface,TRK900643,5,5,180,SLA Met
SHP-40645,ORD-10645,Ecom Express,TRK900645,3,3,150,SLA Met
SHP-40646,ORD-10646,Delhivery Direct,TRK900646,4,4,120,SLA Met
SHP-40647,ORD-10647,Shadowfax Surface,TRK900647,4,6,180,SLA Breached
SHP-40648,ORD-10648,Shadowfax Surface,TRK900648,5,5,60,SLA Met
SHP-40649,ORD-10649,BlueDart Express,TRK900649,3,3,60,SLA Met
SHP-40650,ORD-10650,Delhivery Direct,TRK900650,3,4,120,SLA Breached
SHP-40651,ORD-10651,XpressBees Surface,TRK900651,2,2,120,SLA Met
SHP-40652,ORD-10652,Delhivery Direct,TRK900652,2,2,120,SLA Met
SHP-40653,ORD-10653,XpressBees Surface,TRK900653,5,5,90,SLA Met
SHP-40654,ORD-10654,XpressBees Surface,TRK900654,2,2,180,SLA Met
SHP-40655,ORD-10655,BlueDart Express,TRK900655,4,4,60,SLA Met
SHP-40656,ORD-10656,XpressBees Surface,TRK900656,2,2,90,SLA Met
SHP-40657,ORD-10657,BlueDart Express,TRK900657,4,4,120,SLA Met
SHP-40660,ORD-10660,BlueDart Express,TRK900660,5,9,180,SLA Breached
SHP-40661,ORD-10661,XpressBees Surface,TRK900661,2,2,60,SLA Met
SHP-40663,ORD-10663,Ecom Express,TRK900663,2,2,60,SLA Met
SHP-40664,ORD-10664,Ecom Express,TRK900664,3,3,90,SLA Met
SHP-40666,ORD-10666,Ecom Express,TRK900666,2,2,90,SLA Met
SHP-40667,ORD-10667,Delhivery Direct,TRK900667,5,5,180,SLA Met
SHP-40668,ORD-10668,Delhivery Direct,TRK900668,2,2,60,SLA Met
SHP-40670,ORD-10670,BlueDart Express,TRK900670,2,2,90,SLA Met
SHP-40671,ORD-10671,BlueDart Express,TRK900671,4,4,150,SLA Met
SHP-40672,ORD-10672,Shadowfax Surface,TRK900672,5,7,90,SLA Breached
SHP-40673,ORD-10673,Shadowfax Surface,TRK900673,3,3,90,SLA Met
SHP-40675,ORD-10675,Ecom Express,TRK900675,2,4,90,SLA Breached
SHP-40676,ORD-10676,Shadowfax Surface,TRK900676,5,5,150,SLA Met
SHP-40678,ORD-10678,BlueDart Express,TRK900678,2,2,120,SLA Met
SHP-40679,ORD-10679,XpressBees Surface,TRK900679,2,5,60,SLA Breached
SHP-40680,ORD-10680,Delhivery Direct,TRK900680,4,4,120,SLA Met
SHP-40681,ORD-10681,Ecom Express,TRK900681,4,4,90,SLA Met
SHP-40682,ORD-10682,Shadowfax Surface,TRK900682,5,5,120,SLA Met
SHP-40683,ORD-10683,XpressBees Surface,TRK900683,2,2,180,SLA Met
SHP-40684,ORD-10684,XpressBees Surface,TRK900684,4,4,150,SLA Met
SHP-40685,ORD-10685,XpressBees Surface,TRK900685,5,5,60,SLA Met
SHP-40686,ORD-10686,BlueDart Express,TRK900686,2,2,120,SLA Met
SHP-40688,ORD-10688,Delhivery Direct,TRK900688,5,5,60,SLA Met
SHP-40689,ORD-10689,BlueDart Express,TRK900689,2,2,180,SLA Met
SHP-40690,ORD-10690,Delhivery Direct,TRK900690,4,4,150,SLA Met
SHP-40692,ORD-10692,Ecom Express,TRK900692,2,2,180,SLA Met
SHP-40693,ORD-10693,Shadowfax Surface,TRK900693,5,8,180,SLA Breached
SHP-40694,ORD-10694,Delhivery Direct,TRK900694,3,3,150,SLA Met
SHP-40695,ORD-10695,XpressBees Surface,TRK900695,5,5,60,SLA Met
SHP-40696,ORD-10696,XpressBees Surface,TRK900696,2,2,150,SLA Met
SHP-40698,ORD-10698,Delhivery Direct,TRK900698,3,3,180,SLA Met
SHP-40699,ORD-10699,Shadowfax Surface,TRK900699,4,4,90,SLA Met
SHP-40700,ORD-10700,BlueDart Express,TRK900700,3,3,120,SLA Met
SHP-40702,ORD-10702,Ecom Express,TRK900702,2,2,120,SLA Met
SHP-40703,ORD-10703,BlueDart Express,TRK900703,4,4,180,SLA Met
SHP-40704,ORD-10704,Ecom Express,TRK900704,2,2,120,SLA Met
SHP-40706,ORD-10706,XpressBees Surface,TRK900706,4,4,60,SLA Met
SHP-40707,ORD-10707,Delhivery Direct,TRK900707,5,6,60,SLA Breached
SHP-40709,ORD-10709,BlueDart Express,TRK900709,5,5,180,SLA Met
SHP-40710,ORD-10710,Delhivery Direct,TRK900710,4,4,180,SLA Met
SHP-40711,ORD-10711,Delhivery Direct,TRK900711,5,5,90,SLA Met
SHP-40712,ORD-10712,Ecom Express,TRK900712,2,2,60,SLA Met
SHP-40713,ORD-10713,XpressBees Surface,TRK900713,5,5,180,SLA Met
SHP-40714,ORD-10714,BlueDart Express,TRK900714,5,5,150,SLA Met
SHP-40715,ORD-10715,Shadowfax Surface,TRK900715,4,4,120,SLA Met
SHP-40716,ORD-10716,Ecom Express,TRK900716,2,2,120,SLA Met
SHP-40717,ORD-10717,XpressBees Surface,TRK900717,5,5,120,SLA Met
SHP-40718,ORD-10718,XpressBees Surface,TRK900718,3,3,150,SLA Met
SHP-40720,ORD-10720,Shadowfax Surface,TRK900720,4,4,60,SLA Met
SHP-40721,ORD-10721,Delhivery Direct,TRK900721,4,4,150,SLA Met
SHP-40722,ORD-10722,BlueDart Express,TRK900722,5,5,60,SLA Met
SHP-40723,ORD-10723,Shadowfax Surface,TRK900723,3,3,90,SLA Met
SHP-40725,ORD-10725,XpressBees Surface,TRK900725,5,5,60,SLA Met
SHP-40727,ORD-10727,Delhivery Direct,TRK900727,5,5,180,SLA Met
SHP-40728,ORD-10728,Ecom Express,TRK900728,4,4,60,SLA Met
SHP-40729,ORD-10729,Delhivery Direct,TRK900729,5,5,120,SLA Met
SHP-40732,ORD-10732,Ecom Express,TRK900732,2,2,90,SLA Met
SHP-40733,ORD-10733,Delhivery Direct,TRK900733,3,3,60,SLA Met
SHP-40735,ORD-10735,BlueDart Express,TRK900735,5,6,120,SLA Breached
SHP-40737,ORD-10737,Delhivery Direct,TRK900737,2,2,150,SLA Met
SHP-40738,ORD-10738,BlueDart Express,TRK900738,2,6,150,SLA Breached
SHP-40739,ORD-10739,Ecom Express,TRK900739,5,5,120,SLA Met
SHP-40740,ORD-10740,XpressBees Surface,TRK900740,5,7,90,SLA Breached
SHP-40741,ORD-10741,Shadowfax Surface,TRK900741,2,6,60,SLA Breached
SHP-40742,ORD-10742,XpressBees Surface,TRK900742,3,3,180,SLA Met
SHP-40745,ORD-10745,Ecom Express,TRK900745,5,5,90,SLA Met
SHP-40748,ORD-10748,Ecom Express,TRK900748,2,2,180,SLA Met
SHP-40749,ORD-10749,XpressBees Surface,TRK900749,2,2,60,SLA Met
SHP-40750,ORD-10750,BlueDart Express,TRK900750,4,4,60,SLA Met
SHP-40751,ORD-10751,BlueDart Express,TRK900751,4,6,90,SLA Breached
SHP-40754,ORD-10754,XpressBees Surface,TRK900754,5,5,120,SLA Met
SHP-40755,ORD-10755,BlueDart Express,TRK900755,3,3,90,SLA Met
SHP-40756,ORD-10756,Shadowfax Surface,TRK900756,2,2,180,SLA Met
SHP-40757,ORD-10757,Shadowfax Surface,TRK900757,2,6,60,SLA Breached
SHP-40758,ORD-10758,Ecom Express,TRK900758,5,5,60,SLA Met
SHP-40759,ORD-10759,Delhivery Direct,TRK900759,2,2,180,SLA Met
SHP-40761,ORD-10761,BlueDart Express,TRK900761,2,2,90,SLA Met
SHP-40762,ORD-10762,Shadowfax Surface,TRK900762,4,8,150,SLA Breached
SHP-40763,ORD-10763,XpressBees Surface,TRK900763,3,4,150,SLA Breached
SHP-40764,ORD-10764,Shadowfax Surface,TRK900764,4,4,60,SLA Met
SHP-40765,ORD-10765,Shadowfax Surface,TRK900765,3,3,60,SLA Met
SHP-40766,ORD-10766,Shadowfax Surface,TRK900766,2,2,90,SLA Met
SHP-40767,ORD-10767,Ecom Express,TRK900767,4,4,180,SLA Met
SHP-40768,ORD-10768,Shadowfax Surface,TRK900768,4,4,60,SLA Met
SHP-40769,ORD-10769,Ecom Express,TRK900769,5,5,180,SLA Met
SHP-40770,ORD-10770,XpressBees Surface,TRK900770,4,4,90,SLA Met
SHP-40772,ORD-10772,XpressBees Surface,TRK900772,3,3,120,SLA Met
SHP-40773,ORD-10773,Ecom Express,TRK900773,4,4,150,SLA Met
SHP-40775,ORD-10775,BlueDart Express,TRK900775,3,3,180,SLA Met
SHP-40776,ORD-10776,BlueDart Express,TRK900776,5,5,90,SLA Met
SHP-40777,ORD-10777,BlueDart Express,TRK900777,2,3,180,SLA Breached
SHP-40779,ORD-10779,Delhivery Direct,TRK900779,5,5,150,SLA Met
SHP-40780,ORD-10780,BlueDart Express,TRK900780,4,8,120,SLA Breached
SHP-40781,ORD-10781,Delhivery Direct,TRK900781,2,2,60,SLA Met
SHP-40782,ORD-10782,Ecom Express,TRK900782,4,4,90,SLA Met
SHP-40783,ORD-10783,XpressBees Surface,TRK900783,2,2,60,SLA Met
SHP-40784,ORD-10784,Delhivery Direct,TRK900784,5,5,150,SLA Met
SHP-40785,ORD-10785,BlueDart Express,TRK900785,4,4,90,SLA Met
SHP-40787,ORD-10787,Delhivery Direct,TRK900787,3,7,60,SLA Breached
SHP-40788,ORD-10788,Delhivery Direct,TRK900788,3,3,60,SLA Met
SHP-40789,ORD-10789,Ecom Express,TRK900789,5,5,90,SLA Met
SHP-40790,ORD-10790,BlueDart Express,TRK900790,4,4,150,SLA Met
SHP-40791,ORD-10791,Delhivery Direct,TRK900791,5,5,120,SLA Met
SHP-40792,ORD-10792,Shadowfax Surface,TRK900792,3,3,120,SLA Met
SHP-40793,ORD-10793,Shadowfax Surface,TRK900793,4,4,60,SLA Met
SHP-40794,ORD-10794,BlueDart Express,TRK900794,2,2,120,SLA Met
SHP-40795,ORD-10795,XpressBees Surface,TRK900795,3,7,90,SLA Breached
SHP-40796,ORD-10796,Delhivery Direct,TRK900796,4,4,180,SLA Met
SHP-40797,ORD-10797,Ecom Express,TRK900797,4,4,180,SLA Met
SHP-40799,ORD-10799,Shadowfax Surface,TRK900799,2,2,180,SLA Met
SHP-40800,ORD-10800,XpressBees Surface,TRK900800,5,5,150,SLA Met
SHP-40801,ORD-10801,XpressBees Surface,TRK900801,2,2,60,SLA Met
SHP-40802,ORD-10802,BlueDart Express,TRK900802,5,5,150,SLA Met
SHP-40803,ORD-10803,Delhivery Direct,TRK900803,2,2,120,SLA Met
SHP-40804,ORD-10804,Shadowfax Surface,TRK900804,4,4,60,SLA Met
SHP-40805,ORD-10805,Delhivery Direct,TRK900805,5,5,120,SLA Met
SHP-40806,ORD-10806,BlueDart Express,TRK900806,3,3,120,SLA Met
SHP-40807,ORD-10807,Delhivery Direct,TRK900807,5,5,90,SLA Met
SHP-40809,ORD-10809,Shadowfax Surface,TRK900809,5,5,60,SLA Met
SHP-40810,ORD-10810,Shadowfax Surface,TRK900810,3,3,150,SLA Met
SHP-40811,ORD-10811,Delhivery Direct,TRK900811,4,4,60,SLA Met
SHP-40812,ORD-10812,Delhivery Direct,TRK900812,5,5,150,SLA Met
SHP-40813,ORD-10813,Delhivery Direct,TRK900813,2,2,150,SLA Met
SHP-40815,ORD-10815,BlueDart Express,TRK900815,4,4,60,SLA Met
SHP-40816,ORD-10816,BlueDart Express,TRK900816,4,7,60,SLA Breached
SHP-40817,ORD-10817,Shadowfax Surface,TRK900817,2,4,90,SLA Breached
SHP-40818,ORD-10818,Ecom Express,TRK900818,5,5,120,SLA Met
SHP-40819,ORD-10819,BlueDart Express,TRK900819,5,5,180,SLA Met
SHP-40820,ORD-10820,Delhivery Direct,TRK900820,3,3,90,SLA Met
SHP-40821,ORD-10821,Ecom Express,TRK900821,2,2,180,SLA Met
SHP-40822,ORD-10822,Ecom Express,TRK900822,2,3,60,SLA Breached
SHP-40823,ORD-10823,Ecom Express,TRK900823,2,3,60,SLA Breached
SHP-40824,ORD-10824,BlueDart Express,TRK900824,2,2,120,SLA Met
SHP-40825,ORD-10825,XpressBees Surface,TRK900825,3,3,60,SLA Met
SHP-40826,ORD-10826,Delhivery Direct,TRK900826,4,5,120,SLA Breached
SHP-40828,ORD-10828,XpressBees Surface,TRK900828,2,2,150,SLA Met
SHP-40829,ORD-10829,XpressBees Surface,TRK900829,2,2,150,SLA Met
SHP-40830,ORD-10830,Shadowfax Surface,TRK900830,5,7,60,SLA Breached
SHP-40831,ORD-10831,XpressBees Surface,TRK900831,4,4,150,SLA Met
SHP-40832,ORD-10832,BlueDart Express,TRK900832,4,4,120,SLA Met
SHP-40833,ORD-10833,BlueDart Express,TRK900833,2,2,90,SLA Met
SHP-40834,ORD-10834,Delhivery Direct,TRK900834,5,5,60,SLA Met
SHP-40835,ORD-10835,BlueDart Express,TRK900835,4,4,90,SLA Met
SHP-40836,ORD-10836,Delhivery Direct,TRK900836,4,4,180,SLA Met
SHP-40837,ORD-10837,Shadowfax Surface,TRK900837,3,6,120,SLA Breached
SHP-40838,ORD-10838,Ecom Express,TRK900838,5,5,90,SLA Met
SHP-40839,ORD-10839,BlueDart Express,TRK900839,5,5,120,SLA Met
SHP-40840,ORD-10840,XpressBees Surface,TRK900840,5,5,180,SLA Met
SHP-40841,ORD-10841,BlueDart Express,TRK900841,5,7,60,SLA Breached
SHP-40842,ORD-10842,Ecom Express,TRK900842,5,5,180,SLA Met
SHP-40843,ORD-10843,Shadowfax Surface,TRK900843,5,6,90,SLA Breached
SHP-40845,ORD-10845,BlueDart Express,TRK900845,2,4,90,SLA Breached
SHP-40846,ORD-10846,Ecom Express,TRK900846,5,5,120,SLA Met
SHP-40847,ORD-10847,Shadowfax Surface,TRK900847,2,4,90,SLA Breached
SHP-40848,ORD-10848,Shadowfax Surface,TRK900848,5,5,90,SLA Met
SHP-40849,ORD-10849,Delhivery Direct,TRK900849,3,3,60,SLA Met
SHP-40851,ORD-10851,Shadowfax Surface,TRK900851,2,2,120,SLA Met
SHP-40852,ORD-10852,Ecom Express,TRK900852,2,2,150,SLA Met
SHP-40853,ORD-10853,Delhivery Direct,TRK900853,4,4,120,SLA Met
SHP-40855,ORD-10855,Ecom Express,TRK900855,4,4,90,SLA Met
SHP-40856,ORD-10856,Ecom Express,TRK900856,2,2,150,SLA Met
SHP-40857,ORD-10857,XpressBees Surface,TRK900857,3,6,180,SLA Breached
SHP-40858,ORD-10858,BlueDart Express,TRK900858,4,4,90,SLA Met
SHP-40859,ORD-10859,Ecom Express,TRK900859,5,5,180,SLA Met
SHP-40860,ORD-10860,Ecom Express,TRK900860,2,6,90,SLA Breached
SHP-40861,ORD-10861,BlueDart Express,TRK900861,3,3,60,SLA Met
SHP-40862,ORD-10862,XpressBees Surface,TRK900862,2,2,90,SLA Met
SHP-40863,ORD-10863,Shadowfax Surface,TRK900863,2,2,180,SLA Met
SHP-40864,ORD-10864,Ecom Express,TRK900864,2,2,120,SLA Met
SHP-40865,ORD-10865,Delhivery Direct,TRK900865,3,3,60,SLA Met
SHP-40866,ORD-10866,BlueDart Express,TRK900866,3,5,120,SLA Breached
SHP-40867,ORD-10867,BlueDart Express,TRK900867,2,2,150,SLA Met
SHP-40868,ORD-10868,BlueDart Express,TRK900868,2,2,120,SLA Met
SHP-40869,ORD-10869,BlueDart Express,TRK900869,3,3,150,SLA Met
SHP-40870,ORD-10870,Shadowfax Surface,TRK900870,5,5,60,SLA Met
SHP-40871,ORD-10871,Delhivery Direct,TRK900871,5,5,150,SLA Met
SHP-40872,ORD-10872,BlueDart Express,TRK900872,3,3,120,SLA Met
SHP-40873,ORD-10873,Shadowfax Surface,TRK900873,2,2,180,SLA Met
SHP-40874,ORD-10874,Delhivery Direct,TRK900874,5,5,60,SLA Met
SHP-40875,ORD-10875,Delhivery Direct,TRK900875,5,5,120,SLA Met
SHP-40876,ORD-10876,XpressBees Surface,TRK900876,2,2,120,SLA Met
SHP-40877,ORD-10877,XpressBees Surface,TRK900877,2,2,60,SLA Met
SHP-40878,ORD-10878,BlueDart Express,TRK900878,3,7,150,SLA Breached
SHP-40879,ORD-10879,Delhivery Direct,TRK900879,3,7,120,SLA Breached
SHP-40880,ORD-10880,XpressBees Surface,TRK900880,5,5,180,SLA Met
SHP-40881,ORD-10881,Ecom Express,TRK900881,3,3,90,SLA Met
SHP-40882,ORD-10882,Shadowfax Surface,TRK900882,5,5,180,SLA Met
SHP-40883,ORD-10883,Delhivery Direct,TRK900883,3,3,90,SLA Met
SHP-40884,ORD-10884,BlueDart Express,TRK900884,4,4,90,SLA Met
SHP-40885,ORD-10885,XpressBees Surface,TRK900885,2,2,180,SLA Met
SHP-40886,ORD-10886,Shadowfax Surface,TRK900886,5,5,180,SLA Met
SHP-40887,ORD-10887,XpressBees Surface,TRK900887,4,4,180,SLA Met
SHP-40888,ORD-10888,XpressBees Surface,TRK900888,2,2,180,SLA Met
SHP-40889,ORD-10889,Shadowfax Surface,TRK900889,4,4,120,SLA Met
SHP-40890,ORD-10890,Delhivery Direct,TRK900890,5,5,120,SLA Met
SHP-40891,ORD-10891,BlueDart Express,TRK900891,5,5,90,SLA Met
SHP-40892,ORD-10892,Ecom Express,TRK900892,3,3,60,SLA Met
SHP-40893,ORD-10893,Delhivery Direct,TRK900893,2,2,60,SLA Met
SHP-40895,ORD-10895,XpressBees Surface,TRK900895,5,5,150,SLA Met
SHP-40896,ORD-10896,Shadowfax Surface,TRK900896,4,4,120,SLA Met
SHP-40897,ORD-10897,BlueDart Express,TRK900897,4,4,150,SLA Met
SHP-40898,ORD-10898,XpressBees Surface,TRK900898,2,2,60,SLA Met
SHP-40899,ORD-10899,Shadowfax Surface,TRK900899,5,5,120,SLA Met
SHP-40900,ORD-10900,Ecom Express,TRK900900,5,5,120,SLA Met
SHP-40901,ORD-10901,BlueDart Express,TRK900901,2,5,90,SLA Breached
SHP-40902,ORD-10902,BlueDart Express,TRK900902,3,3,60,SLA Met
SHP-40905,ORD-10905,XpressBees Surface,TRK900905,5,9,90,SLA Breached
SHP-40906,ORD-10906,BlueDart Express,TRK900906,4,4,90,SLA Met
SHP-40908,ORD-10908,XpressBees Surface,TRK900908,3,3,180,SLA Met
SHP-40909,ORD-10909,XpressBees Surface,TRK900909,3,3,150,SLA Met
SHP-40910,ORD-10910,Ecom Express,TRK900910,4,6,60,SLA Breached
SHP-40911,ORD-10911,Delhivery Direct,TRK900911,3,3,180,SLA Met
SHP-40912,ORD-10912,BlueDart Express,TRK900912,5,5,90,SLA Met
SHP-40913,ORD-10913,Ecom Express,TRK900913,5,6,90,SLA Breached
SHP-40914,ORD-10914,BlueDart Express,TRK900914,2,2,60,SLA Met
SHP-40915,ORD-10915,Delhivery Direct,TRK900915,4,4,180,SLA Met
SHP-40916,ORD-10916,Ecom Express,TRK900916,4,5,60,SLA Breached
SHP-40917,ORD-10917,Ecom Express,TRK900917,2,2,150,SLA Met
SHP-40918,ORD-10918,Ecom Express,TRK900918,4,4,150,SLA Met
SHP-40919,ORD-10919,XpressBees Surface,TRK900919,5,5,150,SLA Met
SHP-40920,ORD-10920,XpressBees Surface,TRK900920,4,4,180,SLA Met
SHP-40921,ORD-10921,Shadowfax Surface,TRK900921,2,2,180,SLA Met
SHP-40923,ORD-10923,Delhivery Direct,TRK900923,2,2,60,SLA Met
SHP-40924,ORD-10924,BlueDart Express,TRK900924,2,2,120,SLA Met
SHP-40925,ORD-10925,BlueDart Express,TRK900925,4,6,180,SLA Breached
SHP-40926,ORD-10926,Ecom Express,TRK900926,3,5,180,SLA Breached
SHP-40927,ORD-10927,Ecom Express,TRK900927,2,2,120,SLA Met
SHP-40928,ORD-10928,Ecom Express,TRK900928,4,4,120,SLA Met
SHP-40929,ORD-10929,BlueDart Express,TRK900929,5,5,150,SLA Met
SHP-40930,ORD-10930,XpressBees Surface,TRK900930,2,2,150,SLA Met
SHP-40931,ORD-10931,Shadowfax Surface,TRK900931,4,4,90,SLA Met
SHP-40932,ORD-10932,Shadowfax Surface,TRK900932,5,5,120,SLA Met
SHP-40933,ORD-10933,Delhivery Direct,TRK900933,4,4,90,SLA Met
SHP-40934,ORD-10934,Shadowfax Surface,TRK900934,3,3,180,SLA Met
SHP-40935,ORD-10935,BlueDart Express,TRK900935,3,3,120,SLA Met
SHP-40936,ORD-10936,BlueDart Express,TRK900936,2,4,180,SLA Breached
SHP-40937,ORD-10937,Delhivery Direct,TRK900937,5,6,180,SLA Breached
SHP-40938,ORD-10938,BlueDart Express,TRK900938,4,4,60,SLA Met
SHP-40939,ORD-10939,Delhivery Direct,TRK900939,3,3,60,SLA Met
SHP-40940,ORD-10940,Delhivery Direct,TRK900940,5,5,180,SLA Met
SHP-40941,ORD-10941,BlueDart Express,TRK900941,4,5,120,SLA Breached
SHP-40942,ORD-10942,Ecom Express,TRK900942,2,2,60,SLA Met
SHP-40943,ORD-10943,BlueDart Express,TRK900943,5,5,180,SLA Met
SHP-40944,ORD-10944,Delhivery Direct,TRK900944,5,5,180,SLA Met
SHP-40945,ORD-10945,Shadowfax Surface,TRK900945,4,6,60,SLA Breached
SHP-40946,ORD-10946,XpressBees Surface,TRK900946,2,2,120,SLA Met
SHP-40947,ORD-10947,Delhivery Direct,TRK900947,4,4,180,SLA Met
SHP-40948,ORD-10948,XpressBees Surface,TRK900948,3,3,120,SLA Met
SHP-40949,ORD-10949,BlueDart Express,TRK900949,5,5,180,SLA Met
SHP-40950,ORD-10950,XpressBees Surface,TRK900950,5,5,60,SLA Met
SHP-40953,ORD-10953,Ecom Express,TRK900953,2,2,60,SLA Met
SHP-40955,ORD-10955,BlueDart Express,TRK900955,3,5,180,SLA Breached
SHP-40956,ORD-10956,BlueDart Express,TRK900956,2,2,150,SLA Met
SHP-40958,ORD-10958,XpressBees Surface,TRK900958,5,5,180,SLA Met
SHP-40959,ORD-10959,BlueDart Express,TRK900959,4,4,150,SLA Met
SHP-40960,ORD-10960,XpressBees Surface,TRK900960,4,4,90,SLA Met
SHP-40961,ORD-10961,BlueDart Express,TRK900961,5,5,180,SLA Met
SHP-40962,ORD-10962,BlueDart Express,TRK900962,2,2,180,SLA Met
SHP-40963,ORD-10963,BlueDart Express,TRK900963,2,2,90,SLA Met
SHP-40964,ORD-10964,BlueDart Express,TRK900964,2,2,120,SLA Met
SHP-40965,ORD-10965,Delhivery Direct,TRK900965,5,5,90,SLA Met
SHP-40966,ORD-10966,Ecom Express,TRK900966,3,3,60,SLA Met
SHP-40967,ORD-10967,Shadowfax Surface,TRK900967,5,5,180,SLA Met
SHP-40968,ORD-10968,XpressBees Surface,TRK900968,5,5,150,SLA Met
SHP-40970,ORD-10970,Delhivery Direct,TRK900970,4,4,90,SLA Met
SHP-40971,ORD-10971,XpressBees Surface,TRK900971,3,3,60,SLA Met
SHP-40972,ORD-10972,Delhivery Direct,TRK900972,3,4,120,SLA Breached
SHP-40973,ORD-10973,BlueDart Express,TRK900973,4,5,60,SLA Breached
SHP-40974,ORD-10974,Ecom Express,TRK900974,5,5,150,SLA Met
SHP-40975,ORD-10975,Shadowfax Surface,TRK900975,4,4,120,SLA Met
SHP-40976,ORD-10976,Shadowfax Surface,TRK900976,5,5,90,SLA Met
SHP-40977,ORD-10977,XpressBees Surface,TRK900977,5,5,180,SLA Met
SHP-40978,ORD-10978,Ecom Express,TRK900978,3,3,150,SLA Met
SHP-40979,ORD-10979,Shadowfax Surface,TRK900979,2,2,90,SLA Met
SHP-40980,ORD-10980,Shadowfax Surface,TRK900980,5,5,90,SLA Met
SHP-40981,ORD-10981,Ecom Express,TRK900981,2,2,90,SLA Met
SHP-40982,ORD-10982,Shadowfax Surface,TRK900982,2,2,120,SLA Met
SHP-40983,ORD-10983,Ecom Express,TRK900983,2,2,150,SLA Met
SHP-40984,ORD-10984,Ecom Express,TRK900984,2,2,90,SLA Met
SHP-40985,ORD-10985,Delhivery Direct,TRK900985,5,5,120,SLA Met
SHP-40986,ORD-10986,XpressBees Surface,TRK900986,3,3,120,SLA Met
SHP-40987,ORD-10987,BlueDart Express,TRK900987,2,2,90,SLA Met
SHP-40988,ORD-10988,Delhivery Direct,TRK900988,3,3,180,SLA Met
SHP-40989,ORD-10989,Delhivery Direct,TRK900989,5,9,60,SLA Breached
SHP-40992,ORD-10992,Ecom Express,TRK900992,3,7,90,SLA Breached
SHP-40993,ORD-10993,Shadowfax Surface,TRK900993,4,4,150,SLA Met
SHP-40994,ORD-10994,Delhivery Direct,TRK900994,4,4,180,SLA Met
SHP-40995,ORD-10995,Delhivery Direct,TRK900995,5,6,120,SLA Breached
SHP-40997,ORD-10997,Ecom Express,TRK900997,5,5,180,SLA Met
SHP-40998,ORD-10998,Delhivery Direct,TRK900998,4,4,60,SLA Met
SHP-40999,ORD-10999,XpressBees Surface,TRK900999,4,4,90,SLA Met
SHP-41000,ORD-11000,Ecom Express,TRK901000,4,4,180,SLA Met
SHP-41002,ORD-11002,Shadowfax Surface,TRK901002,2,2,90,SLA Met
SHP-41003,ORD-11003,Shadowfax Surface,TRK901003,2,2,120,SLA Met
SHP-41004,ORD-11004,Delhivery Direct,TRK901004,5,5,150,SLA Met
SHP-41006,ORD-11006,Shadowfax Surface,TRK901006,2,2,60,SLA Met
SHP-41007,ORD-11007,Delhivery Direct,TRK901007,2,2,150,SLA Met
SHP-41008,ORD-11008,Ecom Express,TRK901008,4,4,60,SLA Met
SHP-41011,ORD-11011,BlueDart Express,TRK901011,2,2,90,SLA Met
SHP-41012,ORD-11012,BlueDart Express,TRK901012,3,3,120,SLA Met
SHP-41013,ORD-11013,Delhivery Direct,TRK901013,5,5,90,SLA Met
SHP-41014,ORD-11014,Ecom Express,TRK901014,5,5,180,SLA Met
SHP-41016,ORD-11016,Delhivery Direct,TRK901016,3,3,90,SLA Met
SHP-41017,ORD-11017,Shadowfax Surface,TRK901017,2,4,180,SLA Breached
SHP-41019,ORD-11019,Shadowfax Surface,TRK901019,4,4,90,SLA Met
SHP-41020,ORD-11020,Shadowfax Surface,TRK901020,5,5,90,SLA Met
SHP-41021,ORD-11021,Ecom Express,TRK901021,5,5,90,SLA Met
SHP-41022,ORD-11022,Ecom Express,TRK901022,5,5,180,SLA Met
SHP-41023,ORD-11023,Delhivery Direct,TRK901023,4,8,180,SLA Breached
SHP-41024,ORD-11024,Shadowfax Surface,TRK901024,2,2,120,SLA Met
SHP-41025,ORD-11025,Ecom Express,TRK901025,5,5,180,SLA Met
SHP-41026,ORD-11026,BlueDart Express,TRK901026,4,4,90,SLA Met
SHP-41027,ORD-11027,BlueDart Express,TRK901027,5,5,120,SLA Met
SHP-41028,ORD-11028,Shadowfax Surface,TRK901028,3,3,90,SLA Met
SHP-41029,ORD-11029,Shadowfax Surface,TRK901029,3,6,150,SLA Breached
SHP-41030,ORD-11030,Ecom Express,TRK901030,2,2,120,SLA Met
SHP-41031,ORD-11031,XpressBees Surface,TRK901031,3,3,180,SLA Met
SHP-41032,ORD-11032,Ecom Express,TRK901032,3,3,180,SLA Met
SHP-41033,ORD-11033,Ecom Express,TRK901033,2,2,90,SLA Met
SHP-41034,ORD-11034,XpressBees Surface,TRK901034,2,2,180,SLA Met
SHP-41035,ORD-11035,XpressBees Surface,TRK901035,5,7,90,SLA Breached
SHP-41036,ORD-11036,Ecom Express,TRK901036,3,3,120,SLA Met
SHP-41037,ORD-11037,Delhivery Direct,TRK901037,4,4,180,SLA Met
SHP-41038,ORD-11038,Ecom Express,TRK901038,5,5,60,SLA Met
SHP-41039,ORD-11039,XpressBees Surface,TRK901039,2,6,150,SLA Breached
SHP-41041,ORD-11041,XpressBees Surface,TRK901041,3,3,180,SLA Met
SHP-41042,ORD-11042,BlueDart Express,TRK901042,4,4,90,SLA Met
SHP-41043,ORD-11043,Shadowfax Surface,TRK901043,2,2,90,SLA Met
SHP-41044,ORD-11044,Delhivery Direct,TRK901044,5,7,60,SLA Breached
SHP-41045,ORD-11045,Delhivery Direct,TRK901045,2,3,150,SLA Breached
SHP-41046,ORD-11046,XpressBees Surface,TRK901046,2,6,180,SLA Breached
SHP-41047,ORD-11047,Shadowfax Surface,TRK901047,3,3,120,SLA Met
SHP-41048,ORD-11048,BlueDart Express,TRK901048,3,6,120,SLA Breached
SHP-41049,ORD-11049,XpressBees Surface,TRK901049,2,4,60,SLA Breached
SHP-41050,ORD-11050,BlueDart Express,TRK901050,2,2,60,SLA Met
SHP-41051,ORD-11051,XpressBees Surface,TRK901051,2,4,90,SLA Breached
SHP-41052,ORD-11052,BlueDart Express,TRK901052,4,7,180,SLA Breached
SHP-41053,ORD-11053,Ecom Express,TRK901053,4,4,150,SLA Met
SHP-41054,ORD-11054,XpressBees Surface,TRK901054,5,8,60,SLA Breached
SHP-41055,ORD-11055,Delhivery Direct,TRK901055,3,3,120,SLA Met
SHP-41056,ORD-11056,Delhivery Direct,TRK901056,3,6,90,SLA Breached
SHP-41057,ORD-11057,Shadowfax Surface,TRK901057,4,4,60,SLA Met
SHP-41058,ORD-11058,Shadowfax Surface,TRK901058,4,4,120,SLA Met
SHP-41059,ORD-11059,Ecom Express,TRK901059,4,4,180,SLA Met
SHP-41060,ORD-11060,Ecom Express,TRK901060,4,4,60,SLA Met
SHP-41061,ORD-11061,Delhivery Direct,TRK901061,3,7,120,SLA Breached
SHP-41063,ORD-11063,Delhivery Direct,TRK901063,2,2,150,SLA Met
SHP-41064,ORD-11064,BlueDart Express,TRK901064,5,5,60,SLA Met
SHP-41065,ORD-11065,XpressBees Surface,TRK901065,5,9,60,SLA Breached
SHP-41066,ORD-11066,BlueDart Express,TRK901066,5,5,90,SLA Met
SHP-41067,ORD-11067,BlueDart Express,TRK901067,3,3,90,SLA Met
SHP-41068,ORD-11068,XpressBees Surface,TRK901068,3,3,180,SLA Met
SHP-41069,ORD-11069,Ecom Express,TRK901069,4,4,60,SLA Met
SHP-41071,ORD-11071,Delhivery Direct,TRK901071,3,5,120,SLA Breached
SHP-41072,ORD-11072,XpressBees Surface,TRK901072,5,5,180,SLA Met
SHP-41073,ORD-11073,Shadowfax Surface,TRK901073,4,4,60,SLA Met
SHP-41074,ORD-11074,Ecom Express,TRK901074,4,7,180,SLA Breached
SHP-41075,ORD-11075,Delhivery Direct,TRK901075,3,3,60,SLA Met
SHP-41077,ORD-11077,BlueDart Express,TRK901077,2,2,180,SLA Met
SHP-41078,ORD-11078,XpressBees Surface,TRK901078,4,4,180,SLA Met
SHP-41079,ORD-11079,XpressBees Surface,TRK901079,2,2,180,SLA Met
SHP-41081,ORD-11081,Delhivery Direct,TRK901081,2,2,90,SLA Met
SHP-41082,ORD-11082,Ecom Express,TRK901082,4,4,90,SLA Met
SHP-41083,ORD-11083,Ecom Express,TRK901083,3,3,150,SLA Met
SHP-41084,ORD-11084,BlueDart Express,TRK901084,4,4,120,SLA Met
SHP-41085,ORD-11085,Ecom Express,TRK901085,4,4,180,SLA Met
SHP-41088,ORD-11088,Shadowfax Surface,TRK901088,4,4,150,SLA Met
SHP-41089,ORD-11089,XpressBees Surface,TRK901089,4,4,180,SLA Met
SHP-41090,ORD-11090,Shadowfax Surface,TRK901090,3,3,150,SLA Met
SHP-41091,ORD-11091,Shadowfax Surface,TRK901091,4,4,90,SLA Met
SHP-41093,ORD-11093,Ecom Express,TRK901093,3,7,120,SLA Breached
SHP-41094,ORD-11094,XpressBees Surface,TRK901094,3,3,90,SLA Met
SHP-41096,ORD-11096,Ecom Express,TRK901096,3,3,90,SLA Met
SHP-41097,ORD-11097,XpressBees Surface,TRK901097,3,3,60,SLA Met
SHP-41098,ORD-11098,Ecom Express,TRK901098,2,2,120,SLA Met
SHP-41099,ORD-11099,Shadowfax Surface,TRK901099,3,3,180,SLA Met
SHP-41100,ORD-11100,BlueDart Express,TRK901100,2,2,180,SLA Met
SHP-41101,ORD-11101,Ecom Express,TRK901101,4,4,90,SLA Met
SHP-41102,ORD-11102,BlueDart Express,TRK901102,3,3,120,SLA Met
SHP-41103,ORD-11103,XpressBees Surface,TRK901103,5,9,90,SLA Breached
SHP-41104,ORD-11104,Delhivery Direct,TRK901104,5,6,150,SLA Breached
SHP-41105,ORD-11105,Ecom Express,TRK901105,5,5,150,SLA Met
SHP-41106,ORD-11106,XpressBees Surface,TRK901106,2,2,150,SLA Met
SHP-41107,ORD-11107,XpressBees Surface,TRK901107,2,2,180,SLA Met
SHP-41109,ORD-11109,Shadowfax Surface,TRK901109,3,3,150,SLA Met
SHP-41111,ORD-11111,Ecom Express,TRK901111,4,4,150,SLA Met
SHP-41112,ORD-11112,Delhivery Direct,TRK901112,2,2,90,SLA Met
SHP-41113,ORD-11113,BlueDart Express,TRK901113,2,4,180,SLA Breached
SHP-41114,ORD-11114,XpressBees Surface,TRK901114,5,5,180,SLA Met
SHP-41115,ORD-11115,Shadowfax Surface,TRK901115,2,2,150,SLA Met
SHP-41116,ORD-11116,Ecom Express,TRK901116,2,2,60,SLA Met
SHP-41119,ORD-11119,Ecom Express,TRK901119,4,4,150,SLA Met
SHP-41120,ORD-11120,XpressBees Surface,TRK901120,4,4,120,SLA Met
SHP-41121,ORD-11121,Delhivery Direct,TRK901121,4,4,120,SLA Met
SHP-41122,ORD-11122,Ecom Express,TRK901122,3,4,150,SLA Breached
SHP-41123,ORD-11123,XpressBees Surface,TRK901123,2,2,180,SLA Met
SHP-41124,ORD-11124,Shadowfax Surface,TRK901124,2,2,120,SLA Met
SHP-41125,ORD-11125,Ecom Express,TRK901125,5,5,90,SLA Met
SHP-41126,ORD-11126,Delhivery Direct,TRK901126,3,6,180,SLA Breached
SHP-41127,ORD-11127,Delhivery Direct,TRK901127,3,3,90,SLA Met
SHP-41128,ORD-11128,Delhivery Direct,TRK901128,3,3,90,SLA Met
SHP-41129,ORD-11129,Ecom Express,TRK901129,3,3,150,SLA Met
SHP-41130,ORD-11130,BlueDart Express,TRK901130,3,3,60,SLA Met
SHP-41131,ORD-11131,XpressBees Surface,TRK901131,4,4,120,SLA Met
SHP-41133,ORD-11133,BlueDart Express,TRK901133,2,2,180,SLA Met
SHP-41134,ORD-11134,XpressBees Surface,TRK901134,3,4,120,SLA Breached
SHP-41135,ORD-11135,Delhivery Direct,TRK901135,4,4,90,SLA Met
SHP-41136,ORD-11136,Ecom Express,TRK901136,2,2,60,SLA Met
SHP-41137,ORD-11137,Delhivery Direct,TRK901137,2,2,180,SLA Met
SHP-41138,ORD-11138,Delhivery Direct,TRK901138,4,4,120,SLA Met
SHP-41139,ORD-11139,Shadowfax Surface,TRK901139,5,5,180,SLA Met
SHP-41140,ORD-11140,XpressBees Surface,TRK901140,5,5,180,SLA Met
SHP-41141,ORD-11141,Delhivery Direct,TRK901141,2,2,150,SLA Met
SHP-41143,ORD-11143,XpressBees Surface,TRK901143,4,4,60,SLA Met
SHP-41144,ORD-11144,Shadowfax Surface,TRK901144,5,9,60,SLA Breached
SHP-41146,ORD-11146,Shadowfax Surface,TRK901146,4,4,180,SLA Met
SHP-41147,ORD-11147,Shadowfax Surface,TRK901147,3,3,150,SLA Met
SHP-41149,ORD-11149,Shadowfax Surface,TRK901149,2,2,150,SLA Met
SHP-41150,ORD-11150,Delhivery Direct,TRK901150,3,3,90,SLA Met
SHP-41151,ORD-11151,Ecom Express,TRK901151,5,5,150,SLA Met
SHP-41152,ORD-11152,XpressBees Surface,TRK901152,3,3,120,SLA Met
SHP-41153,ORD-11153,XpressBees Surface,TRK901153,2,2,60,SLA Met
SHP-41155,ORD-11155,Shadowfax Surface,TRK901155,4,6,60,SLA Breached
SHP-41156,ORD-11156,BlueDart Express,TRK901156,2,2,60,SLA Met
SHP-41157,ORD-11157,BlueDart Express,TRK901157,5,5,90,SLA Met
SHP-41158,ORD-11158,Ecom Express,TRK901158,5,6,60,SLA Breached
SHP-41159,ORD-11159,Shadowfax Surface,TRK901159,5,5,150,SLA Met
SHP-41160,ORD-11160,Delhivery Direct,TRK901160,4,4,90,SLA Met
SHP-41161,ORD-11161,BlueDart Express,TRK901161,5,8,120,SLA Breached
SHP-41162,ORD-11162,XpressBees Surface,TRK901162,3,3,60,SLA Met
SHP-41163,ORD-11163,Delhivery Direct,TRK901163,5,5,120,SLA Met
SHP-41164,ORD-11164,Delhivery Direct,TRK901164,2,2,120,SLA Met
SHP-41165,ORD-11165,XpressBees Surface,TRK901165,4,4,60,SLA Met
SHP-41166,ORD-11166,Shadowfax Surface,TRK901166,3,5,180,SLA Breached
SHP-41167,ORD-11167,Shadowfax Surface,TRK901167,2,2,150,SLA Met
SHP-41168,ORD-11168,Shadowfax Surface,TRK901168,5,9,150,SLA Breached
SHP-41170,ORD-11170,Shadowfax Surface,TRK901170,3,3,120,SLA Met
SHP-41171,ORD-11171,Delhivery Direct,TRK901171,4,4,90,SLA Met
SHP-41172,ORD-11172,Delhivery Direct,TRK901172,5,5,150,SLA Met
SHP-41173,ORD-11173,Ecom Express,TRK901173,3,3,120,SLA Met
SHP-41174,ORD-11174,BlueDart Express,TRK901174,5,5,90,SLA Met
SHP-41175,ORD-11175,XpressBees Surface,TRK901175,2,2,60,SLA Met
SHP-41176,ORD-11176,XpressBees Surface,TRK901176,4,4,60,SLA Met
SHP-41178,ORD-11178,BlueDart Express,TRK901178,4,4,60,SLA Met
SHP-41179,ORD-11179,XpressBees Surface,TRK901179,2,2,150,SLA Met
SHP-41181,ORD-11181,Delhivery Direct,TRK901181,2,2,120,SLA Met
SHP-41182,ORD-11182,BlueDart Express,TRK901182,5,9,90,SLA Breached
SHP-41183,ORD-11183,Ecom Express,TRK901183,3,3,60,SLA Met
SHP-41184,ORD-11184,Ecom Express,TRK901184,5,5,60,SLA Met
SHP-41185,ORD-11185,Ecom Express,TRK901185,3,3,150,SLA Met
SHP-41186,ORD-11186,Ecom Express,TRK901186,3,7,60,SLA Breached
SHP-41187,ORD-11187,XpressBees Surface,TRK901187,2,2,150,SLA Met
SHP-41188,ORD-11188,Ecom Express,TRK901188,2,2,120,SLA Met
SHP-41189,ORD-11189,XpressBees Surface,TRK901189,4,4,180,SLA Met
SHP-41190,ORD-11190,XpressBees Surface,TRK901190,2,2,120,SLA Met
SHP-41191,ORD-11191,Ecom Express,TRK901191,4,5,60,SLA Breached
SHP-41192,ORD-11192,XpressBees Surface,TRK901192,3,3,180,SLA Met
SHP-41193,ORD-11193,Shadowfax Surface,TRK901193,2,2,180,SLA Met
SHP-41194,ORD-11194,Shadowfax Surface,TRK901194,3,3,120,SLA Met
SHP-41195,ORD-11195,BlueDart Express,TRK901195,2,2,150,SLA Met
SHP-41197,ORD-11197,Shadowfax Surface,TRK901197,2,6,180,SLA Breached
SHP-41198,ORD-11198,BlueDart Express,TRK901198,3,3,180,SLA Met
SHP-41200,ORD-11200,Shadowfax Surface,TRK901200,3,3,150,SLA Met
SHP-41201,ORD-11201,Shadowfax Surface,TRK901201,5,5,180,SLA Met
SHP-41202,ORD-11202,Ecom Express,TRK901202,4,4,60,SLA Met
SHP-41203,ORD-11203,Shadowfax Surface,TRK901203,4,4,150,SLA Met
SHP-41205,ORD-11205,XpressBees Surface,TRK901205,4,4,180,SLA Met
SHP-41206,ORD-11206,Ecom Express,TRK901206,5,5,120,SLA Met
SHP-41207,ORD-11207,Ecom Express,TRK901207,5,5,120,SLA Met
SHP-41208,ORD-11208,XpressBees Surface,TRK901208,5,5,180,SLA Met
SHP-41209,ORD-11209,Delhivery Direct,TRK901209,2,5,150,SLA Breached
SHP-41210,ORD-11210,Ecom Express,TRK901210,5,5,60,SLA Met
SHP-41211,ORD-11211,XpressBees Surface,TRK901211,3,3,90,SLA Met
SHP-41212,ORD-11212,Shadowfax Surface,TRK901212,4,7,150,SLA Breached
SHP-41214,ORD-11214,Shadowfax Surface,TRK901214,2,2,60,SLA Met
SHP-41215,ORD-11215,BlueDart Express,TRK901215,2,2,90,SLA Met
SHP-41216,ORD-11216,Delhivery Direct,TRK901216,2,2,150,SLA Met
SHP-41218,ORD-11218,BlueDart Express,TRK901218,5,5,120,SLA Met
SHP-41219,ORD-11219,Shadowfax Surface,TRK901219,4,4,90,SLA Met
SHP-41220,ORD-11220,XpressBees Surface,TRK901220,2,2,150,SLA Met
SHP-41221,ORD-11221,Ecom Express,TRK901221,4,6,120,SLA Breached
SHP-41222,ORD-11222,BlueDart Express,TRK901222,3,3,180,SLA Met
SHP-41223,ORD-11223,BlueDart Express,TRK901223,4,8,60,SLA Breached
SHP-41224,ORD-11224,Ecom Express,TRK901224,5,5,60,SLA Met
SHP-41225,ORD-11225,BlueDart Express,TRK901225,5,5,180,SLA Met
SHP-41227,ORD-11227,Ecom Express,TRK901227,3,7,120,SLA Breached
SHP-41228,ORD-11228,XpressBees Surface,TRK901228,2,5,120,SLA Breached
SHP-41229,ORD-11229,Ecom Express,TRK901229,3,3,90,SLA Met
SHP-41230,ORD-11230,BlueDart Express,TRK901230,4,4,90,SLA Met
SHP-41231,ORD-11231,Delhivery Direct,TRK901231,2,2,150,SLA Met
SHP-41232,ORD-11232,XpressBees Surface,TRK901232,2,2,120,SLA Met
SHP-41233,ORD-11233,Delhivery Direct,TRK901233,2,2,180,SLA Met
SHP-41234,ORD-11234,BlueDart Express,TRK901234,5,5,60,SLA Met
SHP-41235,ORD-11235,XpressBees Surface,TRK901235,3,5,120,SLA Breached
SHP-41236,ORD-11236,BlueDart Express,TRK901236,3,3,60,SLA Met
SHP-41237,ORD-11237,BlueDart Express,TRK901237,5,5,180,SLA Met
SHP-41238,ORD-11238,Ecom Express,TRK901238,5,5,120,SLA Met
SHP-41239,ORD-11239,Delhivery Direct,TRK901239,3,3,180,SLA Met
SHP-41240,ORD-11240,XpressBees Surface,TRK901240,5,5,90,SLA Met
SHP-41241,ORD-11241,XpressBees Surface,TRK901241,3,6,120,SLA Breached
SHP-41242,ORD-11242,Shadowfax Surface,TRK901242,3,3,60,SLA Met
SHP-41243,ORD-11243,XpressBees Surface,TRK901243,5,5,60,SLA Met
SHP-41244,ORD-11244,Delhivery Direct,TRK901244,2,2,180,SLA Met
SHP-41245,ORD-11245,BlueDart Express,TRK901245,4,4,150,SLA Met
SHP-41246,ORD-11246,BlueDart Express,TRK901246,3,3,180,SLA Met
SHP-41247,ORD-11247,BlueDart Express,TRK901247,5,5,150,SLA Met
SHP-41248,ORD-11248,Ecom Express,TRK901248,2,2,150,SLA Met
SHP-41249,ORD-11249,Shadowfax Surface,TRK901249,2,2,150,SLA Met
SHP-41250,ORD-11250,BlueDart Express,TRK901250,5,5,150,SLA Met
SHP-41251,ORD-11251,Ecom Express,TRK901251,3,3,180,SLA Met
SHP-41252,ORD-11252,Shadowfax Surface,TRK901252,4,4,180,SLA Met
SHP-41253,ORD-11253,Delhivery Direct,TRK901253,5,5,180,SLA Met
SHP-41254,ORD-11254,XpressBees Surface,TRK901254,2,2,90,SLA Met
SHP-41255,ORD-11255,Ecom Express,TRK901255,3,3,180,SLA Met
SHP-41256,ORD-11256,Delhivery Direct,TRK901256,5,5,120,SLA Met
SHP-41257,ORD-11257,BlueDart Express,TRK901257,3,3,120,SLA Met
SHP-41258,ORD-11258,Ecom Express,TRK901258,3,7,120,SLA Breached
SHP-41259,ORD-11259,Delhivery Direct,TRK901259,5,5,60,SLA Met
SHP-41261,ORD-11261,Ecom Express,TRK901261,5,8,150,SLA Breached
SHP-41262,ORD-11262,Delhivery Direct,TRK901262,5,5,180,SLA Met
SHP-41263,ORD-11263,XpressBees Surface,TRK901263,5,5,60,SLA Met
SHP-41264,ORD-11264,XpressBees Surface,TRK901264,3,3,180,SLA Met
SHP-41265,ORD-11265,Delhivery Direct,TRK901265,4,4,150,SLA Met
SHP-41266,ORD-11266,BlueDart Express,TRK901266,5,5,90,SLA Met
SHP-41267,ORD-11267,Ecom Express,TRK901267,2,2,60,SLA Met
SHP-41268,ORD-11268,XpressBees Surface,TRK901268,5,8,150,SLA Breached
SHP-41269,ORD-11269,Delhivery Direct,TRK901269,2,2,90,SLA Met
SHP-41270,ORD-11270,Delhivery Direct,TRK901270,2,2,120,SLA Met
SHP-41271,ORD-11271,BlueDart Express,TRK901271,2,6,120,SLA Breached
SHP-41275,ORD-11275,BlueDart Express,TRK901275,2,2,180,SLA Met
SHP-41276,ORD-11276,Delhivery Direct,TRK901276,3,3,120,SLA Met
SHP-41278,ORD-11278,Shadowfax Surface,TRK901278,2,2,180,SLA Met
SHP-41280,ORD-11280,XpressBees Surface,TRK901280,3,3,90,SLA Met
SHP-41283,ORD-11283,Ecom Express,TRK901283,4,4,180,SLA Met
SHP-41285,ORD-11285,BlueDart Express,TRK901285,2,2,180,SLA Met
SHP-41286,ORD-11286,Delhivery Direct,TRK901286,3,3,150,SLA Met
SHP-41287,ORD-11287,Shadowfax Surface,TRK901287,4,4,60,SLA Met
SHP-41289,ORD-11289,Ecom Express,TRK901289,2,2,90,SLA Met
SHP-41290,ORD-11290,Ecom Express,TRK901290,5,5,90,SLA Met
SHP-41291,ORD-11291,BlueDart Express,TRK901291,3,6,90,SLA Breached
SHP-41292,ORD-11292,Ecom Express,TRK901292,2,2,180,SLA Met
SHP-41294,ORD-11294,XpressBees Surface,TRK901294,4,4,120,SLA Met
SHP-41296,ORD-11296,Delhivery Direct,TRK901296,2,2,150,SLA Met
SHP-41297,ORD-11297,Delhivery Direct,TRK901297,4,4,120,SLA Met
SHP-41298,ORD-11298,Shadowfax Surface,TRK901298,5,6,180,SLA Breached
SHP-41299,ORD-11299,Ecom Express,TRK901299,3,3,60,SLA Met
SHP-41300,ORD-11300,BlueDart Express,TRK901300,4,4,90,SLA Met
SHP-41301,ORD-11301,XpressBees Surface,TRK901301,5,5,150,SLA Met
SHP-41303,ORD-11303,XpressBees Surface,TRK901303,2,2,60,SLA Met
SHP-41304,ORD-11304,BlueDart Express,TRK901304,5,5,90,SLA Met
SHP-41305,ORD-11305,BlueDart Express,TRK901305,3,3,90,SLA Met
SHP-41307,ORD-11307,Shadowfax Surface,TRK901307,4,4,60,SLA Met
SHP-41308,ORD-11308,Delhivery Direct,TRK901308,4,4,180,SLA Met
SHP-41309,ORD-11309,XpressBees Surface,TRK901309,4,4,180,SLA Met
SHP-41310,ORD-11310,Shadowfax Surface,TRK901310,3,3,150,SLA Met
SHP-41311,ORD-11311,Delhivery Direct,TRK901311,3,3,120,SLA Met
SHP-41312,ORD-11312,Shadowfax Surface,TRK901312,4,4,90,SLA Met
SHP-41313,ORD-11313,Delhivery Direct,TRK901313,5,5,150,SLA Met
SHP-41314,ORD-11314,Delhivery Direct,TRK901314,5,6,60,SLA Breached
SHP-41316,ORD-11316,Delhivery Direct,TRK901316,4,4,120,SLA Met
SHP-41317,ORD-11317,Shadowfax Surface,TRK901317,4,4,60,SLA Met
SHP-41319,ORD-11319,Shadowfax Surface,TRK901319,2,2,120,SLA Met
SHP-41320,ORD-11320,BlueDart Express,TRK901320,4,4,120,SLA Met
SHP-41321,ORD-11321,BlueDart Express,TRK901321,2,2,150,SLA Met
SHP-41322,ORD-11322,Shadowfax Surface,TRK901322,5,5,150,SLA Met
SHP-41323,ORD-11323,XpressBees Surface,TRK901323,5,5,120,SLA Met
SHP-41324,ORD-11324,Delhivery Direct,TRK901324,2,2,180,SLA Met
SHP-41326,ORD-11326,Ecom Express,TRK901326,5,5,150,SLA Met
SHP-41328,ORD-11328,Ecom Express,TRK901328,4,4,120,SLA Met
SHP-41329,ORD-11329,BlueDart Express,TRK901329,3,3,60,SLA Met
SHP-41330,ORD-11330,Delhivery Direct,TRK901330,3,3,150,SLA Met
SHP-41331,ORD-11331,BlueDart Express,TRK901331,5,5,150,SLA Met
SHP-41333,ORD-11333,Shadowfax Surface,TRK901333,4,7,120,SLA Breached
SHP-41334,ORD-11334,Shadowfax Surface,TRK901334,5,9,180,SLA Breached
SHP-41336,ORD-11336,Delhivery Direct,TRK901336,4,4,60,SLA Met
SHP-41337,ORD-11337,BlueDart Express,TRK901337,5,5,120,SLA Met
SHP-41338,ORD-11338,Shadowfax Surface,TRK901338,5,5,60,SLA Met
SHP-41339,ORD-11339,Ecom Express,TRK901339,4,4,120,SLA Met
SHP-41341,ORD-11341,XpressBees Surface,TRK901341,2,2,60,SLA Met
SHP-41342,ORD-11342,XpressBees Surface,TRK901342,2,3,180,SLA Breached
SHP-41343,ORD-11343,XpressBees Surface,TRK901343,4,4,60,SLA Met
SHP-41344,ORD-11344,Ecom Express,TRK901344,4,4,150,SLA Met
SHP-41345,ORD-11345,XpressBees Surface,TRK901345,5,5,150,SLA Met
SHP-41346,ORD-11346,Shadowfax Surface,TRK901346,3,3,180,SLA Met
SHP-41347,ORD-11347,BlueDart Express,TRK901347,3,3,180,SLA Met
SHP-41348,ORD-11348,Ecom Express,TRK901348,4,7,150,SLA Breached
SHP-41349,ORD-11349,Delhivery Direct,TRK901349,4,4,90,SLA Met
SHP-41350,ORD-11350,BlueDart Express,TRK901350,5,5,60,SLA Met
SHP-41351,ORD-11351,Shadowfax Surface,TRK901351,5,5,150,SLA Met
SHP-41353,ORD-11353,Delhivery Direct,TRK901353,4,4,90,SLA Met
SHP-41354,ORD-11354,Shadowfax Surface,TRK901354,3,3,120,SLA Met
SHP-41355,ORD-11355,Shadowfax Surface,TRK901355,5,5,120,SLA Met
SHP-41356,ORD-11356,Shadowfax Surface,TRK901356,4,4,90,SLA Met
SHP-41357,ORD-11357,Shadowfax Surface,TRK901357,5,8,60,SLA Breached
SHP-41358,ORD-11358,Delhivery Direct,TRK901358,3,3,180,SLA Met
SHP-41359,ORD-11359,Ecom Express,TRK901359,2,5,60,SLA Breached
SHP-41360,ORD-11360,XpressBees Surface,TRK901360,4,4,90,SLA Met
SHP-41361,ORD-11361,BlueDart Express,TRK901361,4,4,60,SLA Met
SHP-41363,ORD-11363,Delhivery Direct,TRK901363,2,2,120,SLA Met
SHP-41365,ORD-11365,XpressBees Surface,TRK901365,5,8,60,SLA Breached
SHP-41366,ORD-11366,Shadowfax Surface,TRK901366,4,4,150,SLA Met
SHP-41367,ORD-11367,Shadowfax Surface,TRK901367,4,4,180,SLA Met
SHP-41368,ORD-11368,Ecom Express,TRK901368,2,2,60,SLA Met
SHP-41369,ORD-11369,BlueDart Express,TRK901369,4,4,180,SLA Met
SHP-41370,ORD-11370,Ecom Express,TRK901370,2,2,180,SLA Met
SHP-41371,ORD-11371,Shadowfax Surface,TRK901371,2,4,150,SLA Breached
SHP-41372,ORD-11372,Ecom Express,TRK901372,4,4,120,SLA Met
SHP-41375,ORD-11375,Delhivery Direct,TRK901375,5,5,90,SLA Met
SHP-41376,ORD-11376,XpressBees Surface,TRK901376,2,5,120,SLA Breached
SHP-41377,ORD-11377,BlueDart Express,TRK901377,2,2,150,SLA Met
SHP-41378,ORD-11378,XpressBees Surface,TRK901378,5,5,120,SLA Met
SHP-41379,ORD-11379,BlueDart Express,TRK901379,4,4,60,SLA Met
SHP-41380,ORD-11380,XpressBees Surface,TRK901380,3,3,120,SLA Met
SHP-41381,ORD-11381,Delhivery Direct,TRK901381,3,3,150,SLA Met
SHP-41382,ORD-11382,Delhivery Direct,TRK901382,2,3,90,SLA Breached
SHP-41383,ORD-11383,Delhivery Direct,TRK901383,5,5,150,SLA Met
SHP-41385,ORD-11385,Delhivery Direct,TRK901385,4,7,90,SLA Breached
SHP-41386,ORD-11386,XpressBees Surface,TRK901386,3,3,90,SLA Met
SHP-41387,ORD-11387,Ecom Express,TRK901387,3,3,60,SLA Met
SHP-41388,ORD-11388,Shadowfax Surface,TRK901388,5,5,180,SLA Met
SHP-41389,ORD-11389,XpressBees Surface,TRK901389,3,5,180,SLA Breached
SHP-41390,ORD-11390,XpressBees Surface,TRK901390,5,5,90,SLA Met
SHP-41391,ORD-11391,XpressBees Surface,TRK901391,5,6,150,SLA Breached
SHP-41392,ORD-11392,Shadowfax Surface,TRK901392,5,5,120,SLA Met
SHP-41393,ORD-11393,Shadowfax Surface,TRK901393,4,7,90,SLA Breached
SHP-41394,ORD-11394,Shadowfax Surface,TRK901394,2,2,150,SLA Met
SHP-41395,ORD-11395,Ecom Express,TRK901395,2,6,120,SLA Breached
SHP-41396,ORD-11396,Shadowfax Surface,TRK901396,2,2,150,SLA Met
SHP-41397,ORD-11397,Delhivery Direct,TRK901397,2,2,180,SLA Met
SHP-41398,ORD-11398,Delhivery Direct,TRK901398,2,2,60,SLA Met
SHP-41399,ORD-11399,XpressBees Surface,TRK901399,4,4,120,SLA Met
SHP-41400,ORD-11400,Ecom Express,TRK901400,4,4,150,SLA Met
SHP-41401,ORD-11401,XpressBees Surface,TRK901401,4,4,60,SLA Met
SHP-41402,ORD-11402,Ecom Express,TRK901402,5,5,90,SLA Met
SHP-41403,ORD-11403,XpressBees Surface,TRK901403,4,6,120,SLA Breached
SHP-41404,ORD-11404,Ecom Express,TRK901404,3,3,120,SLA Met
SHP-41405,ORD-11405,XpressBees Surface,TRK901405,3,3,120,SLA Met
SHP-41406,ORD-11406,Shadowfax Surface,TRK901406,2,2,120,SLA Met
SHP-41407,ORD-11407,XpressBees Surface,TRK901407,4,4,150,SLA Met
SHP-41408,ORD-11408,Ecom Express,TRK901408,4,4,150,SLA Met
SHP-41409,ORD-11409,Ecom Express,TRK901409,2,2,150,SLA Met
SHP-41410,ORD-11410,Shadowfax Surface,TRK901410,4,4,180,SLA Met
SHP-41412,ORD-11412,XpressBees Surface,TRK901412,3,5,60,SLA Breached
SHP-41413,ORD-11413,Shadowfax Surface,TRK901413,5,5,150,SLA Met
SHP-41414,ORD-11414,Shadowfax Surface,TRK901414,3,3,120,SLA Met
SHP-41415,ORD-11415,XpressBees Surface,TRK901415,5,5,150,SLA Met
SHP-41417,ORD-11417,Ecom Express,TRK901417,5,5,60,SLA Met
SHP-41418,ORD-11418,Shadowfax Surface,TRK901418,3,3,120,SLA Met
SHP-41421,ORD-11421,Shadowfax Surface,TRK901421,5,5,120,SLA Met
SHP-41422,ORD-11422,BlueDart Express,TRK901422,4,4,120,SLA Met
SHP-41424,ORD-11424,Ecom Express,TRK901424,4,5,180,SLA Breached
SHP-41425,ORD-11425,BlueDart Express,TRK901425,3,3,60,SLA Met
SHP-41426,ORD-11426,Delhivery Direct,TRK901426,5,5,150,SLA Met
SHP-41427,ORD-11427,Shadowfax Surface,TRK901427,4,4,90,SLA Met
SHP-41428,ORD-11428,Delhivery Direct,TRK901428,5,5,120,SLA Met
SHP-41429,ORD-11429,Shadowfax Surface,TRK901429,5,5,150,SLA Met
SHP-41430,ORD-11430,XpressBees Surface,TRK901430,4,4,60,SLA Met
SHP-41431,ORD-11431,Delhivery Direct,TRK901431,4,7,180,SLA Breached
SHP-41432,ORD-11432,Ecom Express,TRK901432,5,5,120,SLA Met
SHP-41433,ORD-11433,XpressBees Surface,TRK901433,4,7,150,SLA Breached
SHP-41434,ORD-11434,Shadowfax Surface,TRK901434,3,3,90,SLA Met
SHP-41436,ORD-11436,Ecom Express,TRK901436,4,6,180,SLA Breached
SHP-41437,ORD-11437,Ecom Express,TRK901437,5,5,90,SLA Met
SHP-41438,ORD-11438,Ecom Express,TRK901438,3,6,60,SLA Breached
SHP-41439,ORD-11439,Ecom Express,TRK901439,4,6,180,SLA Breached
SHP-41440,ORD-11440,XpressBees Surface,TRK901440,5,9,60,SLA Breached
SHP-41441,ORD-11441,Shadowfax Surface,TRK901441,3,3,90,SLA Met
SHP-41442,ORD-11442,Shadowfax Surface,TRK901442,4,8,150,SLA Breached
SHP-41443,ORD-11443,Shadowfax Surface,TRK901443,4,4,90,SLA Met
SHP-41444,ORD-11444,Ecom Express,TRK901444,5,5,180,SLA Met
SHP-41445,ORD-11445,XpressBees Surface,TRK901445,2,2,60,SLA Met
SHP-41446,ORD-11446,Ecom Express,TRK901446,2,5,180,SLA Breached
SHP-41449,ORD-11449,Delhivery Direct,TRK901449,2,4,180,SLA Breached
SHP-41450,ORD-11450,Ecom Express,TRK901450,2,2,150,SLA Met
SHP-41451,ORD-11451,Delhivery Direct,TRK901451,4,4,150,SLA Met
SHP-41452,ORD-11452,Delhivery Direct,TRK901452,5,7,150,SLA Breached
SHP-41453,ORD-11453,XpressBees Surface,TRK901453,5,5,60,SLA Met
SHP-41454,ORD-11454,XpressBees Surface,TRK901454,4,4,120,SLA Met
SHP-41455,ORD-11455,BlueDart Express,TRK901455,4,4,180,SLA Met
SHP-41456,ORD-11456,Shadowfax Surface,TRK901456,3,3,150,SLA Met
SHP-41457,ORD-11457,XpressBees Surface,TRK901457,4,4,60,SLA Met
SHP-41459,ORD-11459,Ecom Express,TRK901459,3,3,120,SLA Met
SHP-41460,ORD-11460,XpressBees Surface,TRK901460,2,2,90,SLA Met
SHP-41461,ORD-11461,Shadowfax Surface,TRK901461,3,5,60,SLA Breached
SHP-41462,ORD-11462,Ecom Express,TRK901462,4,4,180,SLA Met
SHP-41463,ORD-11463,Shadowfax Surface,TRK901463,3,3,120,SLA Met
SHP-41464,ORD-11464,BlueDart Express,TRK901464,3,3,60,SLA Met
SHP-41465,ORD-11465,BlueDart Express,TRK901465,2,2,180,SLA Met
SHP-41466,ORD-11466,Delhivery Direct,TRK901466,2,4,150,SLA Breached
SHP-41467,ORD-11467,Ecom Express,TRK901467,4,4,180,SLA Met
SHP-41468,ORD-11468,BlueDart Express,TRK901468,4,4,180,SLA Met
SHP-41469,ORD-11469,Ecom Express,TRK901469,5,5,180,SLA Met
SHP-41470,ORD-11470,XpressBees Surface,TRK901470,4,4,150,SLA Met
SHP-41471,ORD-11471,BlueDart Express,TRK901471,3,3,150,SLA Met
SHP-41472,ORD-11472,Delhivery Direct,TRK901472,4,5,150,SLA Breached
SHP-41473,ORD-11473,Delhivery Direct,TRK901473,3,3,120,SLA Met
SHP-41474,ORD-11474,XpressBees Surface,TRK901474,5,5,120,SLA Met
SHP-41475,ORD-11475,XpressBees Surface,TRK901475,5,5,60,SLA Met
SHP-41476,ORD-11476,BlueDart Express,TRK901476,5,5,120,SLA Met
SHP-41477,ORD-11477,Shadowfax Surface,TRK901477,4,4,150,SLA Met
SHP-41479,ORD-11479,Ecom Express,TRK901479,3,3,150,SLA Met
SHP-41481,ORD-11481,XpressBees Surface,TRK901481,3,3,150,SLA Met
SHP-41483,ORD-11483,Delhivery Direct,TRK901483,3,6,60,SLA Breached
SHP-41484,ORD-11484,Shadowfax Surface,TRK901484,3,3,90,SLA Met
SHP-41486,ORD-11486,Delhivery Direct,TRK901486,5,5,180,SLA Met
SHP-41487,ORD-11487,Ecom Express,TRK901487,2,2,120,SLA Met
SHP-41488,ORD-11488,XpressBees Surface,TRK901488,3,3,150,SLA Met
SHP-41489,ORD-11489,Shadowfax Surface,TRK901489,5,5,150,SLA Met
SHP-41490,ORD-11490,BlueDart Express,TRK901490,4,4,180,SLA Met
SHP-41491,ORD-11491,BlueDart Express,TRK901491,4,4,90,SLA Met
SHP-41492,ORD-11492,Ecom Express,TRK901492,2,2,120,SLA Met
SHP-41493,ORD-11493,BlueDart Express,TRK901493,2,2,150,SLA Met
SHP-41495,ORD-11495,XpressBees Surface,TRK901495,5,5,90,SLA Met
SHP-41496,ORD-11496,XpressBees Surface,TRK901496,4,4,60,SLA Met
SHP-41497,ORD-11497,Ecom Express,TRK901497,2,2,180,SLA Met
SHP-41499,ORD-11499,Shadowfax Surface,TRK901499,5,5,60,SLA Met
SHP-41500,ORD-11500,Delhivery Direct,TRK901500,2,2,90,SLA Met
SHP-41501,ORD-11501,XpressBees Surface,TRK901501,5,5,60,SLA Met
SHP-41502,ORD-11502,Shadowfax Surface,TRK901502,5,5,150,SLA Met
SHP-41503,ORD-11503,Delhivery Direct,TRK901503,3,3,180,SLA Met
SHP-41504,ORD-11504,BlueDart Express,TRK901504,3,3,180,SLA Met
SHP-41505,ORD-11505,Ecom Express,TRK901505,2,2,90,SLA Met
SHP-41506,ORD-11506,Ecom Express,TRK901506,5,5,180,SLA Met
SHP-41507,ORD-11507,Delhivery Direct,TRK901507,4,4,60,SLA Met
SHP-41508,ORD-11508,Shadowfax Surface,TRK901508,3,3,150,SLA Met
SHP-41509,ORD-11509,BlueDart Express,TRK901509,4,4,180,SLA Met
SHP-41511,ORD-11511,Shadowfax Surface,TRK901511,4,4,90,SLA Met
SHP-41512,ORD-11512,Delhivery Direct,TRK901512,3,3,150,SLA Met
SHP-41513,ORD-11513,BlueDart Express,TRK901513,4,8,60,SLA Breached
SHP-41515,ORD-11515,Ecom Express,TRK901515,3,3,120,SLA Met
SHP-41516,ORD-11516,Shadowfax Surface,TRK901516,4,4,90,SLA Met
SHP-41517,ORD-11517,Ecom Express,TRK901517,4,4,150,SLA Met
SHP-41520,ORD-11520,XpressBees Surface,TRK901520,2,2,60,SLA Met
SHP-41521,ORD-11521,Ecom Express,TRK901521,3,3,150,SLA Met
SHP-41522,ORD-11522,XpressBees Surface,TRK901522,3,7,120,SLA Breached
SHP-41523,ORD-11523,Ecom Express,TRK901523,4,6,120,SLA Breached
SHP-41524,ORD-11524,Shadowfax Surface,TRK901524,2,2,90,SLA Met
SHP-41525,ORD-11525,BlueDart Express,TRK901525,3,3,60,SLA Met
SHP-41526,ORD-11526,Shadowfax Surface,TRK901526,3,3,120,SLA Met
SHP-41527,ORD-11527,BlueDart Express,TRK901527,2,2,60,SLA Met
SHP-41528,ORD-11528,BlueDart Express,TRK901528,2,2,90,SLA Met
SHP-41529,ORD-11529,Ecom Express,TRK901529,5,5,60,SLA Met
SHP-41530,ORD-11530,Shadowfax Surface,TRK901530,4,4,150,SLA Met
SHP-41531,ORD-11531,XpressBees Surface,TRK901531,5,5,90,SLA Met
SHP-41532,ORD-11532,Shadowfax Surface,TRK901532,3,5,120,SLA Breached
SHP-41533,ORD-11533,XpressBees Surface,TRK901533,3,3,60,SLA Met
SHP-41534,ORD-11534,BlueDart Express,TRK901534,3,3,150,SLA Met
SHP-41535,ORD-11535,BlueDart Express,TRK901535,3,3,150,SLA Met
SHP-41539,ORD-11539,Shadowfax Surface,TRK901539,3,3,60,SLA Met
SHP-41540,ORD-11540,Delhivery Direct,TRK901540,5,5,120,SLA Met
SHP-41541,ORD-11541,Delhivery Direct,TRK901541,5,8,90,SLA Breached
SHP-41542,ORD-11542,Ecom Express,TRK901542,2,2,60,SLA Met
SHP-41543,ORD-11543,Shadowfax Surface,TRK901543,3,3,120,SLA Met
SHP-41544,ORD-11544,Ecom Express,TRK901544,2,2,150,SLA Met
SHP-41546,ORD-11546,Shadowfax Surface,TRK901546,5,7,60,SLA Breached
SHP-41547,ORD-11547,Delhivery Direct,TRK901547,3,3,60,SLA Met
SHP-41548,ORD-11548,Delhivery Direct,TRK901548,5,5,120,SLA Met
SHP-41550,ORD-11550,Delhivery Direct,TRK901550,5,6,60,SLA Breached
SHP-41551,ORD-11551,Delhivery Direct,TRK901551,3,3,180,SLA Met
SHP-41552,ORD-11552,XpressBees Surface,TRK901552,5,5,180,SLA Met
SHP-41553,ORD-11553,Shadowfax Surface,TRK901553,2,6,180,SLA Breached
SHP-41554,ORD-11554,Ecom Express,TRK901554,2,2,150,SLA Met
SHP-41555,ORD-11555,Ecom Express,TRK901555,4,4,180,SLA Met
SHP-41556,ORD-11556,XpressBees Surface,TRK901556,5,5,120,SLA Met
SHP-41557,ORD-11557,Shadowfax Surface,TRK901557,4,5,150,SLA Breached
SHP-41558,ORD-11558,Shadowfax Surface,TRK901558,5,5,150,SLA Met
SHP-41559,ORD-11559,Delhivery Direct,TRK901559,4,8,120,SLA Breached
SHP-41560,ORD-11560,Ecom Express,TRK901560,4,4,60,SLA Met
SHP-41561,ORD-11561,Delhivery Direct,TRK901561,3,3,60,SLA Met
SHP-41564,ORD-11564,Ecom Express,TRK901564,3,3,150,SLA Met
SHP-41565,ORD-11565,Delhivery Direct,TRK901565,3,6,90,SLA Breached
SHP-41566,ORD-11566,XpressBees Surface,TRK901566,4,5,60,SLA Breached
SHP-41567,ORD-11567,XpressBees Surface,TRK901567,3,3,150,SLA Met
SHP-41568,ORD-11568,Shadowfax Surface,TRK901568,3,3,60,SLA Met
SHP-41569,ORD-11569,BlueDart Express,TRK901569,4,4,60,SLA Met
SHP-41570,ORD-11570,Shadowfax Surface,TRK901570,5,5,120,SLA Met
SHP-41571,ORD-11571,Delhivery Direct,TRK901571,4,4,180,SLA Met
SHP-41572,ORD-11572,Ecom Express,TRK901572,4,4,120,SLA Met
SHP-41573,ORD-11573,Delhivery Direct,TRK901573,4,4,60,SLA Met
SHP-41574,ORD-11574,XpressBees Surface,TRK901574,4,4,90,SLA Met
SHP-41575,ORD-11575,Ecom Express,TRK901575,5,5,60,SLA Met
SHP-41576,ORD-11576,Shadowfax Surface,TRK901576,4,4,90,SLA Met
SHP-41577,ORD-11577,Ecom Express,TRK901577,5,5,150,SLA Met
SHP-41578,ORD-11578,XpressBees Surface,TRK901578,4,4,90,SLA Met
SHP-41579,ORD-11579,Delhivery Direct,TRK901579,3,7,60,SLA Breached
SHP-41580,ORD-11580,Ecom Express,TRK901580,5,5,60,SLA Met
SHP-41581,ORD-11581,Delhivery Direct,TRK901581,2,2,180,SLA Met
SHP-41582,ORD-11582,XpressBees Surface,TRK901582,5,5,180,SLA Met
SHP-41583,ORD-11583,BlueDart Express,TRK901583,2,2,180,SLA Met
SHP-41584,ORD-11584,Shadowfax Surface,TRK901584,2,2,60,SLA Met
SHP-41585,ORD-11585,Shadowfax Surface,TRK901585,2,2,120,SLA Met
SHP-41586,ORD-11586,Ecom Express,TRK901586,5,5,60,SLA Met
SHP-41587,ORD-11587,Shadowfax Surface,TRK901587,2,2,90,SLA Met
SHP-41588,ORD-11588,XpressBees Surface,TRK901588,5,5,90,SLA Met
SHP-41589,ORD-11589,Shadowfax Surface,TRK901589,5,8,90,SLA Breached
SHP-41590,ORD-11590,XpressBees Surface,TRK901590,5,5,180,SLA Met
SHP-41591,ORD-11591,BlueDart Express,TRK901591,2,4,60,SLA Breached
SHP-41592,ORD-11592,BlueDart Express,TRK901592,5,5,180,SLA Met
SHP-41593,ORD-11593,Ecom Express,TRK901593,4,4,180,SLA Met
SHP-41595,ORD-11595,XpressBees Surface,TRK901595,4,4,120,SLA Met
SHP-41596,ORD-11596,Ecom Express,TRK901596,3,3,120,SLA Met
SHP-41597,ORD-11597,Ecom Express,TRK901597,3,3,60,SLA Met
SHP-41598,ORD-11598,Delhivery Direct,TRK901598,2,2,60,SLA Met
SHP-41599,ORD-11599,Delhivery Direct,TRK901599,3,3,60,SLA Met
SHP-41600,ORD-11600,BlueDart Express,TRK901600,3,3,120,SLA Met
SHP-41601,ORD-11601,BlueDart Express,TRK901601,4,7,180,SLA Breached
SHP-41602,ORD-11602,BlueDart Express,TRK901602,4,4,60,SLA Met
SHP-41603,ORD-11603,Delhivery Direct,TRK901603,5,5,150,SLA Met
SHP-41604,ORD-11604,BlueDart Express,TRK901604,4,8,150,SLA Breached
SHP-41605,ORD-11605,BlueDart Express,TRK901605,5,8,180,SLA Breached
SHP-41606,ORD-11606,Shadowfax Surface,TRK901606,3,3,60,SLA Met
SHP-41607,ORD-11607,XpressBees Surface,TRK901607,4,4,60,SLA Met
SHP-41608,ORD-11608,Ecom Express,TRK901608,2,2,180,SLA Met
SHP-41609,ORD-11609,Ecom Express,TRK901609,4,7,180,SLA Breached
SHP-41610,ORD-11610,Shadowfax Surface,TRK901610,4,4,60,SLA Met
SHP-41611,ORD-11611,XpressBees Surface,TRK901611,2,2,90,SLA Met
SHP-41612,ORD-11612,Shadowfax Surface,TRK901612,2,2,120,SLA Met
SHP-41613,ORD-11613,Delhivery Direct,TRK901613,2,2,60,SLA Met
SHP-41614,ORD-11614,Shadowfax Surface,TRK901614,4,4,60,SLA Met
SHP-41615,ORD-11615,BlueDart Express,TRK901615,3,3,60,SLA Met
SHP-41616,ORD-11616,BlueDart Express,TRK901616,3,3,180,SLA Met
SHP-41617,ORD-11617,BlueDart Express,TRK901617,5,5,60,SLA Met
SHP-41618,ORD-11618,XpressBees Surface,TRK901618,2,2,180,SLA Met
SHP-41620,ORD-11620,Delhivery Direct,TRK901620,3,3,150,SLA Met
SHP-41622,ORD-11622,Ecom Express,TRK901622,2,6,90,SLA Breached
SHP-41623,ORD-11623,BlueDart Express,TRK901623,3,3,90,SLA Met
SHP-41625,ORD-11625,BlueDart Express,TRK901625,4,4,90,SLA Met
SHP-41626,ORD-11626,BlueDart Express,TRK901626,4,4,120,SLA Met
SHP-41627,ORD-11627,BlueDart Express,TRK901627,3,3,60,SLA Met
SHP-41628,ORD-11628,Ecom Express,TRK901628,5,5,180,SLA Met
SHP-41629,ORD-11629,Ecom Express,TRK901629,3,3,60,SLA Met
SHP-41630,ORD-11630,Shadowfax Surface,TRK901630,2,2,180,SLA Met
SHP-41632,ORD-11632,XpressBees Surface,TRK901632,2,2,90,SLA Met
SHP-41634,ORD-11634,Delhivery Direct,TRK901634,4,7,90,SLA Breached
SHP-41635,ORD-11635,Ecom Express,TRK901635,3,3,60,SLA Met
SHP-41636,ORD-11636,Delhivery Direct,TRK901636,5,9,120,SLA Breached
SHP-41640,ORD-11640,Delhivery Direct,TRK901640,3,4,150,SLA Breached
SHP-41641,ORD-11641,Shadowfax Surface,TRK901641,5,5,90,SLA Met
SHP-41642,ORD-11642,XpressBees Surface,TRK901642,2,2,60,SLA Met
SHP-41643,ORD-11643,Ecom Express,TRK901643,2,2,180,SLA Met
SHP-41644,ORD-11644,Shadowfax Surface,TRK901644,4,4,150,SLA Met
SHP-41645,ORD-11645,XpressBees Surface,TRK901645,4,4,60,SLA Met
SHP-41646,ORD-11646,BlueDart Express,TRK901646,2,2,90,SLA Met
SHP-41647,ORD-11647,Delhivery Direct,TRK901647,3,3,90,SLA Met
SHP-41648,ORD-11648,XpressBees Surface,TRK901648,4,6,120,SLA Breached
SHP-41649,ORD-11649,Delhivery Direct,TRK901649,5,7,60,SLA Breached
SHP-41650,ORD-11650,Shadowfax Surface,TRK901650,2,2,120,SLA Met
SHP-41651,ORD-11651,XpressBees Surface,TRK901651,4,4,150,SLA Met
SHP-41652,ORD-11652,Ecom Express,TRK901652,2,2,120,SLA Met
SHP-41653,ORD-11653,Delhivery Direct,TRK901653,4,4,90,SLA Met
SHP-41654,ORD-11654,Delhivery Direct,TRK901654,5,5,180,SLA Met
SHP-41655,ORD-11655,BlueDart Express,TRK901655,3,3,120,SLA Met
SHP-41656,ORD-11656,BlueDart Express,TRK901656,5,8,180,SLA Breached
SHP-41657,ORD-11657,Delhivery Direct,TRK901657,3,6,150,SLA Breached
SHP-41658,ORD-11658,BlueDart Express,TRK901658,5,5,120,SLA Met
SHP-41659,ORD-11659,Shadowfax Surface,TRK901659,5,5,60,SLA Met
SHP-41661,ORD-11661,BlueDart Express,TRK901661,4,4,180,SLA Met
SHP-41662,ORD-11662,XpressBees Surface,TRK901662,4,4,120,SLA Met
SHP-41663,ORD-11663,XpressBees Surface,TRK901663,5,5,150,SLA Met
SHP-41664,ORD-11664,Shadowfax Surface,TRK901664,4,4,180,SLA Met
SHP-41665,ORD-11665,Delhivery Direct,TRK901665,5,5,120,SLA Met
SHP-41666,ORD-11666,BlueDart Express,TRK901666,3,3,60,SLA Met
SHP-41668,ORD-11668,BlueDart Express,TRK901668,2,2,150,SLA Met
SHP-41669,ORD-11669,Delhivery Direct,TRK901669,2,2,150,SLA Met
SHP-41670,ORD-11670,Ecom Express,TRK901670,4,4,180,SLA Met
SHP-41672,ORD-11672,XpressBees Surface,TRK901672,2,2,120,SLA Met
SHP-41674,ORD-11674,XpressBees Surface,TRK901674,4,4,60,SLA Met
SHP-41675,ORD-11675,Ecom Express,TRK901675,2,2,120,SLA Met
SHP-41676,ORD-11676,Shadowfax Surface,TRK901676,3,3,150,SLA Met
SHP-41677,ORD-11677,Shadowfax Surface,TRK901677,4,6,150,SLA Breached
SHP-41679,ORD-11679,Ecom Express,TRK901679,3,3,180,SLA Met
SHP-41680,ORD-11680,Delhivery Direct,TRK901680,3,6,150,SLA Breached
SHP-41681,ORD-11681,Delhivery Direct,TRK901681,5,5,60,SLA Met
SHP-41682,ORD-11682,BlueDart Express,TRK901682,3,3,180,SLA Met
SHP-41684,ORD-11684,BlueDart Express,TRK901684,2,2,180,SLA Met
SHP-41685,ORD-11685,Shadowfax Surface,TRK901685,4,4,90,SLA Met
SHP-41686,ORD-11686,BlueDart Express,TRK901686,3,3,180,SLA Met
SHP-41687,ORD-11687,Shadowfax Surface,TRK901687,3,6,150,SLA Breached
SHP-41688,ORD-11688,Shadowfax Surface,TRK901688,5,5,60,SLA Met
SHP-41690,ORD-11690,XpressBees Surface,TRK901690,3,3,60,SLA Met
SHP-41691,ORD-11691,Ecom Express,TRK901691,5,5,60,SLA Met
SHP-41693,ORD-11693,Shadowfax Surface,TRK901693,2,2,150,SLA Met
SHP-41694,ORD-11694,BlueDart Express,TRK901694,5,5,120,SLA Met
SHP-41695,ORD-11695,BlueDart Express,TRK901695,3,5,150,SLA Breached
SHP-41696,ORD-11696,BlueDart Express,TRK901696,3,3,150,SLA Met
SHP-41697,ORD-11697,BlueDart Express,TRK901697,3,3,180,SLA Met
SHP-41698,ORD-11698,Ecom Express,TRK901698,2,2,60,SLA Met
SHP-41699,ORD-11699,XpressBees Surface,TRK901699,3,3,60,SLA Met
SHP-41700,ORD-11700,BlueDart Express,TRK901700,2,6,150,SLA Breached
SHP-41701,ORD-11701,XpressBees Surface,TRK901701,3,3,90,SLA Met
SHP-41702,ORD-11702,Delhivery Direct,TRK901702,5,5,60,SLA Met
SHP-41706,ORD-11706,BlueDart Express,TRK901706,3,3,180,SLA Met
SHP-41707,ORD-11707,Shadowfax Surface,TRK901707,2,5,90,SLA Breached
SHP-41708,ORD-11708,Ecom Express,TRK901708,4,4,180,SLA Met
SHP-41709,ORD-11709,BlueDart Express,TRK901709,4,8,60,SLA Breached
SHP-41710,ORD-11710,Ecom Express,TRK901710,4,4,90,SLA Met
SHP-41711,ORD-11711,Ecom Express,TRK901711,4,4,150,SLA Met
SHP-41712,ORD-11712,BlueDart Express,TRK901712,5,5,150,SLA Met
SHP-41714,ORD-11714,BlueDart Express,TRK901714,4,4,60,SLA Met
SHP-41715,ORD-11715,XpressBees Surface,TRK901715,5,5,120,SLA Met
SHP-41716,ORD-11716,XpressBees Surface,TRK901716,5,5,150,SLA Met
SHP-41717,ORD-11717,BlueDart Express,TRK901717,3,6,180,SLA Breached
SHP-41719,ORD-11719,Delhivery Direct,TRK901719,5,5,180,SLA Met
SHP-41720,ORD-11720,Ecom Express,TRK901720,5,5,60,SLA Met
SHP-41721,ORD-11721,XpressBees Surface,TRK901721,5,5,60,SLA Met
SHP-41722,ORD-11722,Shadowfax Surface,TRK901722,2,2,90,SLA Met
SHP-41723,ORD-11723,XpressBees Surface,TRK901723,5,5,150,SLA Met
SHP-41724,ORD-11724,XpressBees Surface,TRK901724,4,4,60,SLA Met
SHP-41726,ORD-11726,Shadowfax Surface,TRK901726,5,5,180,SLA Met
SHP-41727,ORD-11727,Shadowfax Surface,TRK901727,3,3,150,SLA Met
SHP-41728,ORD-11728,Shadowfax Surface,TRK901728,2,2,120,SLA Met
SHP-41729,ORD-11729,Ecom Express,TRK901729,3,5,120,SLA Breached
SHP-41730,ORD-11730,Ecom Express,TRK901730,2,2,180,SLA Met
SHP-41731,ORD-11731,Shadowfax Surface,TRK901731,2,2,60,SLA Met
SHP-41732,ORD-11732,Shadowfax Surface,TRK901732,3,3,120,SLA Met
SHP-41733,ORD-11733,Shadowfax Surface,TRK901733,4,4,60,SLA Met
SHP-41734,ORD-11734,Shadowfax Surface,TRK901734,3,3,90,SLA Met
SHP-41735,ORD-11735,XpressBees Surface,TRK901735,2,2,60,SLA Met
SHP-41736,ORD-11736,Delhivery Direct,TRK901736,3,3,150,SLA Met
SHP-41737,ORD-11737,BlueDart Express,TRK901737,5,5,180,SLA Met
SHP-41738,ORD-11738,Shadowfax Surface,TRK901738,5,5,90,SLA Met
SHP-41739,ORD-11739,XpressBees Surface,TRK901739,3,3,120,SLA Met
SHP-41740,ORD-11740,Shadowfax Surface,TRK901740,4,8,180,SLA Breached
SHP-41741,ORD-11741,Delhivery Direct,TRK901741,5,5,120,SLA Met
SHP-41742,ORD-11742,Delhivery Direct,TRK901742,5,5,150,SLA Met
SHP-41744,ORD-11744,XpressBees Surface,TRK901744,5,5,150,SLA Met
SHP-41745,ORD-11745,Shadowfax Surface,TRK901745,5,5,120,SLA Met
SHP-41747,ORD-11747,Ecom Express,TRK901747,5,7,60,SLA Breached
SHP-41748,ORD-11748,Delhivery Direct,TRK901748,2,2,150,SLA Met
SHP-41749,ORD-11749,Ecom Express,TRK901749,4,4,150,SLA Met
SHP-41750,ORD-11750,Delhivery Direct,TRK901750,3,3,150,SLA Met
SHP-41751,ORD-11751,Ecom Express,TRK901751,3,4,120,SLA Breached
SHP-41754,ORD-11754,Shadowfax Surface,TRK901754,5,5,150,SLA Met
SHP-41756,ORD-11756,Ecom Express,TRK901756,2,2,90,SLA Met
SHP-41757,ORD-11757,BlueDart Express,TRK901757,5,5,180,SLA Met
SHP-41758,ORD-11758,Shadowfax Surface,TRK901758,3,3,180,SLA Met
SHP-41759,ORD-11759,Ecom Express,TRK901759,4,7,180,SLA Breached
SHP-41760,ORD-11760,Shadowfax Surface,TRK901760,2,2,180,SLA Met
SHP-41761,ORD-11761,Delhivery Direct,TRK901761,5,5,90,SLA Met
SHP-41763,ORD-11763,Ecom Express,TRK901763,3,3,150,SLA Met
SHP-41765,ORD-11765,Shadowfax Surface,TRK901765,3,3,180,SLA Met
SHP-41766,ORD-11766,Shadowfax Surface,TRK901766,4,7,180,SLA Breached
SHP-41768,ORD-11768,XpressBees Surface,TRK901768,4,4,120,SLA Met
SHP-41771,ORD-11771,Ecom Express,TRK901771,4,4,90,SLA Met
SHP-41772,ORD-11772,Ecom Express,TRK901772,5,5,60,SLA Met
SHP-41773,ORD-11773,XpressBees Surface,TRK901773,5,7,120,SLA Breached
SHP-41774,ORD-11774,Ecom Express,TRK901774,5,5,120,SLA Met
SHP-41776,ORD-11776,Delhivery Direct,TRK901776,5,6,180,SLA Breached
SHP-41779,ORD-11779,BlueDart Express,TRK901779,2,2,60,SLA Met
SHP-41780,ORD-11780,Delhivery Direct,TRK901780,5,5,60,SLA Met
SHP-41782,ORD-11782,BlueDart Express,TRK901782,4,6,180,SLA Breached
SHP-41783,ORD-11783,Ecom Express,TRK901783,5,5,150,SLA Met
SHP-41784,ORD-11784,Ecom Express,TRK901784,4,4,150,SLA Met
SHP-41785,ORD-11785,Shadowfax Surface,TRK901785,2,5,120,SLA Breached
SHP-41786,ORD-11786,Shadowfax Surface,TRK901786,4,4,60,SLA Met
SHP-41787,ORD-11787,BlueDart Express,TRK901787,4,4,120,SLA Met
SHP-41788,ORD-11788,XpressBees Surface,TRK901788,2,2,150,SLA Met
SHP-41789,ORD-11789,BlueDart Express,TRK901789,2,2,120,SLA Met
SHP-41790,ORD-11790,XpressBees Surface,TRK901790,2,2,150,SLA Met
SHP-41791,ORD-11791,BlueDart Express,TRK901791,2,2,120,SLA Met
SHP-41792,ORD-11792,XpressBees Surface,TRK901792,2,2,90,SLA Met
SHP-41793,ORD-11793,Shadowfax Surface,TRK901793,3,3,60,SLA Met
SHP-41794,ORD-11794,Delhivery Direct,TRK901794,5,8,60,SLA Breached
SHP-41795,ORD-11795,Delhivery Direct,TRK901795,2,2,120,SLA Met
SHP-41796,ORD-11796,XpressBees Surface,TRK901796,3,3,120,SLA Met
SHP-41797,ORD-11797,BlueDart Express,TRK901797,5,5,180,SLA Met
SHP-41799,ORD-11799,XpressBees Surface,TRK901799,4,4,60,SLA Met
SHP-41800,ORD-11800,XpressBees Surface,TRK901800,2,2,180,SLA Met
SHP-41801,ORD-11801,XpressBees Surface,TRK901801,2,2,90,SLA Met
SHP-41802,ORD-11802,Delhivery Direct,TRK901802,3,3,90,SLA Met
SHP-41804,ORD-11804,XpressBees Surface,TRK901804,2,2,60,SLA Met
SHP-41805,ORD-11805,BlueDart Express,TRK901805,3,3,120,SLA Met
SHP-41807,ORD-11807,Ecom Express,TRK901807,5,5,150,SLA Met
SHP-41808,ORD-11808,BlueDart Express,TRK901808,5,5,150,SLA Met
SHP-41809,ORD-11809,Shadowfax Surface,TRK901809,2,2,150,SLA Met
SHP-41810,ORD-11810,Delhivery Direct,TRK901810,5,5,60,SLA Met
SHP-41811,ORD-11811,BlueDart Express,TRK901811,3,3,180,SLA Met
SHP-41813,ORD-11813,XpressBees Surface,TRK901813,2,2,150,SLA Met
SHP-41815,ORD-11815,BlueDart Express,TRK901815,3,3,120,SLA Met
SHP-41816,ORD-11816,XpressBees Surface,TRK901816,4,4,150,SLA Met
SHP-41817,ORD-11817,BlueDart Express,TRK901817,2,2,120,SLA Met
SHP-41818,ORD-11818,Ecom Express,TRK901818,3,3,120,SLA Met
SHP-41819,ORD-11819,BlueDart Express,TRK901819,3,3,150,SLA Met
SHP-41820,ORD-11820,XpressBees Surface,TRK901820,4,4,90,SLA Met
SHP-41821,ORD-11821,Ecom Express,TRK901821,4,5,150,SLA Breached
SHP-41822,ORD-11822,Shadowfax Surface,TRK901822,4,4,150,SLA Met
SHP-41823,ORD-11823,Delhivery Direct,TRK901823,4,4,60,SLA Met
SHP-41824,ORD-11824,Shadowfax Surface,TRK901824,2,2,60,SLA Met
SHP-41825,ORD-11825,Ecom Express,TRK901825,4,4,150,SLA Met
SHP-41827,ORD-11827,Shadowfax Surface,TRK901827,4,4,120,SLA Met
SHP-41828,ORD-11828,Ecom Express,TRK901828,3,7,180,SLA Breached
SHP-41829,ORD-11829,XpressBees Surface,TRK901829,4,4,120,SLA Met
SHP-41830,ORD-11830,XpressBees Surface,TRK901830,2,3,60,SLA Breached
SHP-41831,ORD-11831,Shadowfax Surface,TRK901831,5,9,90,SLA Breached
SHP-41832,ORD-11832,XpressBees Surface,TRK901832,3,3,90,SLA Met
SHP-41833,ORD-11833,Delhivery Direct,TRK901833,3,6,150,SLA Breached
SHP-41834,ORD-11834,Delhivery Direct,TRK901834,4,4,60,SLA Met
SHP-41835,ORD-11835,Delhivery Direct,TRK901835,5,9,120,SLA Breached
SHP-41836,ORD-11836,Delhivery Direct,TRK901836,4,4,180,SLA Met
SHP-41838,ORD-11838,Ecom Express,TRK901838,5,8,90,SLA Breached
SHP-41839,ORD-11839,Ecom Express,TRK901839,2,2,60,SLA Met
SHP-41840,ORD-11840,Shadowfax Surface,TRK901840,3,3,120,SLA Met
SHP-41841,ORD-11841,Delhivery Direct,TRK901841,5,6,150,SLA Breached
SHP-41842,ORD-11842,Shadowfax Surface,TRK901842,4,4,180,SLA Met
SHP-41843,ORD-11843,Shadowfax Surface,TRK901843,2,2,120,SLA Met
SHP-41844,ORD-11844,BlueDart Express,TRK901844,3,3,120,SLA Met
SHP-41846,ORD-11846,Ecom Express,TRK901846,5,8,90,SLA Breached
SHP-41847,ORD-11847,Delhivery Direct,TRK901847,3,3,60,SLA Met
SHP-41848,ORD-11848,Delhivery Direct,TRK901848,2,2,60,SLA Met
SHP-41849,ORD-11849,Delhivery Direct,TRK901849,2,2,120,SLA Met
SHP-41851,ORD-11851,Ecom Express,TRK901851,3,5,180,SLA Breached
SHP-41852,ORD-11852,BlueDart Express,TRK901852,2,2,60,SLA Met
SHP-41854,ORD-11854,Ecom Express,TRK901854,5,5,150,SLA Met
SHP-41856,ORD-11856,Delhivery Direct,TRK901856,3,3,60,SLA Met
SHP-41857,ORD-11857,Ecom Express,TRK901857,3,3,180,SLA Met
SHP-41858,ORD-11858,Delhivery Direct,TRK901858,5,5,150,SLA Met
SHP-41860,ORD-11860,Shadowfax Surface,TRK901860,5,5,90,SLA Met
SHP-41861,ORD-11861,Shadowfax Surface,TRK901861,4,4,90,SLA Met
SHP-41862,ORD-11862,Ecom Express,TRK901862,4,8,60,SLA Breached
SHP-41863,ORD-11863,BlueDart Express,TRK901863,2,2,120,SLA Met
SHP-41865,ORD-11865,XpressBees Surface,TRK901865,2,2,120,SLA Met
SHP-41866,ORD-11866,XpressBees Surface,TRK901866,5,5,150,SLA Met
SHP-41868,ORD-11868,Delhivery Direct,TRK901868,2,2,180,SLA Met
SHP-41874,ORD-11874,Shadowfax Surface,TRK901874,3,3,180,SLA Met
SHP-41877,ORD-11877,Ecom Express,TRK901877,3,3,150,SLA Met
SHP-41878,ORD-11878,Ecom Express,TRK901878,5,6,60,SLA Breached
SHP-41879,ORD-11879,Ecom Express,TRK901879,3,3,90,SLA Met
SHP-41880,ORD-11880,BlueDart Express,TRK901880,5,5,90,SLA Met
SHP-41881,ORD-11881,XpressBees Surface,TRK901881,3,3,90,SLA Met
SHP-41882,ORD-11882,XpressBees Surface,TRK901882,5,5,180,SLA Met
SHP-41883,ORD-11883,XpressBees Surface,TRK901883,2,2,120,SLA Met
SHP-41884,ORD-11884,BlueDart Express,TRK901884,2,2,120,SLA Met
SHP-41885,ORD-11885,Ecom Express,TRK901885,2,2,180,SLA Met
SHP-41887,ORD-11887,Delhivery Direct,TRK901887,2,2,90,SLA Met
SHP-41888,ORD-11888,Delhivery Direct,TRK901888,3,3,90,SLA Met
SHP-41889,ORD-11889,BlueDart Express,TRK901889,5,5,150,SLA Met
SHP-41890,ORD-11890,Ecom Express,TRK901890,4,4,90,SLA Met
SHP-41891,ORD-11891,Delhivery Direct,TRK901891,3,3,150,SLA Met
SHP-41894,ORD-11894,XpressBees Surface,TRK901894,3,6,90,SLA Breached
SHP-41895,ORD-11895,Delhivery Direct,TRK901895,2,2,60,SLA Met
SHP-41896,ORD-11896,Ecom Express,TRK901896,2,2,180,SLA Met
SHP-41897,ORD-11897,Ecom Express,TRK901897,3,3,120,SLA Met
SHP-41898,ORD-11898,XpressBees Surface,TRK901898,2,2,150,SLA Met
SHP-41899,ORD-11899,Ecom Express,TRK901899,4,4,120,SLA Met
SHP-41900,ORD-11900,BlueDart Express,TRK901900,5,5,180,SLA Met
SHP-41901,ORD-11901,Shadowfax Surface,TRK901901,2,2,120,SLA Met
SHP-41902,ORD-11902,Ecom Express,TRK901902,4,4,90,SLA Met
SHP-41903,ORD-11903,Delhivery Direct,TRK901903,4,4,120,SLA Met
SHP-41904,ORD-11904,Delhivery Direct,TRK901904,4,4,60,SLA Met
SHP-41906,ORD-11906,BlueDart Express,TRK901906,4,4,120,SLA Met
SHP-41908,ORD-11908,Ecom Express,TRK901908,4,4,180,SLA Met
SHP-41909,ORD-11909,Shadowfax Surface,TRK901909,5,5,180,SLA Met
SHP-41910,ORD-11910,Ecom Express,TRK901910,2,2,180,SLA Met
SHP-41912,ORD-11912,XpressBees Surface,TRK901912,5,5,120,SLA Met
SHP-41913,ORD-11913,BlueDart Express,TRK901913,3,3,120,SLA Met
SHP-41914,ORD-11914,XpressBees Surface,TRK901914,3,3,150,SLA Met
SHP-41915,ORD-11915,BlueDart Express,TRK901915,5,5,180,SLA Met
SHP-41916,ORD-11916,Delhivery Direct,TRK901916,5,5,90,SLA Met
SHP-41917,ORD-11917,BlueDart Express,TRK901917,2,2,60,SLA Met
SHP-41918,ORD-11918,XpressBees Surface,TRK901918,3,3,120,SLA Met
SHP-41919,ORD-11919,XpressBees Surface,TRK901919,2,2,150,SLA Met
SHP-41920,ORD-11920,Delhivery Direct,TRK901920,4,4,90,SLA Met
SHP-41921,ORD-11921,Delhivery Direct,TRK901921,3,3,90,SLA Met
SHP-41922,ORD-11922,Delhivery Direct,TRK901922,4,4,90,SLA Met
SHP-41924,ORD-11924,Ecom Express,TRK901924,5,5,150,SLA Met
SHP-41925,ORD-11925,Ecom Express,TRK901925,2,2,90,SLA Met
SHP-41926,ORD-11926,Delhivery Direct,TRK901926,5,5,60,SLA Met
SHP-41927,ORD-11927,Delhivery Direct,TRK901927,3,5,90,SLA Breached
SHP-41928,ORD-11928,BlueDart Express,TRK901928,3,3,90,SLA Met
SHP-41929,ORD-11929,XpressBees Surface,TRK901929,5,6,180,SLA Breached
SHP-41930,ORD-11930,BlueDart Express,TRK901930,2,2,60,SLA Met
SHP-41932,ORD-11932,Delhivery Direct,TRK901932,2,6,120,SLA Breached
SHP-41933,ORD-11933,Delhivery Direct,TRK901933,4,4,150,SLA Met
SHP-41934,ORD-11934,Shadowfax Surface,TRK901934,5,8,60,SLA Breached
SHP-41935,ORD-11935,Ecom Express,TRK901935,2,2,180,SLA Met
SHP-41937,ORD-11937,XpressBees Surface,TRK901937,3,3,150,SLA Met
SHP-41938,ORD-11938,Ecom Express,TRK901938,2,2,60,SLA Met
SHP-41939,ORD-11939,XpressBees Surface,TRK901939,5,5,150,SLA Met
SHP-41940,ORD-11940,Ecom Express,TRK901940,5,5,150,SLA Met
SHP-41941,ORD-11941,Shadowfax Surface,TRK901941,3,3,180,SLA Met
SHP-41943,ORD-11943,Ecom Express,TRK901943,5,5,120,SLA Met
SHP-41944,ORD-11944,Shadowfax Surface,TRK901944,3,3,150,SLA Met
SHP-41945,ORD-11945,Delhivery Direct,TRK901945,5,6,90,SLA Breached
SHP-41946,ORD-11946,Shadowfax Surface,TRK901946,2,2,150,SLA Met
SHP-41947,ORD-11947,BlueDart Express,TRK901947,2,2,120,SLA Met
SHP-41948,ORD-11948,Shadowfax Surface,TRK901948,3,3,60,SLA Met
SHP-41950,ORD-11950,Shadowfax Surface,TRK901950,3,4,180,SLA Breached
SHP-41951,ORD-11951,Ecom Express,TRK901951,3,3,90,SLA Met
SHP-41952,ORD-11952,Delhivery Direct,TRK901952,2,2,120,SLA Met
SHP-41953,ORD-11953,XpressBees Surface,TRK901953,2,2,90,SLA Met
SHP-41954,ORD-11954,BlueDart Express,TRK901954,4,4,180,SLA Met
SHP-41955,ORD-11955,Shadowfax Surface,TRK901955,5,5,120,SLA Met
SHP-41957,ORD-11957,BlueDart Express,TRK901957,4,4,150,SLA Met
SHP-41958,ORD-11958,Shadowfax Surface,TRK901958,3,4,60,SLA Breached
SHP-41961,ORD-11961,XpressBees Surface,TRK901961,3,3,150,SLA Met
SHP-41962,ORD-11962,BlueDart Express,TRK901962,4,4,90,SLA Met
SHP-41963,ORD-11963,Ecom Express,TRK901963,3,3,120,SLA Met
SHP-41964,ORD-11964,BlueDart Express,TRK901964,4,4,60,SLA Met
SHP-41965,ORD-11965,XpressBees Surface,TRK901965,4,6,60,SLA Breached
SHP-41966,ORD-11966,Delhivery Direct,TRK901966,5,5,120,SLA Met
SHP-41967,ORD-11967,BlueDart Express,TRK901967,5,5,90,SLA Met
SHP-41968,ORD-11968,BlueDart Express,TRK901968,4,4,60,SLA Met
SHP-41969,ORD-11969,Delhivery Direct,TRK901969,5,5,180,SLA Met
SHP-41970,ORD-11970,Shadowfax Surface,TRK901970,3,4,150,SLA Breached
SHP-41971,ORD-11971,Ecom Express,TRK901971,3,5,150,SLA Breached
SHP-41972,ORD-11972,XpressBees Surface,TRK901972,3,3,60,SLA Met
SHP-41973,ORD-11973,Shadowfax Surface,TRK901973,2,2,60,SLA Met
SHP-41975,ORD-11975,Ecom Express,TRK901975,4,4,90,SLA Met
SHP-41976,ORD-11976,BlueDart Express,TRK901976,3,4,90,SLA Breached
SHP-41977,ORD-11977,Ecom Express,TRK901977,4,4,150,SLA Met
SHP-41978,ORD-11978,XpressBees Surface,TRK901978,4,7,90,SLA Breached
SHP-41979,ORD-11979,XpressBees Surface,TRK901979,4,4,150,SLA Met
SHP-41982,ORD-11982,BlueDart Express,TRK901982,4,4,120,SLA Met
SHP-41983,ORD-11983,Shadowfax Surface,TRK901983,2,2,180,SLA Met
SHP-41984,ORD-11984,XpressBees Surface,TRK901984,4,4,150,SLA Met
SHP-41985,ORD-11985,Delhivery Direct,TRK901985,3,3,180,SLA Met
SHP-41986,ORD-11986,Ecom Express,TRK901986,5,5,180,SLA Met
SHP-41987,ORD-11987,Delhivery Direct,TRK901987,5,5,120,SLA Met
SHP-41988,ORD-11988,XpressBees Surface,TRK901988,3,3,180,SLA Met
SHP-41989,ORD-11989,XpressBees Surface,TRK901989,3,5,150,SLA Breached
SHP-41990,ORD-11990,Delhivery Direct,TRK901990,2,2,120,SLA Met
SHP-41991,ORD-11991,BlueDart Express,TRK901991,3,3,180,SLA Met
SHP-41992,ORD-11992,Delhivery Direct,TRK901992,5,5,120,SLA Met
SHP-41993,ORD-11993,BlueDart Express,TRK901993,5,5,180,SLA Met
SHP-41994,ORD-11994,XpressBees Surface,TRK901994,2,2,90,SLA Met
SHP-41995,ORD-11995,BlueDart Express,TRK901995,3,3,150,SLA Met
SHP-41996,ORD-11996,XpressBees Surface,TRK901996,4,7,180,SLA Breached
SHP-41997,ORD-11997,Ecom Express,TRK901997,5,5,150,SLA Met
SHP-41998,ORD-11998,BlueDart Express,TRK901998,5,9,180,SLA Breached
SHP-41999,ORD-11999,Delhivery Direct,TRK901999,5,5,150,SLA Met
SHP-42000,ORD-12000,BlueDart Express,TRK902000,5,8,120,SLA Breached
SHP-42001,ORD-12001,Ecom Express,TRK902001,3,3,60,SLA Met
SHP-42002,ORD-12002,Ecom Express,TRK902002,5,5,150,SLA Met
SHP-42003,ORD-12003,Shadowfax Surface,TRK902003,3,3,60,SLA Met
SHP-42004,ORD-12004,BlueDart Express,TRK902004,4,4,90,SLA Met
SHP-42005,ORD-12005,XpressBees Surface,TRK902005,3,3,120,SLA Met
SHP-42006,ORD-12006,Ecom Express,TRK902006,2,2,120,SLA Met
SHP-42007,ORD-12007,Ecom Express,TRK902007,4,4,90,SLA Met
SHP-42009,ORD-12009,BlueDart Express,TRK902009,5,5,120,SLA Met
SHP-42010,ORD-12010,Delhivery Direct,TRK902010,4,4,150,SLA Met
SHP-42011,ORD-12011,BlueDart Express,TRK902011,5,9,120,SLA Breached
SHP-42012,ORD-12012,Ecom Express,TRK902012,5,5,150,SLA Met
SHP-42014,ORD-12014,Delhivery Direct,TRK902014,4,4,90,SLA Met
SHP-42015,ORD-12015,XpressBees Surface,TRK902015,2,2,150,SLA Met
SHP-42016,ORD-12016,BlueDart Express,TRK902016,5,5,120,SLA Met
SHP-42019,ORD-12019,Ecom Express,TRK902019,3,3,60,SLA Met
SHP-42021,ORD-12021,BlueDart Express,TRK902021,2,2,60,SLA Met
SHP-42024,ORD-12024,Shadowfax Surface,TRK902024,5,6,150,SLA Breached
SHP-42025,ORD-12025,Ecom Express,TRK902025,2,2,150,SLA Met
SHP-42026,ORD-12026,Ecom Express,TRK902026,4,4,180,SLA Met
SHP-42027,ORD-12027,Shadowfax Surface,TRK902027,5,5,120,SLA Met
SHP-42028,ORD-12028,XpressBees Surface,TRK902028,2,2,180,SLA Met
SHP-42031,ORD-12031,XpressBees Surface,TRK902031,4,5,180,SLA Breached
SHP-42032,ORD-12032,Shadowfax Surface,TRK902032,2,6,90,SLA Breached
SHP-42033,ORD-12033,BlueDart Express,TRK902033,4,4,180,SLA Met
SHP-42034,ORD-12034,Delhivery Direct,TRK902034,3,3,180,SLA Met
SHP-42037,ORD-12037,BlueDart Express,TRK902037,2,3,150,SLA Breached
SHP-42040,ORD-12040,XpressBees Surface,TRK902040,2,2,180,SLA Met
SHP-42041,ORD-12041,Ecom Express,TRK902041,4,4,120,SLA Met
SHP-42042,ORD-12042,Shadowfax Surface,TRK902042,4,4,180,SLA Met
SHP-42043,ORD-12043,XpressBees Surface,TRK902043,3,3,180,SLA Met
SHP-42044,ORD-12044,Shadowfax Surface,TRK902044,3,3,120,SLA Met
SHP-42045,ORD-12045,XpressBees Surface,TRK902045,4,4,180,SLA Met
SHP-42047,ORD-12047,XpressBees Surface,TRK902047,4,4,60,SLA Met
SHP-42048,ORD-12048,Ecom Express,TRK902048,4,4,60,SLA Met
SHP-42049,ORD-12049,Shadowfax Surface,TRK902049,4,4,150,SLA Met
SHP-42050,ORD-12050,Ecom Express,TRK902050,3,5,180,SLA Breached
SHP-42051,ORD-12051,Shadowfax Surface,TRK902051,3,3,150,SLA Met
SHP-42052,ORD-12052,XpressBees Surface,TRK902052,4,4,180,SLA Met
SHP-42053,ORD-12053,Shadowfax Surface,TRK902053,4,4,60,SLA Met
SHP-42054,ORD-12054,Ecom Express,TRK902054,2,6,150,SLA Breached
SHP-42056,ORD-12056,BlueDart Express,TRK902056,2,2,180,SLA Met
SHP-42057,ORD-12057,BlueDart Express,TRK902057,3,3,60,SLA Met
SHP-42059,ORD-12059,Delhivery Direct,TRK902059,2,2,90,SLA Met
SHP-42060,ORD-12060,Shadowfax Surface,TRK902060,4,4,90,SLA Met
SHP-42063,ORD-12063,XpressBees Surface,TRK902063,4,4,180,SLA Met
SHP-42064,ORD-12064,Delhivery Direct,TRK902064,5,5,60,SLA Met
SHP-42065,ORD-12065,Ecom Express,TRK902065,3,3,60,SLA Met
SHP-42066,ORD-12066,Delhivery Direct,TRK902066,4,4,150,SLA Met
SHP-42067,ORD-12067,BlueDart Express,TRK902067,4,4,90,SLA Met
SHP-42068,ORD-12068,BlueDart Express,TRK902068,3,3,60,SLA Met
SHP-42069,ORD-12069,BlueDart Express,TRK902069,2,2,180,SLA Met
SHP-42070,ORD-12070,Ecom Express,TRK902070,4,4,180,SLA Met
SHP-42071,ORD-12071,BlueDart Express,TRK902071,4,4,150,SLA Met
SHP-42072,ORD-12072,Ecom Express,TRK902072,5,5,60,SLA Met
SHP-42073,ORD-12073,Shadowfax Surface,TRK902073,2,2,150,SLA Met
SHP-42074,ORD-12074,Ecom Express,TRK902074,5,5,90,SLA Met
SHP-42075,ORD-12075,Shadowfax Surface,TRK902075,4,4,60,SLA Met
SHP-42076,ORD-12076,XpressBees Surface,TRK902076,4,8,60,SLA Breached
SHP-42077,ORD-12077,Shadowfax Surface,TRK902077,5,5,120,SLA Met
SHP-42079,ORD-12079,Delhivery Direct,TRK902079,2,2,180,SLA Met
SHP-42081,ORD-12081,BlueDart Express,TRK902081,3,3,90,SLA Met
SHP-42082,ORD-12082,Ecom Express,TRK902082,5,5,150,SLA Met
SHP-42083,ORD-12083,Shadowfax Surface,TRK902083,4,4,180,SLA Met
SHP-42084,ORD-12084,Ecom Express,TRK902084,4,4,150,SLA Met
SHP-42085,ORD-12085,Ecom Express,TRK902085,3,3,120,SLA Met
SHP-42086,ORD-12086,BlueDart Express,TRK902086,5,5,120,SLA Met
SHP-42087,ORD-12087,Shadowfax Surface,TRK902087,4,6,60,SLA Breached
SHP-42089,ORD-12089,Shadowfax Surface,TRK902089,3,3,60,SLA Met
SHP-42090,ORD-12090,Shadowfax Surface,TRK902090,2,2,180,SLA Met
SHP-42091,ORD-12091,Shadowfax Surface,TRK902091,2,2,120,SLA Met
SHP-42094,ORD-12094,Delhivery Direct,TRK902094,5,5,60,SLA Met
SHP-42095,ORD-12095,XpressBees Surface,TRK902095,4,4,60,SLA Met
SHP-42096,ORD-12096,Shadowfax Surface,TRK902096,3,3,90,SLA Met
SHP-42097,ORD-12097,Ecom Express,TRK902097,2,2,120,SLA Met
SHP-42098,ORD-12098,BlueDart Express,TRK902098,3,3,60,SLA Met
SHP-42099,ORD-12099,Ecom Express,TRK902099,2,5,120,SLA Breached
SHP-42101,ORD-12101,Ecom Express,TRK902101,4,4,90,SLA Met
SHP-42103,ORD-12103,Shadowfax Surface,TRK902103,4,4,90,SLA Met
SHP-42104,ORD-12104,Delhivery Direct,TRK902104,5,5,90,SLA Met
SHP-42105,ORD-12105,Delhivery Direct,TRK902105,5,9,60,SLA Breached
SHP-42106,ORD-12106,Ecom Express,TRK902106,2,3,60,SLA Breached
SHP-42107,ORD-12107,XpressBees Surface,TRK902107,3,3,90,SLA Met
SHP-42108,ORD-12108,Delhivery Direct,TRK902108,4,4,120,SLA Met
SHP-42109,ORD-12109,XpressBees Surface,TRK902109,2,2,180,SLA Met
SHP-42110,ORD-12110,Shadowfax Surface,TRK902110,4,4,150,SLA Met
SHP-42111,ORD-12111,Shadowfax Surface,TRK902111,2,2,60,SLA Met
SHP-42112,ORD-12112,Shadowfax Surface,TRK902112,3,3,60,SLA Met
SHP-42113,ORD-12113,Shadowfax Surface,TRK902113,5,5,90,SLA Met
SHP-42115,ORD-12115,Delhivery Direct,TRK902115,3,3,150,SLA Met
SHP-42116,ORD-12116,XpressBees Surface,TRK902116,3,3,60,SLA Met
SHP-42118,ORD-12118,XpressBees Surface,TRK902118,4,4,150,SLA Met
SHP-42119,ORD-12119,XpressBees Surface,TRK902119,4,4,60,SLA Met
SHP-42120,ORD-12120,Shadowfax Surface,TRK902120,5,5,60,SLA Met
SHP-42121,ORD-12121,Shadowfax Surface,TRK902121,4,4,120,SLA Met
SHP-42122,ORD-12122,Shadowfax Surface,TRK902122,5,5,150,SLA Met
SHP-42123,ORD-12123,Ecom Express,TRK902123,4,4,60,SLA Met
SHP-42124,ORD-12124,Ecom Express,TRK902124,3,3,180,SLA Met
SHP-42125,ORD-12125,Ecom Express,TRK902125,3,3,60,SLA Met
SHP-42126,ORD-12126,Delhivery Direct,TRK902126,2,2,60,SLA Met
SHP-42128,ORD-12128,Shadowfax Surface,TRK902128,2,2,150,SLA Met
SHP-42130,ORD-12130,Shadowfax Surface,TRK902130,5,7,150,SLA Breached
SHP-42131,ORD-12131,BlueDart Express,TRK902131,2,2,90,SLA Met
SHP-42132,ORD-12132,Ecom Express,TRK902132,2,2,180,SLA Met
SHP-42133,ORD-12133,Shadowfax Surface,TRK902133,3,3,120,SLA Met
SHP-42134,ORD-12134,Ecom Express,TRK902134,4,4,150,SLA Met
SHP-42135,ORD-12135,BlueDart Express,TRK902135,4,4,180,SLA Met
SHP-42136,ORD-12136,Delhivery Direct,TRK902136,2,2,90,SLA Met
SHP-42137,ORD-12137,Delhivery Direct,TRK902137,5,5,180,SLA Met
SHP-42138,ORD-12138,Delhivery Direct,TRK902138,3,3,120,SLA Met
SHP-42139,ORD-12139,Shadowfax Surface,TRK902139,5,5,120,SLA Met
SHP-42141,ORD-12141,Delhivery Direct,TRK902141,2,2,150,SLA Met
SHP-42142,ORD-12142,Delhivery Direct,TRK902142,4,4,180,SLA Met
SHP-42144,ORD-12144,XpressBees Surface,TRK902144,2,4,150,SLA Breached
SHP-42145,ORD-12145,Ecom Express,TRK902145,5,5,60,SLA Met
SHP-42146,ORD-12146,Shadowfax Surface,TRK902146,4,6,90,SLA Breached
SHP-42148,ORD-12148,Delhivery Direct,TRK902148,5,7,60,SLA Breached
SHP-42149,ORD-12149,Ecom Express,TRK902149,4,4,180,SLA Met
SHP-42150,ORD-12150,Ecom Express,TRK902150,5,5,180,SLA Met
SHP-42151,ORD-12151,BlueDart Express,TRK902151,4,4,60,SLA Met
SHP-42152,ORD-12152,XpressBees Surface,TRK902152,5,5,60,SLA Met
SHP-42153,ORD-12153,Delhivery Direct,TRK902153,2,2,180,SLA Met
SHP-42154,ORD-12154,XpressBees Surface,TRK902154,3,3,180,SLA Met
SHP-42155,ORD-12155,Delhivery Direct,TRK902155,2,2,180,SLA Met
SHP-42156,ORD-12156,Delhivery Direct,TRK902156,2,2,120,SLA Met
SHP-42157,ORD-12157,BlueDart Express,TRK902157,4,8,120,SLA Breached
SHP-42159,ORD-12159,Ecom Express,TRK902159,2,2,90,SLA Met
SHP-42160,ORD-12160,Ecom Express,TRK902160,4,7,150,SLA Breached
SHP-42161,ORD-12161,Delhivery Direct,TRK902161,4,4,90,SLA Met
SHP-42163,ORD-12163,Shadowfax Surface,TRK902163,5,5,90,SLA Met
SHP-42164,ORD-12164,XpressBees Surface,TRK902164,2,2,120,SLA Met
SHP-42165,ORD-12165,BlueDart Express,TRK902165,2,2,90,SLA Met
SHP-42166,ORD-12166,XpressBees Surface,TRK902166,5,5,150,SLA Met
SHP-42167,ORD-12167,Shadowfax Surface,TRK902167,3,3,90,SLA Met
SHP-42170,ORD-12170,XpressBees Surface,TRK902170,5,5,180,SLA Met
SHP-42171,ORD-12171,BlueDart Express,TRK902171,2,2,150,SLA Met
SHP-42172,ORD-12172,Shadowfax Surface,TRK902172,4,4,90,SLA Met
SHP-42173,ORD-12173,Ecom Express,TRK902173,3,3,120,SLA Met
SHP-42174,ORD-12174,Ecom Express,TRK902174,4,5,150,SLA Breached
SHP-42175,ORD-12175,Delhivery Direct,TRK902175,2,2,90,SLA Met
SHP-42177,ORD-12177,BlueDart Express,TRK902177,2,2,120,SLA Met
SHP-42178,ORD-12178,Delhivery Direct,TRK902178,3,5,150,SLA Breached
SHP-42179,ORD-12179,Ecom Express,TRK902179,2,2,90,SLA Met
SHP-42180,ORD-12180,Ecom Express,TRK902180,5,5,180,SLA Met
SHP-42181,ORD-12181,Ecom Express,TRK902181,2,3,150,SLA Breached
SHP-42183,ORD-12183,Ecom Express,TRK902183,3,6,60,SLA Breached
SHP-42184,ORD-12184,XpressBees Surface,TRK902184,5,7,120,SLA Breached
SHP-42185,ORD-12185,XpressBees Surface,TRK902185,3,3,180,SLA Met
SHP-42186,ORD-12186,XpressBees Surface,TRK902186,5,5,90,SLA Met
SHP-42187,ORD-12187,Shadowfax Surface,TRK902187,3,3,60,SLA Met
SHP-42188,ORD-12188,Delhivery Direct,TRK902188,2,2,180,SLA Met
SHP-42189,ORD-12189,Ecom Express,TRK902189,4,4,60,SLA Met
SHP-42190,ORD-12190,XpressBees Surface,TRK902190,2,2,60,SLA Met
SHP-42191,ORD-12191,Ecom Express,TRK902191,5,5,120,SLA Met
SHP-42192,ORD-12192,XpressBees Surface,TRK902192,4,4,180,SLA Met
SHP-42193,ORD-12193,Delhivery Direct,TRK902193,4,7,90,SLA Breached
SHP-42195,ORD-12195,XpressBees Surface,TRK902195,2,3,120,SLA Breached
SHP-42196,ORD-12196,XpressBees Surface,TRK902196,4,4,90,SLA Met
SHP-42197,ORD-12197,BlueDart Express,TRK902197,3,3,150,SLA Met
SHP-42198,ORD-12198,BlueDart Express,TRK902198,2,4,150,SLA Breached
SHP-42199,ORD-12199,Shadowfax Surface,TRK902199,3,3,180,SLA Met
SHP-42200,ORD-12200,XpressBees Surface,TRK902200,5,8,60,SLA Breached
SHP-42204,ORD-12204,BlueDart Express,TRK902204,2,2,180,SLA Met
SHP-42205,ORD-12205,XpressBees Surface,TRK902205,3,4,60,SLA Breached
SHP-42206,ORD-12206,XpressBees Surface,TRK902206,3,3,180,SLA Met
SHP-42207,ORD-12207,BlueDart Express,TRK902207,3,3,180,SLA Met
SHP-42208,ORD-12208,Shadowfax Surface,TRK902208,4,6,90,SLA Breached
SHP-42209,ORD-12209,Shadowfax Surface,TRK902209,5,5,120,SLA Met
SHP-42210,ORD-12210,Delhivery Direct,TRK902210,4,4,60,SLA Met
SHP-42211,ORD-12211,Delhivery Direct,TRK902211,3,3,120,SLA Met
SHP-42213,ORD-12213,XpressBees Surface,TRK902213,2,2,60,SLA Met
SHP-42214,ORD-12214,Delhivery Direct,TRK902214,4,4,150,SLA Met
SHP-42215,ORD-12215,XpressBees Surface,TRK902215,2,2,60,SLA Met
SHP-42216,ORD-12216,Shadowfax Surface,TRK902216,4,4,120,SLA Met
SHP-42217,ORD-12217,BlueDart Express,TRK902217,2,6,180,SLA Breached
SHP-42218,ORD-12218,BlueDart Express,TRK902218,2,2,180,SLA Met
SHP-42219,ORD-12219,BlueDart Express,TRK902219,2,5,120,SLA Breached
SHP-42220,ORD-12220,XpressBees Surface,TRK902220,3,3,120,SLA Met
SHP-42221,ORD-12221,Ecom Express,TRK902221,4,4,60,SLA Met
SHP-42222,ORD-12222,Ecom Express,TRK902222,3,3,150,SLA Met
SHP-42224,ORD-12224,Ecom Express,TRK902224,2,2,120,SLA Met
SHP-42225,ORD-12225,Delhivery Direct,TRK902225,3,3,150,SLA Met
SHP-42226,ORD-12226,Ecom Express,TRK902226,4,4,60,SLA Met
SHP-42227,ORD-12227,XpressBees Surface,TRK902227,5,5,60,SLA Met
SHP-42228,ORD-12228,XpressBees Surface,TRK902228,2,2,120,SLA Met
SHP-42229,ORD-12229,Delhivery Direct,TRK902229,5,5,90,SLA Met
SHP-42230,ORD-12230,XpressBees Surface,TRK902230,2,2,60,SLA Met
SHP-42231,ORD-12231,Shadowfax Surface,TRK902231,2,2,90,SLA Met
SHP-42233,ORD-12233,Shadowfax Surface,TRK902233,2,2,120,SLA Met
SHP-42234,ORD-12234,Shadowfax Surface,TRK902234,3,3,180,SLA Met
SHP-42235,ORD-12235,Shadowfax Surface,TRK902235,5,5,90,SLA Met
SHP-42237,ORD-12237,Delhivery Direct,TRK902237,5,5,150,SLA Met
SHP-42239,ORD-12239,Shadowfax Surface,TRK902239,3,3,60,SLA Met
SHP-42240,ORD-12240,Delhivery Direct,TRK902240,2,2,60,SLA Met
SHP-42241,ORD-12241,XpressBees Surface,TRK902241,5,5,60,SLA Met
SHP-42242,ORD-12242,BlueDart Express,TRK902242,4,7,90,SLA Breached
SHP-42243,ORD-12243,Ecom Express,TRK902243,4,4,180,SLA Met
SHP-42244,ORD-12244,Ecom Express,TRK902244,3,3,120,SLA Met
SHP-42245,ORD-12245,XpressBees Surface,TRK902245,4,4,90,SLA Met
SHP-42246,ORD-12246,Shadowfax Surface,TRK902246,2,2,180,SLA Met
SHP-42247,ORD-12247,Shadowfax Surface,TRK902247,3,3,90,SLA Met
SHP-42248,ORD-12248,Shadowfax Surface,TRK902248,5,5,90,SLA Met
SHP-42249,ORD-12249,BlueDart Express,TRK902249,4,4,150,SLA Met
SHP-42251,ORD-12251,Shadowfax Surface,TRK902251,5,5,180,SLA Met
SHP-42252,ORD-12252,BlueDart Express,TRK902252,5,5,180,SLA Met
SHP-42253,ORD-12253,Shadowfax Surface,TRK902253,4,4,150,SLA Met
SHP-42254,ORD-12254,Ecom Express,TRK902254,4,5,60,SLA Breached
SHP-42255,ORD-12255,Delhivery Direct,TRK902255,5,5,90,SLA Met
SHP-42257,ORD-12257,Ecom Express,TRK902257,2,2,60,SLA Met
SHP-42259,ORD-12259,XpressBees Surface,TRK902259,3,7,180,SLA Breached
SHP-42261,ORD-12261,XpressBees Surface,TRK902261,4,7,120,SLA Breached
SHP-42262,ORD-12262,Shadowfax Surface,TRK902262,5,5,150,SLA Met
SHP-42263,ORD-12263,XpressBees Surface,TRK902263,3,5,90,SLA Breached
SHP-42264,ORD-12264,Delhivery Direct,TRK902264,4,4,60,SLA Met
SHP-42265,ORD-12265,BlueDart Express,TRK902265,5,5,120,SLA Met
SHP-42266,ORD-12266,XpressBees Surface,TRK902266,3,3,60,SLA Met
SHP-42267,ORD-12267,Ecom Express,TRK902267,3,3,120,SLA Met
SHP-42268,ORD-12268,BlueDart Express,TRK902268,4,4,90,SLA Met
SHP-42269,ORD-12269,XpressBees Surface,TRK902269,3,3,90,SLA Met
SHP-42270,ORD-12270,Ecom Express,TRK902270,3,3,120,SLA Met
SHP-42271,ORD-12271,XpressBees Surface,TRK902271,4,8,120,SLA Breached
SHP-42272,ORD-12272,Delhivery Direct,TRK902272,2,2,120,SLA Met
SHP-42274,ORD-12274,BlueDart Express,TRK902274,5,9,150,SLA Breached
SHP-42276,ORD-12276,XpressBees Surface,TRK902276,2,2,150,SLA Met
SHP-42277,ORD-12277,Delhivery Direct,TRK902277,3,3,180,SLA Met
SHP-42278,ORD-12278,XpressBees Surface,TRK902278,3,3,180,SLA Met
SHP-42279,ORD-12279,XpressBees Surface,TRK902279,4,4,90,SLA Met
SHP-42280,ORD-12280,BlueDart Express,TRK902280,2,2,150,SLA Met
SHP-42282,ORD-12282,Delhivery Direct,TRK902282,3,3,90,SLA Met
SHP-42283,ORD-12283,Delhivery Direct,TRK902283,4,4,120,SLA Met
SHP-42284,ORD-12284,BlueDart Express,TRK902284,5,5,60,SLA Met
SHP-42285,ORD-12285,Shadowfax Surface,TRK902285,5,5,150,SLA Met
SHP-42286,ORD-12286,XpressBees Surface,TRK902286,3,3,90,SLA Met
SHP-42287,ORD-12287,Ecom Express,TRK902287,5,5,120,SLA Met
SHP-42288,ORD-12288,Ecom Express,TRK902288,5,5,90,SLA Met
SHP-42289,ORD-12289,Shadowfax Surface,TRK902289,5,5,180,SLA Met
SHP-42290,ORD-12290,Shadowfax Surface,TRK902290,5,5,150,SLA Met
SHP-42291,ORD-12291,BlueDart Express,TRK902291,4,4,180,SLA Met
SHP-42292,ORD-12292,Shadowfax Surface,TRK902292,2,6,120,SLA Breached
SHP-42293,ORD-12293,Ecom Express,TRK902293,4,4,90,SLA Met
SHP-42294,ORD-12294,XpressBees Surface,TRK902294,2,2,180,SLA Met
SHP-42295,ORD-12295,BlueDart Express,TRK902295,3,3,180,SLA Met
SHP-42297,ORD-12297,Ecom Express,TRK902297,4,4,90,SLA Met
SHP-42298,ORD-12298,Shadowfax Surface,TRK902298,3,3,90,SLA Met
SHP-42299,ORD-12299,XpressBees Surface,TRK902299,4,8,180,SLA Breached
SHP-42300,ORD-12300,Delhivery Direct,TRK902300,4,4,90,SLA Met
SHP-42301,ORD-12301,Ecom Express,TRK902301,4,4,90,SLA Met
SHP-42302,ORD-12302,Ecom Express,TRK902302,2,2,150,SLA Met
SHP-42303,ORD-12303,Ecom Express,TRK902303,3,3,60,SLA Met
SHP-42304,ORD-12304,Ecom Express,TRK902304,4,6,150,SLA Breached
SHP-42305,ORD-12305,Shadowfax Surface,TRK902305,2,2,150,SLA Met
SHP-42306,ORD-12306,Delhivery Direct,TRK902306,5,9,120,SLA Breached
SHP-42308,ORD-12308,BlueDart Express,TRK902308,5,5,60,SLA Met
SHP-42311,ORD-12311,XpressBees Surface,TRK902311,4,4,90,SLA Met
SHP-42312,ORD-12312,Ecom Express,TRK902312,4,5,60,SLA Breached
SHP-42313,ORD-12313,Ecom Express,TRK902313,2,2,150,SLA Met
SHP-42314,ORD-12314,Ecom Express,TRK902314,5,9,150,SLA Breached
SHP-42315,ORD-12315,BlueDart Express,TRK902315,4,4,180,SLA Met
SHP-42316,ORD-12316,XpressBees Surface,TRK902316,4,4,60,SLA Met
SHP-42317,ORD-12317,Shadowfax Surface,TRK902317,5,8,180,SLA Breached
SHP-42319,ORD-12319,XpressBees Surface,TRK902319,3,3,90,SLA Met
SHP-42320,ORD-12320,Ecom Express,TRK902320,5,5,150,SLA Met
SHP-42321,ORD-12321,Delhivery Direct,TRK902321,3,3,60,SLA Met
SHP-42322,ORD-12322,Ecom Express,TRK902322,4,5,60,SLA Breached
SHP-42323,ORD-12323,Shadowfax Surface,TRK902323,3,3,180,SLA Met
SHP-42327,ORD-12327,Ecom Express,TRK902327,5,5,60,SLA Met
SHP-42329,ORD-12329,Delhivery Direct,TRK902329,5,5,180,SLA Met
SHP-42330,ORD-12330,XpressBees Surface,TRK902330,5,5,150,SLA Met
SHP-42331,ORD-12331,BlueDart Express,TRK902331,4,4,90,SLA Met
SHP-42332,ORD-12332,XpressBees Surface,TRK902332,5,5,180,SLA Met
SHP-42333,ORD-12333,XpressBees Surface,TRK902333,2,2,150,SLA Met
SHP-42334,ORD-12334,Delhivery Direct,TRK902334,3,3,180,SLA Met
SHP-42335,ORD-12335,BlueDart Express,TRK902335,5,5,120,SLA Met
SHP-42336,ORD-12336,Shadowfax Surface,TRK902336,5,5,90,SLA Met
SHP-42337,ORD-12337,Shadowfax Surface,TRK902337,3,3,90,SLA Met
SHP-42338,ORD-12338,Shadowfax Surface,TRK902338,2,2,120,SLA Met
SHP-42340,ORD-12340,Shadowfax Surface,TRK902340,4,6,60,SLA Breached
SHP-42341,ORD-12341,BlueDart Express,TRK902341,3,3,180,SLA Met
SHP-42342,ORD-12342,BlueDart Express,TRK902342,4,4,90,SLA Met
SHP-42343,ORD-12343,BlueDart Express,TRK902343,4,4,60,SLA Met
SHP-42344,ORD-12344,Ecom Express,TRK902344,5,5,150,SLA Met
SHP-42345,ORD-12345,XpressBees Surface,TRK902345,4,4,150,SLA Met
SHP-42346,ORD-12346,BlueDart Express,TRK902346,4,4,150,SLA Met
SHP-42347,ORD-12347,Delhivery Direct,TRK902347,2,5,150,SLA Breached
SHP-42349,ORD-12349,Ecom Express,TRK902349,4,4,180,SLA Met
SHP-42352,ORD-12352,Shadowfax Surface,TRK902352,2,2,120,SLA Met
SHP-42353,ORD-12353,Shadowfax Surface,TRK902353,5,5,90,SLA Met
SHP-42354,ORD-12354,Ecom Express,TRK902354,3,3,90,SLA Met
SHP-42355,ORD-12355,BlueDart Express,TRK902355,4,4,180,SLA Met
SHP-42356,ORD-12356,XpressBees Surface,TRK902356,5,9,90,SLA Breached
SHP-42357,ORD-12357,Delhivery Direct,TRK902357,4,8,60,SLA Breached
SHP-42358,ORD-12358,XpressBees Surface,TRK902358,2,2,120,SLA Met
SHP-42359,ORD-12359,Ecom Express,TRK902359,5,5,90,SLA Met
SHP-42360,ORD-12360,XpressBees Surface,TRK902360,3,3,180,SLA Met
SHP-42361,ORD-12361,BlueDart Express,TRK902361,3,3,120,SLA Met
SHP-42362,ORD-12362,BlueDart Express,TRK902362,5,5,120,SLA Met
SHP-42363,ORD-12363,Delhivery Direct,TRK902363,2,5,90,SLA Breached
SHP-42364,ORD-12364,Ecom Express,TRK902364,5,8,180,SLA Breached
SHP-42365,ORD-12365,Shadowfax Surface,TRK902365,5,5,120,SLA Met
SHP-42366,ORD-12366,Shadowfax Surface,TRK902366,3,3,180,SLA Met
SHP-42367,ORD-12367,BlueDart Express,TRK902367,3,7,150,SLA Breached
SHP-42368,ORD-12368,Shadowfax Surface,TRK902368,5,5,120,SLA Met
SHP-42369,ORD-12369,BlueDart Express,TRK902369,5,5,180,SLA Met
SHP-42370,ORD-12370,Shadowfax Surface,TRK902370,3,3,60,SLA Met
SHP-42371,ORD-12371,XpressBees Surface,TRK902371,4,4,120,SLA Met
SHP-42373,ORD-12373,Shadowfax Surface,TRK902373,5,7,180,SLA Breached
SHP-42374,ORD-12374,Ecom Express,TRK902374,5,5,150,SLA Met
SHP-42375,ORD-12375,XpressBees Surface,TRK902375,2,2,180,SLA Met
SHP-42377,ORD-12377,BlueDart Express,TRK902377,5,5,180,SLA Met
SHP-42380,ORD-12380,Shadowfax Surface,TRK902380,2,2,150,SLA Met
SHP-42382,ORD-12382,Delhivery Direct,TRK902382,4,8,120,SLA Breached
SHP-42383,ORD-12383,XpressBees Surface,TRK902383,5,5,180,SLA Met
SHP-42384,ORD-12384,XpressBees Surface,TRK902384,5,5,90,SLA Met
SHP-42385,ORD-12385,BlueDart Express,TRK902385,3,3,120,SLA Met
SHP-42386,ORD-12386,XpressBees Surface,TRK902386,5,5,150,SLA Met
SHP-42388,ORD-12388,Ecom Express,TRK902388,2,3,90,SLA Breached
SHP-42389,ORD-12389,XpressBees Surface,TRK902389,3,3,60,SLA Met
SHP-42390,ORD-12390,BlueDart Express,TRK902390,5,5,90,SLA Met
SHP-42391,ORD-12391,Delhivery Direct,TRK902391,3,3,90,SLA Met
SHP-42392,ORD-12392,Delhivery Direct,TRK902392,3,3,90,SLA Met
SHP-42393,ORD-12393,XpressBees Surface,TRK902393,2,2,60,SLA Met
SHP-42394,ORD-12394,BlueDart Express,TRK902394,3,6,90,SLA Breached
SHP-42395,ORD-12395,Ecom Express,TRK902395,4,4,120,SLA Met
SHP-42396,ORD-12396,BlueDart Express,TRK902396,5,5,180,SLA Met
SHP-42397,ORD-12397,XpressBees Surface,TRK902397,2,2,180,SLA Met
SHP-42398,ORD-12398,Delhivery Direct,TRK902398,2,2,90,SLA Met
SHP-42399,ORD-12399,BlueDart Express,TRK902399,4,4,60,SLA Met
SHP-42400,ORD-12400,Delhivery Direct,TRK902400,2,2,60,SLA Met
SHP-42401,ORD-12401,BlueDart Express,TRK902401,3,3,120,SLA Met
SHP-42402,ORD-12402,Delhivery Direct,TRK902402,2,2,60,SLA Met
SHP-42403,ORD-12403,Shadowfax Surface,TRK902403,2,2,90,SLA Met
SHP-42404,ORD-12404,BlueDart Express,TRK902404,2,2,150,SLA Met
SHP-42405,ORD-12405,Shadowfax Surface,TRK902405,2,2,150,SLA Met
SHP-42406,ORD-12406,Shadowfax Surface,TRK902406,2,2,180,SLA Met
SHP-42407,ORD-12407,XpressBees Surface,TRK902407,3,3,180,SLA Met
SHP-42408,ORD-12408,Ecom Express,TRK902408,5,5,90,SLA Met
SHP-42409,ORD-12409,Delhivery Direct,TRK902409,4,4,150,SLA Met
SHP-42410,ORD-12410,Ecom Express,TRK902410,3,3,60,SLA Met
SHP-42411,ORD-12411,XpressBees Surface,TRK902411,2,2,90,SLA Met
SHP-42413,ORD-12413,XpressBees Surface,TRK902413,2,3,150,SLA Breached
SHP-42414,ORD-12414,Ecom Express,TRK902414,2,2,60,SLA Met
SHP-42415,ORD-12415,Ecom Express,TRK902415,4,4,60,SLA Met
SHP-42416,ORD-12416,Ecom Express,TRK902416,4,5,60,SLA Breached
SHP-42417,ORD-12417,Delhivery Direct,TRK902417,2,2,180,SLA Met
SHP-42418,ORD-12418,XpressBees Surface,TRK902418,2,2,150,SLA Met
SHP-42420,ORD-12420,Ecom Express,TRK902420,2,2,150,SLA Met
SHP-42421,ORD-12421,BlueDart Express,TRK902421,4,4,90,SLA Met
SHP-42422,ORD-12422,BlueDart Express,TRK902422,3,3,150,SLA Met
SHP-42423,ORD-12423,XpressBees Surface,TRK902423,4,4,120,SLA Met
SHP-42426,ORD-12426,XpressBees Surface,TRK902426,3,3,90,SLA Met
SHP-42427,ORD-12427,Shadowfax Surface,TRK902427,3,3,90,SLA Met
SHP-42428,ORD-12428,Ecom Express,TRK902428,5,5,90,SLA Met
SHP-42431,ORD-12431,Shadowfax Surface,TRK902431,2,2,90,SLA Met
SHP-42432,ORD-12432,Ecom Express,TRK902432,4,6,90,SLA Breached
SHP-42433,ORD-12433,Shadowfax Surface,TRK902433,2,2,90,SLA Met
SHP-42434,ORD-12434,BlueDart Express,TRK902434,4,4,60,SLA Met
SHP-42435,ORD-12435,Ecom Express,TRK902435,4,4,120,SLA Met
SHP-42437,ORD-12437,Ecom Express,TRK902437,2,2,60,SLA Met
SHP-42438,ORD-12438,BlueDart Express,TRK902438,5,5,150,SLA Met
SHP-42439,ORD-12439,Shadowfax Surface,TRK902439,2,2,180,SLA Met
SHP-42440,ORD-12440,XpressBees Surface,TRK902440,2,2,60,SLA Met
SHP-42441,ORD-12441,XpressBees Surface,TRK902441,5,5,90,SLA Met
SHP-42442,ORD-12442,Shadowfax Surface,TRK902442,5,5,60,SLA Met
SHP-42443,ORD-12443,Shadowfax Surface,TRK902443,2,2,120,SLA Met
SHP-42444,ORD-12444,Ecom Express,TRK902444,2,2,180,SLA Met
SHP-42446,ORD-12446,Delhivery Direct,TRK902446,5,5,60,SLA Met
SHP-42447,ORD-12447,Shadowfax Surface,TRK902447,3,3,60,SLA Met
SHP-42449,ORD-12449,BlueDart Express,TRK902449,3,3,180,SLA Met
SHP-42452,ORD-12452,Delhivery Direct,TRK902452,2,2,120,SLA Met
SHP-42453,ORD-12453,BlueDart Express,TRK902453,5,5,120,SLA Met
SHP-42455,ORD-12455,Ecom Express,TRK902455,4,4,120,SLA Met
SHP-42457,ORD-12457,Delhivery Direct,TRK902457,5,5,150,SLA Met
SHP-42458,ORD-12458,Shadowfax Surface,TRK902458,2,2,180,SLA Met
SHP-42459,ORD-12459,XpressBees Surface,TRK902459,3,3,120,SLA Met
SHP-42460,ORD-12460,Ecom Express,TRK902460,4,4,60,SLA Met
SHP-42461,ORD-12461,BlueDart Express,TRK902461,4,4,90,SLA Met
SHP-42463,ORD-12463,XpressBees Surface,TRK902463,2,2,120,SLA Met
SHP-42464,ORD-12464,BlueDart Express,TRK902464,4,4,120,SLA Met
SHP-42465,ORD-12465,Ecom Express,TRK902465,4,7,150,SLA Breached
SHP-42466,ORD-12466,Shadowfax Surface,TRK902466,3,3,90,SLA Met
SHP-42467,ORD-12467,Ecom Express,TRK902467,3,3,150,SLA Met
SHP-42468,ORD-12468,Ecom Express,TRK902468,5,5,90,SLA Met
SHP-42469,ORD-12469,Shadowfax Surface,TRK902469,4,4,60,SLA Met
SHP-42470,ORD-12470,BlueDart Express,TRK902470,2,2,120,SLA Met
SHP-42472,ORD-12472,Shadowfax Surface,TRK902472,3,3,90,SLA Met
SHP-42473,ORD-12473,Delhivery Direct,TRK902473,3,3,120,SLA Met
SHP-42474,ORD-12474,Shadowfax Surface,TRK902474,3,3,60,SLA Met
SHP-42475,ORD-12475,Ecom Express,TRK902475,3,3,150,SLA Met
SHP-42476,ORD-12476,Ecom Express,TRK902476,2,2,180,SLA Met
SHP-42477,ORD-12477,Shadowfax Surface,TRK902477,4,4,90,SLA Met
SHP-42478,ORD-12478,Delhivery Direct,TRK902478,3,3,150,SLA Met
SHP-42479,ORD-12479,Delhivery Direct,TRK902479,2,2,180,SLA Met
SHP-42480,ORD-12480,Shadowfax Surface,TRK902480,5,5,150,SLA Met
SHP-42481,ORD-12481,BlueDart Express,TRK902481,2,2,120,SLA Met
SHP-42482,ORD-12482,Delhivery Direct,TRK902482,2,2,120,SLA Met
SHP-42485,ORD-12485,Delhivery Direct,TRK902485,4,7,60,SLA Breached
SHP-42486,ORD-12486,Delhivery Direct,TRK902486,5,5,60,SLA Met
SHP-42487,ORD-12487,Ecom Express,TRK902487,5,5,60,SLA Met
SHP-42488,ORD-12488,XpressBees Surface,TRK902488,5,5,90,SLA Met
SHP-42490,ORD-12490,BlueDart Express,TRK902490,3,3,120,SLA Met
SHP-42491,ORD-12491,XpressBees Surface,TRK902491,3,3,60,SLA Met
SHP-42492,ORD-12492,Ecom Express,TRK902492,4,5,180,SLA Breached
SHP-42493,ORD-12493,Shadowfax Surface,TRK902493,5,5,180,SLA Met
SHP-42494,ORD-12494,Shadowfax Surface,TRK902494,2,2,90,SLA Met
SHP-42495,ORD-12495,Delhivery Direct,TRK902495,5,5,180,SLA Met
SHP-42496,ORD-12496,Shadowfax Surface,TRK902496,2,2,180,SLA Met
SHP-42497,ORD-12497,Delhivery Direct,TRK902497,4,4,150,SLA Met
SHP-42498,ORD-12498,Ecom Express,TRK902498,2,2,120,SLA Met
SHP-42499,ORD-12499,Shadowfax Surface,TRK902499,3,3,90,SLA Met
SHP-42500,ORD-12500,Shadowfax Surface,TRK902500,4,8,60,SLA Breached
SHP-42501,ORD-12501,XpressBees Surface,TRK902501,5,9,90,SLA Breached
SHP-42502,ORD-12502,Delhivery Direct,TRK902502,5,5,150,SLA Met
SHP-42503,ORD-12503,Delhivery Direct,TRK902503,4,4,150,SLA Met
SHP-42504,ORD-12504,Shadowfax Surface,TRK902504,4,4,150,SLA Met
SHP-42505,ORD-12505,BlueDart Express,TRK902505,5,5,90,SLA Met
SHP-42507,ORD-12507,Ecom Express,TRK902507,3,3,180,SLA Met
SHP-42508,ORD-12508,BlueDart Express,TRK902508,5,5,150,SLA Met
SHP-42509,ORD-12509,Shadowfax Surface,TRK902509,2,2,120,SLA Met
SHP-42510,ORD-12510,BlueDart Express,TRK902510,3,3,120,SLA Met
SHP-42511,ORD-12511,BlueDart Express,TRK902511,5,5,150,SLA Met
SHP-42512,ORD-12512,BlueDart Express,TRK902512,4,7,150,SLA Breached
SHP-42513,ORD-12513,Ecom Express,TRK902513,4,4,90,SLA Met
SHP-42516,ORD-12516,BlueDart Express,TRK902516,3,3,90,SLA Met
SHP-42517,ORD-12517,BlueDart Express,TRK902517,4,4,150,SLA Met
SHP-42518,ORD-12518,XpressBees Surface,TRK902518,3,3,180,SLA Met
SHP-42519,ORD-12519,BlueDart Express,TRK902519,4,4,150,SLA Met
SHP-42520,ORD-12520,BlueDart Express,TRK902520,2,2,90,SLA Met
SHP-42521,ORD-12521,BlueDart Express,TRK902521,2,2,150,SLA Met
SHP-42522,ORD-12522,XpressBees Surface,TRK902522,5,5,60,SLA Met
SHP-42523,ORD-12523,BlueDart Express,TRK902523,4,4,90,SLA Met
SHP-42524,ORD-12524,Shadowfax Surface,TRK902524,5,5,120,SLA Met
SHP-42525,ORD-12525,XpressBees Surface,TRK902525,5,5,90,SLA Met
SHP-42526,ORD-12526,XpressBees Surface,TRK902526,4,4,150,SLA Met
SHP-42527,ORD-12527,Delhivery Direct,TRK902527,3,3,180,SLA Met
SHP-42528,ORD-12528,XpressBees Surface,TRK902528,4,4,150,SLA Met
SHP-42530,ORD-12530,Delhivery Direct,TRK902530,5,5,90,SLA Met
SHP-42531,ORD-12531,XpressBees Surface,TRK902531,4,4,180,SLA Met
SHP-42533,ORD-12533,Delhivery Direct,TRK902533,4,4,180,SLA Met
SHP-42534,ORD-12534,XpressBees Surface,TRK902534,5,5,120,SLA Met
SHP-42536,ORD-12536,Delhivery Direct,TRK902536,5,5,90,SLA Met
SHP-42537,ORD-12537,BlueDart Express,TRK902537,5,5,180,SLA Met
SHP-42538,ORD-12538,XpressBees Surface,TRK902538,3,4,90,SLA Breached
SHP-42539,ORD-12539,BlueDart Express,TRK902539,3,7,150,SLA Breached
SHP-42540,ORD-12540,Delhivery Direct,TRK902540,5,5,120,SLA Met
SHP-42541,ORD-12541,Ecom Express,TRK902541,5,5,120,SLA Met
SHP-42542,ORD-12542,XpressBees Surface,TRK902542,4,4,90,SLA Met
SHP-42543,ORD-12543,Delhivery Direct,TRK902543,3,3,180,SLA Met
SHP-42544,ORD-12544,Delhivery Direct,TRK902544,4,6,60,SLA Breached
SHP-42545,ORD-12545,XpressBees Surface,TRK902545,5,5,90,SLA Met
SHP-42546,ORD-12546,Shadowfax Surface,TRK902546,2,2,60,SLA Met
SHP-42547,ORD-12547,Delhivery Direct,TRK902547,2,2,60,SLA Met
SHP-42549,ORD-12549,XpressBees Surface,TRK902549,3,3,90,SLA Met
SHP-42550,ORD-12550,XpressBees Surface,TRK902550,4,4,90,SLA Met
SHP-42551,ORD-12551,BlueDart Express,TRK902551,4,7,60,SLA Breached
SHP-42552,ORD-12552,BlueDart Express,TRK902552,2,2,60,SLA Met
SHP-42553,ORD-12553,Delhivery Direct,TRK902553,4,4,120,SLA Met
SHP-42554,ORD-12554,BlueDart Express,TRK902554,3,3,180,SLA Met
SHP-42555,ORD-12555,Delhivery Direct,TRK902555,5,5,150,SLA Met
SHP-42557,ORD-12557,Delhivery Direct,TRK902557,3,3,90,SLA Met
SHP-42558,ORD-12558,XpressBees Surface,TRK902558,3,3,90,SLA Met
SHP-42559,ORD-12559,Ecom Express,TRK902559,2,2,150,SLA Met
SHP-42560,ORD-12560,Delhivery Direct,TRK902560,2,2,120,SLA Met
SHP-42561,ORD-12561,Ecom Express,TRK902561,5,5,150,SLA Met
SHP-42562,ORD-12562,Ecom Express,TRK902562,5,8,90,SLA Breached
SHP-42563,ORD-12563,Ecom Express,TRK902563,5,5,60,SLA Met
SHP-42564,ORD-12564,BlueDart Express,TRK902564,5,5,90,SLA Met
SHP-42565,ORD-12565,Ecom Express,TRK902565,5,5,90,SLA Met
SHP-42566,ORD-12566,BlueDart Express,TRK902566,4,4,120,SLA Met
SHP-42567,ORD-12567,Ecom Express,TRK902567,4,6,180,SLA Breached
SHP-42568,ORD-12568,Ecom Express,TRK902568,5,5,60,SLA Met
SHP-42570,ORD-12570,XpressBees Surface,TRK902570,2,2,120,SLA Met
SHP-42571,ORD-12571,BlueDart Express,TRK902571,2,2,90,SLA Met
SHP-42572,ORD-12572,Ecom Express,TRK902572,4,4,90,SLA Met
SHP-42573,ORD-12573,BlueDart Express,TRK902573,4,4,180,SLA Met
SHP-42574,ORD-12574,XpressBees Surface,TRK902574,4,8,60,SLA Breached
SHP-42575,ORD-12575,Delhivery Direct,TRK902575,3,7,90,SLA Breached
SHP-42576,ORD-12576,Shadowfax Surface,TRK902576,5,5,180,SLA Met
SHP-42577,ORD-12577,Shadowfax Surface,TRK902577,4,4,150,SLA Met
SHP-42578,ORD-12578,Delhivery Direct,TRK902578,3,3,180,SLA Met
SHP-42580,ORD-12580,XpressBees Surface,TRK902580,3,3,60,SLA Met
SHP-42581,ORD-12581,Shadowfax Surface,TRK902581,3,3,120,SLA Met
SHP-42582,ORD-12582,BlueDart Express,TRK902582,2,2,90,SLA Met
SHP-42583,ORD-12583,Shadowfax Surface,TRK902583,2,2,90,SLA Met
SHP-42584,ORD-12584,BlueDart Express,TRK902584,5,5,150,SLA Met
SHP-42586,ORD-12586,Delhivery Direct,TRK902586,5,5,120,SLA Met
SHP-42587,ORD-12587,XpressBees Surface,TRK902587,5,7,180,SLA Breached
SHP-42588,ORD-12588,Delhivery Direct,TRK902588,3,3,90,SLA Met
SHP-42589,ORD-12589,BlueDart Express,TRK902589,3,4,90,SLA Breached
SHP-42590,ORD-12590,Shadowfax Surface,TRK902590,5,5,60,SLA Met
SHP-42591,ORD-12591,Delhivery Direct,TRK902591,2,4,120,SLA Breached
SHP-42592,ORD-12592,XpressBees Surface,TRK902592,3,3,90,SLA Met
SHP-42593,ORD-12593,Ecom Express,TRK902593,4,4,120,SLA Met
SHP-42595,ORD-12595,Delhivery Direct,TRK902595,5,5,150,SLA Met
SHP-42597,ORD-12597,Ecom Express,TRK902597,2,2,180,SLA Met
SHP-42598,ORD-12598,Shadowfax Surface,TRK902598,4,4,150,SLA Met
SHP-42600,ORD-12600,Delhivery Direct,TRK902600,4,4,180,SLA Met
SHP-42601,ORD-12601,Delhivery Direct,TRK902601,4,4,150,SLA Met
SHP-42603,ORD-12603,BlueDart Express,TRK902603,3,3,120,SLA Met
SHP-42604,ORD-12604,BlueDart Express,TRK902604,2,2,180,SLA Met
SHP-42605,ORD-12605,Shadowfax Surface,TRK902605,2,2,60,SLA Met
SHP-42606,ORD-12606,BlueDart Express,TRK902606,2,3,60,SLA Breached
SHP-42607,ORD-12607,BlueDart Express,TRK902607,5,5,60,SLA Met
SHP-42608,ORD-12608,BlueDart Express,TRK902608,3,3,180,SLA Met
SHP-42609,ORD-12609,XpressBees Surface,TRK902609,3,3,180,SLA Met
SHP-42610,ORD-12610,Shadowfax Surface,TRK902610,4,4,90,SLA Met
SHP-42611,ORD-12611,BlueDart Express,TRK902611,2,2,180,SLA Met
SHP-42612,ORD-12612,BlueDart Express,TRK902612,5,5,120,SLA Met
SHP-42613,ORD-12613,XpressBees Surface,TRK902613,4,4,120,SLA Met
SHP-42614,ORD-12614,BlueDart Express,TRK902614,3,3,60,SLA Met
SHP-42615,ORD-12615,Shadowfax Surface,TRK902615,4,4,180,SLA Met
SHP-42616,ORD-12616,Delhivery Direct,TRK902616,4,4,60,SLA Met
SHP-42618,ORD-12618,XpressBees Surface,TRK902618,4,4,150,SLA Met
SHP-42619,ORD-12619,Shadowfax Surface,TRK902619,2,2,90,SLA Met
SHP-42620,ORD-12620,Ecom Express,TRK902620,3,3,180,SLA Met
SHP-42621,ORD-12621,XpressBees Surface,TRK902621,3,3,90,SLA Met
SHP-42622,ORD-12622,Ecom Express,TRK902622,4,4,90,SLA Met
SHP-42623,ORD-12623,Delhivery Direct,TRK902623,2,4,180,SLA Breached
SHP-42626,ORD-12626,Delhivery Direct,TRK902626,3,3,180,SLA Met
SHP-42627,ORD-12627,Delhivery Direct,TRK902627,5,5,120,SLA Met
SHP-42628,ORD-12628,Delhivery Direct,TRK902628,4,5,90,SLA Breached
SHP-42629,ORD-12629,BlueDart Express,TRK902629,4,8,120,SLA Breached
SHP-42630,ORD-12630,Ecom Express,TRK902630,5,5,180,SLA Met
SHP-42631,ORD-12631,Delhivery Direct,TRK902631,3,7,120,SLA Breached
SHP-42632,ORD-12632,XpressBees Surface,TRK902632,5,5,120,SLA Met
SHP-42633,ORD-12633,XpressBees Surface,TRK902633,4,8,60,SLA Breached
SHP-42635,ORD-12635,XpressBees Surface,TRK902635,5,5,150,SLA Met
SHP-42636,ORD-12636,Delhivery Direct,TRK902636,2,2,90,SLA Met
SHP-42637,ORD-12637,BlueDart Express,TRK902637,2,2,180,SLA Met
SHP-42638,ORD-12638,Ecom Express,TRK902638,2,4,60,SLA Breached
SHP-42639,ORD-12639,Delhivery Direct,TRK902639,5,5,180,SLA Met
SHP-42640,ORD-12640,Shadowfax Surface,TRK902640,2,2,90,SLA Met
SHP-42641,ORD-12641,Ecom Express,TRK902641,5,5,180,SLA Met
SHP-42642,ORD-12642,Shadowfax Surface,TRK902642,2,2,120,SLA Met
SHP-42643,ORD-12643,Ecom Express,TRK902643,4,4,120,SLA Met
SHP-42645,ORD-12645,BlueDart Express,TRK902645,3,3,180,SLA Met
SHP-42646,ORD-12646,XpressBees Surface,TRK902646,4,4,150,SLA Met
SHP-42647,ORD-12647,Ecom Express,TRK902647,5,5,60,SLA Met
SHP-42648,ORD-12648,Delhivery Direct,TRK902648,5,6,150,SLA Breached
SHP-42650,ORD-12650,Delhivery Direct,TRK902650,5,5,180,SLA Met
SHP-42651,ORD-12651,Shadowfax Surface,TRK902651,3,3,60,SLA Met
SHP-42652,ORD-12652,Ecom Express,TRK902652,5,5,90,SLA Met
SHP-42653,ORD-12653,Delhivery Direct,TRK902653,5,9,150,SLA Breached
SHP-42654,ORD-12654,BlueDart Express,TRK902654,5,5,150,SLA Met
SHP-42655,ORD-12655,Ecom Express,TRK902655,5,5,180,SLA Met
SHP-42657,ORD-12657,Ecom Express,TRK902657,4,4,90,SLA Met
SHP-42658,ORD-12658,XpressBees Surface,TRK902658,5,5,60,SLA Met
SHP-42659,ORD-12659,Shadowfax Surface,TRK902659,2,2,180,SLA Met
SHP-42660,ORD-12660,BlueDart Express,TRK902660,5,5,90,SLA Met
SHP-42662,ORD-12662,Shadowfax Surface,TRK902662,3,3,60,SLA Met
SHP-42663,ORD-12663,XpressBees Surface,TRK902663,3,3,120,SLA Met
SHP-42664,ORD-12664,Shadowfax Surface,TRK902664,2,2,180,SLA Met
SHP-42666,ORD-12666,Delhivery Direct,TRK902666,3,7,120,SLA Breached
SHP-42667,ORD-12667,BlueDart Express,TRK902667,2,5,120,SLA Breached
SHP-42668,ORD-12668,BlueDart Express,TRK902668,3,3,150,SLA Met
SHP-42669,ORD-12669,Ecom Express,TRK902669,3,3,90,SLA Met
SHP-42670,ORD-12670,Delhivery Direct,TRK902670,4,4,150,SLA Met
SHP-42671,ORD-12671,XpressBees Surface,TRK902671,3,7,120,SLA Breached
SHP-42672,ORD-12672,Shadowfax Surface,TRK902672,4,4,90,SLA Met
SHP-42673,ORD-12673,BlueDart Express,TRK902673,2,2,150,SLA Met
SHP-42674,ORD-12674,Shadowfax Surface,TRK902674,5,5,150,SLA Met
SHP-42676,ORD-12676,BlueDart Express,TRK902676,2,2,60,SLA Met
SHP-42677,ORD-12677,XpressBees Surface,TRK902677,4,4,180,SLA Met
SHP-42679,ORD-12679,XpressBees Surface,TRK902679,2,2,180,SLA Met
SHP-42680,ORD-12680,XpressBees Surface,TRK902680,2,2,120,SLA Met
SHP-42681,ORD-12681,BlueDart Express,TRK902681,5,6,90,SLA Breached
SHP-42683,ORD-12683,Ecom Express,TRK902683,4,8,60,SLA Breached
SHP-42684,ORD-12684,Delhivery Direct,TRK902684,3,3,120,SLA Met
SHP-42685,ORD-12685,XpressBees Surface,TRK902685,5,6,120,SLA Breached
SHP-42686,ORD-12686,Ecom Express,TRK902686,4,4,120,SLA Met
SHP-42687,ORD-12687,XpressBees Surface,TRK902687,4,4,180,SLA Met
SHP-42688,ORD-12688,Ecom Express,TRK902688,2,2,180,SLA Met
SHP-42689,ORD-12689,BlueDart Express,TRK902689,3,3,180,SLA Met
SHP-42690,ORD-12690,BlueDart Express,TRK902690,2,2,180,SLA Met
SHP-42691,ORD-12691,Delhivery Direct,TRK902691,5,5,150,SLA Met
SHP-42692,ORD-12692,XpressBees Surface,TRK902692,2,2,90,SLA Met
SHP-42693,ORD-12693,XpressBees Surface,TRK902693,2,2,150,SLA Met
SHP-42694,ORD-12694,BlueDart Express,TRK902694,5,5,150,SLA Met
SHP-42695,ORD-12695,Ecom Express,TRK902695,3,3,150,SLA Met
SHP-42697,ORD-12697,Ecom Express,TRK902697,5,5,90,SLA Met
SHP-42698,ORD-12698,BlueDart Express,TRK902698,2,2,180,SLA Met
SHP-42699,ORD-12699,Shadowfax Surface,TRK902699,3,3,150,SLA Met
SHP-42700,ORD-12700,BlueDart Express,TRK902700,3,3,60,SLA Met
SHP-42701,ORD-12701,Shadowfax Surface,TRK902701,5,9,180,SLA Breached
SHP-42702,ORD-12702,Shadowfax Surface,TRK902702,2,2,60,SLA Met
SHP-42703,ORD-12703,XpressBees Surface,TRK902703,2,2,150,SLA Met
SHP-42704,ORD-12704,BlueDart Express,TRK902704,4,6,90,SLA Breached
SHP-42707,ORD-12707,XpressBees Surface,TRK902707,2,2,150,SLA Met
SHP-42708,ORD-12708,BlueDart Express,TRK902708,2,2,120,SLA Met
SHP-42710,ORD-12710,Shadowfax Surface,TRK902710,3,3,60,SLA Met
SHP-42711,ORD-12711,XpressBees Surface,TRK902711,3,3,60,SLA Met
SHP-42712,ORD-12712,Ecom Express,TRK902712,4,7,60,SLA Breached
SHP-42713,ORD-12713,XpressBees Surface,TRK902713,2,2,150,SLA Met
SHP-42714,ORD-12714,Shadowfax Surface,TRK902714,4,7,60,SLA Breached
SHP-42715,ORD-12715,BlueDart Express,TRK902715,3,3,180,SLA Met
SHP-42716,ORD-12716,XpressBees Surface,TRK902716,5,5,120,SLA Met
SHP-42718,ORD-12718,BlueDart Express,TRK902718,3,3,150,SLA Met
SHP-42719,ORD-12719,XpressBees Surface,TRK902719,3,3,60,SLA Met
SHP-42720,ORD-12720,Shadowfax Surface,TRK902720,5,5,90,SLA Met
SHP-42721,ORD-12721,XpressBees Surface,TRK902721,2,2,150,SLA Met
SHP-42722,ORD-12722,Ecom Express,TRK902722,3,3,150,SLA Met
SHP-42723,ORD-12723,Delhivery Direct,TRK902723,3,3,120,SLA Met
SHP-42724,ORD-12724,BlueDart Express,TRK902724,2,2,150,SLA Met
SHP-42725,ORD-12725,Ecom Express,TRK902725,5,5,90,SLA Met
SHP-42726,ORD-12726,XpressBees Surface,TRK902726,4,4,90,SLA Met
SHP-42727,ORD-12727,XpressBees Surface,TRK902727,5,5,60,SLA Met
SHP-42728,ORD-12728,Delhivery Direct,TRK902728,2,6,60,SLA Breached
SHP-42729,ORD-12729,BlueDart Express,TRK902729,4,8,150,SLA Breached
SHP-42730,ORD-12730,Delhivery Direct,TRK902730,3,3,90,SLA Met
SHP-42732,ORD-12732,Ecom Express,TRK902732,5,5,180,SLA Met
SHP-42733,ORD-12733,XpressBees Surface,TRK902733,3,3,60,SLA Met
SHP-42734,ORD-12734,BlueDart Express,TRK902734,5,6,150,SLA Breached
SHP-42735,ORD-12735,BlueDart Express,TRK902735,5,5,150,SLA Met
SHP-42736,ORD-12736,XpressBees Surface,TRK902736,2,2,90,SLA Met
SHP-42737,ORD-12737,Delhivery Direct,TRK902737,3,3,60,SLA Met
SHP-42738,ORD-12738,Shadowfax Surface,TRK902738,2,2,60,SLA Met
SHP-42739,ORD-12739,XpressBees Surface,TRK902739,5,7,120,SLA Breached
SHP-42740,ORD-12740,Ecom Express,TRK902740,5,5,90,SLA Met
SHP-42741,ORD-12741,XpressBees Surface,TRK902741,3,3,120,SLA Met
SHP-42742,ORD-12742,Delhivery Direct,TRK902742,5,6,120,SLA Breached
SHP-42743,ORD-12743,Ecom Express,TRK902743,5,7,60,SLA Breached
SHP-42744,ORD-12744,Delhivery Direct,TRK902744,4,4,90,SLA Met
SHP-42745,ORD-12745,Shadowfax Surface,TRK902745,3,3,90,SLA Met
SHP-42746,ORD-12746,Shadowfax Surface,TRK902746,4,4,60,SLA Met
SHP-42748,ORD-12748,BlueDart Express,TRK902748,3,3,90,SLA Met
SHP-42749,ORD-12749,Delhivery Direct,TRK902749,5,5,90,SLA Met
SHP-42750,ORD-12750,Ecom Express,TRK902750,3,3,150,SLA Met
SHP-42751,ORD-12751,Delhivery Direct,TRK902751,4,4,150,SLA Met
SHP-42752,ORD-12752,XpressBees Surface,TRK902752,4,5,60,SLA Breached
SHP-42753,ORD-12753,XpressBees Surface,TRK902753,4,4,120,SLA Met
SHP-42754,ORD-12754,Ecom Express,TRK902754,5,5,60,SLA Met
SHP-42755,ORD-12755,Ecom Express,TRK902755,5,5,60,SLA Met
SHP-42756,ORD-12756,Ecom Express,TRK902756,5,5,90,SLA Met
SHP-42757,ORD-12757,BlueDart Express,TRK902757,3,3,90,SLA Met
SHP-42759,ORD-12759,BlueDart Express,TRK902759,5,5,120,SLA Met
SHP-42760,ORD-12760,Shadowfax Surface,TRK902760,2,2,60,SLA Met
SHP-42763,ORD-12763,Ecom Express,TRK902763,2,2,60,SLA Met
SHP-42764,ORD-12764,XpressBees Surface,TRK902764,4,4,120,SLA Met
SHP-42765,ORD-12765,XpressBees Surface,TRK902765,2,2,120,SLA Met
SHP-42766,ORD-12766,Shadowfax Surface,TRK902766,4,6,150,SLA Breached
SHP-42767,ORD-12767,Delhivery Direct,TRK902767,3,3,120,SLA Met
SHP-42769,ORD-12769,XpressBees Surface,TRK902769,5,5,180,SLA Met
SHP-42771,ORD-12771,BlueDart Express,TRK902771,5,5,120,SLA Met
SHP-42772,ORD-12772,XpressBees Surface,TRK902772,2,2,60,SLA Met
SHP-42773,ORD-12773,BlueDart Express,TRK902773,5,6,150,SLA Breached
SHP-42774,ORD-12774,BlueDart Express,TRK902774,4,4,150,SLA Met
SHP-42775,ORD-12775,XpressBees Surface,TRK902775,3,3,180,SLA Met
SHP-42776,ORD-12776,Ecom Express,TRK902776,4,4,180,SLA Met
SHP-42777,ORD-12777,BlueDart Express,TRK902777,5,5,150,SLA Met
SHP-42778,ORD-12778,Delhivery Direct,TRK902778,5,9,180,SLA Breached
SHP-42779,ORD-12779,Shadowfax Surface,TRK902779,2,5,120,SLA Breached
SHP-42780,ORD-12780,Delhivery Direct,TRK902780,2,2,90,SLA Met
SHP-42781,ORD-12781,XpressBees Surface,TRK902781,5,5,90,SLA Met
SHP-42782,ORD-12782,Shadowfax Surface,TRK902782,2,2,60,SLA Met
SHP-42783,ORD-12783,BlueDart Express,TRK902783,5,5,150,SLA Met
SHP-42784,ORD-12784,Delhivery Direct,TRK902784,4,4,180,SLA Met
SHP-42785,ORD-12785,Shadowfax Surface,TRK902785,5,5,180,SLA Met
SHP-42787,ORD-12787,Ecom Express,TRK902787,5,5,90,SLA Met
SHP-42788,ORD-12788,BlueDart Express,TRK902788,2,2,150,SLA Met
SHP-42789,ORD-12789,Shadowfax Surface,TRK902789,3,3,180,SLA Met
SHP-42791,ORD-12791,XpressBees Surface,TRK902791,4,4,120,SLA Met
SHP-42792,ORD-12792,Ecom Express,TRK902792,5,5,150,SLA Met
SHP-42793,ORD-12793,XpressBees Surface,TRK902793,4,4,150,SLA Met
SHP-42794,ORD-12794,Ecom Express,TRK902794,5,5,60,SLA Met
SHP-42795,ORD-12795,Delhivery Direct,TRK902795,2,2,90,SLA Met
SHP-42796,ORD-12796,Shadowfax Surface,TRK902796,4,4,90,SLA Met
SHP-42797,ORD-12797,Delhivery Direct,TRK902797,2,2,60,SLA Met
SHP-42798,ORD-12798,Delhivery Direct,TRK902798,5,5,120,SLA Met
SHP-42799,ORD-12799,Ecom Express,TRK902799,4,4,60,SLA Met
SHP-42800,ORD-12800,Delhivery Direct,TRK902800,4,4,120,SLA Met
SHP-42801,ORD-12801,Ecom Express,TRK902801,3,5,120,SLA Breached
SHP-42802,ORD-12802,XpressBees Surface,TRK902802,4,4,150,SLA Met
SHP-42803,ORD-12803,BlueDart Express,TRK902803,3,7,180,SLA Breached
SHP-42804,ORD-12804,Ecom Express,TRK902804,2,2,90,SLA Met
SHP-42805,ORD-12805,Shadowfax Surface,TRK902805,3,6,60,SLA Breached
SHP-42806,ORD-12806,Shadowfax Surface,TRK902806,2,2,60,SLA Met
SHP-42807,ORD-12807,Delhivery Direct,TRK902807,5,5,120,SLA Met
SHP-42808,ORD-12808,Ecom Express,TRK902808,2,6,60,SLA Breached
SHP-42810,ORD-12810,Shadowfax Surface,TRK902810,5,5,60,SLA Met
SHP-42811,ORD-12811,Shadowfax Surface,TRK902811,3,3,120,SLA Met
SHP-42812,ORD-12812,XpressBees Surface,TRK902812,3,3,150,SLA Met
SHP-42813,ORD-12813,XpressBees Surface,TRK902813,2,2,120,SLA Met
SHP-42814,ORD-12814,Ecom Express,TRK902814,4,4,90,SLA Met
SHP-42815,ORD-12815,Ecom Express,TRK902815,4,4,150,SLA Met
SHP-42816,ORD-12816,Shadowfax Surface,TRK902816,5,5,120,SLA Met
SHP-42817,ORD-12817,Shadowfax Surface,TRK902817,4,4,150,SLA Met
SHP-42818,ORD-12818,Ecom Express,TRK902818,5,5,150,SLA Met
SHP-42819,ORD-12819,Shadowfax Surface,TRK902819,5,5,90,SLA Met
SHP-42820,ORD-12820,Shadowfax Surface,TRK902820,5,5,150,SLA Met
SHP-42821,ORD-12821,BlueDart Express,TRK902821,2,2,60,SLA Met
SHP-42823,ORD-12823,Delhivery Direct,TRK902823,3,6,150,SLA Breached
SHP-42824,ORD-12824,Ecom Express,TRK902824,4,6,120,SLA Breached
SHP-42825,ORD-12825,XpressBees Surface,TRK902825,4,4,180,SLA Met
SHP-42826,ORD-12826,BlueDart Express,TRK902826,3,3,150,SLA Met
SHP-42827,ORD-12827,BlueDart Express,TRK902827,3,3,180,SLA Met
SHP-42828,ORD-12828,Ecom Express,TRK902828,3,7,90,SLA Breached
SHP-42829,ORD-12829,Ecom Express,TRK902829,4,4,120,SLA Met
SHP-42830,ORD-12830,Delhivery Direct,TRK902830,3,3,90,SLA Met
SHP-42831,ORD-12831,XpressBees Surface,TRK902831,5,9,150,SLA Breached
SHP-42832,ORD-12832,Ecom Express,TRK902832,5,5,120,SLA Met
SHP-42834,ORD-12834,Delhivery Direct,TRK902834,4,4,150,SLA Met
SHP-42835,ORD-12835,XpressBees Surface,TRK902835,2,2,90,SLA Met
SHP-42836,ORD-12836,BlueDart Express,TRK902836,5,5,180,SLA Met
SHP-42837,ORD-12837,Shadowfax Surface,TRK902837,2,3,180,SLA Breached
SHP-42838,ORD-12838,Delhivery Direct,TRK902838,4,4,60,SLA Met
SHP-42839,ORD-12839,BlueDart Express,TRK902839,5,5,150,SLA Met
SHP-42840,ORD-12840,Ecom Express,TRK902840,3,3,120,SLA Met
SHP-42843,ORD-12843,XpressBees Surface,TRK902843,2,2,60,SLA Met
SHP-42844,ORD-12844,BlueDart Express,TRK902844,2,6,180,SLA Breached
SHP-42845,ORD-12845,Ecom Express,TRK902845,5,9,120,SLA Breached
SHP-42846,ORD-12846,Delhivery Direct,TRK902846,3,3,180,SLA Met
SHP-42847,ORD-12847,Delhivery Direct,TRK902847,5,5,90,SLA Met
SHP-42849,ORD-12849,Ecom Express,TRK902849,2,2,150,SLA Met
SHP-42850,ORD-12850,Delhivery Direct,TRK902850,5,7,120,SLA Breached
SHP-42853,ORD-12853,XpressBees Surface,TRK902853,3,3,60,SLA Met
SHP-42854,ORD-12854,XpressBees Surface,TRK902854,4,4,60,SLA Met
SHP-42855,ORD-12855,Ecom Express,TRK902855,4,4,150,SLA Met
SHP-42856,ORD-12856,Shadowfax Surface,TRK902856,4,5,120,SLA Breached
SHP-42857,ORD-12857,Delhivery Direct,TRK902857,5,9,60,SLA Breached
SHP-42858,ORD-12858,BlueDart Express,TRK902858,2,2,90,SLA Met
SHP-42859,ORD-12859,Ecom Express,TRK902859,4,4,90,SLA Met
SHP-42860,ORD-12860,XpressBees Surface,TRK902860,2,2,60,SLA Met
SHP-42863,ORD-12863,Delhivery Direct,TRK902863,3,5,150,SLA Breached
SHP-42864,ORD-12864,Ecom Express,TRK902864,2,2,90,SLA Met
SHP-42865,ORD-12865,Delhivery Direct,TRK902865,4,4,180,SLA Met
SHP-42866,ORD-12866,Delhivery Direct,TRK902866,2,2,180,SLA Met
SHP-42867,ORD-12867,Shadowfax Surface,TRK902867,3,3,120,SLA Met
SHP-42868,ORD-12868,Delhivery Direct,TRK902868,3,3,120,SLA Met
SHP-42869,ORD-12869,Ecom Express,TRK902869,4,4,60,SLA Met
SHP-42871,ORD-12871,Ecom Express,TRK902871,2,2,120,SLA Met
SHP-42873,ORD-12873,Ecom Express,TRK902873,2,2,60,SLA Met
SHP-42874,ORD-12874,Shadowfax Surface,TRK902874,3,3,60,SLA Met
SHP-42876,ORD-12876,Shadowfax Surface,TRK902876,5,5,90,SLA Met
SHP-42877,ORD-12877,Delhivery Direct,TRK902877,4,4,180,SLA Met
SHP-42878,ORD-12878,Ecom Express,TRK902878,2,2,60,SLA Met
SHP-42879,ORD-12879,Delhivery Direct,TRK902879,2,2,60,SLA Met
SHP-42880,ORD-12880,BlueDart Express,TRK902880,2,6,180,SLA Breached
SHP-42882,ORD-12882,Shadowfax Surface,TRK902882,4,4,180,SLA Met
SHP-42883,ORD-12883,Shadowfax Surface,TRK902883,5,5,90,SLA Met
SHP-42884,ORD-12884,Shadowfax Surface,TRK902884,5,5,60,SLA Met
SHP-42885,ORD-12885,Ecom Express,TRK902885,2,2,120,SLA Met
SHP-42887,ORD-12887,XpressBees Surface,TRK902887,4,4,180,SLA Met
SHP-42889,ORD-12889,Delhivery Direct,TRK902889,3,3,120,SLA Met
SHP-42890,ORD-12890,Delhivery Direct,TRK902890,4,4,150,SLA Met
SHP-42891,ORD-12891,Ecom Express,TRK902891,4,4,60,SLA Met
SHP-42892,ORD-12892,XpressBees Surface,TRK902892,5,5,180,SLA Met
SHP-42893,ORD-12893,Shadowfax Surface,TRK902893,4,5,180,SLA Breached
SHP-42894,ORD-12894,Shadowfax Surface,TRK902894,3,3,150,SLA Met
SHP-42896,ORD-12896,Shadowfax Surface,TRK902896,5,5,90,SLA Met
SHP-42897,ORD-12897,XpressBees Surface,TRK902897,2,5,60,SLA Breached
SHP-42898,ORD-12898,Shadowfax Surface,TRK902898,2,2,60,SLA Met
SHP-42899,ORD-12899,Ecom Express,TRK902899,4,4,180,SLA Met
SHP-42900,ORD-12900,Delhivery Direct,TRK902900,5,5,90,SLA Met
SHP-42901,ORD-12901,XpressBees Surface,TRK902901,2,2,150,SLA Met
SHP-42902,ORD-12902,XpressBees Surface,TRK902902,2,6,60,SLA Breached
SHP-42903,ORD-12903,Ecom Express,TRK902903,3,6,90,SLA Breached
SHP-42904,ORD-12904,Ecom Express,TRK902904,5,6,90,SLA Breached
SHP-42905,ORD-12905,Ecom Express,TRK902905,3,3,60,SLA Met
SHP-42907,ORD-12907,XpressBees Surface,TRK902907,2,2,60,SLA Met
SHP-42909,ORD-12909,BlueDart Express,TRK902909,4,4,180,SLA Met
SHP-42910,ORD-12910,Shadowfax Surface,TRK902910,2,5,120,SLA Breached
SHP-42911,ORD-12911,XpressBees Surface,TRK902911,5,5,120,SLA Met
SHP-42912,ORD-12912,XpressBees Surface,TRK902912,2,4,60,SLA Breached
SHP-42913,ORD-12913,Delhivery Direct,TRK902913,3,3,60,SLA Met
SHP-42914,ORD-12914,Ecom Express,TRK902914,4,4,120,SLA Met
SHP-42915,ORD-12915,BlueDart Express,TRK902915,3,5,90,SLA Breached
SHP-42916,ORD-12916,XpressBees Surface,TRK902916,5,6,180,SLA Breached
SHP-42918,ORD-12918,BlueDart Express,TRK902918,2,2,90,SLA Met
SHP-42919,ORD-12919,Ecom Express,TRK902919,3,3,150,SLA Met
SHP-42920,ORD-12920,XpressBees Surface,TRK902920,3,3,150,SLA Met
SHP-42922,ORD-12922,XpressBees Surface,TRK902922,4,4,90,SLA Met
SHP-42923,ORD-12923,Delhivery Direct,TRK902923,5,5,120,SLA Met
SHP-42924,ORD-12924,Delhivery Direct,TRK902924,4,5,180,SLA Breached
SHP-42925,ORD-12925,XpressBees Surface,TRK902925,3,3,90,SLA Met
SHP-42926,ORD-12926,Ecom Express,TRK902926,3,3,180,SLA Met
SHP-42927,ORD-12927,Ecom Express,TRK902927,2,2,120,SLA Met
SHP-42928,ORD-12928,BlueDart Express,TRK902928,5,5,150,SLA Met
SHP-42929,ORD-12929,BlueDart Express,TRK902929,4,7,150,SLA Breached
SHP-42930,ORD-12930,BlueDart Express,TRK902930,2,2,60,SLA Met
SHP-42931,ORD-12931,Delhivery Direct,TRK902931,3,3,90,SLA Met
SHP-42932,ORD-12932,Delhivery Direct,TRK902932,4,6,60,SLA Breached
SHP-42934,ORD-12934,Shadowfax Surface,TRK902934,3,5,150,SLA Breached
SHP-42935,ORD-12935,Ecom Express,TRK902935,3,3,180,SLA Met
SHP-42936,ORD-12936,Ecom Express,TRK902936,2,5,150,SLA Breached
SHP-42938,ORD-12938,Ecom Express,TRK902938,4,4,120,SLA Met
SHP-42939,ORD-12939,Shadowfax Surface,TRK902939,4,5,90,SLA Breached
SHP-42940,ORD-12940,Delhivery Direct,TRK902940,3,3,120,SLA Met
SHP-42941,ORD-12941,Delhivery Direct,TRK902941,2,2,180,SLA Met
SHP-42942,ORD-12942,Delhivery Direct,TRK902942,5,5,120,SLA Met
SHP-42943,ORD-12943,Delhivery Direct,TRK902943,2,2,120,SLA Met
SHP-42944,ORD-12944,Ecom Express,TRK902944,4,8,150,SLA Breached
SHP-42945,ORD-12945,XpressBees Surface,TRK902945,4,4,90,SLA Met
SHP-42946,ORD-12946,BlueDart Express,TRK902946,2,2,120,SLA Met
SHP-42947,ORD-12947,Delhivery Direct,TRK902947,2,4,60,SLA Breached
SHP-42948,ORD-12948,XpressBees Surface,TRK902948,4,4,180,SLA Met
SHP-42949,ORD-12949,Shadowfax Surface,TRK902949,2,6,60,SLA Breached
SHP-42950,ORD-12950,BlueDart Express,TRK902950,2,3,150,SLA Breached
SHP-42951,ORD-12951,Shadowfax Surface,TRK902951,3,3,150,SLA Met
SHP-42952,ORD-12952,Shadowfax Surface,TRK902952,5,5,120,SLA Met
SHP-42953,ORD-12953,XpressBees Surface,TRK902953,3,5,120,SLA Breached
SHP-42954,ORD-12954,XpressBees Surface,TRK902954,4,8,90,SLA Breached
SHP-42955,ORD-12955,Delhivery Direct,TRK902955,4,7,60,SLA Breached
SHP-42956,ORD-12956,Shadowfax Surface,TRK902956,3,5,180,SLA Breached
SHP-42957,ORD-12957,Ecom Express,TRK902957,5,5,150,SLA Met
SHP-42958,ORD-12958,BlueDart Express,TRK902958,4,4,180,SLA Met
SHP-42959,ORD-12959,Shadowfax Surface,TRK902959,5,5,150,SLA Met
SHP-42960,ORD-12960,XpressBees Surface,TRK902960,2,2,150,SLA Met
SHP-42961,ORD-12961,Delhivery Direct,TRK902961,3,3,150,SLA Met
SHP-42962,ORD-12962,Shadowfax Surface,TRK902962,5,5,180,SLA Met
SHP-42963,ORD-12963,Shadowfax Surface,TRK902963,4,4,90,SLA Met
SHP-42964,ORD-12964,Delhivery Direct,TRK902964,5,5,60,SLA Met
SHP-42965,ORD-12965,Delhivery Direct,TRK902965,4,4,120,SLA Met
SHP-42966,ORD-12966,XpressBees Surface,TRK902966,4,4,150,SLA Met
SHP-42967,ORD-12967,BlueDart Express,TRK902967,5,7,150,SLA Breached
SHP-42968,ORD-12968,Delhivery Direct,TRK902968,4,6,120,SLA Breached
SHP-42970,ORD-12970,BlueDart Express,TRK902970,4,4,180,SLA Met
SHP-42971,ORD-12971,Ecom Express,TRK902971,3,3,150,SLA Met
SHP-42972,ORD-12972,Delhivery Direct,TRK902972,4,4,90,SLA Met
SHP-42973,ORD-12973,Ecom Express,TRK902973,5,5,150,SLA Met
SHP-42974,ORD-12974,Ecom Express,TRK902974,2,3,60,SLA Breached
SHP-42975,ORD-12975,Shadowfax Surface,TRK902975,3,3,150,SLA Met
SHP-42976,ORD-12976,XpressBees Surface,TRK902976,5,5,150,SLA Met
SHP-42978,ORD-12978,Shadowfax Surface,TRK902978,5,5,120,SLA Met
SHP-42980,ORD-12980,BlueDart Express,TRK902980,2,3,150,SLA Breached
SHP-42981,ORD-12981,XpressBees Surface,TRK902981,5,5,60,SLA Met
SHP-42982,ORD-12982,BlueDart Express,TRK902982,3,4,120,SLA Breached
SHP-42983,ORD-12983,BlueDart Express,TRK902983,4,4,150,SLA Met
SHP-42984,ORD-12984,BlueDart Express,TRK902984,4,4,90,SLA Met
SHP-42985,ORD-12985,Delhivery Direct,TRK902985,4,4,150,SLA Met
SHP-42986,ORD-12986,Ecom Express,TRK902986,3,4,90,SLA Breached
SHP-42987,ORD-12987,Shadowfax Surface,TRK902987,3,3,90,SLA Met
SHP-42988,ORD-12988,Ecom Express,TRK902988,5,5,150,SLA Met
SHP-42989,ORD-12989,BlueDart Express,TRK902989,5,9,60,SLA Breached
SHP-42990,ORD-12990,Shadowfax Surface,TRK902990,2,3,180,SLA Breached
SHP-42991,ORD-12991,Delhivery Direct,TRK902991,4,4,150,SLA Met
SHP-42992,ORD-12992,Delhivery Direct,TRK902992,4,4,180,SLA Met
SHP-42993,ORD-12993,BlueDart Express,TRK902993,4,4,180,SLA Met
SHP-42994,ORD-12994,Shadowfax Surface,TRK902994,2,2,120,SLA Met
SHP-42996,ORD-12996,Shadowfax Surface,TRK902996,4,7,60,SLA Breached
SHP-42997,ORD-12997,Ecom Express,TRK902997,2,2,150,SLA Met
SHP-42998,ORD-12998,Delhivery Direct,TRK902998,5,7,120,SLA Breached
SHP-42999,ORD-12999,Delhivery Direct,TRK902999,5,6,90,SLA Breached
SHP-43000,ORD-13000,Shadowfax Surface,TRK903000,3,5,90,SLA Breached
SHP-43001,ORD-13001,Ecom Express,TRK903001,5,5,180,SLA Met
SHP-43003,ORD-13003,Shadowfax Surface,TRK903003,2,5,180,SLA Breached
SHP-43004,ORD-13004,Delhivery Direct,TRK903004,5,5,60,SLA Met
SHP-43005,ORD-13005,Delhivery Direct,TRK903005,5,9,120,SLA Breached
SHP-43006,ORD-13006,Shadowfax Surface,TRK903006,2,2,90,SLA Met
SHP-43008,ORD-13008,Ecom Express,TRK903008,2,4,150,SLA Breached
SHP-43009,ORD-13009,XpressBees Surface,TRK903009,4,4,180,SLA Met
SHP-43010,ORD-13010,Ecom Express,TRK903010,2,4,120,SLA Breached
SHP-43011,ORD-13011,Delhivery Direct,TRK903011,4,4,60,SLA Met
SHP-43012,ORD-13012,XpressBees Surface,TRK903012,2,2,150,SLA Met
SHP-43013,ORD-13013,BlueDart Express,TRK903013,5,5,120,SLA Met
SHP-43014,ORD-13014,XpressBees Surface,TRK903014,5,5,120,SLA Met
SHP-43015,ORD-13015,Ecom Express,TRK903015,2,2,150,SLA Met
SHP-43016,ORD-13016,BlueDart Express,TRK903016,5,5,90,SLA Met
SHP-43017,ORD-13017,Ecom Express,TRK903017,2,2,60,SLA Met
SHP-43018,ORD-13018,Shadowfax Surface,TRK903018,5,5,150,SLA Met
SHP-43019,ORD-13019,XpressBees Surface,TRK903019,3,3,150,SLA Met
SHP-43020,ORD-13020,Ecom Express,TRK903020,5,6,60,SLA Breached
SHP-43021,ORD-13021,Shadowfax Surface,TRK903021,3,3,90,SLA Met
SHP-43022,ORD-13022,Ecom Express,TRK903022,3,3,180,SLA Met
SHP-43023,ORD-13023,Shadowfax Surface,TRK903023,5,5,90,SLA Met
SHP-43024,ORD-13024,Shadowfax Surface,TRK903024,4,4,60,SLA Met
SHP-43025,ORD-13025,BlueDart Express,TRK903025,5,5,90,SLA Met
SHP-43026,ORD-13026,Delhivery Direct,TRK903026,5,5,60,SLA Met
SHP-43027,ORD-13027,Shadowfax Surface,TRK903027,3,3,150,SLA Met
SHP-43028,ORD-13028,Delhivery Direct,TRK903028,5,5,60,SLA Met
SHP-43029,ORD-13029,BlueDart Express,TRK903029,5,5,150,SLA Met
SHP-43030,ORD-13030,Delhivery Direct,TRK903030,3,3,150,SLA Met
SHP-43032,ORD-13032,Delhivery Direct,TRK903032,5,5,150,SLA Met
SHP-43033,ORD-13033,XpressBees Surface,TRK903033,4,4,60,SLA Met
SHP-43034,ORD-13034,Ecom Express,TRK903034,2,5,180,SLA Breached
SHP-43036,ORD-13036,Shadowfax Surface,TRK903036,2,2,90,SLA Met
SHP-43037,ORD-13037,Delhivery Direct,TRK903037,5,5,180,SLA Met
SHP-43038,ORD-13038,BlueDart Express,TRK903038,2,2,150,SLA Met
SHP-43039,ORD-13039,Shadowfax Surface,TRK903039,4,8,60,SLA Breached
SHP-43040,ORD-13040,Ecom Express,TRK903040,2,2,120,SLA Met
SHP-43041,ORD-13041,BlueDart Express,TRK903041,3,3,150,SLA Met
SHP-43042,ORD-13042,Shadowfax Surface,TRK903042,2,4,120,SLA Breached
SHP-43043,ORD-13043,Delhivery Direct,TRK903043,4,4,150,SLA Met
SHP-43044,ORD-13044,Delhivery Direct,TRK903044,4,4,120,SLA Met
SHP-43045,ORD-13045,Shadowfax Surface,TRK903045,2,2,60,SLA Met
SHP-43046,ORD-13046,Ecom Express,TRK903046,3,3,180,SLA Met
SHP-43047,ORD-13047,XpressBees Surface,TRK903047,5,5,180,SLA Met
SHP-43048,ORD-13048,Delhivery Direct,TRK903048,2,6,120,SLA Breached
SHP-43049,ORD-13049,BlueDart Express,TRK903049,2,2,150,SLA Met
SHP-43051,ORD-13051,BlueDart Express,TRK903051,5,8,150,SLA Breached
SHP-43052,ORD-13052,Shadowfax Surface,TRK903052,4,4,120,SLA Met
SHP-43053,ORD-13053,BlueDart Express,TRK903053,4,8,180,SLA Breached
SHP-43054,ORD-13054,BlueDart Express,TRK903054,2,4,90,SLA Breached
SHP-43055,ORD-13055,Delhivery Direct,TRK903055,5,5,90,SLA Met
SHP-43056,ORD-13056,BlueDart Express,TRK903056,4,4,60,SLA Met
SHP-43057,ORD-13057,Delhivery Direct,TRK903057,5,5,60,SLA Met
SHP-43058,ORD-13058,XpressBees Surface,TRK903058,3,7,180,SLA Breached
SHP-43059,ORD-13059,BlueDart Express,TRK903059,3,5,180,SLA Breached
SHP-43060,ORD-13060,Delhivery Direct,TRK903060,5,5,180,SLA Met
SHP-43061,ORD-13061,BlueDart Express,TRK903061,5,5,60,SLA Met
SHP-43062,ORD-13062,Delhivery Direct,TRK903062,5,5,60,SLA Met
SHP-43063,ORD-13063,Shadowfax Surface,TRK903063,3,3,150,SLA Met
SHP-43064,ORD-13064,Ecom Express,TRK903064,2,2,180,SLA Met
SHP-43066,ORD-13066,Shadowfax Surface,TRK903066,3,3,60,SLA Met
SHP-43067,ORD-13067,Shadowfax Surface,TRK903067,5,6,120,SLA Breached
SHP-43069,ORD-13069,Ecom Express,TRK903069,2,2,90,SLA Met
SHP-43070,ORD-13070,BlueDart Express,TRK903070,4,4,120,SLA Met
SHP-43071,ORD-13071,BlueDart Express,TRK903071,4,4,90,SLA Met
SHP-43072,ORD-13072,Shadowfax Surface,TRK903072,2,2,180,SLA Met
SHP-43073,ORD-13073,BlueDart Express,TRK903073,4,4,150,SLA Met
SHP-43074,ORD-13074,Shadowfax Surface,TRK903074,4,4,120,SLA Met
SHP-43076,ORD-13076,Delhivery Direct,TRK903076,3,3,180,SLA Met
SHP-43077,ORD-13077,Delhivery Direct,TRK903077,2,2,120,SLA Met
SHP-43078,ORD-13078,XpressBees Surface,TRK903078,5,5,150,SLA Met
SHP-43079,ORD-13079,XpressBees Surface,TRK903079,4,4,120,SLA Met
SHP-43080,ORD-13080,Ecom Express,TRK903080,3,5,90,SLA Breached
SHP-43081,ORD-13081,Delhivery Direct,TRK903081,4,4,60,SLA Met
SHP-43082,ORD-13082,BlueDart Express,TRK903082,3,3,90,SLA Met
SHP-43084,ORD-13084,BlueDart Express,TRK903084,2,3,180,SLA Breached
SHP-43085,ORD-13085,BlueDart Express,TRK903085,4,4,180,SLA Met
SHP-43086,ORD-13086,Shadowfax Surface,TRK903086,3,3,90,SLA Met
SHP-43087,ORD-13087,Ecom Express,TRK903087,5,8,60,SLA Breached
SHP-43088,ORD-13088,Delhivery Direct,TRK903088,2,2,180,SLA Met
SHP-43089,ORD-13089,BlueDart Express,TRK903089,4,4,120,SLA Met
SHP-43090,ORD-13090,Shadowfax Surface,TRK903090,5,5,120,SLA Met
SHP-43091,ORD-13091,BlueDart Express,TRK903091,5,5,90,SLA Met
SHP-43092,ORD-13092,XpressBees Surface,TRK903092,5,5,150,SLA Met
SHP-43093,ORD-13093,Delhivery Direct,TRK903093,2,2,180,SLA Met
SHP-43094,ORD-13094,Ecom Express,TRK903094,2,2,90,SLA Met
SHP-43097,ORD-13097,Shadowfax Surface,TRK903097,5,5,90,SLA Met
SHP-43098,ORD-13098,BlueDart Express,TRK903098,4,4,180,SLA Met
SHP-43099,ORD-13099,Shadowfax Surface,TRK903099,2,2,180,SLA Met
SHP-43101,ORD-13101,Ecom Express,TRK903101,5,5,90,SLA Met
SHP-43102,ORD-13102,XpressBees Surface,TRK903102,5,5,90,SLA Met
SHP-43103,ORD-13103,Shadowfax Surface,TRK903103,5,5,150,SLA Met
SHP-43105,ORD-13105,XpressBees Surface,TRK903105,5,5,60,SLA Met
SHP-43106,ORD-13106,BlueDart Express,TRK903106,4,4,180,SLA Met
SHP-43108,ORD-13108,Ecom Express,TRK903108,4,4,120,SLA Met
SHP-43109,ORD-13109,BlueDart Express,TRK903109,4,5,120,SLA Breached
SHP-43110,ORD-13110,Ecom Express,TRK903110,2,2,60,SLA Met
SHP-43111,ORD-13111,XpressBees Surface,TRK903111,5,5,120,SLA Met
SHP-43112,ORD-13112,Delhivery Direct,TRK903112,2,2,60,SLA Met
SHP-43114,ORD-13114,Delhivery Direct,TRK903114,5,5,150,SLA Met
SHP-43115,ORD-13115,BlueDart Express,TRK903115,2,6,60,SLA Breached
SHP-43116,ORD-13116,Ecom Express,TRK903116,3,5,150,SLA Breached
SHP-43117,ORD-13117,Delhivery Direct,TRK903117,5,5,180,SLA Met
SHP-43118,ORD-13118,BlueDart Express,TRK903118,4,4,180,SLA Met
SHP-43119,ORD-13119,Shadowfax Surface,TRK903119,4,4,150,SLA Met
SHP-43120,ORD-13120,Ecom Express,TRK903120,3,5,120,SLA Breached
SHP-43121,ORD-13121,BlueDart Express,TRK903121,4,4,150,SLA Met
SHP-43122,ORD-13122,BlueDart Express,TRK903122,3,3,120,SLA Met
SHP-43123,ORD-13123,Ecom Express,TRK903123,4,4,90,SLA Met
SHP-43124,ORD-13124,Delhivery Direct,TRK903124,3,3,150,SLA Met
SHP-43125,ORD-13125,XpressBees Surface,TRK903125,4,4,180,SLA Met
SHP-43126,ORD-13126,Ecom Express,TRK903126,2,2,90,SLA Met
SHP-43127,ORD-13127,XpressBees Surface,TRK903127,3,5,150,SLA Breached
SHP-43128,ORD-13128,BlueDart Express,TRK903128,5,5,150,SLA Met
SHP-43129,ORD-13129,BlueDart Express,TRK903129,4,4,90,SLA Met
SHP-43131,ORD-13131,Shadowfax Surface,TRK903131,4,4,90,SLA Met
SHP-43132,ORD-13132,Shadowfax Surface,TRK903132,5,7,120,SLA Breached
SHP-43133,ORD-13133,Shadowfax Surface,TRK903133,2,2,90,SLA Met
SHP-43135,ORD-13135,Delhivery Direct,TRK903135,3,3,60,SLA Met
SHP-43136,ORD-13136,Ecom Express,TRK903136,4,4,120,SLA Met
SHP-43137,ORD-13137,Shadowfax Surface,TRK903137,2,2,150,SLA Met
SHP-43138,ORD-13138,Ecom Express,TRK903138,3,3,60,SLA Met
SHP-43139,ORD-13139,Shadowfax Surface,TRK903139,5,5,120,SLA Met
SHP-43141,ORD-13141,BlueDart Express,TRK903141,3,3,180,SLA Met
SHP-43142,ORD-13142,Delhivery Direct,TRK903142,5,5,90,SLA Met
SHP-43143,ORD-13143,BlueDart Express,TRK903143,2,5,150,SLA Breached
SHP-43145,ORD-13145,Shadowfax Surface,TRK903145,5,6,90,SLA Breached
SHP-43146,ORD-13146,BlueDart Express,TRK903146,2,2,150,SLA Met
SHP-43147,ORD-13147,XpressBees Surface,TRK903147,5,5,60,SLA Met
SHP-43148,ORD-13148,Ecom Express,TRK903148,4,4,90,SLA Met
SHP-43149,ORD-13149,Delhivery Direct,TRK903149,5,5,60,SLA Met
SHP-43151,ORD-13151,BlueDart Express,TRK903151,3,6,150,SLA Breached
SHP-43152,ORD-13152,XpressBees Surface,TRK903152,4,4,150,SLA Met
SHP-43153,ORD-13153,Shadowfax Surface,TRK903153,4,4,180,SLA Met
SHP-43154,ORD-13154,Ecom Express,TRK903154,3,7,60,SLA Breached
SHP-43155,ORD-13155,Shadowfax Surface,TRK903155,2,2,150,SLA Met
SHP-43156,ORD-13156,Ecom Express,TRK903156,2,4,150,SLA Breached
SHP-43157,ORD-13157,Delhivery Direct,TRK903157,3,3,120,SLA Met
SHP-43158,ORD-13158,XpressBees Surface,TRK903158,2,2,180,SLA Met
SHP-43159,ORD-13159,Delhivery Direct,TRK903159,2,2,90,SLA Met
SHP-43160,ORD-13160,Delhivery Direct,TRK903160,4,4,150,SLA Met
SHP-43161,ORD-13161,Ecom Express,TRK903161,3,3,60,SLA Met
SHP-43162,ORD-13162,Delhivery Direct,TRK903162,5,5,180,SLA Met
SHP-43163,ORD-13163,Delhivery Direct,TRK903163,5,9,60,SLA Breached
SHP-43164,ORD-13164,Delhivery Direct,TRK903164,5,9,120,SLA Breached
SHP-43165,ORD-13165,XpressBees Surface,TRK903165,2,5,90,SLA Breached
SHP-43166,ORD-13166,Delhivery Direct,TRK903166,2,2,150,SLA Met
SHP-43167,ORD-13167,XpressBees Surface,TRK903167,4,4,60,SLA Met
SHP-43169,ORD-13169,Shadowfax Surface,TRK903169,3,5,120,SLA Breached
SHP-43170,ORD-13170,BlueDart Express,TRK903170,5,7,60,SLA Breached
SHP-43171,ORD-13171,XpressBees Surface,TRK903171,4,4,150,SLA Met
SHP-43172,ORD-13172,Shadowfax Surface,TRK903172,4,4,90,SLA Met
SHP-43175,ORD-13175,Shadowfax Surface,TRK903175,4,4,120,SLA Met
SHP-43177,ORD-13177,BlueDart Express,TRK903177,4,6,150,SLA Breached
SHP-43178,ORD-13178,Ecom Express,TRK903178,4,4,90,SLA Met
SHP-43179,ORD-13179,Shadowfax Surface,TRK903179,3,3,60,SLA Met
SHP-43180,ORD-13180,Shadowfax Surface,TRK903180,2,2,120,SLA Met
SHP-43182,ORD-13182,Ecom Express,TRK903182,3,3,120,SLA Met
SHP-43183,ORD-13183,Shadowfax Surface,TRK903183,2,2,150,SLA Met
SHP-43184,ORD-13184,Ecom Express,TRK903184,2,6,90,SLA Breached
SHP-43185,ORD-13185,Delhivery Direct,TRK903185,5,5,90,SLA Met
SHP-43186,ORD-13186,BlueDart Express,TRK903186,5,5,150,SLA Met
SHP-43187,ORD-13187,Shadowfax Surface,TRK903187,2,2,180,SLA Met
SHP-43188,ORD-13188,Ecom Express,TRK903188,5,8,90,SLA Breached
SHP-43190,ORD-13190,Shadowfax Surface,TRK903190,3,3,90,SLA Met
SHP-43191,ORD-13191,Ecom Express,TRK903191,2,2,180,SLA Met
SHP-43192,ORD-13192,Shadowfax Surface,TRK903192,4,4,150,SLA Met
SHP-43193,ORD-13193,XpressBees Surface,TRK903193,3,3,90,SLA Met
SHP-43194,ORD-13194,Delhivery Direct,TRK903194,5,5,90,SLA Met
SHP-43196,ORD-13196,XpressBees Surface,TRK903196,5,5,120,SLA Met
SHP-43197,ORD-13197,Delhivery Direct,TRK903197,5,5,90,SLA Met
SHP-43198,ORD-13198,BlueDart Express,TRK903198,3,3,60,SLA Met
SHP-43199,ORD-13199,Shadowfax Surface,TRK903199,4,7,60,SLA Breached
SHP-43200,ORD-13200,Ecom Express,TRK903200,5,9,90,SLA Breached
SHP-43201,ORD-13201,Shadowfax Surface,TRK903201,2,2,180,SLA Met
SHP-43202,ORD-13202,Shadowfax Surface,TRK903202,5,5,180,SLA Met
SHP-43203,ORD-13203,Delhivery Direct,TRK903203,2,2,180,SLA Met
SHP-43204,ORD-13204,Delhivery Direct,TRK903204,3,3,90,SLA Met
SHP-43206,ORD-13206,Ecom Express,TRK903206,2,2,90,SLA Met
SHP-43207,ORD-13207,XpressBees Surface,TRK903207,5,8,90,SLA Breached
SHP-43208,ORD-13208,Shadowfax Surface,TRK903208,2,2,90,SLA Met
SHP-43209,ORD-13209,Delhivery Direct,TRK903209,2,2,90,SLA Met
SHP-43211,ORD-13211,BlueDart Express,TRK903211,3,3,60,SLA Met
SHP-43212,ORD-13212,XpressBees Surface,TRK903212,2,2,150,SLA Met
SHP-43213,ORD-13213,Ecom Express,TRK903213,3,3,180,SLA Met
SHP-43214,ORD-13214,Shadowfax Surface,TRK903214,4,4,90,SLA Met
SHP-43215,ORD-13215,Shadowfax Surface,TRK903215,3,3,90,SLA Met
SHP-43216,ORD-13216,XpressBees Surface,TRK903216,2,5,90,SLA Breached
SHP-43217,ORD-13217,Delhivery Direct,TRK903217,4,4,60,SLA Met
SHP-43219,ORD-13219,Shadowfax Surface,TRK903219,3,3,60,SLA Met
SHP-43220,ORD-13220,BlueDart Express,TRK903220,5,5,180,SLA Met
SHP-43221,ORD-13221,Delhivery Direct,TRK903221,2,2,90,SLA Met
SHP-43222,ORD-13222,Delhivery Direct,TRK903222,2,2,90,SLA Met
SHP-43223,ORD-13223,Delhivery Direct,TRK903223,2,2,60,SLA Met
SHP-43224,ORD-13224,BlueDart Express,TRK903224,4,4,180,SLA Met
SHP-43225,ORD-13225,Delhivery Direct,TRK903225,3,3,180,SLA Met
SHP-43226,ORD-13226,XpressBees Surface,TRK903226,2,2,180,SLA Met
SHP-43227,ORD-13227,Ecom Express,TRK903227,3,7,120,SLA Breached
SHP-43228,ORD-13228,XpressBees Surface,TRK903228,3,5,150,SLA Breached
SHP-43231,ORD-13231,Shadowfax Surface,TRK903231,5,5,120,SLA Met
SHP-43232,ORD-13232,Shadowfax Surface,TRK903232,5,5,150,SLA Met
SHP-43234,ORD-13234,Ecom Express,TRK903234,4,7,90,SLA Breached
SHP-43235,ORD-13235,Ecom Express,TRK903235,3,3,150,SLA Met
SHP-43236,ORD-13236,XpressBees Surface,TRK903236,2,2,180,SLA Met
SHP-43237,ORD-13237,Ecom Express,TRK903237,5,6,60,SLA Breached
SHP-43238,ORD-13238,Shadowfax Surface,TRK903238,3,3,60,SLA Met
SHP-43240,ORD-13240,Ecom Express,TRK903240,2,2,60,SLA Met
SHP-43241,ORD-13241,XpressBees Surface,TRK903241,4,4,90,SLA Met
SHP-43242,ORD-13242,XpressBees Surface,TRK903242,5,5,90,SLA Met
SHP-43243,ORD-13243,BlueDart Express,TRK903243,2,2,150,SLA Met
SHP-43244,ORD-13244,XpressBees Surface,TRK903244,5,5,150,SLA Met
SHP-43245,ORD-13245,Shadowfax Surface,TRK903245,2,3,180,SLA Breached
SHP-43246,ORD-13246,Delhivery Direct,TRK903246,3,7,150,SLA Breached
SHP-43248,ORD-13248,XpressBees Surface,TRK903248,3,3,120,SLA Met
SHP-43249,ORD-13249,XpressBees Surface,TRK903249,3,3,60,SLA Met
SHP-43250,ORD-13250,XpressBees Surface,TRK903250,2,2,60,SLA Met
SHP-43251,ORD-13251,Ecom Express,TRK903251,5,5,60,SLA Met
SHP-43252,ORD-13252,Delhivery Direct,TRK903252,5,5,60,SLA Met
SHP-43253,ORD-13253,Delhivery Direct,TRK903253,4,4,120,SLA Met
SHP-43254,ORD-13254,BlueDart Express,TRK903254,5,5,180,SLA Met
SHP-43256,ORD-13256,Ecom Express,TRK903256,3,3,150,SLA Met
SHP-43258,ORD-13258,Shadowfax Surface,TRK903258,2,2,180,SLA Met
SHP-43259,ORD-13259,Ecom Express,TRK903259,2,2,60,SLA Met
SHP-43260,ORD-13260,Ecom Express,TRK903260,2,2,180,SLA Met
SHP-43261,ORD-13261,BlueDart Express,TRK903261,3,3,60,SLA Met
SHP-43262,ORD-13262,Delhivery Direct,TRK903262,2,2,90,SLA Met
SHP-43263,ORD-13263,Delhivery Direct,TRK903263,5,5,120,SLA Met
SHP-43264,ORD-13264,Ecom Express,TRK903264,4,4,60,SLA Met
SHP-43267,ORD-13267,XpressBees Surface,TRK903267,5,5,90,SLA Met
SHP-43268,ORD-13268,Delhivery Direct,TRK903268,2,2,90,SLA Met
SHP-43269,ORD-13269,Ecom Express,TRK903269,4,4,90,SLA Met
SHP-43270,ORD-13270,Shadowfax Surface,TRK903270,2,2,150,SLA Met
SHP-43271,ORD-13271,XpressBees Surface,TRK903271,3,3,120,SLA Met
SHP-43273,ORD-13273,Delhivery Direct,TRK903273,3,3,150,SLA Met
SHP-43274,ORD-13274,Shadowfax Surface,TRK903274,2,2,90,SLA Met
SHP-43275,ORD-13275,Delhivery Direct,TRK903275,2,2,180,SLA Met
SHP-43276,ORD-13276,XpressBees Surface,TRK903276,3,3,180,SLA Met
SHP-43277,ORD-13277,XpressBees Surface,TRK903277,3,7,150,SLA Breached
SHP-43278,ORD-13278,Delhivery Direct,TRK903278,3,3,90,SLA Met
SHP-43279,ORD-13279,BlueDart Express,TRK903279,3,3,60,SLA Met
SHP-43280,ORD-13280,Shadowfax Surface,TRK903280,5,5,150,SLA Met
SHP-43281,ORD-13281,BlueDart Express,TRK903281,2,2,120,SLA Met
SHP-43282,ORD-13282,XpressBees Surface,TRK903282,3,3,180,SLA Met
SHP-43283,ORD-13283,XpressBees Surface,TRK903283,3,7,180,SLA Breached
SHP-43284,ORD-13284,XpressBees Surface,TRK903284,5,5,180,SLA Met
SHP-43285,ORD-13285,XpressBees Surface,TRK903285,4,4,60,SLA Met
SHP-43286,ORD-13286,XpressBees Surface,TRK903286,5,9,90,SLA Breached
SHP-43287,ORD-13287,BlueDart Express,TRK903287,4,5,150,SLA Breached
SHP-43288,ORD-13288,BlueDart Express,TRK903288,3,7,90,SLA Breached
SHP-43289,ORD-13289,XpressBees Surface,TRK903289,5,5,120,SLA Met
SHP-43290,ORD-13290,Delhivery Direct,TRK903290,5,5,90,SLA Met
SHP-43292,ORD-13292,BlueDart Express,TRK903292,4,4,60,SLA Met
SHP-43293,ORD-13293,Shadowfax Surface,TRK903293,4,4,120,SLA Met
SHP-43294,ORD-13294,Shadowfax Surface,TRK903294,4,4,150,SLA Met
SHP-43296,ORD-13296,Delhivery Direct,TRK903296,5,5,120,SLA Met
SHP-43298,ORD-13298,XpressBees Surface,TRK903298,3,3,60,SLA Met
SHP-43299,ORD-13299,BlueDart Express,TRK903299,5,9,60,SLA Breached
SHP-43300,ORD-13300,Shadowfax Surface,TRK903300,5,5,180,SLA Met
SHP-43301,ORD-13301,Shadowfax Surface,TRK903301,5,5,180,SLA Met
SHP-43302,ORD-13302,XpressBees Surface,TRK903302,2,6,180,SLA Breached
SHP-43303,ORD-13303,Shadowfax Surface,TRK903303,5,5,90,SLA Met
SHP-43305,ORD-13305,BlueDart Express,TRK903305,5,5,120,SLA Met
SHP-43306,ORD-13306,Delhivery Direct,TRK903306,5,5,150,SLA Met
SHP-43307,ORD-13307,Delhivery Direct,TRK903307,5,5,120,SLA Met
SHP-43308,ORD-13308,Delhivery Direct,TRK903308,3,3,150,SLA Met
SHP-43309,ORD-13309,Ecom Express,TRK903309,4,4,90,SLA Met
SHP-43310,ORD-13310,XpressBees Surface,TRK903310,5,5,60,SLA Met
SHP-43311,ORD-13311,XpressBees Surface,TRK903311,5,5,120,SLA Met
SHP-43312,ORD-13312,Shadowfax Surface,TRK903312,3,3,120,SLA Met
SHP-43313,ORD-13313,XpressBees Surface,TRK903313,4,4,60,SLA Met
SHP-43314,ORD-13314,Shadowfax Surface,TRK903314,3,3,60,SLA Met
SHP-43315,ORD-13315,Ecom Express,TRK903315,3,3,90,SLA Met
SHP-43317,ORD-13317,Shadowfax Surface,TRK903317,4,4,90,SLA Met
SHP-43318,ORD-13318,XpressBees Surface,TRK903318,5,5,150,SLA Met
SHP-43320,ORD-13320,Shadowfax Surface,TRK903320,2,2,60,SLA Met
SHP-43322,ORD-13322,Shadowfax Surface,TRK903322,3,3,90,SLA Met
SHP-43323,ORD-13323,Ecom Express,TRK903323,4,4,180,SLA Met
SHP-43326,ORD-13326,Ecom Express,TRK903326,3,7,180,SLA Breached
SHP-43327,ORD-13327,XpressBees Surface,TRK903327,2,2,180,SLA Met
SHP-43328,ORD-13328,Shadowfax Surface,TRK903328,3,3,60,SLA Met
SHP-43329,ORD-13329,BlueDart Express,TRK903329,4,4,120,SLA Met
SHP-43330,ORD-13330,Ecom Express,TRK903330,3,3,120,SLA Met
SHP-43331,ORD-13331,Delhivery Direct,TRK903331,4,4,150,SLA Met
SHP-43332,ORD-13332,BlueDart Express,TRK903332,2,2,60,SLA Met
SHP-43333,ORD-13333,Delhivery Direct,TRK903333,2,2,120,SLA Met
SHP-43334,ORD-13334,BlueDart Express,TRK903334,2,2,60,SLA Met
SHP-43335,ORD-13335,Ecom Express,TRK903335,4,4,150,SLA Met
SHP-43336,ORD-13336,Ecom Express,TRK903336,5,5,180,SLA Met
SHP-43337,ORD-13337,BlueDart Express,TRK903337,2,2,90,SLA Met
SHP-43339,ORD-13339,XpressBees Surface,TRK903339,4,4,120,SLA Met
SHP-43340,ORD-13340,Shadowfax Surface,TRK903340,3,3,150,SLA Met
SHP-43341,ORD-13341,Delhivery Direct,TRK903341,2,2,150,SLA Met
SHP-43342,ORD-13342,Shadowfax Surface,TRK903342,3,4,90,SLA Breached
SHP-43343,ORD-13343,XpressBees Surface,TRK903343,5,5,120,SLA Met
SHP-43344,ORD-13344,BlueDart Express,TRK903344,4,4,90,SLA Met
SHP-43345,ORD-13345,BlueDart Express,TRK903345,4,4,150,SLA Met
SHP-43346,ORD-13346,BlueDart Express,TRK903346,3,3,90,SLA Met
SHP-43348,ORD-13348,Delhivery Direct,TRK903348,5,5,120,SLA Met
SHP-43349,ORD-13349,Delhivery Direct,TRK903349,3,3,150,SLA Met
SHP-43350,ORD-13350,BlueDart Express,TRK903350,3,3,90,SLA Met
SHP-43351,ORD-13351,BlueDart Express,TRK903351,2,2,120,SLA Met
SHP-43353,ORD-13353,XpressBees Surface,TRK903353,3,3,120,SLA Met
SHP-43354,ORD-13354,BlueDart Express,TRK903354,4,8,120,SLA Breached
SHP-43355,ORD-13355,Ecom Express,TRK903355,3,6,180,SLA Breached
SHP-43356,ORD-13356,Delhivery Direct,TRK903356,4,4,150,SLA Met
SHP-43357,ORD-13357,Shadowfax Surface,TRK903357,4,4,120,SLA Met
SHP-43358,ORD-13358,Delhivery Direct,TRK903358,5,5,60,SLA Met
SHP-43359,ORD-13359,BlueDart Express,TRK903359,2,2,150,SLA Met
SHP-43360,ORD-13360,BlueDart Express,TRK903360,4,7,120,SLA Breached
SHP-43361,ORD-13361,BlueDart Express,TRK903361,3,3,60,SLA Met
SHP-43362,ORD-13362,BlueDart Express,TRK903362,4,4,180,SLA Met
SHP-43363,ORD-13363,Ecom Express,TRK903363,3,3,90,SLA Met
SHP-43364,ORD-13364,XpressBees Surface,TRK903364,5,7,120,SLA Breached
SHP-43365,ORD-13365,BlueDart Express,TRK903365,3,3,120,SLA Met
SHP-43366,ORD-13366,Delhivery Direct,TRK903366,4,4,60,SLA Met
SHP-43367,ORD-13367,XpressBees Surface,TRK903367,2,2,150,SLA Met
SHP-43368,ORD-13368,XpressBees Surface,TRK903368,2,2,150,SLA Met
SHP-43369,ORD-13369,Ecom Express,TRK903369,4,4,60,SLA Met
SHP-43370,ORD-13370,Delhivery Direct,TRK903370,3,7,150,SLA Breached
SHP-43371,ORD-13371,Ecom Express,TRK903371,2,2,60,SLA Met
SHP-43372,ORD-13372,XpressBees Surface,TRK903372,4,6,150,SLA Breached
SHP-43373,ORD-13373,Delhivery Direct,TRK903373,3,5,120,SLA Breached
SHP-43374,ORD-13374,Delhivery Direct,TRK903374,5,5,150,SLA Met
SHP-43375,ORD-13375,XpressBees Surface,TRK903375,3,3,90,SLA Met
SHP-43376,ORD-13376,Ecom Express,TRK903376,5,9,150,SLA Breached
SHP-43377,ORD-13377,Shadowfax Surface,TRK903377,5,5,180,SLA Met
SHP-43378,ORD-13378,Delhivery Direct,TRK903378,3,4,90,SLA Breached
SHP-43379,ORD-13379,BlueDart Express,TRK903379,4,4,180,SLA Met
SHP-43380,ORD-13380,BlueDart Express,TRK903380,4,4,150,SLA Met
SHP-43381,ORD-13381,BlueDart Express,TRK903381,5,5,90,SLA Met
SHP-43383,ORD-13383,BlueDart Express,TRK903383,5,5,60,SLA Met
SHP-43384,ORD-13384,Delhivery Direct,TRK903384,2,2,120,SLA Met
SHP-43386,ORD-13386,Ecom Express,TRK903386,4,4,60,SLA Met
SHP-43387,ORD-13387,XpressBees Surface,TRK903387,5,5,120,SLA Met
SHP-43389,ORD-13389,Ecom Express,TRK903389,2,4,180,SLA Breached
SHP-43390,ORD-13390,Shadowfax Surface,TRK903390,4,4,90,SLA Met
SHP-43392,ORD-13392,Shadowfax Surface,TRK903392,5,5,60,SLA Met
SHP-43393,ORD-13393,Ecom Express,TRK903393,2,2,180,SLA Met
SHP-43394,ORD-13394,Delhivery Direct,TRK903394,3,5,60,SLA Breached
SHP-43395,ORD-13395,Delhivery Direct,TRK903395,3,5,150,SLA Breached
SHP-43396,ORD-13396,BlueDart Express,TRK903396,2,3,180,SLA Breached
SHP-43397,ORD-13397,Ecom Express,TRK903397,4,4,90,SLA Met
SHP-43399,ORD-13399,Ecom Express,TRK903399,5,9,180,SLA Breached
SHP-43400,ORD-13400,Delhivery Direct,TRK903400,5,5,90,SLA Met
SHP-43401,ORD-13401,Shadowfax Surface,TRK903401,5,5,180,SLA Met
SHP-43402,ORD-13402,Ecom Express,TRK903402,4,4,150,SLA Met
SHP-43404,ORD-13404,XpressBees Surface,TRK903404,3,3,180,SLA Met
SHP-43405,ORD-13405,Delhivery Direct,TRK903405,3,7,90,SLA Breached
SHP-43406,ORD-13406,Shadowfax Surface,TRK903406,2,2,60,SLA Met
SHP-43407,ORD-13407,Ecom Express,TRK903407,4,4,90,SLA Met
SHP-43409,ORD-13409,Delhivery Direct,TRK903409,4,4,90,SLA Met
SHP-43411,ORD-13411,Shadowfax Surface,TRK903411,2,2,60,SLA Met
SHP-43412,ORD-13412,Ecom Express,TRK903412,3,3,90,SLA Met
SHP-43413,ORD-13413,Shadowfax Surface,TRK903413,3,3,180,SLA Met
SHP-43415,ORD-13415,Shadowfax Surface,TRK903415,5,5,150,SLA Met
SHP-43416,ORD-13416,Delhivery Direct,TRK903416,5,5,150,SLA Met
SHP-43417,ORD-13417,Shadowfax Surface,TRK903417,4,4,90,SLA Met
SHP-43420,ORD-13420,Delhivery Direct,TRK903420,4,4,150,SLA Met
SHP-43421,ORD-13421,Shadowfax Surface,TRK903421,3,3,150,SLA Met
SHP-43422,ORD-13422,Delhivery Direct,TRK903422,4,4,150,SLA Met
SHP-43423,ORD-13423,Delhivery Direct,TRK903423,5,5,90,SLA Met
SHP-43424,ORD-13424,Ecom Express,TRK903424,2,2,120,SLA Met
SHP-43425,ORD-13425,Delhivery Direct,TRK903425,3,3,120,SLA Met
SHP-43426,ORD-13426,XpressBees Surface,TRK903426,4,4,180,SLA Met
SHP-43427,ORD-13427,Delhivery Direct,TRK903427,2,6,90,SLA Breached
SHP-43428,ORD-13428,Shadowfax Surface,TRK903428,4,4,150,SLA Met
SHP-43429,ORD-13429,Shadowfax Surface,TRK903429,2,2,180,SLA Met
SHP-43431,ORD-13431,Delhivery Direct,TRK903431,2,2,120,SLA Met
SHP-43432,ORD-13432,Ecom Express,TRK903432,4,4,150,SLA Met
SHP-43433,ORD-13433,XpressBees Surface,TRK903433,5,5,60,SLA Met
SHP-43434,ORD-13434,BlueDart Express,TRK903434,3,3,90,SLA Met
SHP-43435,ORD-13435,Delhivery Direct,TRK903435,4,4,180,SLA Met
SHP-43436,ORD-13436,Shadowfax Surface,TRK903436,5,5,150,SLA Met
SHP-43438,ORD-13438,XpressBees Surface,TRK903438,4,4,60,SLA Met
SHP-43439,ORD-13439,Ecom Express,TRK903439,3,3,90,SLA Met
SHP-43440,ORD-13440,Delhivery Direct,TRK903440,3,3,90,SLA Met
SHP-43441,ORD-13441,Ecom Express,TRK903441,3,7,180,SLA Breached
SHP-43443,ORD-13443,XpressBees Surface,TRK903443,3,3,60,SLA Met
SHP-43444,ORD-13444,Shadowfax Surface,TRK903444,3,3,180,SLA Met
SHP-43445,ORD-13445,XpressBees Surface,TRK903445,4,4,180,SLA Met
SHP-43446,ORD-13446,BlueDart Express,TRK903446,3,3,180,SLA Met
SHP-43447,ORD-13447,XpressBees Surface,TRK903447,3,3,90,SLA Met
SHP-43448,ORD-13448,BlueDart Express,TRK903448,2,2,120,SLA Met
SHP-43449,ORD-13449,XpressBees Surface,TRK903449,5,5,180,SLA Met
SHP-43450,ORD-13450,XpressBees Surface,TRK903450,4,4,150,SLA Met
SHP-43451,ORD-13451,XpressBees Surface,TRK903451,4,4,90,SLA Met
SHP-43452,ORD-13452,Shadowfax Surface,TRK903452,5,5,60,SLA Met
SHP-43453,ORD-13453,Delhivery Direct,TRK903453,2,2,180,SLA Met
SHP-43454,ORD-13454,Shadowfax Surface,TRK903454,3,3,120,SLA Met
SHP-43455,ORD-13455,Delhivery Direct,TRK903455,2,2,60,SLA Met
SHP-43456,ORD-13456,Shadowfax Surface,TRK903456,4,6,90,SLA Breached
SHP-43457,ORD-13457,Ecom Express,TRK903457,2,2,120,SLA Met
SHP-43459,ORD-13459,Ecom Express,TRK903459,5,5,180,SLA Met
SHP-43460,ORD-13460,XpressBees Surface,TRK903460,2,2,150,SLA Met
SHP-43461,ORD-13461,Shadowfax Surface,TRK903461,5,5,150,SLA Met
SHP-43462,ORD-13462,Shadowfax Surface,TRK903462,2,2,60,SLA Met
SHP-43463,ORD-13463,Shadowfax Surface,TRK903463,5,9,150,SLA Breached
SHP-43464,ORD-13464,XpressBees Surface,TRK903464,5,5,120,SLA Met
SHP-43465,ORD-13465,Shadowfax Surface,TRK903465,5,5,180,SLA Met
SHP-43466,ORD-13466,Shadowfax Surface,TRK903466,4,4,60,SLA Met
SHP-43467,ORD-13467,BlueDart Express,TRK903467,4,4,90,SLA Met
SHP-43468,ORD-13468,Shadowfax Surface,TRK903468,2,2,150,SLA Met
SHP-43469,ORD-13469,Delhivery Direct,TRK903469,4,4,90,SLA Met
SHP-43470,ORD-13470,Shadowfax Surface,TRK903470,5,5,60,SLA Met
SHP-43471,ORD-13471,BlueDart Express,TRK903471,3,3,90,SLA Met
SHP-43472,ORD-13472,Ecom Express,TRK903472,2,2,60,SLA Met
SHP-43473,ORD-13473,XpressBees Surface,TRK903473,2,5,150,SLA Breached
SHP-43474,ORD-13474,Shadowfax Surface,TRK903474,3,3,150,SLA Met
SHP-43475,ORD-13475,XpressBees Surface,TRK903475,2,2,180,SLA Met
SHP-43476,ORD-13476,Delhivery Direct,TRK903476,3,3,120,SLA Met
SHP-43477,ORD-13477,Shadowfax Surface,TRK903477,2,3,60,SLA Breached
SHP-43478,ORD-13478,Shadowfax Surface,TRK903478,5,5,60,SLA Met
SHP-43480,ORD-13480,XpressBees Surface,TRK903480,5,5,180,SLA Met
SHP-43482,ORD-13482,Shadowfax Surface,TRK903482,3,3,180,SLA Met
SHP-43483,ORD-13483,Shadowfax Surface,TRK903483,3,6,120,SLA Breached
SHP-43484,ORD-13484,Shadowfax Surface,TRK903484,3,3,90,SLA Met
SHP-43485,ORD-13485,BlueDart Express,TRK903485,2,2,150,SLA Met
SHP-43486,ORD-13486,Delhivery Direct,TRK903486,2,2,60,SLA Met
SHP-43487,ORD-13487,Ecom Express,TRK903487,4,4,120,SLA Met
SHP-43489,ORD-13489,Shadowfax Surface,TRK903489,3,3,90,SLA Met
SHP-43490,ORD-13490,BlueDart Express,TRK903490,2,6,90,SLA Breached
SHP-43491,ORD-13491,Ecom Express,TRK903491,3,3,120,SLA Met
SHP-43492,ORD-13492,Shadowfax Surface,TRK903492,3,3,120,SLA Met
SHP-43493,ORD-13493,Delhivery Direct,TRK903493,3,4,150,SLA Breached
SHP-43494,ORD-13494,XpressBees Surface,TRK903494,2,2,120,SLA Met
SHP-43495,ORD-13495,Ecom Express,TRK903495,4,4,90,SLA Met
SHP-43496,ORD-13496,XpressBees Surface,TRK903496,5,8,90,SLA Breached
SHP-43497,ORD-13497,BlueDart Express,TRK903497,3,3,120,SLA Met
SHP-43498,ORD-13498,Delhivery Direct,TRK903498,4,4,150,SLA Met
SHP-43499,ORD-13499,Shadowfax Surface,TRK903499,2,2,60,SLA Met
SHP-43500,ORD-13500,XpressBees Surface,TRK903500,4,4,180,SLA Met
SHP-43501,ORD-13501,Shadowfax Surface,TRK903501,2,2,90,SLA Met
SHP-43502,ORD-13502,Delhivery Direct,TRK903502,5,9,60,SLA Breached
SHP-43503,ORD-13503,BlueDart Express,TRK903503,3,4,60,SLA Breached
SHP-43504,ORD-13504,Shadowfax Surface,TRK903504,2,2,90,SLA Met
SHP-43505,ORD-13505,BlueDart Express,TRK903505,3,3,120,SLA Met
SHP-43507,ORD-13507,XpressBees Surface,TRK903507,3,3,90,SLA Met
SHP-43508,ORD-13508,Shadowfax Surface,TRK903508,3,3,180,SLA Met
SHP-43510,ORD-13510,Ecom Express,TRK903510,5,5,180,SLA Met
SHP-43511,ORD-13511,Shadowfax Surface,TRK903511,2,2,180,SLA Met
SHP-43512,ORD-13512,BlueDart Express,TRK903512,5,5,150,SLA Met
SHP-43513,ORD-13513,Ecom Express,TRK903513,4,4,90,SLA Met
SHP-43514,ORD-13514,Shadowfax Surface,TRK903514,3,3,150,SLA Met
SHP-43515,ORD-13515,Shadowfax Surface,TRK903515,3,3,150,SLA Met
SHP-43516,ORD-13516,BlueDart Express,TRK903516,3,3,150,SLA Met
SHP-43517,ORD-13517,BlueDart Express,TRK903517,4,4,60,SLA Met
SHP-43519,ORD-13519,Shadowfax Surface,TRK903519,3,3,60,SLA Met
SHP-43521,ORD-13521,BlueDart Express,TRK903521,5,5,90,SLA Met
SHP-43523,ORD-13523,XpressBees Surface,TRK903523,4,4,180,SLA Met
SHP-43524,ORD-13524,Shadowfax Surface,TRK903524,4,4,90,SLA Met
SHP-43525,ORD-13525,BlueDart Express,TRK903525,5,5,180,SLA Met
SHP-43527,ORD-13527,Shadowfax Surface,TRK903527,5,5,120,SLA Met
SHP-43528,ORD-13528,Shadowfax Surface,TRK903528,3,3,180,SLA Met
SHP-43529,ORD-13529,BlueDart Express,TRK903529,2,2,90,SLA Met
SHP-43531,ORD-13531,BlueDart Express,TRK903531,2,2,150,SLA Met
SHP-43532,ORD-13532,Delhivery Direct,TRK903532,4,4,180,SLA Met
SHP-43533,ORD-13533,BlueDart Express,TRK903533,4,4,60,SLA Met
SHP-43534,ORD-13534,BlueDart Express,TRK903534,3,3,150,SLA Met
SHP-43535,ORD-13535,Ecom Express,TRK903535,3,3,120,SLA Met
SHP-43536,ORD-13536,Ecom Express,TRK903536,4,4,60,SLA Met
SHP-43537,ORD-13537,BlueDart Express,TRK903537,4,4,60,SLA Met
SHP-43538,ORD-13538,Ecom Express,TRK903538,5,5,150,SLA Met
SHP-43539,ORD-13539,Ecom Express,TRK903539,2,2,90,SLA Met
SHP-43540,ORD-13540,XpressBees Surface,TRK903540,4,4,60,SLA Met
SHP-43541,ORD-13541,Shadowfax Surface,TRK903541,5,5,60,SLA Met
SHP-43542,ORD-13542,Ecom Express,TRK903542,2,2,60,SLA Met
SHP-43543,ORD-13543,Delhivery Direct,TRK903543,4,6,120,SLA Breached
SHP-43544,ORD-13544,Shadowfax Surface,TRK903544,2,2,90,SLA Met
SHP-43545,ORD-13545,XpressBees Surface,TRK903545,5,5,60,SLA Met
SHP-43546,ORD-13546,Shadowfax Surface,TRK903546,4,5,150,SLA Breached
SHP-43547,ORD-13547,Delhivery Direct,TRK903547,4,4,60,SLA Met
SHP-43548,ORD-13548,XpressBees Surface,TRK903548,3,3,60,SLA Met
SHP-43549,ORD-13549,Ecom Express,TRK903549,5,7,60,SLA Breached
SHP-43550,ORD-13550,Delhivery Direct,TRK903550,5,5,90,SLA Met
SHP-43551,ORD-13551,Delhivery Direct,TRK903551,4,6,150,SLA Breached
SHP-43552,ORD-13552,Shadowfax Surface,TRK903552,3,3,90,SLA Met
SHP-43553,ORD-13553,XpressBees Surface,TRK903553,5,6,90,SLA Breached
SHP-43554,ORD-13554,Delhivery Direct,TRK903554,2,2,90,SLA Met
SHP-43555,ORD-13555,BlueDart Express,TRK903555,2,2,120,SLA Met
SHP-43556,ORD-13556,Shadowfax Surface,TRK903556,4,5,90,SLA Breached
SHP-43557,ORD-13557,BlueDart Express,TRK903557,2,2,90,SLA Met
SHP-43558,ORD-13558,Ecom Express,TRK903558,5,5,90,SLA Met
SHP-43559,ORD-13559,Ecom Express,TRK903559,3,5,120,SLA Breached
SHP-43560,ORD-13560,Ecom Express,TRK903560,3,3,150,SLA Met
SHP-43561,ORD-13561,Shadowfax Surface,TRK903561,3,3,150,SLA Met
SHP-43562,ORD-13562,BlueDart Express,TRK903562,3,3,120,SLA Met
SHP-43563,ORD-13563,Ecom Express,TRK903563,5,5,180,SLA Met
SHP-43564,ORD-13564,Delhivery Direct,TRK903564,3,6,60,SLA Breached
SHP-43565,ORD-13565,Delhivery Direct,TRK903565,5,6,180,SLA Breached
SHP-43566,ORD-13566,Ecom Express,TRK903566,3,3,90,SLA Met
SHP-43567,ORD-13567,BlueDart Express,TRK903567,3,3,180,SLA Met
SHP-43568,ORD-13568,Shadowfax Surface,TRK903568,4,4,150,SLA Met
SHP-43569,ORD-13569,Ecom Express,TRK903569,2,2,60,SLA Met
SHP-43570,ORD-13570,XpressBees Surface,TRK903570,4,5,120,SLA Breached
SHP-43571,ORD-13571,Delhivery Direct,TRK903571,4,4,150,SLA Met
SHP-43572,ORD-13572,Shadowfax Surface,TRK903572,2,2,150,SLA Met
SHP-43573,ORD-13573,Ecom Express,TRK903573,2,2,60,SLA Met
SHP-43574,ORD-13574,Delhivery Direct,TRK903574,4,4,150,SLA Met
SHP-43575,ORD-13575,Shadowfax Surface,TRK903575,5,5,90,SLA Met
SHP-43577,ORD-13577,Ecom Express,TRK903577,5,5,150,SLA Met
SHP-43578,ORD-13578,Ecom Express,TRK903578,3,6,120,SLA Breached
SHP-43582,ORD-13582,Ecom Express,TRK903582,2,2,90,SLA Met
SHP-43583,ORD-13583,Ecom Express,TRK903583,5,5,150,SLA Met
SHP-43584,ORD-13584,Shadowfax Surface,TRK903584,2,2,120,SLA Met
SHP-43585,ORD-13585,BlueDart Express,TRK903585,3,5,60,SLA Breached
SHP-43586,ORD-13586,BlueDart Express,TRK903586,2,2,60,SLA Met
SHP-43587,ORD-13587,XpressBees Surface,TRK903587,2,2,120,SLA Met
SHP-43588,ORD-13588,Shadowfax Surface,TRK903588,5,8,180,SLA Breached
SHP-43589,ORD-13589,Delhivery Direct,TRK903589,5,5,90,SLA Met
SHP-43590,ORD-13590,XpressBees Surface,TRK903590,5,6,90,SLA Breached
SHP-43591,ORD-13591,Ecom Express,TRK903591,5,5,90,SLA Met
SHP-43592,ORD-13592,Delhivery Direct,TRK903592,2,2,120,SLA Met
SHP-43593,ORD-13593,Shadowfax Surface,TRK903593,3,3,150,SLA Met
SHP-43594,ORD-13594,Ecom Express,TRK903594,5,5,90,SLA Met
SHP-43595,ORD-13595,Shadowfax Surface,TRK903595,5,5,60,SLA Met
SHP-43596,ORD-13596,Shadowfax Surface,TRK903596,5,5,120,SLA Met
SHP-43597,ORD-13597,Delhivery Direct,TRK903597,4,4,60,SLA Met
SHP-43598,ORD-13598,Ecom Express,TRK903598,5,5,180,SLA Met
SHP-43599,ORD-13599,Shadowfax Surface,TRK903599,3,7,180,SLA Breached
SHP-43601,ORD-13601,XpressBees Surface,TRK903601,4,4,180,SLA Met
SHP-43602,ORD-13602,BlueDart Express,TRK903602,3,3,120,SLA Met
SHP-43603,ORD-13603,Shadowfax Surface,TRK903603,4,4,180,SLA Met
SHP-43604,ORD-13604,Shadowfax Surface,TRK903604,5,5,150,SLA Met
SHP-43605,ORD-13605,XpressBees Surface,TRK903605,3,3,90,SLA Met
SHP-43606,ORD-13606,Shadowfax Surface,TRK903606,4,4,180,SLA Met
SHP-43607,ORD-13607,Delhivery Direct,TRK903607,5,5,120,SLA Met
SHP-43608,ORD-13608,Ecom Express,TRK903608,4,4,150,SLA Met
SHP-43609,ORD-13609,Ecom Express,TRK903609,5,5,90,SLA Met
SHP-43610,ORD-13610,Delhivery Direct,TRK903610,4,4,120,SLA Met
SHP-43611,ORD-13611,Ecom Express,TRK903611,2,2,120,SLA Met
SHP-43612,ORD-13612,Shadowfax Surface,TRK903612,5,5,150,SLA Met
SHP-43613,ORD-13613,Shadowfax Surface,TRK903613,3,3,180,SLA Met
SHP-43615,ORD-13615,Ecom Express,TRK903615,4,4,120,SLA Met
SHP-43616,ORD-13616,BlueDart Express,TRK903616,2,2,150,SLA Met
SHP-43617,ORD-13617,Shadowfax Surface,TRK903617,5,9,90,SLA Breached
SHP-43619,ORD-13619,XpressBees Surface,TRK903619,4,4,180,SLA Met
SHP-43620,ORD-13620,XpressBees Surface,TRK903620,2,2,120,SLA Met
SHP-43621,ORD-13621,XpressBees Surface,TRK903621,4,6,120,SLA Breached
SHP-43622,ORD-13622,BlueDart Express,TRK903622,2,5,180,SLA Breached
SHP-43623,ORD-13623,Shadowfax Surface,TRK903623,4,6,150,SLA Breached
SHP-43625,ORD-13625,BlueDart Express,TRK903625,2,2,120,SLA Met
SHP-43626,ORD-13626,XpressBees Surface,TRK903626,2,2,150,SLA Met
SHP-43627,ORD-13627,Ecom Express,TRK903627,5,5,90,SLA Met
SHP-43628,ORD-13628,Shadowfax Surface,TRK903628,2,2,150,SLA Met
SHP-43629,ORD-13629,Delhivery Direct,TRK903629,5,5,150,SLA Met
SHP-43630,ORD-13630,Delhivery Direct,TRK903630,3,3,60,SLA Met
SHP-43631,ORD-13631,XpressBees Surface,TRK903631,5,5,60,SLA Met
SHP-43632,ORD-13632,BlueDart Express,TRK903632,2,4,150,SLA Breached
SHP-43633,ORD-13633,Ecom Express,TRK903633,5,5,120,SLA Met
SHP-43634,ORD-13634,Ecom Express,TRK903634,4,4,150,SLA Met
SHP-43635,ORD-13635,Delhivery Direct,TRK903635,3,4,90,SLA Breached
SHP-43636,ORD-13636,Shadowfax Surface,TRK903636,3,3,90,SLA Met
SHP-43637,ORD-13637,XpressBees Surface,TRK903637,2,3,180,SLA Breached
SHP-43638,ORD-13638,Ecom Express,TRK903638,5,9,60,SLA Breached
SHP-43639,ORD-13639,Shadowfax Surface,TRK903639,5,5,90,SLA Met
SHP-43644,ORD-13644,Delhivery Direct,TRK903644,5,9,180,SLA Breached
SHP-43645,ORD-13645,BlueDart Express,TRK903645,3,3,150,SLA Met
SHP-43646,ORD-13646,Ecom Express,TRK903646,3,3,120,SLA Met
SHP-43647,ORD-13647,Shadowfax Surface,TRK903647,4,4,180,SLA Met
SHP-43648,ORD-13648,Ecom Express,TRK903648,5,5,150,SLA Met
SHP-43649,ORD-13649,BlueDart Express,TRK903649,4,4,60,SLA Met
SHP-43650,ORD-13650,Ecom Express,TRK903650,4,5,150,SLA Breached
SHP-43651,ORD-13651,Delhivery Direct,TRK903651,3,3,180,SLA Met
SHP-43654,ORD-13654,Ecom Express,TRK903654,2,2,150,SLA Met
SHP-43655,ORD-13655,Ecom Express,TRK903655,4,7,60,SLA Breached
SHP-43656,ORD-13656,Shadowfax Surface,TRK903656,5,6,120,SLA Breached
SHP-43657,ORD-13657,XpressBees Surface,TRK903657,4,7,60,SLA Breached
SHP-43658,ORD-13658,XpressBees Surface,TRK903658,2,2,150,SLA Met
SHP-43660,ORD-13660,Ecom Express,TRK903660,3,3,120,SLA Met
SHP-43661,ORD-13661,Shadowfax Surface,TRK903661,2,2,180,SLA Met
SHP-43662,ORD-13662,Shadowfax Surface,TRK903662,4,4,150,SLA Met
SHP-43663,ORD-13663,Delhivery Direct,TRK903663,5,5,90,SLA Met
SHP-43664,ORD-13664,Ecom Express,TRK903664,4,4,60,SLA Met
SHP-43665,ORD-13665,Shadowfax Surface,TRK903665,5,5,180,SLA Met
SHP-43666,ORD-13666,Delhivery Direct,TRK903666,4,4,150,SLA Met
SHP-43667,ORD-13667,Delhivery Direct,TRK903667,2,2,60,SLA Met
SHP-43668,ORD-13668,XpressBees Surface,TRK903668,2,2,150,SLA Met
SHP-43670,ORD-13670,Delhivery Direct,TRK903670,2,2,90,SLA Met
SHP-43671,ORD-13671,XpressBees Surface,TRK903671,3,3,180,SLA Met
SHP-43673,ORD-13673,XpressBees Surface,TRK903673,4,4,180,SLA Met
SHP-43676,ORD-13676,Delhivery Direct,TRK903676,5,5,60,SLA Met
SHP-43677,ORD-13677,BlueDart Express,TRK903677,2,2,180,SLA Met
SHP-43678,ORD-13678,Shadowfax Surface,TRK903678,3,3,180,SLA Met
SHP-43680,ORD-13680,Delhivery Direct,TRK903680,5,5,60,SLA Met
SHP-43681,ORD-13681,Ecom Express,TRK903681,2,2,120,SLA Met
SHP-43682,ORD-13682,XpressBees Surface,TRK903682,2,2,180,SLA Met
SHP-43683,ORD-13683,Ecom Express,TRK903683,5,5,150,SLA Met
SHP-43684,ORD-13684,BlueDart Express,TRK903684,3,3,60,SLA Met
SHP-43685,ORD-13685,BlueDart Express,TRK903685,5,9,150,SLA Breached
SHP-43687,ORD-13687,Ecom Express,TRK903687,2,2,150,SLA Met
SHP-43688,ORD-13688,Delhivery Direct,TRK903688,4,4,90,SLA Met
SHP-43691,ORD-13691,Shadowfax Surface,TRK903691,2,3,150,SLA Breached
SHP-43692,ORD-13692,XpressBees Surface,TRK903692,4,4,120,SLA Met
SHP-43693,ORD-13693,BlueDart Express,TRK903693,4,4,150,SLA Met
SHP-43694,ORD-13694,BlueDart Express,TRK903694,5,5,180,SLA Met
SHP-43695,ORD-13695,BlueDart Express,TRK903695,5,5,180,SLA Met
SHP-43696,ORD-13696,Ecom Express,TRK903696,4,4,120,SLA Met
SHP-43697,ORD-13697,BlueDart Express,TRK903697,4,4,120,SLA Met
SHP-43699,ORD-13699,Shadowfax Surface,TRK903699,4,4,90,SLA Met
SHP-43700,ORD-13700,XpressBees Surface,TRK903700,4,7,150,SLA Breached
SHP-43701,ORD-13701,XpressBees Surface,TRK903701,4,4,60,SLA Met
SHP-43702,ORD-13702,Shadowfax Surface,TRK903702,5,5,90,SLA Met
SHP-43703,ORD-13703,Ecom Express,TRK903703,5,5,150,SLA Met
SHP-43704,ORD-13704,Ecom Express,TRK903704,2,2,90,SLA Met
SHP-43705,ORD-13705,Delhivery Direct,TRK903705,3,3,60,SLA Met
SHP-43706,ORD-13706,XpressBees Surface,TRK903706,4,4,120,SLA Met
SHP-43709,ORD-13709,Ecom Express,TRK903709,2,2,120,SLA Met
SHP-43710,ORD-13710,BlueDart Express,TRK903710,5,5,60,SLA Met
SHP-43711,ORD-13711,Delhivery Direct,TRK903711,5,5,60,SLA Met
SHP-43712,ORD-13712,Shadowfax Surface,TRK903712,4,4,150,SLA Met
SHP-43713,ORD-13713,Ecom Express,TRK903713,4,4,180,SLA Met
SHP-43714,ORD-13714,XpressBees Surface,TRK903714,5,5,150,SLA Met
SHP-43715,ORD-13715,XpressBees Surface,TRK903715,4,4,60,SLA Met
SHP-43717,ORD-13717,Ecom Express,TRK903717,5,5,120,SLA Met
SHP-43718,ORD-13718,BlueDart Express,TRK903718,5,5,60,SLA Met
SHP-43719,ORD-13719,BlueDart Express,TRK903719,4,7,150,SLA Breached
SHP-43721,ORD-13721,Shadowfax Surface,TRK903721,3,3,120,SLA Met
SHP-43722,ORD-13722,Ecom Express,TRK903722,2,2,150,SLA Met
SHP-43723,ORD-13723,Delhivery Direct,TRK903723,2,3,120,SLA Breached
SHP-43725,ORD-13725,Shadowfax Surface,TRK903725,3,3,90,SLA Met
SHP-43726,ORD-13726,Ecom Express,TRK903726,2,6,90,SLA Breached
SHP-43727,ORD-13727,BlueDart Express,TRK903727,5,8,120,SLA Breached
SHP-43730,ORD-13730,Shadowfax Surface,TRK903730,5,5,150,SLA Met
SHP-43731,ORD-13731,Ecom Express,TRK903731,5,5,120,SLA Met
SHP-43732,ORD-13732,Ecom Express,TRK903732,2,5,60,SLA Breached
SHP-43734,ORD-13734,Shadowfax Surface,TRK903734,4,7,60,SLA Breached
SHP-43736,ORD-13736,Ecom Express,TRK903736,5,5,90,SLA Met
SHP-43737,ORD-13737,Delhivery Direct,TRK903737,3,3,150,SLA Met
SHP-43738,ORD-13738,XpressBees Surface,TRK903738,3,3,180,SLA Met
SHP-43739,ORD-13739,BlueDart Express,TRK903739,3,6,90,SLA Breached
SHP-43740,ORD-13740,Ecom Express,TRK903740,2,2,90,SLA Met
SHP-43742,ORD-13742,Delhivery Direct,TRK903742,3,7,150,SLA Breached
SHP-43743,ORD-13743,Delhivery Direct,TRK903743,2,3,180,SLA Breached
SHP-43747,ORD-13747,XpressBees Surface,TRK903747,5,5,90,SLA Met
SHP-43748,ORD-13748,Shadowfax Surface,TRK903748,4,4,90,SLA Met
SHP-43750,ORD-13750,Shadowfax Surface,TRK903750,2,2,150,SLA Met
SHP-43751,ORD-13751,Shadowfax Surface,TRK903751,4,4,90,SLA Met
SHP-43752,ORD-13752,BlueDart Express,TRK903752,2,2,90,SLA Met
SHP-43753,ORD-13753,BlueDart Express,TRK903753,3,3,90,SLA Met
SHP-43755,ORD-13755,Ecom Express,TRK903755,2,2,120,SLA Met
SHP-43756,ORD-13756,Delhivery Direct,TRK903756,2,2,150,SLA Met
SHP-43757,ORD-13757,XpressBees Surface,TRK903757,3,3,120,SLA Met
SHP-43758,ORD-13758,BlueDart Express,TRK903758,3,6,90,SLA Breached
SHP-43759,ORD-13759,Shadowfax Surface,TRK903759,5,5,150,SLA Met
SHP-43763,ORD-13763,Ecom Express,TRK903763,3,7,60,SLA Breached
SHP-43764,ORD-13764,Shadowfax Surface,TRK903764,5,5,60,SLA Met
SHP-43765,ORD-13765,Ecom Express,TRK903765,2,4,90,SLA Breached
SHP-43766,ORD-13766,Ecom Express,TRK903766,3,3,90,SLA Met
SHP-43767,ORD-13767,Ecom Express,TRK903767,3,3,150,SLA Met
SHP-43768,ORD-13768,BlueDart Express,TRK903768,4,7,150,SLA Breached
SHP-43769,ORD-13769,BlueDart Express,TRK903769,3,3,90,SLA Met
SHP-43770,ORD-13770,Ecom Express,TRK903770,2,2,60,SLA Met
SHP-43771,ORD-13771,Shadowfax Surface,TRK903771,2,2,180,SLA Met
SHP-43772,ORD-13772,Shadowfax Surface,TRK903772,4,4,90,SLA Met
SHP-43774,ORD-13774,Delhivery Direct,TRK903774,3,3,150,SLA Met
SHP-43775,ORD-13775,BlueDart Express,TRK903775,3,3,60,SLA Met
SHP-43776,ORD-13776,Ecom Express,TRK903776,2,2,150,SLA Met
SHP-43777,ORD-13777,XpressBees Surface,TRK903777,3,5,180,SLA Breached
SHP-43778,ORD-13778,Ecom Express,TRK903778,5,5,120,SLA Met
SHP-43779,ORD-13779,Ecom Express,TRK903779,3,4,60,SLA Breached
SHP-43781,ORD-13781,Delhivery Direct,TRK903781,4,4,150,SLA Met
SHP-43782,ORD-13782,XpressBees Surface,TRK903782,5,9,180,SLA Breached
SHP-43783,ORD-13783,XpressBees Surface,TRK903783,4,4,90,SLA Met
SHP-43784,ORD-13784,Shadowfax Surface,TRK903784,3,3,150,SLA Met
SHP-43785,ORD-13785,Ecom Express,TRK903785,5,5,90,SLA Met
SHP-43786,ORD-13786,Delhivery Direct,TRK903786,4,6,90,SLA Breached
SHP-43789,ORD-13789,Delhivery Direct,TRK903789,4,4,120,SLA Met
SHP-43790,ORD-13790,BlueDart Express,TRK903790,4,4,150,SLA Met
SHP-43791,ORD-13791,Delhivery Direct,TRK903791,4,6,150,SLA Breached
SHP-43792,ORD-13792,Ecom Express,TRK903792,4,4,90,SLA Met
SHP-43793,ORD-13793,Ecom Express,TRK903793,2,2,90,SLA Met
SHP-43794,ORD-13794,XpressBees Surface,TRK903794,3,3,90,SLA Met
SHP-43795,ORD-13795,XpressBees Surface,TRK903795,2,2,180,SLA Met
SHP-43796,ORD-13796,Shadowfax Surface,TRK903796,3,4,90,SLA Breached
SHP-43798,ORD-13798,Delhivery Direct,TRK903798,2,6,150,SLA Breached
SHP-43799,ORD-13799,BlueDart Express,TRK903799,5,5,90,SLA Met
SHP-43800,ORD-13800,BlueDart Express,TRK903800,4,4,120,SLA Met
SHP-43802,ORD-13802,Delhivery Direct,TRK903802,3,3,180,SLA Met
SHP-43803,ORD-13803,Ecom Express,TRK903803,2,2,180,SLA Met
SHP-43804,ORD-13804,Shadowfax Surface,TRK903804,5,5,180,SLA Met
SHP-43805,ORD-13805,Ecom Express,TRK903805,2,2,120,SLA Met
SHP-43806,ORD-13806,XpressBees Surface,TRK903806,3,3,60,SLA Met
SHP-43807,ORD-13807,Ecom Express,TRK903807,4,4,150,SLA Met
SHP-43808,ORD-13808,XpressBees Surface,TRK903808,2,2,120,SLA Met
SHP-43809,ORD-13809,BlueDart Express,TRK903809,4,4,60,SLA Met
SHP-43810,ORD-13810,Ecom Express,TRK903810,5,5,90,SLA Met
SHP-43812,ORD-13812,XpressBees Surface,TRK903812,4,4,150,SLA Met
SHP-43813,ORD-13813,BlueDart Express,TRK903813,5,5,120,SLA Met
SHP-43814,ORD-13814,Shadowfax Surface,TRK903814,5,5,60,SLA Met
SHP-43815,ORD-13815,XpressBees Surface,TRK903815,2,6,90,SLA Breached
SHP-43816,ORD-13816,XpressBees Surface,TRK903816,2,2,120,SLA Met
SHP-43817,ORD-13817,XpressBees Surface,TRK903817,3,3,120,SLA Met
SHP-43820,ORD-13820,Shadowfax Surface,TRK903820,4,8,90,SLA Breached
SHP-43821,ORD-13821,Shadowfax Surface,TRK903821,2,4,150,SLA Breached
SHP-43822,ORD-13822,XpressBees Surface,TRK903822,5,5,60,SLA Met
SHP-43823,ORD-13823,Delhivery Direct,TRK903823,4,4,60,SLA Met
SHP-43824,ORD-13824,Shadowfax Surface,TRK903824,2,2,120,SLA Met
SHP-43825,ORD-13825,Delhivery Direct,TRK903825,3,3,180,SLA Met
SHP-43826,ORD-13826,Delhivery Direct,TRK903826,4,4,60,SLA Met
SHP-43827,ORD-13827,Shadowfax Surface,TRK903827,2,2,120,SLA Met
SHP-43828,ORD-13828,Shadowfax Surface,TRK903828,2,2,180,SLA Met
SHP-43829,ORD-13829,BlueDart Express,TRK903829,5,5,150,SLA Met
SHP-43831,ORD-13831,Shadowfax Surface,TRK903831,3,3,120,SLA Met
SHP-43833,ORD-13833,Shadowfax Surface,TRK903833,3,3,60,SLA Met
SHP-43834,ORD-13834,Delhivery Direct,TRK903834,2,6,120,SLA Breached
SHP-43835,ORD-13835,BlueDart Express,TRK903835,3,5,150,SLA Breached
SHP-43836,ORD-13836,XpressBees Surface,TRK903836,2,2,180,SLA Met
SHP-43838,ORD-13838,Ecom Express,TRK903838,4,4,180,SLA Met
SHP-43839,ORD-13839,BlueDart Express,TRK903839,5,5,90,SLA Met
SHP-43840,ORD-13840,XpressBees Surface,TRK903840,3,3,120,SLA Met
SHP-43841,ORD-13841,Shadowfax Surface,TRK903841,2,2,60,SLA Met
SHP-43842,ORD-13842,Ecom Express,TRK903842,4,4,60,SLA Met
SHP-43843,ORD-13843,Delhivery Direct,TRK903843,2,2,120,SLA Met
SHP-43844,ORD-13844,BlueDart Express,TRK903844,4,4,90,SLA Met
SHP-43845,ORD-13845,BlueDart Express,TRK903845,3,3,120,SLA Met
SHP-43846,ORD-13846,Shadowfax Surface,TRK903846,2,2,90,SLA Met
SHP-43847,ORD-13847,Delhivery Direct,TRK903847,4,4,180,SLA Met
SHP-43848,ORD-13848,Ecom Express,TRK903848,5,5,90,SLA Met
SHP-43849,ORD-13849,BlueDart Express,TRK903849,2,2,120,SLA Met
SHP-43850,ORD-13850,XpressBees Surface,TRK903850,3,3,60,SLA Met
SHP-43851,ORD-13851,Shadowfax Surface,TRK903851,5,5,180,SLA Met
SHP-43852,ORD-13852,XpressBees Surface,TRK903852,5,5,150,SLA Met
SHP-43853,ORD-13853,Ecom Express,TRK903853,2,2,60,SLA Met
SHP-43854,ORD-13854,Delhivery Direct,TRK903854,3,3,90,SLA Met
SHP-43856,ORD-13856,XpressBees Surface,TRK903856,3,3,120,SLA Met
SHP-43857,ORD-13857,Ecom Express,TRK903857,3,3,60,SLA Met
SHP-43859,ORD-13859,Shadowfax Surface,TRK903859,4,4,150,SLA Met
SHP-43860,ORD-13860,Ecom Express,TRK903860,2,6,180,SLA Breached
SHP-43861,ORD-13861,Shadowfax Surface,TRK903861,3,3,120,SLA Met
SHP-43862,ORD-13862,XpressBees Surface,TRK903862,5,5,90,SLA Met
SHP-43863,ORD-13863,XpressBees Surface,TRK903863,5,7,150,SLA Breached
SHP-43864,ORD-13864,Shadowfax Surface,TRK903864,5,5,120,SLA Met
SHP-43865,ORD-13865,Delhivery Direct,TRK903865,3,3,180,SLA Met
SHP-43867,ORD-13867,Shadowfax Surface,TRK903867,2,2,150,SLA Met
SHP-43868,ORD-13868,XpressBees Surface,TRK903868,3,3,60,SLA Met
SHP-43869,ORD-13869,Shadowfax Surface,TRK903869,3,3,180,SLA Met
SHP-43870,ORD-13870,XpressBees Surface,TRK903870,4,4,180,SLA Met
SHP-43873,ORD-13873,BlueDart Express,TRK903873,5,5,60,SLA Met
SHP-43874,ORD-13874,XpressBees Surface,TRK903874,4,4,120,SLA Met
SHP-43875,ORD-13875,XpressBees Surface,TRK903875,4,4,120,SLA Met
SHP-43876,ORD-13876,BlueDart Express,TRK903876,4,4,120,SLA Met
SHP-43877,ORD-13877,XpressBees Surface,TRK903877,3,3,180,SLA Met
SHP-43878,ORD-13878,Delhivery Direct,TRK903878,4,4,180,SLA Met
SHP-43879,ORD-13879,Shadowfax Surface,TRK903879,5,5,180,SLA Met
SHP-43880,ORD-13880,Ecom Express,TRK903880,5,6,150,SLA Breached
SHP-43881,ORD-13881,Ecom Express,TRK903881,3,3,90,SLA Met
SHP-43882,ORD-13882,Ecom Express,TRK903882,2,2,90,SLA Met
SHP-43884,ORD-13884,Delhivery Direct,TRK903884,2,2,180,SLA Met
SHP-43886,ORD-13886,BlueDart Express,TRK903886,5,5,150,SLA Met
SHP-43887,ORD-13887,Shadowfax Surface,TRK903887,5,5,120,SLA Met
SHP-43888,ORD-13888,Delhivery Direct,TRK903888,5,6,180,SLA Breached
SHP-43889,ORD-13889,BlueDart Express,TRK903889,4,4,90,SLA Met
SHP-43891,ORD-13891,XpressBees Surface,TRK903891,5,5,150,SLA Met
SHP-43893,ORD-13893,BlueDart Express,TRK903893,3,3,90,SLA Met
SHP-43894,ORD-13894,XpressBees Surface,TRK903894,5,5,90,SLA Met
SHP-43895,ORD-13895,Shadowfax Surface,TRK903895,3,3,60,SLA Met
SHP-43896,ORD-13896,Delhivery Direct,TRK903896,5,5,90,SLA Met
SHP-43897,ORD-13897,Shadowfax Surface,TRK903897,3,3,150,SLA Met
SHP-43899,ORD-13899,Ecom Express,TRK903899,2,4,90,SLA Breached
SHP-43902,ORD-13902,Ecom Express,TRK903902,2,2,150,SLA Met
SHP-43903,ORD-13903,Ecom Express,TRK903903,5,5,90,SLA Met
SHP-43904,ORD-13904,Shadowfax Surface,TRK903904,3,3,90,SLA Met
SHP-43905,ORD-13905,Delhivery Direct,TRK903905,5,8,120,SLA Breached
SHP-43906,ORD-13906,XpressBees Surface,TRK903906,4,4,180,SLA Met
SHP-43908,ORD-13908,Ecom Express,TRK903908,4,4,90,SLA Met
SHP-43909,ORD-13909,Shadowfax Surface,TRK903909,4,4,150,SLA Met
SHP-43910,ORD-13910,BlueDart Express,TRK903910,4,4,120,SLA Met
SHP-43912,ORD-13912,BlueDart Express,TRK903912,4,4,90,SLA Met
SHP-43914,ORD-13914,Ecom Express,TRK903914,3,3,90,SLA Met
SHP-43915,ORD-13915,Delhivery Direct,TRK903915,4,4,120,SLA Met
SHP-43916,ORD-13916,BlueDart Express,TRK903916,3,3,90,SLA Met
SHP-43918,ORD-13918,XpressBees Surface,TRK903918,3,3,60,SLA Met
SHP-43919,ORD-13919,Ecom Express,TRK903919,4,6,90,SLA Breached
SHP-43920,ORD-13920,Delhivery Direct,TRK903920,4,7,90,SLA Breached
SHP-43921,ORD-13921,XpressBees Surface,TRK903921,2,2,180,SLA Met
SHP-43923,ORD-13923,Shadowfax Surface,TRK903923,4,4,120,SLA Met
SHP-43924,ORD-13924,BlueDart Express,TRK903924,5,5,180,SLA Met
SHP-43925,ORD-13925,Delhivery Direct,TRK903925,3,3,120,SLA Met
SHP-43926,ORD-13926,Shadowfax Surface,TRK903926,3,3,60,SLA Met
SHP-43927,ORD-13927,XpressBees Surface,TRK903927,3,3,120,SLA Met
SHP-43928,ORD-13928,XpressBees Surface,TRK903928,5,5,90,SLA Met
SHP-43929,ORD-13929,Shadowfax Surface,TRK903929,3,3,180,SLA Met
SHP-43930,ORD-13930,Shadowfax Surface,TRK903930,2,2,150,SLA Met
SHP-43931,ORD-13931,Delhivery Direct,TRK903931,4,4,180,SLA Met
SHP-43932,ORD-13932,Shadowfax Surface,TRK903932,4,4,180,SLA Met
SHP-43935,ORD-13935,XpressBees Surface,TRK903935,5,5,60,SLA Met
SHP-43936,ORD-13936,Delhivery Direct,TRK903936,5,5,150,SLA Met
SHP-43937,ORD-13937,XpressBees Surface,TRK903937,2,4,90,SLA Breached
SHP-43938,ORD-13938,Delhivery Direct,TRK903938,4,5,90,SLA Breached
SHP-43939,ORD-13939,BlueDart Express,TRK903939,5,5,90,SLA Met
SHP-43940,ORD-13940,Shadowfax Surface,TRK903940,3,3,150,SLA Met
SHP-43942,ORD-13942,Shadowfax Surface,TRK903942,2,2,90,SLA Met
SHP-43943,ORD-13943,BlueDart Express,TRK903943,4,4,150,SLA Met
SHP-43944,ORD-13944,Ecom Express,TRK903944,3,5,150,SLA Breached
SHP-43945,ORD-13945,Shadowfax Surface,TRK903945,4,4,150,SLA Met
SHP-43947,ORD-13947,Shadowfax Surface,TRK903947,5,5,180,SLA Met
SHP-43948,ORD-13948,Delhivery Direct,TRK903948,5,7,90,SLA Breached
SHP-43949,ORD-13949,BlueDart Express,TRK903949,4,4,150,SLA Met
SHP-43950,ORD-13950,Shadowfax Surface,TRK903950,2,2,120,SLA Met
SHP-43951,ORD-13951,Shadowfax Surface,TRK903951,2,4,180,SLA Breached
SHP-43952,ORD-13952,XpressBees Surface,TRK903952,4,4,90,SLA Met
SHP-43953,ORD-13953,XpressBees Surface,TRK903953,3,3,90,SLA Met
SHP-43954,ORD-13954,Ecom Express,TRK903954,4,4,180,SLA Met
SHP-43955,ORD-13955,XpressBees Surface,TRK903955,5,5,180,SLA Met
SHP-43956,ORD-13956,XpressBees Surface,TRK903956,2,2,60,SLA Met
SHP-43957,ORD-13957,Shadowfax Surface,TRK903957,3,5,60,SLA Breached
SHP-43958,ORD-13958,Delhivery Direct,TRK903958,2,2,120,SLA Met
SHP-43959,ORD-13959,Shadowfax Surface,TRK903959,5,5,150,SLA Met
SHP-43960,ORD-13960,Delhivery Direct,TRK903960,3,3,60,SLA Met
SHP-43961,ORD-13961,Delhivery Direct,TRK903961,4,4,60,SLA Met
SHP-43963,ORD-13963,Ecom Express,TRK903963,2,2,180,SLA Met
SHP-43965,ORD-13965,BlueDart Express,TRK903965,5,5,150,SLA Met
SHP-43967,ORD-13967,Delhivery Direct,TRK903967,2,3,120,SLA Breached
SHP-43968,ORD-13968,Delhivery Direct,TRK903968,5,5,120,SLA Met
SHP-43969,ORD-13969,XpressBees Surface,TRK903969,2,2,150,SLA Met
SHP-43970,ORD-13970,Delhivery Direct,TRK903970,2,2,120,SLA Met
SHP-43971,ORD-13971,BlueDart Express,TRK903971,2,2,90,SLA Met
SHP-43972,ORD-13972,XpressBees Surface,TRK903972,2,2,60,SLA Met
SHP-43973,ORD-13973,Ecom Express,TRK903973,5,5,180,SLA Met
SHP-43974,ORD-13974,Delhivery Direct,TRK903974,4,4,60,SLA Met
SHP-43975,ORD-13975,Shadowfax Surface,TRK903975,5,5,90,SLA Met
SHP-43976,ORD-13976,Ecom Express,TRK903976,2,2,150,SLA Met
SHP-43978,ORD-13978,Shadowfax Surface,TRK903978,2,4,120,SLA Breached
SHP-43979,ORD-13979,Delhivery Direct,TRK903979,4,4,150,SLA Met
SHP-43980,ORD-13980,BlueDart Express,TRK903980,4,4,90,SLA Met
SHP-43981,ORD-13981,BlueDart Express,TRK903981,2,2,180,SLA Met
SHP-43982,ORD-13982,Delhivery Direct,TRK903982,3,3,60,SLA Met
SHP-43983,ORD-13983,BlueDart Express,TRK903983,3,3,150,SLA Met
SHP-43984,ORD-13984,XpressBees Surface,TRK903984,4,4,90,SLA Met
SHP-43986,ORD-13986,Delhivery Direct,TRK903986,4,5,90,SLA Breached
SHP-43987,ORD-13987,Shadowfax Surface,TRK903987,4,7,120,SLA Breached
SHP-43988,ORD-13988,Delhivery Direct,TRK903988,5,5,60,SLA Met
SHP-43990,ORD-13990,Ecom Express,TRK903990,5,5,90,SLA Met
SHP-43991,ORD-13991,Ecom Express,TRK903991,4,4,150,SLA Met
SHP-43992,ORD-13992,Shadowfax Surface,TRK903992,2,2,60,SLA Met
SHP-43993,ORD-13993,BlueDart Express,TRK903993,3,5,120,SLA Breached
SHP-43995,ORD-13995,Shadowfax Surface,TRK903995,5,5,180,SLA Met
SHP-43996,ORD-13996,Ecom Express,TRK903996,3,3,180,SLA Met
SHP-43997,ORD-13997,Delhivery Direct,TRK903997,2,5,150,SLA Breached
SHP-43998,ORD-13998,BlueDart Express,TRK903998,4,4,150,SLA Met
SHP-44000,ORD-14000,Shadowfax Surface,TRK904000,5,5,180,SLA Met
SHP-44001,ORD-14001,Delhivery Direct,TRK904001,2,2,120,SLA Met
SHP-44002,ORD-14002,Ecom Express,TRK904002,5,5,90,SLA Met
SHP-44005,ORD-14005,BlueDart Express,TRK904005,5,9,90,SLA Breached
SHP-44006,ORD-14006,Delhivery Direct,TRK904006,5,5,60,SLA Met
SHP-44007,ORD-14007,Ecom Express,TRK904007,2,2,120,SLA Met
SHP-44008,ORD-14008,Ecom Express,TRK904008,2,6,90,SLA Breached
SHP-44009,ORD-14009,Shadowfax Surface,TRK904009,5,5,60,SLA Met
SHP-44010,ORD-14010,BlueDart Express,TRK904010,5,5,120,SLA Met
SHP-44011,ORD-14011,Shadowfax Surface,TRK904011,4,4,180,SLA Met
SHP-44012,ORD-14012,Delhivery Direct,TRK904012,2,2,120,SLA Met
SHP-44013,ORD-14013,Shadowfax Surface,TRK904013,4,4,60,SLA Met
SHP-44015,ORD-14015,BlueDart Express,TRK904015,4,4,90,SLA Met
SHP-44016,ORD-14016,Shadowfax Surface,TRK904016,3,3,120,SLA Met
SHP-44017,ORD-14017,BlueDart Express,TRK904017,4,4,90,SLA Met
SHP-44018,ORD-14018,Ecom Express,TRK904018,2,3,60,SLA Breached
SHP-44019,ORD-14019,BlueDart Express,TRK904019,5,5,90,SLA Met
SHP-44020,ORD-14020,Shadowfax Surface,TRK904020,4,4,60,SLA Met
SHP-44021,ORD-14021,Shadowfax Surface,TRK904021,3,3,150,SLA Met
SHP-44022,ORD-14022,Shadowfax Surface,TRK904022,3,3,120,SLA Met
SHP-44025,ORD-14025,Ecom Express,TRK904025,3,3,150,SLA Met
SHP-44026,ORD-14026,XpressBees Surface,TRK904026,2,2,150,SLA Met
SHP-44027,ORD-14027,XpressBees Surface,TRK904027,3,3,150,SLA Met
SHP-44028,ORD-14028,XpressBees Surface,TRK904028,4,4,120,SLA Met
SHP-44030,ORD-14030,Delhivery Direct,TRK904030,5,5,90,SLA Met
SHP-44031,ORD-14031,BlueDart Express,TRK904031,3,3,120,SLA Met
SHP-44032,ORD-14032,Delhivery Direct,TRK904032,3,7,90,SLA Breached
SHP-44033,ORD-14033,Shadowfax Surface,TRK904033,5,5,120,SLA Met
SHP-44034,ORD-14034,Ecom Express,TRK904034,4,4,120,SLA Met
SHP-44035,ORD-14035,Shadowfax Surface,TRK904035,3,3,150,SLA Met
SHP-44037,ORD-14037,Delhivery Direct,TRK904037,3,6,60,SLA Breached
SHP-44038,ORD-14038,Delhivery Direct,TRK904038,4,4,60,SLA Met
SHP-44039,ORD-14039,Shadowfax Surface,TRK904039,5,5,60,SLA Met
SHP-44040,ORD-14040,Shadowfax Surface,TRK904040,2,2,120,SLA Met
SHP-44043,ORD-14043,XpressBees Surface,TRK904043,3,4,60,SLA Breached
SHP-44044,ORD-14044,Ecom Express,TRK904044,3,3,180,SLA Met
SHP-44045,ORD-14045,Ecom Express,TRK904045,3,4,60,SLA Breached
SHP-44046,ORD-14046,Delhivery Direct,TRK904046,2,2,120,SLA Met
SHP-44047,ORD-14047,Ecom Express,TRK904047,3,3,150,SLA Met
SHP-44048,ORD-14048,Ecom Express,TRK904048,2,2,90,SLA Met
SHP-44049,ORD-14049,Shadowfax Surface,TRK904049,5,5,90,SLA Met
SHP-44050,ORD-14050,Shadowfax Surface,TRK904050,4,4,150,SLA Met
SHP-44051,ORD-14051,Shadowfax Surface,TRK904051,5,5,60,SLA Met
SHP-44052,ORD-14052,Shadowfax Surface,TRK904052,4,4,90,SLA Met
SHP-44053,ORD-14053,Delhivery Direct,TRK904053,4,4,90,SLA Met
SHP-44055,ORD-14055,Ecom Express,TRK904055,4,4,150,SLA Met
SHP-44056,ORD-14056,Delhivery Direct,TRK904056,3,3,180,SLA Met
SHP-44057,ORD-14057,BlueDart Express,TRK904057,4,5,120,SLA Breached
SHP-44058,ORD-14058,Shadowfax Surface,TRK904058,5,5,150,SLA Met
SHP-44059,ORD-14059,Ecom Express,TRK904059,4,4,90,SLA Met
SHP-44060,ORD-14060,Shadowfax Surface,TRK904060,3,3,90,SLA Met
SHP-44061,ORD-14061,Shadowfax Surface,TRK904061,5,5,90,SLA Met
SHP-44063,ORD-14063,Delhivery Direct,TRK904063,4,4,150,SLA Met
SHP-44064,ORD-14064,Delhivery Direct,TRK904064,2,4,180,SLA Breached
SHP-44066,ORD-14066,Delhivery Direct,TRK904066,3,3,60,SLA Met
SHP-44067,ORD-14067,XpressBees Surface,TRK904067,4,5,150,SLA Breached
SHP-44068,ORD-14068,Shadowfax Surface,TRK904068,4,4,180,SLA Met
SHP-44069,ORD-14069,XpressBees Surface,TRK904069,4,4,180,SLA Met
SHP-44070,ORD-14070,XpressBees Surface,TRK904070,3,5,60,SLA Breached
SHP-44071,ORD-14071,XpressBees Surface,TRK904071,5,5,150,SLA Met
SHP-44072,ORD-14072,BlueDart Express,TRK904072,4,5,90,SLA Breached
SHP-44073,ORD-14073,Ecom Express,TRK904073,2,2,60,SLA Met
SHP-44074,ORD-14074,Ecom Express,TRK904074,4,7,120,SLA Breached
SHP-44075,ORD-14075,XpressBees Surface,TRK904075,3,3,60,SLA Met
SHP-44076,ORD-14076,Delhivery Direct,TRK904076,5,5,180,SLA Met
SHP-44077,ORD-14077,Shadowfax Surface,TRK904077,3,3,150,SLA Met
SHP-44078,ORD-14078,BlueDart Express,TRK904078,2,5,120,SLA Breached
SHP-44079,ORD-14079,BlueDart Express,TRK904079,2,2,180,SLA Met
SHP-44080,ORD-14080,BlueDart Express,TRK904080,2,2,60,SLA Met
SHP-44081,ORD-14081,Ecom Express,TRK904081,3,3,150,SLA Met
SHP-44083,ORD-14083,Ecom Express,TRK904083,5,5,150,SLA Met
SHP-44084,ORD-14084,Delhivery Direct,TRK904084,3,4,120,SLA Breached
SHP-44085,ORD-14085,Delhivery Direct,TRK904085,4,4,180,SLA Met
SHP-44086,ORD-14086,BlueDart Express,TRK904086,3,3,180,SLA Met
SHP-44087,ORD-14087,Shadowfax Surface,TRK904087,5,5,150,SLA Met
SHP-44088,ORD-14088,Delhivery Direct,TRK904088,5,5,150,SLA Met
SHP-44089,ORD-14089,XpressBees Surface,TRK904089,3,7,150,SLA Breached
SHP-44090,ORD-14090,XpressBees Surface,TRK904090,3,3,150,SLA Met
SHP-44091,ORD-14091,Ecom Express,TRK904091,3,3,150,SLA Met
SHP-44093,ORD-14093,XpressBees Surface,TRK904093,5,5,60,SLA Met
SHP-44094,ORD-14094,XpressBees Surface,TRK904094,2,2,180,SLA Met
SHP-44095,ORD-14095,BlueDart Express,TRK904095,2,2,120,SLA Met
SHP-44097,ORD-14097,Shadowfax Surface,TRK904097,4,4,150,SLA Met
SHP-44098,ORD-14098,Shadowfax Surface,TRK904098,5,5,60,SLA Met
SHP-44099,ORD-14099,Shadowfax Surface,TRK904099,5,5,90,SLA Met
SHP-44100,ORD-14100,Shadowfax Surface,TRK904100,3,3,150,SLA Met
SHP-44101,ORD-14101,Ecom Express,TRK904101,3,3,150,SLA Met
SHP-44104,ORD-14104,Shadowfax Surface,TRK904104,5,5,90,SLA Met
SHP-44105,ORD-14105,BlueDart Express,TRK904105,3,3,180,SLA Met
SHP-44107,ORD-14107,Ecom Express,TRK904107,2,2,150,SLA Met
SHP-44108,ORD-14108,Shadowfax Surface,TRK904108,3,3,120,SLA Met
SHP-44109,ORD-14109,BlueDart Express,TRK904109,4,4,180,SLA Met
SHP-44110,ORD-14110,BlueDart Express,TRK904110,5,6,180,SLA Breached
SHP-44111,ORD-14111,Ecom Express,TRK904111,3,3,180,SLA Met
SHP-44113,ORD-14113,XpressBees Surface,TRK904113,2,2,90,SLA Met
SHP-44114,ORD-14114,BlueDart Express,TRK904114,4,4,150,SLA Met
SHP-44115,ORD-14115,BlueDart Express,TRK904115,2,2,120,SLA Met
SHP-44117,ORD-14117,BlueDart Express,TRK904117,2,2,60,SLA Met
SHP-44118,ORD-14118,Ecom Express,TRK904118,3,6,90,SLA Breached
SHP-44120,ORD-14120,BlueDart Express,TRK904120,4,4,60,SLA Met
SHP-44121,ORD-14121,Shadowfax Surface,TRK904121,3,3,180,SLA Met
SHP-44122,ORD-14122,BlueDart Express,TRK904122,5,5,120,SLA Met
SHP-44123,ORD-14123,Ecom Express,TRK904123,4,6,120,SLA Breached
SHP-44124,ORD-14124,Ecom Express,TRK904124,5,5,60,SLA Met
SHP-44126,ORD-14126,Delhivery Direct,TRK904126,5,5,90,SLA Met
SHP-44127,ORD-14127,XpressBees Surface,TRK904127,5,5,150,SLA Met
SHP-44128,ORD-14128,XpressBees Surface,TRK904128,5,5,120,SLA Met
SHP-44129,ORD-14129,Delhivery Direct,TRK904129,2,2,60,SLA Met
SHP-44130,ORD-14130,BlueDart Express,TRK904130,3,5,180,SLA Breached
SHP-44131,ORD-14131,Delhivery Direct,TRK904131,3,3,120,SLA Met
SHP-44132,ORD-14132,Delhivery Direct,TRK904132,4,4,60,SLA Met
SHP-44133,ORD-14133,Ecom Express,TRK904133,4,4,60,SLA Met
SHP-44134,ORD-14134,Delhivery Direct,TRK904134,2,2,120,SLA Met
SHP-44136,ORD-14136,Delhivery Direct,TRK904136,3,3,180,SLA Met
SHP-44137,ORD-14137,XpressBees Surface,TRK904137,3,3,90,SLA Met
SHP-44138,ORD-14138,XpressBees Surface,TRK904138,3,3,180,SLA Met
SHP-44139,ORD-14139,Delhivery Direct,TRK904139,5,5,180,SLA Met
SHP-44140,ORD-14140,XpressBees Surface,TRK904140,4,4,150,SLA Met
SHP-44141,ORD-14141,Shadowfax Surface,TRK904141,3,7,120,SLA Breached
SHP-44142,ORD-14142,Shadowfax Surface,TRK904142,5,5,60,SLA Met
SHP-44143,ORD-14143,Shadowfax Surface,TRK904143,2,2,90,SLA Met
SHP-44144,ORD-14144,BlueDart Express,TRK904144,2,2,150,SLA Met
SHP-44145,ORD-14145,Shadowfax Surface,TRK904145,2,2,120,SLA Met
SHP-44146,ORD-14146,XpressBees Surface,TRK904146,5,5,120,SLA Met
SHP-44147,ORD-14147,Ecom Express,TRK904147,3,3,60,SLA Met
SHP-44148,ORD-14148,Delhivery Direct,TRK904148,2,6,90,SLA Breached
SHP-44149,ORD-14149,BlueDart Express,TRK904149,4,4,120,SLA Met
SHP-44150,ORD-14150,BlueDart Express,TRK904150,2,2,60,SLA Met
SHP-44151,ORD-14151,BlueDart Express,TRK904151,2,2,150,SLA Met
SHP-44152,ORD-14152,XpressBees Surface,TRK904152,3,7,120,SLA Breached
SHP-44154,ORD-14154,XpressBees Surface,TRK904154,5,5,90,SLA Met
SHP-44155,ORD-14155,XpressBees Surface,TRK904155,4,4,120,SLA Met
SHP-44156,ORD-14156,Shadowfax Surface,TRK904156,2,3,150,SLA Breached
SHP-44158,ORD-14158,Delhivery Direct,TRK904158,2,5,60,SLA Breached
SHP-44159,ORD-14159,Delhivery Direct,TRK904159,5,5,180,SLA Met
SHP-44160,ORD-14160,Shadowfax Surface,TRK904160,4,4,90,SLA Met
SHP-44161,ORD-14161,Ecom Express,TRK904161,5,5,150,SLA Met
SHP-44162,ORD-14162,Shadowfax Surface,TRK904162,3,3,180,SLA Met
SHP-44164,ORD-14164,BlueDart Express,TRK904164,5,5,60,SLA Met
SHP-44166,ORD-14166,Delhivery Direct,TRK904166,3,3,60,SLA Met
SHP-44167,ORD-14167,Ecom Express,TRK904167,4,4,150,SLA Met
SHP-44168,ORD-14168,BlueDart Express,TRK904168,3,3,90,SLA Met
SHP-44169,ORD-14169,XpressBees Surface,TRK904169,4,7,150,SLA Breached
SHP-44170,ORD-14170,Shadowfax Surface,TRK904170,5,5,120,SLA Met
SHP-44171,ORD-14171,Delhivery Direct,TRK904171,5,5,180,SLA Met
SHP-44172,ORD-14172,Shadowfax Surface,TRK904172,3,3,150,SLA Met
SHP-44174,ORD-14174,BlueDart Express,TRK904174,4,4,180,SLA Met
SHP-44175,ORD-14175,Delhivery Direct,TRK904175,5,5,120,SLA Met
SHP-44176,ORD-14176,BlueDart Express,TRK904176,3,3,60,SLA Met
SHP-44177,ORD-14177,Shadowfax Surface,TRK904177,2,2,60,SLA Met
SHP-44178,ORD-14178,BlueDart Express,TRK904178,5,5,120,SLA Met
SHP-44179,ORD-14179,Ecom Express,TRK904179,2,2,180,SLA Met
SHP-44180,ORD-14180,Shadowfax Surface,TRK904180,2,2,60,SLA Met
SHP-44181,ORD-14181,XpressBees Surface,TRK904181,3,3,120,SLA Met
SHP-44183,ORD-14183,XpressBees Surface,TRK904183,2,6,120,SLA Breached
SHP-44184,ORD-14184,XpressBees Surface,TRK904184,2,2,90,SLA Met
SHP-44185,ORD-14185,BlueDart Express,TRK904185,2,2,150,SLA Met
SHP-44186,ORD-14186,XpressBees Surface,TRK904186,2,2,60,SLA Met
SHP-44187,ORD-14187,Ecom Express,TRK904187,5,5,90,SLA Met
SHP-44188,ORD-14188,Ecom Express,TRK904188,3,3,90,SLA Met
SHP-44189,ORD-14189,Shadowfax Surface,TRK904189,2,2,150,SLA Met
SHP-44191,ORD-14191,XpressBees Surface,TRK904191,4,6,90,SLA Breached
SHP-44193,ORD-14193,Delhivery Direct,TRK904193,5,5,90,SLA Met
SHP-44194,ORD-14194,Shadowfax Surface,TRK904194,4,5,150,SLA Breached
SHP-44195,ORD-14195,Shadowfax Surface,TRK904195,5,5,60,SLA Met
SHP-44196,ORD-14196,Delhivery Direct,TRK904196,3,7,120,SLA Breached
SHP-44197,ORD-14197,XpressBees Surface,TRK904197,5,5,90,SLA Met
SHP-44198,ORD-14198,Shadowfax Surface,TRK904198,3,5,120,SLA Breached
SHP-44199,ORD-14199,Ecom Express,TRK904199,5,5,120,SLA Met
SHP-44200,ORD-14200,Ecom Express,TRK904200,3,5,90,SLA Breached
SHP-44201,ORD-14201,Delhivery Direct,TRK904201,2,2,60,SLA Met
SHP-44203,ORD-14203,XpressBees Surface,TRK904203,4,4,120,SLA Met
SHP-44204,ORD-14204,XpressBees Surface,TRK904204,3,3,120,SLA Met
SHP-44205,ORD-14205,Shadowfax Surface,TRK904205,3,3,90,SLA Met
SHP-44206,ORD-14206,Ecom Express,TRK904206,4,4,60,SLA Met
SHP-44207,ORD-14207,Ecom Express,TRK904207,4,4,120,SLA Met
SHP-44208,ORD-14208,Delhivery Direct,TRK904208,3,3,60,SLA Met
SHP-44210,ORD-14210,XpressBees Surface,TRK904210,3,3,180,SLA Met
SHP-44211,ORD-14211,Ecom Express,TRK904211,3,3,90,SLA Met
SHP-44212,ORD-14212,Shadowfax Surface,TRK904212,2,2,90,SLA Met
SHP-44213,ORD-14213,Delhivery Direct,TRK904213,2,2,150,SLA Met
SHP-44214,ORD-14214,BlueDart Express,TRK904214,3,3,90,SLA Met
SHP-44215,ORD-14215,BlueDart Express,TRK904215,2,2,120,SLA Met
SHP-44216,ORD-14216,BlueDart Express,TRK904216,5,5,60,SLA Met
SHP-44219,ORD-14219,XpressBees Surface,TRK904219,2,2,90,SLA Met
SHP-44220,ORD-14220,Delhivery Direct,TRK904220,4,4,180,SLA Met
SHP-44221,ORD-14221,XpressBees Surface,TRK904221,3,3,180,SLA Met
SHP-44222,ORD-14222,BlueDart Express,TRK904222,3,3,150,SLA Met
SHP-44223,ORD-14223,Ecom Express,TRK904223,2,2,120,SLA Met
SHP-44224,ORD-14224,Ecom Express,TRK904224,3,3,90,SLA Met
SHP-44226,ORD-14226,BlueDart Express,TRK904226,5,5,120,SLA Met
SHP-44227,ORD-14227,Shadowfax Surface,TRK904227,3,7,120,SLA Breached
SHP-44228,ORD-14228,Delhivery Direct,TRK904228,2,2,120,SLA Met
SHP-44229,ORD-14229,XpressBees Surface,TRK904229,4,4,120,SLA Met
SHP-44230,ORD-14230,BlueDart Express,TRK904230,3,3,180,SLA Met
SHP-44231,ORD-14231,Delhivery Direct,TRK904231,5,5,90,SLA Met
SHP-44233,ORD-14233,Delhivery Direct,TRK904233,4,4,60,SLA Met
SHP-44234,ORD-14234,Shadowfax Surface,TRK904234,5,5,60,SLA Met
SHP-44235,ORD-14235,Shadowfax Surface,TRK904235,3,7,120,SLA Breached
SHP-44237,ORD-14237,Delhivery Direct,TRK904237,3,6,150,SLA Breached
SHP-44238,ORD-14238,BlueDart Express,TRK904238,5,8,120,SLA Breached
SHP-44239,ORD-14239,BlueDart Express,TRK904239,2,2,180,SLA Met
SHP-44240,ORD-14240,XpressBees Surface,TRK904240,2,2,120,SLA Met
SHP-44241,ORD-14241,Shadowfax Surface,TRK904241,3,3,150,SLA Met
SHP-44242,ORD-14242,Delhivery Direct,TRK904242,3,3,150,SLA Met
SHP-44243,ORD-14243,XpressBees Surface,TRK904243,2,2,90,SLA Met
SHP-44244,ORD-14244,Shadowfax Surface,TRK904244,3,3,150,SLA Met
SHP-44245,ORD-14245,BlueDart Express,TRK904245,3,3,60,SLA Met
SHP-44246,ORD-14246,Delhivery Direct,TRK904246,4,4,150,SLA Met
SHP-44248,ORD-14248,BlueDart Express,TRK904248,5,5,120,SLA Met
SHP-44249,ORD-14249,BlueDart Express,TRK904249,4,5,180,SLA Breached
SHP-44250,ORD-14250,Ecom Express,TRK904250,3,3,150,SLA Met
SHP-44251,ORD-14251,BlueDart Express,TRK904251,3,3,120,SLA Met
SHP-44252,ORD-14252,Shadowfax Surface,TRK904252,5,7,120,SLA Breached
SHP-44253,ORD-14253,BlueDart Express,TRK904253,3,6,180,SLA Breached
SHP-44254,ORD-14254,Shadowfax Surface,TRK904254,5,5,150,SLA Met
SHP-44256,ORD-14256,Delhivery Direct,TRK904256,5,8,90,SLA Breached
SHP-44257,ORD-14257,Shadowfax Surface,TRK904257,2,2,60,SLA Met
SHP-44258,ORD-14258,Shadowfax Surface,TRK904258,5,5,180,SLA Met
SHP-44259,ORD-14259,BlueDart Express,TRK904259,4,4,150,SLA Met
SHP-44260,ORD-14260,Ecom Express,TRK904260,5,5,150,SLA Met
SHP-44261,ORD-14261,BlueDart Express,TRK904261,2,4,90,SLA Breached
SHP-44264,ORD-14264,Shadowfax Surface,TRK904264,5,5,60,SLA Met
SHP-44265,ORD-14265,BlueDart Express,TRK904265,4,4,180,SLA Met
SHP-44266,ORD-14266,Delhivery Direct,TRK904266,5,5,180,SLA Met
SHP-44267,ORD-14267,BlueDart Express,TRK904267,3,3,60,SLA Met
SHP-44268,ORD-14268,Ecom Express,TRK904268,2,2,180,SLA Met
SHP-44270,ORD-14270,BlueDart Express,TRK904270,2,2,60,SLA Met
SHP-44271,ORD-14271,Delhivery Direct,TRK904271,3,3,60,SLA Met
SHP-44273,ORD-14273,BlueDart Express,TRK904273,2,2,90,SLA Met
SHP-44274,ORD-14274,Ecom Express,TRK904274,5,5,150,SLA Met
SHP-44275,ORD-14275,Ecom Express,TRK904275,5,5,60,SLA Met
SHP-44276,ORD-14276,BlueDart Express,TRK904276,4,4,120,SLA Met
SHP-44277,ORD-14277,XpressBees Surface,TRK904277,4,4,180,SLA Met
SHP-44278,ORD-14278,BlueDart Express,TRK904278,2,3,60,SLA Breached
SHP-44279,ORD-14279,Delhivery Direct,TRK904279,2,3,90,SLA Breached
SHP-44280,ORD-14280,XpressBees Surface,TRK904280,5,8,60,SLA Breached
SHP-44281,ORD-14281,XpressBees Surface,TRK904281,3,3,90,SLA Met
SHP-44283,ORD-14283,Delhivery Direct,TRK904283,4,4,90,SLA Met
SHP-44284,ORD-14284,BlueDart Express,TRK904284,2,2,150,SLA Met
SHP-44285,ORD-14285,Ecom Express,TRK904285,5,5,120,SLA Met
SHP-44289,ORD-14289,Delhivery Direct,TRK904289,4,8,150,SLA Breached
SHP-44291,ORD-14291,Delhivery Direct,TRK904291,2,2,60,SLA Met
SHP-44292,ORD-14292,BlueDart Express,TRK904292,4,4,90,SLA Met
SHP-44293,ORD-14293,Delhivery Direct,TRK904293,4,4,90,SLA Met
SHP-44295,ORD-14295,XpressBees Surface,TRK904295,5,5,60,SLA Met
SHP-44296,ORD-14296,XpressBees Surface,TRK904296,2,4,180,SLA Breached
SHP-44297,ORD-14297,Ecom Express,TRK904297,2,5,60,SLA Breached
SHP-44298,ORD-14298,Delhivery Direct,TRK904298,3,4,180,SLA Breached
SHP-44299,ORD-14299,Shadowfax Surface,TRK904299,2,2,60,SLA Met
SHP-44300,ORD-14300,XpressBees Surface,TRK904300,4,4,180,SLA Met
SHP-44302,ORD-14302,Delhivery Direct,TRK904302,4,4,120,SLA Met
SHP-44303,ORD-14303,Ecom Express,TRK904303,5,5,60,SLA Met
SHP-44304,ORD-14304,XpressBees Surface,TRK904304,5,5,60,SLA Met
SHP-44305,ORD-14305,XpressBees Surface,TRK904305,4,4,60,SLA Met
SHP-44306,ORD-14306,Shadowfax Surface,TRK904306,4,4,150,SLA Met
SHP-44307,ORD-14307,BlueDart Express,TRK904307,5,5,90,SLA Met
SHP-44310,ORD-14310,Delhivery Direct,TRK904310,2,2,90,SLA Met
SHP-44311,ORD-14311,Delhivery Direct,TRK904311,3,3,150,SLA Met
SHP-44312,ORD-14312,Shadowfax Surface,TRK904312,2,2,180,SLA Met
SHP-44313,ORD-14313,Ecom Express,TRK904313,4,4,90,SLA Met
SHP-44314,ORD-14314,Ecom Express,TRK904314,4,4,150,SLA Met
SHP-44315,ORD-14315,Shadowfax Surface,TRK904315,2,2,150,SLA Met
SHP-44316,ORD-14316,Ecom Express,TRK904316,3,3,150,SLA Met
SHP-44317,ORD-14317,BlueDart Express,TRK904317,2,2,150,SLA Met
SHP-44318,ORD-14318,XpressBees Surface,TRK904318,5,5,60,SLA Met
SHP-44319,ORD-14319,XpressBees Surface,TRK904319,5,5,90,SLA Met
SHP-44321,ORD-14321,Shadowfax Surface,TRK904321,2,2,180,SLA Met
SHP-44322,ORD-14322,Shadowfax Surface,TRK904322,2,3,120,SLA Breached
SHP-44323,ORD-14323,Delhivery Direct,TRK904323,5,9,60,SLA Breached
SHP-44324,ORD-14324,Ecom Express,TRK904324,3,3,150,SLA Met
SHP-44325,ORD-14325,BlueDart Express,TRK904325,3,7,90,SLA Breached
SHP-44326,ORD-14326,Ecom Express,TRK904326,5,6,90,SLA Breached
SHP-44327,ORD-14327,XpressBees Surface,TRK904327,3,7,180,SLA Breached
SHP-44328,ORD-14328,Delhivery Direct,TRK904328,4,4,180,SLA Met
SHP-44329,ORD-14329,Shadowfax Surface,TRK904329,5,5,150,SLA Met
SHP-44330,ORD-14330,Ecom Express,TRK904330,2,6,120,SLA Breached
SHP-44331,ORD-14331,Delhivery Direct,TRK904331,3,7,90,SLA Breached
SHP-44332,ORD-14332,BlueDart Express,TRK904332,4,4,60,SLA Met
SHP-44333,ORD-14333,XpressBees Surface,TRK904333,5,5,120,SLA Met
SHP-44334,ORD-14334,Ecom Express,TRK904334,3,3,90,SLA Met
SHP-44336,ORD-14336,Shadowfax Surface,TRK904336,2,5,90,SLA Breached
SHP-44337,ORD-14337,XpressBees Surface,TRK904337,5,5,150,SLA Met
SHP-44338,ORD-14338,XpressBees Surface,TRK904338,2,2,150,SLA Met
SHP-44339,ORD-14339,Shadowfax Surface,TRK904339,3,3,120,SLA Met
SHP-44340,ORD-14340,Shadowfax Surface,TRK904340,2,2,60,SLA Met
SHP-44341,ORD-14341,Shadowfax Surface,TRK904341,4,4,60,SLA Met
SHP-44342,ORD-14342,BlueDart Express,TRK904342,4,8,90,SLA Breached
SHP-44343,ORD-14343,XpressBees Surface,TRK904343,4,4,60,SLA Met
SHP-44344,ORD-14344,Ecom Express,TRK904344,3,3,90,SLA Met
SHP-44345,ORD-14345,XpressBees Surface,TRK904345,4,4,60,SLA Met
SHP-44347,ORD-14347,Shadowfax Surface,TRK904347,3,3,150,SLA Met
SHP-44348,ORD-14348,Ecom Express,TRK904348,5,8,150,SLA Breached
SHP-44349,ORD-14349,Shadowfax Surface,TRK904349,4,4,150,SLA Met
SHP-44350,ORD-14350,Ecom Express,TRK904350,4,4,90,SLA Met
SHP-44351,ORD-14351,BlueDart Express,TRK904351,5,5,150,SLA Met
SHP-44352,ORD-14352,Shadowfax Surface,TRK904352,2,2,180,SLA Met
SHP-44353,ORD-14353,Delhivery Direct,TRK904353,3,7,120,SLA Breached
SHP-44355,ORD-14355,Shadowfax Surface,TRK904355,4,5,120,SLA Breached
SHP-44356,ORD-14356,Ecom Express,TRK904356,4,4,90,SLA Met
SHP-44357,ORD-14357,Delhivery Direct,TRK904357,3,3,60,SLA Met
SHP-44358,ORD-14358,XpressBees Surface,TRK904358,5,5,180,SLA Met
SHP-44359,ORD-14359,Ecom Express,TRK904359,2,2,150,SLA Met
SHP-44360,ORD-14360,Shadowfax Surface,TRK904360,4,4,150,SLA Met
SHP-44362,ORD-14362,BlueDart Express,TRK904362,5,5,180,SLA Met
SHP-44363,ORD-14363,Delhivery Direct,TRK904363,5,5,60,SLA Met
SHP-44365,ORD-14365,Shadowfax Surface,TRK904365,4,4,180,SLA Met
SHP-44366,ORD-14366,XpressBees Surface,TRK904366,3,3,90,SLA Met
SHP-44368,ORD-14368,XpressBees Surface,TRK904368,2,2,180,SLA Met
SHP-44369,ORD-14369,Ecom Express,TRK904369,4,7,90,SLA Breached
SHP-44370,ORD-14370,Ecom Express,TRK904370,4,4,60,SLA Met
SHP-44371,ORD-14371,XpressBees Surface,TRK904371,2,2,60,SLA Met
SHP-44372,ORD-14372,Ecom Express,TRK904372,5,8,150,SLA Breached
SHP-44373,ORD-14373,BlueDart Express,TRK904373,5,5,120,SLA Met
SHP-44375,ORD-14375,XpressBees Surface,TRK904375,2,2,180,SLA Met
SHP-44376,ORD-14376,Delhivery Direct,TRK904376,2,5,60,SLA Breached
SHP-44377,ORD-14377,Shadowfax Surface,TRK904377,2,2,90,SLA Met
SHP-44378,ORD-14378,Ecom Express,TRK904378,5,5,90,SLA Met
SHP-44379,ORD-14379,Delhivery Direct,TRK904379,5,5,90,SLA Met
SHP-44382,ORD-14382,XpressBees Surface,TRK904382,3,3,60,SLA Met
SHP-44383,ORD-14383,XpressBees Surface,TRK904383,4,4,150,SLA Met
SHP-44384,ORD-14384,XpressBees Surface,TRK904384,5,5,150,SLA Met
SHP-44388,ORD-14388,Delhivery Direct,TRK904388,5,5,150,SLA Met
SHP-44389,ORD-14389,Shadowfax Surface,TRK904389,5,5,120,SLA Met
SHP-44390,ORD-14390,BlueDart Express,TRK904390,5,5,120,SLA Met
SHP-44391,ORD-14391,XpressBees Surface,TRK904391,4,4,90,SLA Met
SHP-44393,ORD-14393,XpressBees Surface,TRK904393,4,4,180,SLA Met
SHP-44394,ORD-14394,Shadowfax Surface,TRK904394,5,5,90,SLA Met
SHP-44398,ORD-14398,Delhivery Direct,TRK904398,2,2,150,SLA Met
SHP-44399,ORD-14399,XpressBees Surface,TRK904399,3,3,90,SLA Met
SHP-44400,ORD-14400,Delhivery Direct,TRK904400,2,2,60,SLA Met
SHP-44401,ORD-14401,Delhivery Direct,TRK904401,3,3,60,SLA Met
SHP-44402,ORD-14402,Delhivery Direct,TRK904402,5,5,180,SLA Met
SHP-44403,ORD-14403,Shadowfax Surface,TRK904403,5,5,150,SLA Met
SHP-44404,ORD-14404,Ecom Express,TRK904404,2,2,60,SLA Met
SHP-44405,ORD-14405,Delhivery Direct,TRK904405,3,3,150,SLA Met
SHP-44406,ORD-14406,Ecom Express,TRK904406,4,5,90,SLA Breached
SHP-44409,ORD-14409,Ecom Express,TRK904409,5,5,120,SLA Met
SHP-44410,ORD-14410,Delhivery Direct,TRK904410,4,4,60,SLA Met
SHP-44411,ORD-14411,Ecom Express,TRK904411,4,4,150,SLA Met
SHP-44412,ORD-14412,XpressBees Surface,TRK904412,3,6,90,SLA Breached
SHP-44415,ORD-14415,Ecom Express,TRK904415,5,5,150,SLA Met
SHP-44416,ORD-14416,BlueDart Express,TRK904416,2,6,120,SLA Breached
SHP-44417,ORD-14417,Delhivery Direct,TRK904417,2,5,90,SLA Breached
SHP-44418,ORD-14418,XpressBees Surface,TRK904418,4,7,60,SLA Breached
SHP-44419,ORD-14419,BlueDart Express,TRK904419,2,2,150,SLA Met
SHP-44420,ORD-14420,Shadowfax Surface,TRK904420,4,4,150,SLA Met
SHP-44421,ORD-14421,BlueDart Express,TRK904421,2,2,60,SLA Met
SHP-44422,ORD-14422,Ecom Express,TRK904422,3,3,120,SLA Met
SHP-44423,ORD-14423,Delhivery Direct,TRK904423,5,5,150,SLA Met
SHP-44424,ORD-14424,Delhivery Direct,TRK904424,5,5,150,SLA Met
SHP-44425,ORD-14425,Ecom Express,TRK904425,3,7,60,SLA Breached
SHP-44426,ORD-14426,XpressBees Surface,TRK904426,5,5,60,SLA Met
SHP-44427,ORD-14427,XpressBees Surface,TRK904427,3,3,60,SLA Met
SHP-44428,ORD-14428,XpressBees Surface,TRK904428,4,4,180,SLA Met
SHP-44429,ORD-14429,Delhivery Direct,TRK904429,3,3,90,SLA Met
SHP-44430,ORD-14430,Shadowfax Surface,TRK904430,5,5,60,SLA Met
SHP-44431,ORD-14431,Shadowfax Surface,TRK904431,5,5,120,SLA Met
SHP-44433,ORD-14433,XpressBees Surface,TRK904433,4,4,60,SLA Met
SHP-44434,ORD-14434,XpressBees Surface,TRK904434,4,4,150,SLA Met
SHP-44435,ORD-14435,BlueDart Express,TRK904435,3,7,120,SLA Breached
SHP-44436,ORD-14436,BlueDart Express,TRK904436,3,3,60,SLA Met
SHP-44437,ORD-14437,Delhivery Direct,TRK904437,5,9,150,SLA Breached
SHP-44438,ORD-14438,Ecom Express,TRK904438,5,7,90,SLA Breached
SHP-44439,ORD-14439,XpressBees Surface,TRK904439,2,2,120,SLA Met
SHP-44440,ORD-14440,BlueDart Express,TRK904440,2,2,60,SLA Met
SHP-44441,ORD-14441,Delhivery Direct,TRK904441,2,2,180,SLA Met
SHP-44442,ORD-14442,Ecom Express,TRK904442,5,5,120,SLA Met
SHP-44443,ORD-14443,Delhivery Direct,TRK904443,4,8,150,SLA Breached
SHP-44444,ORD-14444,BlueDart Express,TRK904444,3,3,180,SLA Met
SHP-44445,ORD-14445,Delhivery Direct,TRK904445,5,5,60,SLA Met
SHP-44446,ORD-14446,Shadowfax Surface,TRK904446,3,7,90,SLA Breached
SHP-44447,ORD-14447,BlueDart Express,TRK904447,2,2,180,SLA Met
SHP-44448,ORD-14448,Ecom Express,TRK904448,5,5,180,SLA Met
SHP-44449,ORD-14449,XpressBees Surface,TRK904449,4,4,150,SLA Met
SHP-44450,ORD-14450,BlueDart Express,TRK904450,5,5,120,SLA Met
SHP-44451,ORD-14451,BlueDart Express,TRK904451,3,3,60,SLA Met
SHP-44453,ORD-14453,Delhivery Direct,TRK904453,5,5,150,SLA Met
SHP-44455,ORD-14455,BlueDart Express,TRK904455,3,3,150,SLA Met
SHP-44456,ORD-14456,BlueDart Express,TRK904456,2,2,180,SLA Met
SHP-44457,ORD-14457,Ecom Express,TRK904457,3,3,150,SLA Met
SHP-44458,ORD-14458,Delhivery Direct,TRK904458,3,3,180,SLA Met
SHP-44459,ORD-14459,Shadowfax Surface,TRK904459,5,5,120,SLA Met
SHP-44460,ORD-14460,BlueDart Express,TRK904460,5,5,150,SLA Met
SHP-44461,ORD-14461,Shadowfax Surface,TRK904461,5,5,150,SLA Met
SHP-44462,ORD-14462,Delhivery Direct,TRK904462,3,6,90,SLA Breached
SHP-44463,ORD-14463,BlueDart Express,TRK904463,3,3,150,SLA Met
SHP-44464,ORD-14464,XpressBees Surface,TRK904464,2,2,60,SLA Met
SHP-44465,ORD-14465,Delhivery Direct,TRK904465,3,3,120,SLA Met
SHP-44466,ORD-14466,Delhivery Direct,TRK904466,5,5,90,SLA Met
SHP-44467,ORD-14467,Delhivery Direct,TRK904467,4,4,60,SLA Met
SHP-44468,ORD-14468,Delhivery Direct,TRK904468,4,4,150,SLA Met
SHP-44470,ORD-14470,Ecom Express,TRK904470,3,3,150,SLA Met
SHP-44472,ORD-14472,Shadowfax Surface,TRK904472,3,3,120,SLA Met
SHP-44473,ORD-14473,Delhivery Direct,TRK904473,5,5,120,SLA Met
SHP-44474,ORD-14474,BlueDart Express,TRK904474,2,2,150,SLA Met
SHP-44475,ORD-14475,Shadowfax Surface,TRK904475,5,5,120,SLA Met
SHP-44476,ORD-14476,Shadowfax Surface,TRK904476,3,3,60,SLA Met
SHP-44477,ORD-14477,Ecom Express,TRK904477,4,4,90,SLA Met
SHP-44478,ORD-14478,BlueDart Express,TRK904478,2,2,60,SLA Met
SHP-44479,ORD-14479,Delhivery Direct,TRK904479,3,3,60,SLA Met
SHP-44480,ORD-14480,BlueDart Express,TRK904480,3,3,90,SLA Met
SHP-44482,ORD-14482,BlueDart Express,TRK904482,2,2,180,SLA Met
SHP-44483,ORD-14483,XpressBees Surface,TRK904483,2,4,150,SLA Breached
SHP-44484,ORD-14484,Delhivery Direct,TRK904484,5,5,150,SLA Met
SHP-44485,ORD-14485,BlueDart Express,TRK904485,3,3,150,SLA Met
SHP-44486,ORD-14486,BlueDart Express,TRK904486,4,4,90,SLA Met
SHP-44487,ORD-14487,Delhivery Direct,TRK904487,2,5,90,SLA Breached
SHP-44488,ORD-14488,XpressBees Surface,TRK904488,5,5,150,SLA Met
SHP-44489,ORD-14489,XpressBees Surface,TRK904489,5,5,180,SLA Met
SHP-44490,ORD-14490,Shadowfax Surface,TRK904490,5,5,90,SLA Met
SHP-44492,ORD-14492,BlueDart Express,TRK904492,2,2,150,SLA Met
SHP-44493,ORD-14493,Shadowfax Surface,TRK904493,4,8,90,SLA Breached
SHP-44494,ORD-14494,Shadowfax Surface,TRK904494,3,3,60,SLA Met
SHP-44495,ORD-14495,Ecom Express,TRK904495,2,2,180,SLA Met
SHP-44497,ORD-14497,Delhivery Direct,TRK904497,4,4,180,SLA Met
SHP-44498,ORD-14498,Shadowfax Surface,TRK904498,2,2,120,SLA Met
SHP-44499,ORD-14499,BlueDart Express,TRK904499,5,5,120,SLA Met
SHP-44500,ORD-14500,XpressBees Surface,TRK904500,4,7,150,SLA Breached
SHP-44502,ORD-14502,XpressBees Surface,TRK904502,5,5,90,SLA Met
SHP-44503,ORD-14503,XpressBees Surface,TRK904503,2,2,90,SLA Met
SHP-44504,ORD-14504,Delhivery Direct,TRK904504,2,2,180,SLA Met
SHP-44507,ORD-14507,BlueDart Express,TRK904507,3,3,120,SLA Met
SHP-44508,ORD-14508,BlueDart Express,TRK904508,4,4,150,SLA Met
SHP-44509,ORD-14509,Ecom Express,TRK904509,2,2,90,SLA Met
SHP-44510,ORD-14510,Delhivery Direct,TRK904510,4,4,150,SLA Met
SHP-44511,ORD-14511,XpressBees Surface,TRK904511,4,4,150,SLA Met
SHP-44512,ORD-14512,XpressBees Surface,TRK904512,3,3,120,SLA Met
SHP-44513,ORD-14513,Delhivery Direct,TRK904513,4,7,180,SLA Breached
SHP-44514,ORD-14514,BlueDart Express,TRK904514,5,5,60,SLA Met
SHP-44516,ORD-14516,Ecom Express,TRK904516,5,9,90,SLA Breached
SHP-44517,ORD-14517,Ecom Express,TRK904517,4,4,180,SLA Met
SHP-44518,ORD-14518,XpressBees Surface,TRK904518,2,2,150,SLA Met
SHP-44519,ORD-14519,Shadowfax Surface,TRK904519,3,3,90,SLA Met
SHP-44520,ORD-14520,Shadowfax Surface,TRK904520,2,5,120,SLA Breached
SHP-44521,ORD-14521,Ecom Express,TRK904521,2,2,120,SLA Met
SHP-44522,ORD-14522,XpressBees Surface,TRK904522,4,7,60,SLA Breached
SHP-44523,ORD-14523,BlueDart Express,TRK904523,3,3,180,SLA Met
SHP-44524,ORD-14524,BlueDart Express,TRK904524,2,2,180,SLA Met
SHP-44525,ORD-14525,Ecom Express,TRK904525,2,3,60,SLA Breached
SHP-44526,ORD-14526,Shadowfax Surface,TRK904526,4,4,120,SLA Met
SHP-44527,ORD-14527,Shadowfax Surface,TRK904527,4,4,180,SLA Met
SHP-44528,ORD-14528,BlueDart Express,TRK904528,2,2,120,SLA Met
SHP-44529,ORD-14529,XpressBees Surface,TRK904529,4,4,180,SLA Met
SHP-44530,ORD-14530,Ecom Express,TRK904530,5,8,60,SLA Breached
SHP-44531,ORD-14531,Ecom Express,TRK904531,3,3,90,SLA Met
SHP-44532,ORD-14532,XpressBees Surface,TRK904532,4,4,60,SLA Met
SHP-44533,ORD-14533,Delhivery Direct,TRK904533,5,5,180,SLA Met
SHP-44534,ORD-14534,XpressBees Surface,TRK904534,4,4,150,SLA Met
SHP-44535,ORD-14535,Shadowfax Surface,TRK904535,4,4,90,SLA Met
SHP-44536,ORD-14536,Ecom Express,TRK904536,5,5,90,SLA Met
SHP-44537,ORD-14537,XpressBees Surface,TRK904537,5,5,150,SLA Met
SHP-44538,ORD-14538,Delhivery Direct,TRK904538,3,5,180,SLA Breached
SHP-44539,ORD-14539,Ecom Express,TRK904539,2,2,90,SLA Met
SHP-44541,ORD-14541,Delhivery Direct,TRK904541,4,4,150,SLA Met
SHP-44542,ORD-14542,Delhivery Direct,TRK904542,5,5,90,SLA Met
SHP-44543,ORD-14543,BlueDart Express,TRK904543,2,2,150,SLA Met
SHP-44544,ORD-14544,Delhivery Direct,TRK904544,4,4,120,SLA Met
SHP-44545,ORD-14545,Shadowfax Surface,TRK904545,2,2,120,SLA Met
SHP-44546,ORD-14546,BlueDart Express,TRK904546,4,4,150,SLA Met
SHP-44547,ORD-14547,XpressBees Surface,TRK904547,3,3,180,SLA Met
SHP-44548,ORD-14548,Shadowfax Surface,TRK904548,3,3,150,SLA Met
SHP-44550,ORD-14550,Delhivery Direct,TRK904550,2,2,150,SLA Met
SHP-44551,ORD-14551,Delhivery Direct,TRK904551,4,4,150,SLA Met
SHP-44552,ORD-14552,Ecom Express,TRK904552,5,6,180,SLA Breached
SHP-44554,ORD-14554,XpressBees Surface,TRK904554,4,7,150,SLA Breached
SHP-44558,ORD-14558,Ecom Express,TRK904558,5,5,90,SLA Met
SHP-44559,ORD-14559,Shadowfax Surface,TRK904559,2,2,120,SLA Met
SHP-44560,ORD-14560,BlueDart Express,TRK904560,5,8,150,SLA Breached
SHP-44561,ORD-14561,Shadowfax Surface,TRK904561,2,2,150,SLA Met
SHP-44562,ORD-14562,Ecom Express,TRK904562,5,5,120,SLA Met
SHP-44563,ORD-14563,Ecom Express,TRK904563,2,2,90,SLA Met
SHP-44564,ORD-14564,BlueDart Express,TRK904564,2,2,120,SLA Met
SHP-44565,ORD-14565,Delhivery Direct,TRK904565,3,6,180,SLA Breached
SHP-44566,ORD-14566,Ecom Express,TRK904566,4,7,120,SLA Breached
SHP-44567,ORD-14567,Delhivery Direct,TRK904567,2,2,120,SLA Met
SHP-44568,ORD-14568,Shadowfax Surface,TRK904568,5,5,120,SLA Met
SHP-44569,ORD-14569,Delhivery Direct,TRK904569,2,2,120,SLA Met
SHP-44571,ORD-14571,Shadowfax Surface,TRK904571,3,3,90,SLA Met
SHP-44572,ORD-14572,Ecom Express,TRK904572,3,3,60,SLA Met
SHP-44573,ORD-14573,Shadowfax Surface,TRK904573,5,5,60,SLA Met
SHP-44574,ORD-14574,XpressBees Surface,TRK904574,2,2,90,SLA Met
SHP-44575,ORD-14575,Shadowfax Surface,TRK904575,2,2,60,SLA Met
SHP-44576,ORD-14576,BlueDart Express,TRK904576,4,4,120,SLA Met
SHP-44577,ORD-14577,BlueDart Express,TRK904577,3,4,180,SLA Breached
SHP-44579,ORD-14579,Shadowfax Surface,TRK904579,4,4,150,SLA Met
SHP-44580,ORD-14580,Delhivery Direct,TRK904580,3,3,180,SLA Met
SHP-44581,ORD-14581,Delhivery Direct,TRK904581,2,2,90,SLA Met
SHP-44582,ORD-14582,BlueDart Express,TRK904582,3,3,150,SLA Met
SHP-44583,ORD-14583,XpressBees Surface,TRK904583,4,4,180,SLA Met
SHP-44584,ORD-14584,BlueDart Express,TRK904584,2,5,120,SLA Breached
SHP-44585,ORD-14585,Delhivery Direct,TRK904585,5,5,180,SLA Met
SHP-44586,ORD-14586,Ecom Express,TRK904586,3,3,60,SLA Met
SHP-44587,ORD-14587,BlueDart Express,TRK904587,4,4,90,SLA Met
SHP-44588,ORD-14588,Ecom Express,TRK904588,2,6,150,SLA Breached
SHP-44589,ORD-14589,Shadowfax Surface,TRK904589,3,3,150,SLA Met
SHP-44590,ORD-14590,XpressBees Surface,TRK904590,3,4,150,SLA Breached
SHP-44591,ORD-14591,Shadowfax Surface,TRK904591,3,3,90,SLA Met
SHP-44592,ORD-14592,Ecom Express,TRK904592,2,2,120,SLA Met
SHP-44593,ORD-14593,XpressBees Surface,TRK904593,5,5,60,SLA Met
SHP-44594,ORD-14594,Shadowfax Surface,TRK904594,5,7,150,SLA Breached
SHP-44595,ORD-14595,Shadowfax Surface,TRK904595,4,5,120,SLA Breached
SHP-44596,ORD-14596,BlueDart Express,TRK904596,3,3,120,SLA Met
SHP-44597,ORD-14597,BlueDart Express,TRK904597,3,3,60,SLA Met
SHP-44598,ORD-14598,Shadowfax Surface,TRK904598,2,2,60,SLA Met
SHP-44599,ORD-14599,BlueDart Express,TRK904599,3,3,180,SLA Met
SHP-44601,ORD-14601,Ecom Express,TRK904601,5,5,180,SLA Met
SHP-44602,ORD-14602,Shadowfax Surface,TRK904602,4,4,60,SLA Met
SHP-44605,ORD-14605,Ecom Express,TRK904605,3,3,90,SLA Met
SHP-44606,ORD-14606,Ecom Express,TRK904606,4,4,60,SLA Met
SHP-44607,ORD-14607,Delhivery Direct,TRK904607,3,3,60,SLA Met
SHP-44608,ORD-14608,Shadowfax Surface,TRK904608,4,4,150,SLA Met
SHP-44610,ORD-14610,Shadowfax Surface,TRK904610,2,2,150,SLA Met
SHP-44612,ORD-14612,Delhivery Direct,TRK904612,2,3,90,SLA Breached
SHP-44613,ORD-14613,Shadowfax Surface,TRK904613,3,4,120,SLA Breached
SHP-44614,ORD-14614,Ecom Express,TRK904614,3,3,120,SLA Met
SHP-44615,ORD-14615,Delhivery Direct,TRK904615,4,4,90,SLA Met
SHP-44616,ORD-14616,Ecom Express,TRK904616,5,5,180,SLA Met
SHP-44617,ORD-14617,Shadowfax Surface,TRK904617,2,5,120,SLA Breached
SHP-44618,ORD-14618,Ecom Express,TRK904618,4,4,120,SLA Met
SHP-44619,ORD-14619,Ecom Express,TRK904619,2,5,180,SLA Breached
SHP-44621,ORD-14621,Ecom Express,TRK904621,4,4,180,SLA Met
SHP-44622,ORD-14622,Shadowfax Surface,TRK904622,2,2,180,SLA Met
SHP-44623,ORD-14623,Ecom Express,TRK904623,5,5,120,SLA Met
SHP-44624,ORD-14624,Ecom Express,TRK904624,5,5,90,SLA Met
SHP-44625,ORD-14625,Ecom Express,TRK904625,3,3,150,SLA Met
SHP-44626,ORD-14626,BlueDart Express,TRK904626,4,4,180,SLA Met
SHP-44627,ORD-14627,Shadowfax Surface,TRK904627,3,3,180,SLA Met
SHP-44628,ORD-14628,Delhivery Direct,TRK904628,2,2,90,SLA Met
SHP-44629,ORD-14629,Shadowfax Surface,TRK904629,2,2,60,SLA Met
SHP-44630,ORD-14630,Shadowfax Surface,TRK904630,5,5,90,SLA Met
SHP-44631,ORD-14631,BlueDart Express,TRK904631,4,4,150,SLA Met
SHP-44632,ORD-14632,Shadowfax Surface,TRK904632,3,3,60,SLA Met
SHP-44633,ORD-14633,XpressBees Surface,TRK904633,5,5,150,SLA Met
SHP-44634,ORD-14634,Shadowfax Surface,TRK904634,3,3,120,SLA Met
SHP-44635,ORD-14635,Ecom Express,TRK904635,4,8,60,SLA Breached
SHP-44636,ORD-14636,Delhivery Direct,TRK904636,3,3,90,SLA Met
SHP-44637,ORD-14637,Shadowfax Surface,TRK904637,4,4,150,SLA Met
SHP-44639,ORD-14639,BlueDart Express,TRK904639,2,2,90,SLA Met
SHP-44640,ORD-14640,Ecom Express,TRK904640,3,3,180,SLA Met
SHP-44641,ORD-14641,Shadowfax Surface,TRK904641,4,4,120,SLA Met
SHP-44642,ORD-14642,Ecom Express,TRK904642,2,2,150,SLA Met
SHP-44643,ORD-14643,Delhivery Direct,TRK904643,2,2,180,SLA Met
SHP-44644,ORD-14644,Shadowfax Surface,TRK904644,5,5,150,SLA Met
SHP-44646,ORD-14646,XpressBees Surface,TRK904646,4,4,180,SLA Met
SHP-44648,ORD-14648,Shadowfax Surface,TRK904648,3,4,60,SLA Breached
SHP-44649,ORD-14649,Ecom Express,TRK904649,4,4,90,SLA Met
SHP-44650,ORD-14650,BlueDart Express,TRK904650,5,5,60,SLA Met
SHP-44651,ORD-14651,Shadowfax Surface,TRK904651,4,4,120,SLA Met
SHP-44652,ORD-14652,Shadowfax Surface,TRK904652,2,2,90,SLA Met
SHP-44653,ORD-14653,BlueDart Express,TRK904653,5,5,90,SLA Met
SHP-44655,ORD-14655,Delhivery Direct,TRK904655,2,2,120,SLA Met
SHP-44656,ORD-14656,Ecom Express,TRK904656,5,5,150,SLA Met
SHP-44657,ORD-14657,Ecom Express,TRK904657,2,5,180,SLA Breached
SHP-44659,ORD-14659,Shadowfax Surface,TRK904659,2,2,180,SLA Met
SHP-44660,ORD-14660,BlueDart Express,TRK904660,2,2,60,SLA Met
SHP-44661,ORD-14661,BlueDart Express,TRK904661,4,6,120,SLA Breached
SHP-44662,ORD-14662,BlueDart Express,TRK904662,3,7,150,SLA Breached
SHP-44663,ORD-14663,Shadowfax Surface,TRK904663,4,4,60,SLA Met
SHP-44664,ORD-14664,Ecom Express,TRK904664,5,5,90,SLA Met
SHP-44665,ORD-14665,Ecom Express,TRK904665,5,5,150,SLA Met
SHP-44666,ORD-14666,Delhivery Direct,TRK904666,3,5,60,SLA Breached
SHP-44667,ORD-14667,Shadowfax Surface,TRK904667,2,2,60,SLA Met
SHP-44668,ORD-14668,XpressBees Surface,TRK904668,3,3,90,SLA Met
SHP-44670,ORD-14670,Shadowfax Surface,TRK904670,2,2,180,SLA Met
SHP-44671,ORD-14671,BlueDart Express,TRK904671,5,5,180,SLA Met
SHP-44672,ORD-14672,XpressBees Surface,TRK904672,3,3,180,SLA Met
SHP-44673,ORD-14673,BlueDart Express,TRK904673,5,5,180,SLA Met
SHP-44674,ORD-14674,Ecom Express,TRK904674,3,4,150,SLA Breached
SHP-44675,ORD-14675,Shadowfax Surface,TRK904675,5,5,60,SLA Met
SHP-44676,ORD-14676,Shadowfax Surface,TRK904676,2,2,180,SLA Met
SHP-44677,ORD-14677,Delhivery Direct,TRK904677,3,4,120,SLA Breached
SHP-44678,ORD-14678,Delhivery Direct,TRK904678,3,3,120,SLA Met
SHP-44682,ORD-14682,Shadowfax Surface,TRK904682,5,5,180,SLA Met
SHP-44684,ORD-14684,Ecom Express,TRK904684,4,4,120,SLA Met
SHP-44685,ORD-14685,Shadowfax Surface,TRK904685,3,3,180,SLA Met
SHP-44686,ORD-14686,BlueDart Express,TRK904686,5,5,150,SLA Met
SHP-44687,ORD-14687,BlueDart Express,TRK904687,4,4,90,SLA Met
SHP-44688,ORD-14688,XpressBees Surface,TRK904688,5,5,60,SLA Met
SHP-44689,ORD-14689,Delhivery Direct,TRK904689,4,4,150,SLA Met
SHP-44690,ORD-14690,XpressBees Surface,TRK904690,2,2,90,SLA Met
SHP-44692,ORD-14692,BlueDart Express,TRK904692,5,5,120,SLA Met
SHP-44693,ORD-14693,Delhivery Direct,TRK904693,5,5,120,SLA Met
SHP-44694,ORD-14694,BlueDart Express,TRK904694,4,4,180,SLA Met
SHP-44695,ORD-14695,BlueDart Express,TRK904695,3,3,150,SLA Met
SHP-44696,ORD-14696,XpressBees Surface,TRK904696,5,9,180,SLA Breached
SHP-44697,ORD-14697,BlueDart Express,TRK904697,3,7,60,SLA Breached
SHP-44698,ORD-14698,Ecom Express,TRK904698,3,3,150,SLA Met
SHP-44700,ORD-14700,XpressBees Surface,TRK904700,3,3,90,SLA Met
SHP-44701,ORD-14701,BlueDart Express,TRK904701,3,3,90,SLA Met
SHP-44702,ORD-14702,Ecom Express,TRK904702,5,5,60,SLA Met
SHP-44703,ORD-14703,Delhivery Direct,TRK904703,4,4,90,SLA Met
SHP-44704,ORD-14704,Shadowfax Surface,TRK904704,4,5,150,SLA Breached
SHP-44705,ORD-14705,Delhivery Direct,TRK904705,4,4,180,SLA Met
SHP-44706,ORD-14706,Delhivery Direct,TRK904706,4,4,150,SLA Met
SHP-44707,ORD-14707,Shadowfax Surface,TRK904707,3,3,120,SLA Met
SHP-44708,ORD-14708,BlueDart Express,TRK904708,5,5,90,SLA Met
SHP-44709,ORD-14709,Delhivery Direct,TRK904709,3,3,90,SLA Met
SHP-44711,ORD-14711,XpressBees Surface,TRK904711,5,5,60,SLA Met
SHP-44712,ORD-14712,XpressBees Surface,TRK904712,3,5,150,SLA Breached
SHP-44713,ORD-14713,Ecom Express,TRK904713,2,2,60,SLA Met
SHP-44714,ORD-14714,Delhivery Direct,TRK904714,4,4,90,SLA Met
SHP-44715,ORD-14715,Ecom Express,TRK904715,2,2,90,SLA Met
SHP-44716,ORD-14716,Shadowfax Surface,TRK904716,4,4,150,SLA Met
SHP-44717,ORD-14717,XpressBees Surface,TRK904717,4,4,120,SLA Met
SHP-44718,ORD-14718,Shadowfax Surface,TRK904718,3,3,120,SLA Met
SHP-44719,ORD-14719,Shadowfax Surface,TRK904719,2,6,90,SLA Breached
SHP-44720,ORD-14720,XpressBees Surface,TRK904720,2,5,180,SLA Breached
SHP-44721,ORD-14721,Ecom Express,TRK904721,2,2,120,SLA Met
SHP-44722,ORD-14722,XpressBees Surface,TRK904722,2,3,90,SLA Breached
SHP-44723,ORD-14723,Delhivery Direct,TRK904723,5,5,60,SLA Met
SHP-44724,ORD-14724,XpressBees Surface,TRK904724,4,4,180,SLA Met
SHP-44726,ORD-14726,Shadowfax Surface,TRK904726,5,5,150,SLA Met
SHP-44727,ORD-14727,Shadowfax Surface,TRK904727,4,4,60,SLA Met
SHP-44728,ORD-14728,Shadowfax Surface,TRK904728,4,4,150,SLA Met
SHP-44729,ORD-14729,BlueDart Express,TRK904729,3,3,120,SLA Met
SHP-44730,ORD-14730,Ecom Express,TRK904730,3,3,60,SLA Met
SHP-44731,ORD-14731,XpressBees Surface,TRK904731,2,2,90,SLA Met
SHP-44732,ORD-14732,Shadowfax Surface,TRK904732,4,4,90,SLA Met
SHP-44734,ORD-14734,BlueDart Express,TRK904734,3,3,150,SLA Met
SHP-44735,ORD-14735,BlueDart Express,TRK904735,3,3,180,SLA Met
SHP-44736,ORD-14736,XpressBees Surface,TRK904736,4,4,90,SLA Met
SHP-44737,ORD-14737,BlueDart Express,TRK904737,4,4,60,SLA Met
SHP-44738,ORD-14738,Delhivery Direct,TRK904738,2,2,180,SLA Met
SHP-44739,ORD-14739,Ecom Express,TRK904739,2,2,150,SLA Met
SHP-44740,ORD-14740,Ecom Express,TRK904740,3,3,120,SLA Met
SHP-44741,ORD-14741,Delhivery Direct,TRK904741,3,6,180,SLA Breached
SHP-44744,ORD-14744,BlueDart Express,TRK904744,4,4,150,SLA Met
SHP-44746,ORD-14746,XpressBees Surface,TRK904746,2,2,150,SLA Met
SHP-44747,ORD-14747,Delhivery Direct,TRK904747,4,4,180,SLA Met
SHP-44748,ORD-14748,BlueDart Express,TRK904748,4,4,90,SLA Met
SHP-44749,ORD-14749,BlueDart Express,TRK904749,2,2,60,SLA Met
SHP-44750,ORD-14750,Ecom Express,TRK904750,5,5,150,SLA Met
SHP-44751,ORD-14751,BlueDart Express,TRK904751,3,3,180,SLA Met
SHP-44752,ORD-14752,BlueDart Express,TRK904752,5,5,180,SLA Met
SHP-44753,ORD-14753,Shadowfax Surface,TRK904753,2,2,90,SLA Met
SHP-44755,ORD-14755,Shadowfax Surface,TRK904755,4,4,120,SLA Met
SHP-44756,ORD-14756,Delhivery Direct,TRK904756,2,2,120,SLA Met
SHP-44757,ORD-14757,Delhivery Direct,TRK904757,5,5,150,SLA Met
SHP-44759,ORD-14759,Delhivery Direct,TRK904759,2,2,150,SLA Met
SHP-44760,ORD-14760,Ecom Express,TRK904760,4,4,120,SLA Met
SHP-44761,ORD-14761,Shadowfax Surface,TRK904761,4,7,180,SLA Breached
SHP-44762,ORD-14762,XpressBees Surface,TRK904762,3,3,150,SLA Met
SHP-44763,ORD-14763,BlueDart Express,TRK904763,5,5,60,SLA Met
SHP-44764,ORD-14764,BlueDart Express,TRK904764,4,4,180,SLA Met
SHP-44765,ORD-14765,Ecom Express,TRK904765,2,2,60,SLA Met
SHP-44767,ORD-14767,Ecom Express,TRK904767,3,3,120,SLA Met
SHP-44769,ORD-14769,Delhivery Direct,TRK904769,3,4,90,SLA Breached
SHP-44770,ORD-14770,XpressBees Surface,TRK904770,2,2,120,SLA Met
SHP-44771,ORD-14771,Delhivery Direct,TRK904771,5,5,120,SLA Met
SHP-44772,ORD-14772,XpressBees Surface,TRK904772,2,2,90,SLA Met
SHP-44773,ORD-14773,XpressBees Surface,TRK904773,2,2,60,SLA Met
SHP-44774,ORD-14774,BlueDart Express,TRK904774,4,4,180,SLA Met
SHP-44775,ORD-14775,Ecom Express,TRK904775,4,4,150,SLA Met
SHP-44776,ORD-14776,BlueDart Express,TRK904776,3,3,150,SLA Met
SHP-44780,ORD-14780,Ecom Express,TRK904780,5,5,60,SLA Met
SHP-44781,ORD-14781,XpressBees Surface,TRK904781,3,3,120,SLA Met
SHP-44782,ORD-14782,BlueDart Express,TRK904782,4,7,90,SLA Breached
SHP-44783,ORD-14783,Delhivery Direct,TRK904783,5,7,120,SLA Breached
SHP-44784,ORD-14784,Shadowfax Surface,TRK904784,5,8,90,SLA Breached
SHP-44785,ORD-14785,BlueDart Express,TRK904785,2,2,180,SLA Met
SHP-44786,ORD-14786,XpressBees Surface,TRK904786,3,7,120,SLA Breached
SHP-44787,ORD-14787,Delhivery Direct,TRK904787,2,2,120,SLA Met
SHP-44788,ORD-14788,XpressBees Surface,TRK904788,2,2,150,SLA Met
SHP-44789,ORD-14789,Delhivery Direct,TRK904789,2,2,60,SLA Met
SHP-44790,ORD-14790,Ecom Express,TRK904790,2,4,180,SLA Breached
SHP-44793,ORD-14793,Shadowfax Surface,TRK904793,3,3,180,SLA Met
SHP-44794,ORD-14794,XpressBees Surface,TRK904794,2,2,60,SLA Met
SHP-44795,ORD-14795,BlueDart Express,TRK904795,5,5,150,SLA Met
SHP-44796,ORD-14796,BlueDart Express,TRK904796,3,4,90,SLA Breached
SHP-44797,ORD-14797,Ecom Express,TRK904797,3,4,150,SLA Breached
SHP-44798,ORD-14798,Ecom Express,TRK904798,5,5,90,SLA Met
SHP-44799,ORD-14799,Shadowfax Surface,TRK904799,4,4,90,SLA Met
SHP-44800,ORD-14800,Shadowfax Surface,TRK904800,3,6,60,SLA Breached
SHP-44801,ORD-14801,Shadowfax Surface,TRK904801,2,2,120,SLA Met
SHP-44802,ORD-14802,BlueDart Express,TRK904802,5,5,120,SLA Met
SHP-44805,ORD-14805,Delhivery Direct,TRK904805,4,4,120,SLA Met
SHP-44807,ORD-14807,Ecom Express,TRK904807,5,5,180,SLA Met
SHP-44808,ORD-14808,Shadowfax Surface,TRK904808,4,4,90,SLA Met
SHP-44809,ORD-14809,Delhivery Direct,TRK904809,3,3,150,SLA Met
SHP-44810,ORD-14810,Delhivery Direct,TRK904810,5,5,90,SLA Met
SHP-44811,ORD-14811,BlueDart Express,TRK904811,4,7,120,SLA Breached
SHP-44812,ORD-14812,XpressBees Surface,TRK904812,4,4,120,SLA Met
SHP-44813,ORD-14813,Delhivery Direct,TRK904813,3,6,90,SLA Breached
SHP-44816,ORD-14816,BlueDart Express,TRK904816,3,3,150,SLA Met
SHP-44817,ORD-14817,Shadowfax Surface,TRK904817,3,3,120,SLA Met
SHP-44818,ORD-14818,Shadowfax Surface,TRK904818,4,4,180,SLA Met
SHP-44819,ORD-14819,BlueDart Express,TRK904819,5,5,60,SLA Met
SHP-44820,ORD-14820,XpressBees Surface,TRK904820,4,4,120,SLA Met
SHP-44821,ORD-14821,Delhivery Direct,TRK904821,4,4,180,SLA Met
SHP-44822,ORD-14822,Ecom Express,TRK904822,5,5,120,SLA Met
SHP-44824,ORD-14824,Ecom Express,TRK904824,5,5,180,SLA Met
SHP-44826,ORD-14826,XpressBees Surface,TRK904826,4,4,60,SLA Met
SHP-44827,ORD-14827,Delhivery Direct,TRK904827,4,4,120,SLA Met
SHP-44828,ORD-14828,Shadowfax Surface,TRK904828,5,9,120,SLA Breached
SHP-44829,ORD-14829,Shadowfax Surface,TRK904829,4,4,60,SLA Met
SHP-44831,ORD-14831,Delhivery Direct,TRK904831,3,3,180,SLA Met
SHP-44832,ORD-14832,Ecom Express,TRK904832,4,4,180,SLA Met
SHP-44834,ORD-14834,XpressBees Surface,TRK904834,3,3,150,SLA Met
SHP-44835,ORD-14835,BlueDart Express,TRK904835,3,6,180,SLA Breached
SHP-44836,ORD-14836,Ecom Express,TRK904836,5,5,60,SLA Met
SHP-44837,ORD-14837,Delhivery Direct,TRK904837,5,5,150,SLA Met
SHP-44838,ORD-14838,Delhivery Direct,TRK904838,5,5,60,SLA Met
SHP-44839,ORD-14839,Shadowfax Surface,TRK904839,5,5,60,SLA Met
SHP-44840,ORD-14840,Delhivery Direct,TRK904840,4,4,60,SLA Met
SHP-44841,ORD-14841,Shadowfax Surface,TRK904841,5,5,60,SLA Met
SHP-44842,ORD-14842,Delhivery Direct,TRK904842,3,7,90,SLA Breached
SHP-44843,ORD-14843,Delhivery Direct,TRK904843,2,3,120,SLA Breached
SHP-44844,ORD-14844,XpressBees Surface,TRK904844,2,4,150,SLA Breached
SHP-44845,ORD-14845,Delhivery Direct,TRK904845,4,4,150,SLA Met
SHP-44846,ORD-14846,XpressBees Surface,TRK904846,3,3,150,SLA Met
SHP-44847,ORD-14847,Shadowfax Surface,TRK904847,5,5,120,SLA Met
SHP-44848,ORD-14848,Ecom Express,TRK904848,5,5,120,SLA Met
SHP-44849,ORD-14849,BlueDart Express,TRK904849,2,4,120,SLA Breached
SHP-44850,ORD-14850,Ecom Express,TRK904850,2,2,180,SLA Met
SHP-44851,ORD-14851,Ecom Express,TRK904851,3,3,90,SLA Met
SHP-44852,ORD-14852,BlueDart Express,TRK904852,5,5,120,SLA Met
SHP-44853,ORD-14853,Shadowfax Surface,TRK904853,2,6,180,SLA Breached
SHP-44854,ORD-14854,Ecom Express,TRK904854,4,4,180,SLA Met
SHP-44855,ORD-14855,XpressBees Surface,TRK904855,5,5,120,SLA Met
SHP-44858,ORD-14858,Delhivery Direct,TRK904858,5,5,150,SLA Met
SHP-44859,ORD-14859,XpressBees Surface,TRK904859,5,5,90,SLA Met
SHP-44860,ORD-14860,XpressBees Surface,TRK904860,4,4,150,SLA Met
SHP-44861,ORD-14861,Shadowfax Surface,TRK904861,5,5,90,SLA Met
SHP-44862,ORD-14862,Ecom Express,TRK904862,3,3,150,SLA Met
SHP-44863,ORD-14863,BlueDart Express,TRK904863,3,3,180,SLA Met
SHP-44864,ORD-14864,Delhivery Direct,TRK904864,3,3,60,SLA Met
SHP-44865,ORD-14865,BlueDart Express,TRK904865,2,2,90,SLA Met
SHP-44867,ORD-14867,XpressBees Surface,TRK904867,3,3,120,SLA Met
SHP-44868,ORD-14868,Shadowfax Surface,TRK904868,4,4,90,SLA Met
SHP-44869,ORD-14869,Delhivery Direct,TRK904869,2,2,150,SLA Met
SHP-44870,ORD-14870,XpressBees Surface,TRK904870,3,3,150,SLA Met
SHP-44871,ORD-14871,BlueDart Express,TRK904871,3,3,90,SLA Met
SHP-44873,ORD-14873,Delhivery Direct,TRK904873,5,5,60,SLA Met
SHP-44874,ORD-14874,Delhivery Direct,TRK904874,2,2,120,SLA Met
SHP-44875,ORD-14875,Delhivery Direct,TRK904875,3,3,90,SLA Met
SHP-44876,ORD-14876,Delhivery Direct,TRK904876,3,3,180,SLA Met
SHP-44877,ORD-14877,Ecom Express,TRK904877,3,3,150,SLA Met
SHP-44878,ORD-14878,XpressBees Surface,TRK904878,2,2,60,SLA Met
SHP-44879,ORD-14879,Shadowfax Surface,TRK904879,3,3,120,SLA Met
SHP-44880,ORD-14880,BlueDart Express,TRK904880,2,2,120,SLA Met
SHP-44881,ORD-14881,XpressBees Surface,TRK904881,2,2,60,SLA Met
SHP-44882,ORD-14882,BlueDart Express,TRK904882,3,3,180,SLA Met
SHP-44883,ORD-14883,BlueDart Express,TRK904883,5,5,90,SLA Met
SHP-44884,ORD-14884,XpressBees Surface,TRK904884,2,2,180,SLA Met
SHP-44885,ORD-14885,BlueDart Express,TRK904885,5,5,150,SLA Met
SHP-44887,ORD-14887,XpressBees Surface,TRK904887,2,2,60,SLA Met
SHP-44888,ORD-14888,Ecom Express,TRK904888,2,2,60,SLA Met
SHP-44889,ORD-14889,Shadowfax Surface,TRK904889,2,3,120,SLA Breached
SHP-44890,ORD-14890,XpressBees Surface,TRK904890,2,2,180,SLA Met
SHP-44891,ORD-14891,Shadowfax Surface,TRK904891,2,2,60,SLA Met
SHP-44892,ORD-14892,Shadowfax Surface,TRK904892,5,5,60,SLA Met
SHP-44893,ORD-14893,BlueDart Express,TRK904893,3,3,180,SLA Met
SHP-44894,ORD-14894,Delhivery Direct,TRK904894,5,5,60,SLA Met
SHP-44896,ORD-14896,Ecom Express,TRK904896,4,4,150,SLA Met
SHP-44897,ORD-14897,Ecom Express,TRK904897,4,5,180,SLA Breached
SHP-44898,ORD-14898,XpressBees Surface,TRK904898,2,2,90,SLA Met
SHP-44899,ORD-14899,BlueDart Express,TRK904899,3,3,120,SLA Met
SHP-44900,ORD-14900,XpressBees Surface,TRK904900,2,2,60,SLA Met
SHP-44901,ORD-14901,XpressBees Surface,TRK904901,5,7,120,SLA Breached
SHP-44902,ORD-14902,BlueDart Express,TRK904902,4,4,180,SLA Met
SHP-44904,ORD-14904,Delhivery Direct,TRK904904,4,4,120,SLA Met
SHP-44906,ORD-14906,Shadowfax Surface,TRK904906,3,3,180,SLA Met
SHP-44907,ORD-14907,BlueDart Express,TRK904907,2,2,120,SLA Met
SHP-44908,ORD-14908,Ecom Express,TRK904908,2,2,150,SLA Met
SHP-44909,ORD-14909,BlueDart Express,TRK904909,5,5,60,SLA Met
SHP-44910,ORD-14910,BlueDart Express,TRK904910,3,3,90,SLA Met
SHP-44911,ORD-14911,Delhivery Direct,TRK904911,5,5,120,SLA Met
SHP-44912,ORD-14912,Ecom Express,TRK904912,3,3,60,SLA Met
SHP-44913,ORD-14913,Shadowfax Surface,TRK904913,5,5,60,SLA Met
SHP-44914,ORD-14914,Delhivery Direct,TRK904914,3,6,150,SLA Breached
SHP-44915,ORD-14915,XpressBees Surface,TRK904915,3,3,90,SLA Met
SHP-44916,ORD-14916,XpressBees Surface,TRK904916,5,9,90,SLA Breached
SHP-44917,ORD-14917,Shadowfax Surface,TRK904917,2,2,90,SLA Met
SHP-44918,ORD-14918,Shadowfax Surface,TRK904918,3,3,90,SLA Met
SHP-44919,ORD-14919,Shadowfax Surface,TRK904919,5,5,180,SLA Met
SHP-44921,ORD-14921,Delhivery Direct,TRK904921,2,3,60,SLA Breached
SHP-44922,ORD-14922,XpressBees Surface,TRK904922,4,4,120,SLA Met
SHP-44923,ORD-14923,Shadowfax Surface,TRK904923,4,4,150,SLA Met
SHP-44924,ORD-14924,XpressBees Surface,TRK904924,4,5,120,SLA Breached
SHP-44926,ORD-14926,Ecom Express,TRK904926,2,2,60,SLA Met
SHP-44928,ORD-14928,BlueDart Express,TRK904928,5,5,120,SLA Met
SHP-44932,ORD-14932,BlueDart Express,TRK904932,2,2,120,SLA Met
SHP-44933,ORD-14933,XpressBees Surface,TRK904933,4,4,180,SLA Met
SHP-44934,ORD-14934,Shadowfax Surface,TRK904934,5,5,180,SLA Met
SHP-44935,ORD-14935,BlueDart Express,TRK904935,2,4,120,SLA Breached
SHP-44936,ORD-14936,Shadowfax Surface,TRK904936,3,3,120,SLA Met
SHP-44937,ORD-14937,Shadowfax Surface,TRK904937,4,7,60,SLA Breached
SHP-44939,ORD-14939,BlueDart Express,TRK904939,3,5,60,SLA Breached
SHP-44940,ORD-14940,XpressBees Surface,TRK904940,2,2,120,SLA Met
SHP-44941,ORD-14941,Shadowfax Surface,TRK904941,5,5,120,SLA Met
SHP-44942,ORD-14942,Ecom Express,TRK904942,3,3,90,SLA Met
SHP-44944,ORD-14944,XpressBees Surface,TRK904944,2,2,150,SLA Met
SHP-44945,ORD-14945,Delhivery Direct,TRK904945,3,3,90,SLA Met
SHP-44947,ORD-14947,BlueDart Express,TRK904947,5,5,120,SLA Met
SHP-44949,ORD-14949,Shadowfax Surface,TRK904949,3,3,60,SLA Met
SHP-44950,ORD-14950,Shadowfax Surface,TRK904950,3,4,90,SLA Breached
SHP-44952,ORD-14952,Delhivery Direct,TRK904952,5,5,150,SLA Met
SHP-44953,ORD-14953,Ecom Express,TRK904953,5,5,90,SLA Met
SHP-44954,ORD-14954,Delhivery Direct,TRK904954,3,3,120,SLA Met
SHP-44955,ORD-14955,BlueDart Express,TRK904955,5,5,150,SLA Met
SHP-44956,ORD-14956,Ecom Express,TRK904956,2,2,180,SLA Met
SHP-44957,ORD-14957,XpressBees Surface,TRK904957,3,3,180,SLA Met
SHP-44958,ORD-14958,Delhivery Direct,TRK904958,3,3,120,SLA Met
SHP-44959,ORD-14959,Ecom Express,TRK904959,5,5,150,SLA Met
SHP-44960,ORD-14960,Ecom Express,TRK904960,4,4,180,SLA Met
SHP-44961,ORD-14961,Ecom Express,TRK904961,4,4,120,SLA Met
SHP-44962,ORD-14962,XpressBees Surface,TRK904962,3,4,60,SLA Breached
SHP-44963,ORD-14963,Ecom Express,TRK904963,5,5,150,SLA Met
SHP-44964,ORD-14964,Ecom Express,TRK904964,3,3,90,SLA Met
SHP-44965,ORD-14965,Delhivery Direct,TRK904965,4,4,60,SLA Met
SHP-44966,ORD-14966,XpressBees Surface,TRK904966,3,3,60,SLA Met
SHP-44967,ORD-14967,Shadowfax Surface,TRK904967,3,3,150,SLA Met
SHP-44968,ORD-14968,XpressBees Surface,TRK904968,2,4,120,SLA Breached
SHP-44970,ORD-14970,XpressBees Surface,TRK904970,4,4,60,SLA Met
SHP-44971,ORD-14971,BlueDart Express,TRK904971,4,4,120,SLA Met
SHP-44973,ORD-14973,XpressBees Surface,TRK904973,4,4,150,SLA Met
SHP-44974,ORD-14974,Ecom Express,TRK904974,4,5,150,SLA Breached
SHP-44975,ORD-14975,Ecom Express,TRK904975,3,3,90,SLA Met
SHP-44976,ORD-14976,Ecom Express,TRK904976,4,4,150,SLA Met
SHP-44977,ORD-14977,BlueDart Express,TRK904977,5,5,150,SLA Met
SHP-44978,ORD-14978,Delhivery Direct,TRK904978,5,5,150,SLA Met
SHP-44980,ORD-14980,Shadowfax Surface,TRK904980,4,4,90,SLA Met
SHP-44982,ORD-14982,BlueDart Express,TRK904982,2,2,60,SLA Met
SHP-44983,ORD-14983,Shadowfax Surface,TRK904983,5,5,60,SLA Met
SHP-44984,ORD-14984,Shadowfax Surface,TRK904984,5,5,120,SLA Met
SHP-44985,ORD-14985,Ecom Express,TRK904985,3,3,120,SLA Met
SHP-44986,ORD-14986,Delhivery Direct,TRK904986,3,3,150,SLA Met
SHP-44987,ORD-14987,XpressBees Surface,TRK904987,3,3,60,SLA Met
SHP-44988,ORD-14988,XpressBees Surface,TRK904988,2,2,60,SLA Met
SHP-44990,ORD-14990,Ecom Express,TRK904990,2,2,150,SLA Met
SHP-44991,ORD-14991,Ecom Express,TRK904991,3,3,60,SLA Met
SHP-44992,ORD-14992,BlueDart Express,TRK904992,4,4,180,SLA Met
SHP-44994,ORD-14994,Shadowfax Surface,TRK904994,4,5,90,SLA Breached
SHP-44996,ORD-14996,XpressBees Surface,TRK904996,5,8,60,SLA Breached
SHP-44998,ORD-14998,Ecom Express,TRK904998,5,8,60,SLA Breached
SHP-44999,ORD-14999,Delhivery Direct,TRK904999,4,4,120,SLA Met
SHP-45000,ORD-15000,Delhivery Direct,TRK905000,3,3,60,SLA Met
SHP-45001,ORD-15001,BlueDart Express,TRK905001,2,2,150,SLA Met
SHP-45002,ORD-15002,Delhivery Direct,TRK905002,4,4,120,SLA Met
SHP-45004,ORD-15004,Delhivery Direct,TRK905004,2,2,90,SLA Met
SHP-45005,ORD-15005,BlueDart Express,TRK905005,3,3,180,SLA Met
SHP-45007,ORD-15007,XpressBees Surface,TRK905007,5,7,180,SLA Breached
SHP-45009,ORD-15009,XpressBees Surface,TRK905009,5,7,180,SLA Breached
SHP-45010,ORD-15010,BlueDart Express,TRK905010,2,2,180,SLA Met
SHP-45011,ORD-15011,Ecom Express,TRK905011,4,4,120,SLA Met
SHP-45013,ORD-15013,Delhivery Direct,TRK905013,5,5,60,SLA Met
SHP-45014,ORD-15014,BlueDart Express,TRK905014,2,2,180,SLA Met
SHP-45015,ORD-15015,BlueDart Express,TRK905015,3,3,90,SLA Met
SHP-45016,ORD-15016,Shadowfax Surface,TRK905016,4,4,180,SLA Met
SHP-45017,ORD-15017,Ecom Express,TRK905017,2,2,120,SLA Met
SHP-45018,ORD-15018,Shadowfax Surface,TRK905018,4,4,180,SLA Met
SHP-45019,ORD-15019,XpressBees Surface,TRK905019,4,4,180,SLA Met
SHP-45020,ORD-15020,Ecom Express,TRK905020,2,2,180,SLA Met
SHP-45021,ORD-15021,BlueDart Express,TRK905021,2,2,180,SLA Met
SHP-45024,ORD-15024,BlueDart Express,TRK905024,2,2,90,SLA Met
SHP-45025,ORD-15025,Shadowfax Surface,TRK905025,2,2,120,SLA Met
SHP-45026,ORD-15026,Delhivery Direct,TRK905026,2,2,90,SLA Met
SHP-45027,ORD-15027,Ecom Express,TRK905027,4,4,180,SLA Met
SHP-45028,ORD-15028,Ecom Express,TRK905028,3,3,60,SLA Met
SHP-45029,ORD-15029,Delhivery Direct,TRK905029,4,8,60,SLA Breached
SHP-45031,ORD-15031,Delhivery Direct,TRK905031,2,4,120,SLA Breached
SHP-45032,ORD-15032,Shadowfax Surface,TRK905032,2,2,90,SLA Met
SHP-45033,ORD-15033,BlueDart Express,TRK905033,2,2,180,SLA Met
SHP-45034,ORD-15034,XpressBees Surface,TRK905034,5,5,150,SLA Met
SHP-45035,ORD-15035,XpressBees Surface,TRK905035,4,4,90,SLA Met
SHP-45036,ORD-15036,Delhivery Direct,TRK905036,5,5,60,SLA Met
SHP-45037,ORD-15037,Ecom Express,TRK905037,3,3,150,SLA Met
SHP-45038,ORD-15038,Shadowfax Surface,TRK905038,5,5,150,SLA Met
SHP-45039,ORD-15039,XpressBees Surface,TRK905039,5,5,90,SLA Met
SHP-45040,ORD-15040,BlueDart Express,TRK905040,3,7,150,SLA Breached
SHP-45041,ORD-15041,Delhivery Direct,TRK905041,4,4,60,SLA Met
SHP-45042,ORD-15042,Ecom Express,TRK905042,4,4,180,SLA Met
SHP-45043,ORD-15043,Ecom Express,TRK905043,3,3,120,SLA Met
SHP-45044,ORD-15044,BlueDart Express,TRK905044,2,2,120,SLA Met
SHP-45045,ORD-15045,Shadowfax Surface,TRK905045,5,5,150,SLA Met
SHP-45046,ORD-15046,Delhivery Direct,TRK905046,4,4,120,SLA Met
SHP-45048,ORD-15048,Ecom Express,TRK905048,2,2,120,SLA Met
SHP-45049,ORD-15049,Delhivery Direct,TRK905049,3,3,60,SLA Met
SHP-45050,ORD-15050,Ecom Express,TRK905050,3,3,120,SLA Met
SHP-45051,ORD-15051,Delhivery Direct,TRK905051,4,4,90,SLA Met
SHP-45052,ORD-15052,BlueDart Express,TRK905052,2,2,90,SLA Met
SHP-45053,ORD-15053,XpressBees Surface,TRK905053,2,2,180,SLA Met
SHP-45054,ORD-15054,Shadowfax Surface,TRK905054,5,5,180,SLA Met
SHP-45055,ORD-15055,BlueDart Express,TRK905055,3,3,180,SLA Met
SHP-45056,ORD-15056,Shadowfax Surface,TRK905056,3,3,60,SLA Met
SHP-45057,ORD-15057,Shadowfax Surface,TRK905057,5,5,180,SLA Met
SHP-45059,ORD-15059,Delhivery Direct,TRK905059,5,5,150,SLA Met
SHP-45060,ORD-15060,Ecom Express,TRK905060,3,3,60,SLA Met
SHP-45061,ORD-15061,XpressBees Surface,TRK905061,5,5,90,SLA Met
SHP-45062,ORD-15062,BlueDart Express,TRK905062,2,2,120,SLA Met
SHP-45063,ORD-15063,Shadowfax Surface,TRK905063,4,6,180,SLA Breached
SHP-45064,ORD-15064,Ecom Express,TRK905064,2,2,120,SLA Met
SHP-45065,ORD-15065,Shadowfax Surface,TRK905065,3,3,180,SLA Met
SHP-45066,ORD-15066,Ecom Express,TRK905066,4,4,180,SLA Met
SHP-45068,ORD-15068,Shadowfax Surface,TRK905068,2,2,180,SLA Met
SHP-45069,ORD-15069,Shadowfax Surface,TRK905069,5,6,180,SLA Breached
SHP-45070,ORD-15070,BlueDart Express,TRK905070,3,3,60,SLA Met
SHP-45071,ORD-15071,BlueDart Express,TRK905071,4,4,90,SLA Met
SHP-45073,ORD-15073,Shadowfax Surface,TRK905073,4,4,150,SLA Met
SHP-45074,ORD-15074,Shadowfax Surface,TRK905074,2,2,180,SLA Met
SHP-45075,ORD-15075,XpressBees Surface,TRK905075,3,3,60,SLA Met
SHP-45076,ORD-15076,BlueDart Express,TRK905076,2,2,60,SLA Met
SHP-45077,ORD-15077,XpressBees Surface,TRK905077,5,5,90,SLA Met
SHP-45078,ORD-15078,XpressBees Surface,TRK905078,5,8,150,SLA Breached
SHP-45081,ORD-15081,XpressBees Surface,TRK905081,5,7,150,SLA Breached
SHP-45082,ORD-15082,Shadowfax Surface,TRK905082,2,2,180,SLA Met
SHP-45083,ORD-15083,BlueDart Express,TRK905083,5,5,90,SLA Met
SHP-45084,ORD-15084,Ecom Express,TRK905084,5,5,180,SLA Met
SHP-45085,ORD-15085,Shadowfax Surface,TRK905085,5,5,60,SLA Met
SHP-45086,ORD-15086,Delhivery Direct,TRK905086,4,4,180,SLA Met
SHP-45087,ORD-15087,BlueDart Express,TRK905087,2,2,120,SLA Met
SHP-45088,ORD-15088,Ecom Express,TRK905088,5,5,90,SLA Met
SHP-45089,ORD-15089,Ecom Express,TRK905089,3,3,90,SLA Met
SHP-45090,ORD-15090,BlueDart Express,TRK905090,2,2,90,SLA Met
SHP-45091,ORD-15091,Delhivery Direct,TRK905091,5,5,180,SLA Met
SHP-45092,ORD-15092,Delhivery Direct,TRK905092,2,2,120,SLA Met
SHP-45093,ORD-15093,Delhivery Direct,TRK905093,4,4,180,SLA Met
SHP-45094,ORD-15094,Ecom Express,TRK905094,5,5,60,SLA Met
SHP-45096,ORD-15096,XpressBees Surface,TRK905096,4,4,180,SLA Met
SHP-45098,ORD-15098,Shadowfax Surface,TRK905098,4,4,150,SLA Met
SHP-45099,ORD-15099,Ecom Express,TRK905099,3,4,60,SLA Breached
SHP-45101,ORD-15101,BlueDart Express,TRK905101,5,5,60,SLA Met
SHP-45102,ORD-15102,Shadowfax Surface,TRK905102,5,5,90,SLA Met
SHP-45104,ORD-15104,BlueDart Express,TRK905104,2,2,150,SLA Met
SHP-45105,ORD-15105,Delhivery Direct,TRK905105,2,4,60,SLA Breached
SHP-45106,ORD-15106,Ecom Express,TRK905106,4,4,150,SLA Met
SHP-45107,ORD-15107,Shadowfax Surface,TRK905107,3,3,120,SLA Met
SHP-45108,ORD-15108,Delhivery Direct,TRK905108,4,4,120,SLA Met
SHP-45109,ORD-15109,BlueDart Express,TRK905109,3,3,60,SLA Met
SHP-45110,ORD-15110,Delhivery Direct,TRK905110,2,2,60,SLA Met
SHP-45112,ORD-15112,Delhivery Direct,TRK905112,4,4,150,SLA Met
SHP-45113,ORD-15113,Ecom Express,TRK905113,2,2,60,SLA Met
SHP-45115,ORD-15115,BlueDart Express,TRK905115,4,4,180,SLA Met
SHP-45117,ORD-15117,Shadowfax Surface,TRK905117,5,5,90,SLA Met
SHP-45118,ORD-15118,BlueDart Express,TRK905118,4,6,60,SLA Breached
SHP-45119,ORD-15119,Delhivery Direct,TRK905119,4,4,120,SLA Met
SHP-45120,ORD-15120,Ecom Express,TRK905120,5,5,90,SLA Met
SHP-45121,ORD-15121,XpressBees Surface,TRK905121,4,4,90,SLA Met
SHP-45122,ORD-15122,Ecom Express,TRK905122,4,4,60,SLA Met
SHP-45123,ORD-15123,Ecom Express,TRK905123,2,2,180,SLA Met
SHP-45124,ORD-15124,Ecom Express,TRK905124,4,4,90,SLA Met
SHP-45126,ORD-15126,Ecom Express,TRK905126,4,4,120,SLA Met
SHP-45127,ORD-15127,Ecom Express,TRK905127,4,4,180,SLA Met
SHP-45128,ORD-15128,Delhivery Direct,TRK905128,5,5,90,SLA Met
SHP-45129,ORD-15129,BlueDart Express,TRK905129,2,2,150,SLA Met
SHP-45130,ORD-15130,XpressBees Surface,TRK905130,2,2,90,SLA Met
SHP-45131,ORD-15131,Delhivery Direct,TRK905131,3,3,60,SLA Met
SHP-45132,ORD-15132,BlueDart Express,TRK905132,3,3,90,SLA Met
SHP-45133,ORD-15133,BlueDart Express,TRK905133,5,5,180,SLA Met
SHP-45134,ORD-15134,XpressBees Surface,TRK905134,3,3,60,SLA Met
SHP-45135,ORD-15135,Ecom Express,TRK905135,5,5,180,SLA Met
SHP-45136,ORD-15136,BlueDart Express,TRK905136,4,4,60,SLA Met
SHP-45138,ORD-15138,Delhivery Direct,TRK905138,4,4,150,SLA Met
SHP-45139,ORD-15139,BlueDart Express,TRK905139,2,2,90,SLA Met
SHP-45140,ORD-15140,Delhivery Direct,TRK905140,3,3,60,SLA Met
SHP-45141,ORD-15141,XpressBees Surface,TRK905141,4,4,180,SLA Met
SHP-45142,ORD-15142,Ecom Express,TRK905142,4,7,150,SLA Breached
SHP-45143,ORD-15143,XpressBees Surface,TRK905143,5,5,180,SLA Met
SHP-45144,ORD-15144,Delhivery Direct,TRK905144,2,2,150,SLA Met
SHP-45145,ORD-15145,Ecom Express,TRK905145,4,4,180,SLA Met
SHP-45146,ORD-15146,XpressBees Surface,TRK905146,2,2,120,SLA Met
SHP-45147,ORD-15147,Shadowfax Surface,TRK905147,5,5,120,SLA Met
SHP-45149,ORD-15149,BlueDart Express,TRK905149,4,4,120,SLA Met
SHP-45150,ORD-15150,Ecom Express,TRK905150,4,4,90,SLA Met
SHP-45151,ORD-15151,BlueDart Express,TRK905151,3,3,150,SLA Met
SHP-45153,ORD-15153,Ecom Express,TRK905153,4,4,90,SLA Met
SHP-45154,ORD-15154,Ecom Express,TRK905154,3,3,180,SLA Met
SHP-45155,ORD-15155,Ecom Express,TRK905155,4,6,90,SLA Breached
SHP-45156,ORD-15156,XpressBees Surface,TRK905156,4,6,150,SLA Breached
SHP-45157,ORD-15157,Shadowfax Surface,TRK905157,5,5,120,SLA Met
SHP-45158,ORD-15158,BlueDart Express,TRK905158,4,4,150,SLA Met
SHP-45160,ORD-15160,XpressBees Surface,TRK905160,3,3,60,SLA Met
SHP-45161,ORD-15161,BlueDart Express,TRK905161,4,8,60,SLA Breached
SHP-45162,ORD-15162,Delhivery Direct,TRK905162,5,5,60,SLA Met
SHP-45164,ORD-15164,Ecom Express,TRK905164,5,5,60,SLA Met
SHP-45165,ORD-15165,Delhivery Direct,TRK905165,4,4,180,SLA Met
SHP-45169,ORD-15169,Delhivery Direct,TRK905169,2,4,60,SLA Breached
SHP-45170,ORD-15170,Shadowfax Surface,TRK905170,2,2,60,SLA Met
SHP-45171,ORD-15171,BlueDart Express,TRK905171,3,3,60,SLA Met
SHP-45172,ORD-15172,BlueDart Express,TRK905172,4,7,150,SLA Breached
SHP-45173,ORD-15173,Ecom Express,TRK905173,4,4,180,SLA Met
SHP-45174,ORD-15174,Shadowfax Surface,TRK905174,2,2,60,SLA Met
SHP-45175,ORD-15175,BlueDart Express,TRK905175,3,6,90,SLA Breached
SHP-45176,ORD-15176,Delhivery Direct,TRK905176,2,2,120,SLA Met
SHP-45177,ORD-15177,Delhivery Direct,TRK905177,4,4,150,SLA Met
SHP-45178,ORD-15178,Shadowfax Surface,TRK905178,2,2,90,SLA Met
SHP-45179,ORD-15179,BlueDart Express,TRK905179,4,4,120,SLA Met
SHP-45180,ORD-15180,Ecom Express,TRK905180,4,4,90,SLA Met
SHP-45181,ORD-15181,XpressBees Surface,TRK905181,2,2,150,SLA Met
SHP-45182,ORD-15182,Shadowfax Surface,TRK905182,2,2,180,SLA Met
SHP-45183,ORD-15183,Shadowfax Surface,TRK905183,5,5,120,SLA Met
SHP-45184,ORD-15184,XpressBees Surface,TRK905184,4,4,180,SLA Met
SHP-45185,ORD-15185,BlueDart Express,TRK905185,2,2,120,SLA Met
SHP-45186,ORD-15186,Shadowfax Surface,TRK905186,2,2,120,SLA Met
SHP-45187,ORD-15187,BlueDart Express,TRK905187,4,4,150,SLA Met
SHP-45188,ORD-15188,BlueDart Express,TRK905188,4,4,90,SLA Met
SHP-45190,ORD-15190,BlueDart Express,TRK905190,2,2,150,SLA Met
SHP-45192,ORD-15192,Ecom Express,TRK905192,5,5,90,SLA Met
SHP-45193,ORD-15193,BlueDart Express,TRK905193,4,4,120,SLA Met
SHP-45194,ORD-15194,BlueDart Express,TRK905194,4,4,120,SLA Met
SHP-45195,ORD-15195,XpressBees Surface,TRK905195,3,4,150,SLA Breached
SHP-45196,ORD-15196,Shadowfax Surface,TRK905196,2,5,60,SLA Breached
SHP-45197,ORD-15197,Ecom Express,TRK905197,4,4,90,SLA Met
SHP-45198,ORD-15198,XpressBees Surface,TRK905198,3,6,180,SLA Breached
SHP-45199,ORD-15199,BlueDart Express,TRK905199,5,8,120,SLA Breached
SHP-45200,ORD-15200,Ecom Express,TRK905200,4,4,180,SLA Met
SHP-45201,ORD-15201,BlueDart Express,TRK905201,2,2,180,SLA Met
SHP-45202,ORD-15202,BlueDart Express,TRK905202,4,4,150,SLA Met
SHP-45203,ORD-15203,Shadowfax Surface,TRK905203,3,3,180,SLA Met
SHP-45205,ORD-15205,BlueDart Express,TRK905205,4,4,120,SLA Met
SHP-45206,ORD-15206,BlueDart Express,TRK905206,5,5,180,SLA Met
SHP-45207,ORD-15207,Ecom Express,TRK905207,5,5,60,SLA Met
SHP-45208,ORD-15208,Ecom Express,TRK905208,3,3,120,SLA Met
SHP-45210,ORD-15210,BlueDart Express,TRK905210,2,2,60,SLA Met
SHP-45211,ORD-15211,XpressBees Surface,TRK905211,2,2,150,SLA Met
SHP-45212,ORD-15212,BlueDart Express,TRK905212,4,6,150,SLA Breached
SHP-45213,ORD-15213,BlueDart Express,TRK905213,2,2,180,SLA Met
SHP-45215,ORD-15215,Ecom Express,TRK905215,4,4,180,SLA Met
SHP-45216,ORD-15216,XpressBees Surface,TRK905216,3,6,120,SLA Breached
SHP-45217,ORD-15217,Delhivery Direct,TRK905217,3,3,120,SLA Met
SHP-45219,ORD-15219,Ecom Express,TRK905219,2,2,180,SLA Met
SHP-45220,ORD-15220,Delhivery Direct,TRK905220,4,4,120,SLA Met
SHP-45221,ORD-15221,BlueDart Express,TRK905221,5,5,120,SLA Met
SHP-45222,ORD-15222,Delhivery Direct,TRK905222,2,3,150,SLA Breached
SHP-45223,ORD-15223,Shadowfax Surface,TRK905223,3,3,150,SLA Met
SHP-45224,ORD-15224,Shadowfax Surface,TRK905224,5,5,120,SLA Met
SHP-45225,ORD-15225,Ecom Express,TRK905225,3,3,60,SLA Met
SHP-45226,ORD-15226,BlueDart Express,TRK905226,4,4,90,SLA Met
SHP-45227,ORD-15227,Delhivery Direct,TRK905227,2,2,60,SLA Met
SHP-45228,ORD-15228,Ecom Express,TRK905228,2,2,90,SLA Met
SHP-45230,ORD-15230,Delhivery Direct,TRK905230,3,3,180,SLA Met
SHP-45231,ORD-15231,Shadowfax Surface,TRK905231,4,5,90,SLA Breached
SHP-45232,ORD-15232,Ecom Express,TRK905232,2,2,150,SLA Met
SHP-45233,ORD-15233,XpressBees Surface,TRK905233,3,7,90,SLA Breached
SHP-45234,ORD-15234,BlueDart Express,TRK905234,3,3,120,SLA Met
SHP-45235,ORD-15235,XpressBees Surface,TRK905235,3,3,90,SLA Met
SHP-45236,ORD-15236,Shadowfax Surface,TRK905236,3,3,120,SLA Met
SHP-45237,ORD-15237,XpressBees Surface,TRK905237,4,4,120,SLA Met
SHP-45238,ORD-15238,BlueDart Express,TRK905238,4,4,60,SLA Met
SHP-45239,ORD-15239,BlueDart Express,TRK905239,2,4,180,SLA Breached
SHP-45240,ORD-15240,Shadowfax Surface,TRK905240,3,3,60,SLA Met
SHP-45241,ORD-15241,XpressBees Surface,TRK905241,4,4,90,SLA Met
SHP-45242,ORD-15242,Delhivery Direct,TRK905242,2,2,60,SLA Met
SHP-45243,ORD-15243,XpressBees Surface,TRK905243,3,4,150,SLA Breached
SHP-45244,ORD-15244,Shadowfax Surface,TRK905244,4,4,90,SLA Met
SHP-45245,ORD-15245,Shadowfax Surface,TRK905245,4,4,90,SLA Met
SHP-45246,ORD-15246,Ecom Express,TRK905246,4,5,180,SLA Breached
SHP-45247,ORD-15247,BlueDart Express,TRK905247,2,2,90,SLA Met
SHP-45248,ORD-15248,BlueDart Express,TRK905248,3,5,120,SLA Breached
SHP-45249,ORD-15249,Shadowfax Surface,TRK905249,4,4,150,SLA Met
SHP-45250,ORD-15250,XpressBees Surface,TRK905250,3,3,60,SLA Met
SHP-45251,ORD-15251,Delhivery Direct,TRK905251,5,5,60,SLA Met
SHP-45252,ORD-15252,XpressBees Surface,TRK905252,2,2,180,SLA Met
SHP-45253,ORD-15253,XpressBees Surface,TRK905253,4,4,60,SLA Met
SHP-45254,ORD-15254,Ecom Express,TRK905254,5,5,120,SLA Met
SHP-45255,ORD-15255,BlueDart Express,TRK905255,4,4,150,SLA Met
SHP-45256,ORD-15256,Shadowfax Surface,TRK905256,4,5,60,SLA Breached
SHP-45257,ORD-15257,XpressBees Surface,TRK905257,5,5,60,SLA Met
SHP-45259,ORD-15259,Ecom Express,TRK905259,2,2,150,SLA Met
SHP-45260,ORD-15260,BlueDart Express,TRK905260,4,4,60,SLA Met
SHP-45261,ORD-15261,XpressBees Surface,TRK905261,3,3,180,SLA Met
SHP-45262,ORD-15262,BlueDart Express,TRK905262,3,3,150,SLA Met
SHP-45263,ORD-15263,Delhivery Direct,TRK905263,3,3,180,SLA Met
SHP-45264,ORD-15264,Delhivery Direct,TRK905264,2,5,150,SLA Breached
SHP-45265,ORD-15265,BlueDart Express,TRK905265,4,4,180,SLA Met
SHP-45266,ORD-15266,BlueDart Express,TRK905266,5,5,180,SLA Met
SHP-45268,ORD-15268,Shadowfax Surface,TRK905268,3,7,150,SLA Breached
SHP-45269,ORD-15269,XpressBees Surface,TRK905269,5,5,60,SLA Met
SHP-45270,ORD-15270,BlueDart Express,TRK905270,5,9,60,SLA Breached
SHP-45275,ORD-15275,Shadowfax Surface,TRK905275,3,3,60,SLA Met
SHP-45276,ORD-15276,BlueDart Express,TRK905276,3,3,60,SLA Met
SHP-45277,ORD-15277,Shadowfax Surface,TRK905277,3,3,120,SLA Met
SHP-45279,ORD-15279,Delhivery Direct,TRK905279,3,3,60,SLA Met
SHP-45280,ORD-15280,Ecom Express,TRK905280,3,3,120,SLA Met
SHP-45281,ORD-15281,Shadowfax Surface,TRK905281,5,5,120,SLA Met
SHP-45282,ORD-15282,BlueDart Express,TRK905282,3,3,150,SLA Met
SHP-45284,ORD-15284,BlueDart Express,TRK905284,5,8,150,SLA Breached
SHP-45285,ORD-15285,Shadowfax Surface,TRK905285,3,3,150,SLA Met
SHP-45286,ORD-15286,Delhivery Direct,TRK905286,4,4,60,SLA Met
SHP-45287,ORD-15287,XpressBees Surface,TRK905287,2,2,150,SLA Met
SHP-45288,ORD-15288,Ecom Express,TRK905288,4,4,90,SLA Met
SHP-45289,ORD-15289,Delhivery Direct,TRK905289,4,4,150,SLA Met
SHP-45290,ORD-15290,Delhivery Direct,TRK905290,4,4,90,SLA Met
SHP-45291,ORD-15291,BlueDart Express,TRK905291,5,5,90,SLA Met
SHP-45292,ORD-15292,Delhivery Direct,TRK905292,5,5,90,SLA Met
SHP-45293,ORD-15293,Shadowfax Surface,TRK905293,4,4,90,SLA Met
SHP-45294,ORD-15294,Delhivery Direct,TRK905294,3,3,150,SLA Met
SHP-45297,ORD-15297,BlueDart Express,TRK905297,2,2,90,SLA Met
SHP-45299,ORD-15299,Ecom Express,TRK905299,2,2,90,SLA Met
SHP-45300,ORD-15300,Shadowfax Surface,TRK905300,4,5,180,SLA Breached
SHP-45301,ORD-15301,Delhivery Direct,TRK905301,3,7,120,SLA Breached
SHP-45302,ORD-15302,Ecom Express,TRK905302,4,4,60,SLA Met
SHP-45303,ORD-15303,Ecom Express,TRK905303,5,5,120,SLA Met
SHP-45304,ORD-15304,Shadowfax Surface,TRK905304,5,5,150,SLA Met
SHP-45306,ORD-15306,Shadowfax Surface,TRK905306,4,4,90,SLA Met
SHP-45307,ORD-15307,Delhivery Direct,TRK905307,5,5,120,SLA Met
SHP-45308,ORD-15308,XpressBees Surface,TRK905308,4,5,180,SLA Breached
SHP-45309,ORD-15309,XpressBees Surface,TRK905309,2,2,150,SLA Met
SHP-45310,ORD-15310,Delhivery Direct,TRK905310,2,2,180,SLA Met
SHP-45311,ORD-15311,Shadowfax Surface,TRK905311,5,5,60,SLA Met
SHP-45312,ORD-15312,Delhivery Direct,TRK905312,4,4,90,SLA Met
SHP-45313,ORD-15313,Delhivery Direct,TRK905313,3,3,180,SLA Met
SHP-45314,ORD-15314,Shadowfax Surface,TRK905314,2,2,60,SLA Met
SHP-45315,ORD-15315,Delhivery Direct,TRK905315,5,5,90,SLA Met
SHP-45316,ORD-15316,Delhivery Direct,TRK905316,2,2,150,SLA Met
SHP-45317,ORD-15317,BlueDart Express,TRK905317,4,4,60,SLA Met
SHP-45318,ORD-15318,Delhivery Direct,TRK905318,3,3,180,SLA Met
SHP-45319,ORD-15319,Ecom Express,TRK905319,4,4,60,SLA Met
SHP-45321,ORD-15321,Shadowfax Surface,TRK905321,3,3,90,SLA Met
SHP-45322,ORD-15322,BlueDart Express,TRK905322,2,2,90,SLA Met
SHP-45324,ORD-15324,Delhivery Direct,TRK905324,5,7,60,SLA Breached
SHP-45326,ORD-15326,XpressBees Surface,TRK905326,4,4,60,SLA Met
SHP-45327,ORD-15327,Delhivery Direct,TRK905327,2,2,180,SLA Met
SHP-45328,ORD-15328,Ecom Express,TRK905328,3,3,90,SLA Met
SHP-45329,ORD-15329,Shadowfax Surface,TRK905329,5,5,180,SLA Met
SHP-45330,ORD-15330,XpressBees Surface,TRK905330,3,3,120,SLA Met
SHP-45331,ORD-15331,XpressBees Surface,TRK905331,5,5,90,SLA Met
SHP-45332,ORD-15332,XpressBees Surface,TRK905332,3,3,60,SLA Met
SHP-45333,ORD-15333,BlueDart Express,TRK905333,5,5,90,SLA Met
SHP-45335,ORD-15335,Delhivery Direct,TRK905335,5,5,180,SLA Met
SHP-45336,ORD-15336,XpressBees Surface,TRK905336,4,6,120,SLA Breached
SHP-45337,ORD-15337,Ecom Express,TRK905337,2,5,90,SLA Breached
SHP-45338,ORD-15338,Shadowfax Surface,TRK905338,5,5,60,SLA Met
SHP-45339,ORD-15339,Ecom Express,TRK905339,4,4,120,SLA Met
SHP-45342,ORD-15342,Ecom Express,TRK905342,3,3,90,SLA Met
SHP-45343,ORD-15343,XpressBees Surface,TRK905343,5,5,60,SLA Met
SHP-45344,ORD-15344,XpressBees Surface,TRK905344,2,6,150,SLA Breached
SHP-45345,ORD-15345,XpressBees Surface,TRK905345,2,4,180,SLA Breached
SHP-45346,ORD-15346,XpressBees Surface,TRK905346,4,4,90,SLA Met
SHP-45347,ORD-15347,Ecom Express,TRK905347,5,5,90,SLA Met
SHP-45348,ORD-15348,Shadowfax Surface,TRK905348,2,3,180,SLA Breached
SHP-45349,ORD-15349,Shadowfax Surface,TRK905349,3,3,60,SLA Met
SHP-45350,ORD-15350,Shadowfax Surface,TRK905350,2,3,120,SLA Breached
SHP-45351,ORD-15351,Ecom Express,TRK905351,2,2,180,SLA Met
SHP-45352,ORD-15352,XpressBees Surface,TRK905352,2,2,150,SLA Met
SHP-45353,ORD-15353,Delhivery Direct,TRK905353,5,5,60,SLA Met
SHP-45354,ORD-15354,Delhivery Direct,TRK905354,3,3,90,SLA Met
SHP-45355,ORD-15355,XpressBees Surface,TRK905355,4,5,180,SLA Breached
SHP-45356,ORD-15356,XpressBees Surface,TRK905356,4,4,90,SLA Met
SHP-45358,ORD-15358,Delhivery Direct,TRK905358,5,5,90,SLA Met
SHP-45359,ORD-15359,BlueDart Express,TRK905359,4,6,180,SLA Breached
SHP-45360,ORD-15360,Ecom Express,TRK905360,5,5,180,SLA Met
SHP-45362,ORD-15362,Delhivery Direct,TRK905362,5,5,60,SLA Met
SHP-45363,ORD-15363,Ecom Express,TRK905363,2,2,90,SLA Met
SHP-45365,ORD-15365,BlueDart Express,TRK905365,2,2,150,SLA Met
SHP-45367,ORD-15367,XpressBees Surface,TRK905367,5,8,180,SLA Breached
SHP-45368,ORD-15368,BlueDart Express,TRK905368,4,4,180,SLA Met
SHP-45369,ORD-15369,Ecom Express,TRK905369,4,4,60,SLA Met
SHP-45370,ORD-15370,Delhivery Direct,TRK905370,3,7,60,SLA Breached
SHP-45371,ORD-15371,Shadowfax Surface,TRK905371,5,5,180,SLA Met
SHP-45372,ORD-15372,Ecom Express,TRK905372,4,5,150,SLA Breached
SHP-45373,ORD-15373,Shadowfax Surface,TRK905373,4,4,120,SLA Met
SHP-45375,ORD-15375,XpressBees Surface,TRK905375,2,2,60,SLA Met
SHP-45376,ORD-15376,Delhivery Direct,TRK905376,4,4,60,SLA Met
SHP-45378,ORD-15378,Ecom Express,TRK905378,3,7,150,SLA Breached
SHP-45379,ORD-15379,Delhivery Direct,TRK905379,4,4,60,SLA Met
SHP-45380,ORD-15380,Delhivery Direct,TRK905380,4,4,60,SLA Met
SHP-45381,ORD-15381,Shadowfax Surface,TRK905381,3,3,150,SLA Met
SHP-45382,ORD-15382,Shadowfax Surface,TRK905382,4,4,90,SLA Met
SHP-45384,ORD-15384,XpressBees Surface,TRK905384,5,8,150,SLA Breached
SHP-45385,ORD-15385,Ecom Express,TRK905385,5,8,180,SLA Breached
SHP-45386,ORD-15386,Delhivery Direct,TRK905386,3,3,150,SLA Met
SHP-45387,ORD-15387,XpressBees Surface,TRK905387,3,3,180,SLA Met
SHP-45388,ORD-15388,Shadowfax Surface,TRK905388,4,4,90,SLA Met
SHP-45389,ORD-15389,Delhivery Direct,TRK905389,3,3,60,SLA Met
SHP-45390,ORD-15390,XpressBees Surface,TRK905390,2,4,150,SLA Breached
SHP-45391,ORD-15391,Delhivery Direct,TRK905391,2,2,90,SLA Met
SHP-45392,ORD-15392,Delhivery Direct,TRK905392,2,2,90,SLA Met
SHP-45393,ORD-15393,Shadowfax Surface,TRK905393,4,4,120,SLA Met
SHP-45395,ORD-15395,BlueDart Express,TRK905395,4,4,60,SLA Met
SHP-45396,ORD-15396,Ecom Express,TRK905396,4,4,150,SLA Met
SHP-45397,ORD-15397,Delhivery Direct,TRK905397,4,4,180,SLA Met
SHP-45399,ORD-15399,Shadowfax Surface,TRK905399,4,6,90,SLA Breached
SHP-45400,ORD-15400,Ecom Express,TRK905400,5,5,60,SLA Met
SHP-45401,ORD-15401,Delhivery Direct,TRK905401,2,2,150,SLA Met
SHP-45403,ORD-15403,Delhivery Direct,TRK905403,4,4,180,SLA Met
SHP-45404,ORD-15404,Ecom Express,TRK905404,5,5,60,SLA Met
SHP-45406,ORD-15406,Ecom Express,TRK905406,2,2,180,SLA Met
SHP-45407,ORD-15407,Shadowfax Surface,TRK905407,5,6,180,SLA Breached
SHP-45408,ORD-15408,BlueDart Express,TRK905408,3,3,150,SLA Met
SHP-45409,ORD-15409,XpressBees Surface,TRK905409,3,3,60,SLA Met
SHP-45411,ORD-15411,Ecom Express,TRK905411,5,5,150,SLA Met
SHP-45412,ORD-15412,Shadowfax Surface,TRK905412,2,2,120,SLA Met
SHP-45413,ORD-15413,Ecom Express,TRK905413,2,2,120,SLA Met
SHP-45414,ORD-15414,BlueDart Express,TRK905414,2,3,180,SLA Breached
SHP-45415,ORD-15415,BlueDart Express,TRK905415,4,4,90,SLA Met
SHP-45416,ORD-15416,Shadowfax Surface,TRK905416,4,4,120,SLA Met
SHP-45418,ORD-15418,Delhivery Direct,TRK905418,4,4,150,SLA Met
SHP-45419,ORD-15419,Ecom Express,TRK905419,4,4,90,SLA Met
SHP-45421,ORD-15421,Ecom Express,TRK905421,4,4,180,SLA Met
SHP-45423,ORD-15423,Ecom Express,TRK905423,2,2,90,SLA Met
SHP-45425,ORD-15425,Delhivery Direct,TRK905425,5,5,90,SLA Met
SHP-45426,ORD-15426,Shadowfax Surface,TRK905426,4,4,180,SLA Met
SHP-45427,ORD-15427,BlueDart Express,TRK905427,3,4,60,SLA Breached
SHP-45428,ORD-15428,Ecom Express,TRK905428,5,5,150,SLA Met
SHP-45429,ORD-15429,Delhivery Direct,TRK905429,2,2,90,SLA Met
SHP-45430,ORD-15430,Shadowfax Surface,TRK905430,3,3,150,SLA Met
SHP-45431,ORD-15431,Shadowfax Surface,TRK905431,2,2,120,SLA Met
SHP-45432,ORD-15432,XpressBees Surface,TRK905432,3,3,150,SLA Met
SHP-45433,ORD-15433,Delhivery Direct,TRK905433,4,4,150,SLA Met
SHP-45434,ORD-15434,XpressBees Surface,TRK905434,2,2,60,SLA Met
SHP-45435,ORD-15435,Shadowfax Surface,TRK905435,5,5,60,SLA Met
SHP-45436,ORD-15436,XpressBees Surface,TRK905436,2,2,120,SLA Met
SHP-45437,ORD-15437,Ecom Express,TRK905437,3,3,150,SLA Met
SHP-45439,ORD-15439,Delhivery Direct,TRK905439,3,3,120,SLA Met
SHP-45440,ORD-15440,Delhivery Direct,TRK905440,5,5,150,SLA Met
SHP-45441,ORD-15441,Shadowfax Surface,TRK905441,5,5,120,SLA Met
SHP-45442,ORD-15442,Ecom Express,TRK905442,2,2,180,SLA Met
SHP-45443,ORD-15443,XpressBees Surface,TRK905443,4,4,60,SLA Met
SHP-45444,ORD-15444,BlueDart Express,TRK905444,4,4,60,SLA Met
SHP-45445,ORD-15445,Delhivery Direct,TRK905445,4,4,120,SLA Met
SHP-45446,ORD-15446,XpressBees Surface,TRK905446,4,4,90,SLA Met
SHP-45447,ORD-15447,Delhivery Direct,TRK905447,5,5,90,SLA Met
SHP-45448,ORD-15448,Ecom Express,TRK905448,3,3,90,SLA Met
SHP-45449,ORD-15449,BlueDart Express,TRK905449,4,4,60,SLA Met
SHP-45450,ORD-15450,XpressBees Surface,TRK905450,3,4,180,SLA Breached
SHP-45451,ORD-15451,BlueDart Express,TRK905451,2,2,90,SLA Met
SHP-45452,ORD-15452,Delhivery Direct,TRK905452,2,4,180,SLA Breached
SHP-45454,ORD-15454,BlueDart Express,TRK905454,5,5,90,SLA Met
SHP-45455,ORD-15455,XpressBees Surface,TRK905455,5,5,180,SLA Met
SHP-45456,ORD-15456,Shadowfax Surface,TRK905456,5,5,60,SLA Met
SHP-45458,ORD-15458,Delhivery Direct,TRK905458,5,5,180,SLA Met
SHP-45459,ORD-15459,Shadowfax Surface,TRK905459,3,3,120,SLA Met
SHP-45460,ORD-15460,Shadowfax Surface,TRK905460,3,4,180,SLA Breached
SHP-45461,ORD-15461,Shadowfax Surface,TRK905461,3,3,180,SLA Met
SHP-45462,ORD-15462,BlueDart Express,TRK905462,3,3,150,SLA Met
SHP-45464,ORD-15464,Shadowfax Surface,TRK905464,2,2,120,SLA Met
SHP-45465,ORD-15465,Ecom Express,TRK905465,2,5,180,SLA Breached
SHP-45466,ORD-15466,BlueDart Express,TRK905466,2,2,60,SLA Met
SHP-45467,ORD-15467,XpressBees Surface,TRK905467,4,4,150,SLA Met
SHP-45468,ORD-15468,Shadowfax Surface,TRK905468,4,4,120,SLA Met
SHP-45469,ORD-15469,Delhivery Direct,TRK905469,5,5,180,SLA Met
SHP-45470,ORD-15470,Ecom Express,TRK905470,3,3,120,SLA Met
SHP-45471,ORD-15471,BlueDart Express,TRK905471,3,4,60,SLA Breached
SHP-45472,ORD-15472,BlueDart Express,TRK905472,4,4,120,SLA Met
SHP-45473,ORD-15473,Delhivery Direct,TRK905473,2,2,120,SLA Met
SHP-45475,ORD-15475,XpressBees Surface,TRK905475,2,2,120,SLA Met
SHP-45476,ORD-15476,Shadowfax Surface,TRK905476,2,3,90,SLA Breached
SHP-45477,ORD-15477,XpressBees Surface,TRK905477,2,6,90,SLA Breached
SHP-45478,ORD-15478,BlueDart Express,TRK905478,4,4,90,SLA Met
SHP-45479,ORD-15479,BlueDart Express,TRK905479,3,7,150,SLA Breached
SHP-45481,ORD-15481,XpressBees Surface,TRK905481,2,2,150,SLA Met
SHP-45482,ORD-15482,XpressBees Surface,TRK905482,4,4,60,SLA Met
SHP-45483,ORD-15483,Ecom Express,TRK905483,4,4,150,SLA Met
SHP-45484,ORD-15484,Shadowfax Surface,TRK905484,3,3,180,SLA Met
SHP-45485,ORD-15485,BlueDart Express,TRK905485,5,5,120,SLA Met
SHP-45486,ORD-15486,BlueDart Express,TRK905486,3,3,180,SLA Met
SHP-45487,ORD-15487,BlueDart Express,TRK905487,4,4,90,SLA Met
SHP-45488,ORD-15488,Shadowfax Surface,TRK905488,4,4,60,SLA Met
SHP-45489,ORD-15489,Ecom Express,TRK905489,2,2,90,SLA Met
SHP-45491,ORD-15491,XpressBees Surface,TRK905491,2,2,60,SLA Met
SHP-45492,ORD-15492,Ecom Express,TRK905492,5,5,150,SLA Met
SHP-45493,ORD-15493,Ecom Express,TRK905493,3,3,180,SLA Met
SHP-45494,ORD-15494,Delhivery Direct,TRK905494,3,3,180,SLA Met
SHP-45495,ORD-15495,Ecom Express,TRK905495,2,4,90,SLA Breached
SHP-45496,ORD-15496,Ecom Express,TRK905496,3,3,180,SLA Met
SHP-45497,ORD-15497,BlueDart Express,TRK905497,3,3,120,SLA Met
SHP-45498,ORD-15498,XpressBees Surface,TRK905498,4,4,120,SLA Met
SHP-45499,ORD-15499,BlueDart Express,TRK905499,2,2,150,SLA Met
SHP-45501,ORD-15501,Ecom Express,TRK905501,3,3,180,SLA Met
SHP-45502,ORD-15502,Shadowfax Surface,TRK905502,5,9,180,SLA Breached
SHP-45504,ORD-15504,XpressBees Surface,TRK905504,4,4,150,SLA Met
SHP-45505,ORD-15505,BlueDart Express,TRK905505,2,2,90,SLA Met
SHP-45506,ORD-15506,Delhivery Direct,TRK905506,2,2,90,SLA Met
SHP-45507,ORD-15507,XpressBees Surface,TRK905507,3,5,150,SLA Breached
SHP-45508,ORD-15508,Delhivery Direct,TRK905508,2,2,180,SLA Met
SHP-45509,ORD-15509,Delhivery Direct,TRK905509,5,5,180,SLA Met
SHP-45510,ORD-15510,Ecom Express,TRK905510,3,3,150,SLA Met
SHP-45511,ORD-15511,BlueDart Express,TRK905511,2,4,120,SLA Breached
SHP-45512,ORD-15512,BlueDart Express,TRK905512,2,2,90,SLA Met
SHP-45515,ORD-15515,Delhivery Direct,TRK905515,3,3,90,SLA Met
SHP-45516,ORD-15516,BlueDart Express,TRK905516,4,4,60,SLA Met
SHP-45517,ORD-15517,Shadowfax Surface,TRK905517,3,4,150,SLA Breached
SHP-45518,ORD-15518,XpressBees Surface,TRK905518,2,2,180,SLA Met
SHP-45519,ORD-15519,XpressBees Surface,TRK905519,2,2,150,SLA Met
SHP-45520,ORD-15520,Delhivery Direct,TRK905520,2,2,60,SLA Met
SHP-45521,ORD-15521,Shadowfax Surface,TRK905521,5,5,180,SLA Met
SHP-45522,ORD-15522,BlueDart Express,TRK905522,5,5,60,SLA Met
SHP-45523,ORD-15523,Delhivery Direct,TRK905523,3,3,150,SLA Met
SHP-45524,ORD-15524,Delhivery Direct,TRK905524,5,9,150,SLA Breached
SHP-45525,ORD-15525,XpressBees Surface,TRK905525,4,4,60,SLA Met
SHP-45527,ORD-15527,XpressBees Surface,TRK905527,5,5,150,SLA Met
SHP-45528,ORD-15528,BlueDart Express,TRK905528,2,4,180,SLA Breached
SHP-45529,ORD-15529,Ecom Express,TRK905529,5,5,90,SLA Met
SHP-45530,ORD-15530,BlueDart Express,TRK905530,5,5,60,SLA Met
SHP-45531,ORD-15531,Shadowfax Surface,TRK905531,4,4,60,SLA Met
SHP-45532,ORD-15532,Shadowfax Surface,TRK905532,5,5,150,SLA Met
SHP-45533,ORD-15533,Shadowfax Surface,TRK905533,2,2,180,SLA Met
SHP-45536,ORD-15536,BlueDart Express,TRK905536,2,5,60,SLA Breached
SHP-45537,ORD-15537,Delhivery Direct,TRK905537,4,7,120,SLA Breached
SHP-45538,ORD-15538,Shadowfax Surface,TRK905538,5,5,180,SLA Met
SHP-45539,ORD-15539,XpressBees Surface,TRK905539,3,4,120,SLA Breached
SHP-45540,ORD-15540,Delhivery Direct,TRK905540,3,3,180,SLA Met
SHP-45541,ORD-15541,BlueDart Express,TRK905541,3,5,120,SLA Breached
SHP-45542,ORD-15542,Delhivery Direct,TRK905542,5,7,90,SLA Breached
SHP-45543,ORD-15543,Delhivery Direct,TRK905543,5,8,180,SLA Breached
SHP-45545,ORD-15545,Ecom Express,TRK905545,4,4,60,SLA Met
SHP-45547,ORD-15547,BlueDart Express,TRK905547,4,4,150,SLA Met
SHP-45548,ORD-15548,Shadowfax Surface,TRK905548,2,6,120,SLA Breached
SHP-45549,ORD-15549,Shadowfax Surface,TRK905549,5,7,120,SLA Breached
SHP-45550,ORD-15550,Ecom Express,TRK905550,4,4,180,SLA Met
SHP-45551,ORD-15551,Shadowfax Surface,TRK905551,5,5,150,SLA Met
SHP-45552,ORD-15552,XpressBees Surface,TRK905552,4,4,90,SLA Met
SHP-45553,ORD-15553,Ecom Express,TRK905553,5,5,60,SLA Met
SHP-45554,ORD-15554,Shadowfax Surface,TRK905554,3,6,180,SLA Breached
SHP-45555,ORD-15555,XpressBees Surface,TRK905555,3,3,120,SLA Met
SHP-45556,ORD-15556,BlueDart Express,TRK905556,3,3,150,SLA Met
SHP-45557,ORD-15557,Shadowfax Surface,TRK905557,2,2,150,SLA Met
SHP-45558,ORD-15558,Shadowfax Surface,TRK905558,4,4,120,SLA Met
SHP-45559,ORD-15559,Ecom Express,TRK905559,5,5,120,SLA Met
SHP-45560,ORD-15560,BlueDart Express,TRK905560,2,2,120,SLA Met
SHP-45562,ORD-15562,Ecom Express,TRK905562,3,3,60,SLA Met
SHP-45563,ORD-15563,Delhivery Direct,TRK905563,2,6,150,SLA Breached
SHP-45565,ORD-15565,Ecom Express,TRK905565,5,5,60,SLA Met
SHP-45566,ORD-15566,Delhivery Direct,TRK905566,3,7,120,SLA Breached
SHP-45568,ORD-15568,Ecom Express,TRK905568,3,3,150,SLA Met
SHP-45569,ORD-15569,XpressBees Surface,TRK905569,5,6,180,SLA Breached
SHP-45571,ORD-15571,BlueDart Express,TRK905571,2,5,150,SLA Breached
SHP-45572,ORD-15572,Delhivery Direct,TRK905572,5,5,180,SLA Met
SHP-45573,ORD-15573,Delhivery Direct,TRK905573,2,2,180,SLA Met
SHP-45575,ORD-15575,Delhivery Direct,TRK905575,5,5,120,SLA Met
SHP-45576,ORD-15576,BlueDart Express,TRK905576,4,4,150,SLA Met
SHP-45577,ORD-15577,Shadowfax Surface,TRK905577,5,5,60,SLA Met
SHP-45578,ORD-15578,XpressBees Surface,TRK905578,3,3,120,SLA Met
SHP-45579,ORD-15579,Shadowfax Surface,TRK905579,4,4,180,SLA Met
SHP-45580,ORD-15580,XpressBees Surface,TRK905580,2,2,150,SLA Met
SHP-45582,ORD-15582,BlueDart Express,TRK905582,5,5,120,SLA Met
SHP-45583,ORD-15583,XpressBees Surface,TRK905583,5,5,60,SLA Met
SHP-45585,ORD-15585,Ecom Express,TRK905585,4,4,90,SLA Met
SHP-45586,ORD-15586,Ecom Express,TRK905586,2,2,60,SLA Met
SHP-45587,ORD-15587,Shadowfax Surface,TRK905587,3,3,120,SLA Met
SHP-45589,ORD-15589,Delhivery Direct,TRK905589,3,7,180,SLA Breached
SHP-45590,ORD-15590,Shadowfax Surface,TRK905590,4,4,180,SLA Met
SHP-45591,ORD-15591,Ecom Express,TRK905591,2,2,60,SLA Met
SHP-45592,ORD-15592,BlueDart Express,TRK905592,4,4,180,SLA Met
SHP-45593,ORD-15593,Shadowfax Surface,TRK905593,2,2,150,SLA Met
SHP-45595,ORD-15595,Delhivery Direct,TRK905595,3,3,90,SLA Met
SHP-45596,ORD-15596,XpressBees Surface,TRK905596,2,2,180,SLA Met
SHP-45597,ORD-15597,BlueDart Express,TRK905597,4,4,120,SLA Met
SHP-45598,ORD-15598,XpressBees Surface,TRK905598,4,4,180,SLA Met
SHP-45599,ORD-15599,Delhivery Direct,TRK905599,2,2,180,SLA Met
SHP-45602,ORD-15602,Ecom Express,TRK905602,5,7,90,SLA Breached
SHP-45604,ORD-15604,Delhivery Direct,TRK905604,5,5,180,SLA Met
SHP-45605,ORD-15605,Shadowfax Surface,TRK905605,5,5,90,SLA Met
SHP-45606,ORD-15606,Ecom Express,TRK905606,4,4,180,SLA Met
SHP-45607,ORD-15607,Shadowfax Surface,TRK905607,2,6,60,SLA Breached
SHP-45608,ORD-15608,Shadowfax Surface,TRK905608,2,2,150,SLA Met
SHP-45609,ORD-15609,BlueDart Express,TRK905609,4,4,150,SLA Met
SHP-45610,ORD-15610,Ecom Express,TRK905610,2,2,150,SLA Met
SHP-45611,ORD-15611,Shadowfax Surface,TRK905611,4,4,180,SLA Met
SHP-45613,ORD-15613,Delhivery Direct,TRK905613,3,3,60,SLA Met
SHP-45614,ORD-15614,Ecom Express,TRK905614,5,5,60,SLA Met
SHP-45615,ORD-15615,Ecom Express,TRK905615,5,8,60,SLA Breached
SHP-45616,ORD-15616,Shadowfax Surface,TRK905616,2,3,150,SLA Breached
SHP-45617,ORD-15617,BlueDart Express,TRK905617,2,2,90,SLA Met
SHP-45618,ORD-15618,Ecom Express,TRK905618,5,5,90,SLA Met
SHP-45619,ORD-15619,Shadowfax Surface,TRK905619,2,4,90,SLA Breached
SHP-45620,ORD-15620,Shadowfax Surface,TRK905620,4,4,120,SLA Met
SHP-45621,ORD-15621,Ecom Express,TRK905621,3,3,180,SLA Met
SHP-45623,ORD-15623,BlueDart Express,TRK905623,3,3,180,SLA Met
SHP-45624,ORD-15624,BlueDart Express,TRK905624,5,5,150,SLA Met
SHP-45625,ORD-15625,Shadowfax Surface,TRK905625,3,3,180,SLA Met
SHP-45626,ORD-15626,Ecom Express,TRK905626,5,5,120,SLA Met
SHP-45627,ORD-15627,BlueDart Express,TRK905627,5,5,120,SLA Met
SHP-45628,ORD-15628,Shadowfax Surface,TRK905628,3,3,180,SLA Met
SHP-45629,ORD-15629,Shadowfax Surface,TRK905629,5,5,60,SLA Met
SHP-45630,ORD-15630,Shadowfax Surface,TRK905630,2,2,120,SLA Met
SHP-45631,ORD-15631,Ecom Express,TRK905631,4,8,150,SLA Breached
SHP-45633,ORD-15633,BlueDart Express,TRK905633,3,3,90,SLA Met
SHP-45635,ORD-15635,Delhivery Direct,TRK905635,3,3,120,SLA Met
SHP-45636,ORD-15636,Delhivery Direct,TRK905636,3,3,120,SLA Met
SHP-45637,ORD-15637,Delhivery Direct,TRK905637,5,5,120,SLA Met
SHP-45638,ORD-15638,XpressBees Surface,TRK905638,2,2,180,SLA Met
SHP-45639,ORD-15639,BlueDart Express,TRK905639,2,4,120,SLA Breached
SHP-45640,ORD-15640,XpressBees Surface,TRK905640,3,3,90,SLA Met
SHP-45641,ORD-15641,Ecom Express,TRK905641,5,5,120,SLA Met
SHP-45642,ORD-15642,XpressBees Surface,TRK905642,2,2,150,SLA Met
SHP-45643,ORD-15643,BlueDart Express,TRK905643,5,8,90,SLA Breached
SHP-45644,ORD-15644,Delhivery Direct,TRK905644,5,6,60,SLA Breached
SHP-45645,ORD-15645,XpressBees Surface,TRK905645,2,2,180,SLA Met
SHP-45647,ORD-15647,BlueDart Express,TRK905647,5,5,120,SLA Met
SHP-45648,ORD-15648,Delhivery Direct,TRK905648,4,4,150,SLA Met
SHP-45649,ORD-15649,Ecom Express,TRK905649,3,3,120,SLA Met
SHP-45650,ORD-15650,BlueDart Express,TRK905650,2,2,150,SLA Met
SHP-45651,ORD-15651,BlueDart Express,TRK905651,5,5,150,SLA Met
SHP-45652,ORD-15652,Shadowfax Surface,TRK905652,2,2,60,SLA Met
SHP-45653,ORD-15653,Delhivery Direct,TRK905653,5,7,150,SLA Breached
SHP-45655,ORD-15655,XpressBees Surface,TRK905655,2,3,90,SLA Breached
SHP-45659,ORD-15659,XpressBees Surface,TRK905659,5,5,120,SLA Met
SHP-45660,ORD-15660,XpressBees Surface,TRK905660,3,3,60,SLA Met
SHP-45662,ORD-15662,Shadowfax Surface,TRK905662,4,4,180,SLA Met
SHP-45663,ORD-15663,Delhivery Direct,TRK905663,4,4,120,SLA Met
SHP-45664,ORD-15664,Shadowfax Surface,TRK905664,2,2,90,SLA Met
SHP-45665,ORD-15665,Ecom Express,TRK905665,5,5,180,SLA Met
SHP-45666,ORD-15666,Shadowfax Surface,TRK905666,4,7,60,SLA Breached
SHP-45667,ORD-15667,BlueDart Express,TRK905667,5,5,120,SLA Met
SHP-45668,ORD-15668,XpressBees Surface,TRK905668,4,4,150,SLA Met
SHP-45669,ORD-15669,Ecom Express,TRK905669,4,6,150,SLA Breached
SHP-45670,ORD-15670,Delhivery Direct,TRK905670,4,4,120,SLA Met
SHP-45671,ORD-15671,Delhivery Direct,TRK905671,5,5,180,SLA Met
SHP-45672,ORD-15672,Ecom Express,TRK905672,5,5,90,SLA Met
SHP-45673,ORD-15673,Delhivery Direct,TRK905673,2,2,180,SLA Met
SHP-45674,ORD-15674,Ecom Express,TRK905674,4,4,180,SLA Met
SHP-45675,ORD-15675,XpressBees Surface,TRK905675,4,4,120,SLA Met
SHP-45676,ORD-15676,Ecom Express,TRK905676,2,2,150,SLA Met
SHP-45677,ORD-15677,XpressBees Surface,TRK905677,2,2,180,SLA Met
SHP-45679,ORD-15679,Shadowfax Surface,TRK905679,5,5,180,SLA Met
SHP-45680,ORD-15680,Shadowfax Surface,TRK905680,2,6,120,SLA Breached
SHP-45681,ORD-15681,Delhivery Direct,TRK905681,5,5,180,SLA Met
SHP-45682,ORD-15682,XpressBees Surface,TRK905682,3,3,180,SLA Met
SHP-45683,ORD-15683,Ecom Express,TRK905683,3,4,180,SLA Breached
SHP-45684,ORD-15684,Delhivery Direct,TRK905684,4,4,150,SLA Met
SHP-45685,ORD-15685,BlueDart Express,TRK905685,5,5,90,SLA Met
SHP-45686,ORD-15686,XpressBees Surface,TRK905686,2,2,180,SLA Met
SHP-45687,ORD-15687,XpressBees Surface,TRK905687,3,3,180,SLA Met
SHP-45689,ORD-15689,BlueDart Express,TRK905689,3,3,120,SLA Met
SHP-45690,ORD-15690,Shadowfax Surface,TRK905690,3,3,150,SLA Met
SHP-45691,ORD-15691,Shadowfax Surface,TRK905691,2,2,150,SLA Met
SHP-45693,ORD-15693,Delhivery Direct,TRK905693,2,2,90,SLA Met
SHP-45695,ORD-15695,Shadowfax Surface,TRK905695,4,4,60,SLA Met
SHP-45696,ORD-15696,Delhivery Direct,TRK905696,5,5,180,SLA Met
SHP-45697,ORD-15697,Delhivery Direct,TRK905697,2,5,60,SLA Breached
SHP-45698,ORD-15698,XpressBees Surface,TRK905698,2,4,120,SLA Breached
SHP-45699,ORD-15699,XpressBees Surface,TRK905699,2,2,150,SLA Met
SHP-45701,ORD-15701,Delhivery Direct,TRK905701,4,4,60,SLA Met
SHP-45702,ORD-15702,Ecom Express,TRK905702,4,4,180,SLA Met
SHP-45703,ORD-15703,Shadowfax Surface,TRK905703,3,3,90,SLA Met
SHP-45705,ORD-15705,Ecom Express,TRK905705,4,4,90,SLA Met
SHP-45706,ORD-15706,BlueDart Express,TRK905706,5,5,180,SLA Met
SHP-45707,ORD-15707,Shadowfax Surface,TRK905707,4,4,120,SLA Met
SHP-45708,ORD-15708,Ecom Express,TRK905708,5,5,150,SLA Met
SHP-45709,ORD-15709,Delhivery Direct,TRK905709,4,6,150,SLA Breached
SHP-45710,ORD-15710,XpressBees Surface,TRK905710,3,3,120,SLA Met
SHP-45711,ORD-15711,Delhivery Direct,TRK905711,5,6,150,SLA Breached
SHP-45712,ORD-15712,Shadowfax Surface,TRK905712,5,5,150,SLA Met
SHP-45713,ORD-15713,Ecom Express,TRK905713,3,3,90,SLA Met
SHP-45715,ORD-15715,Delhivery Direct,TRK905715,4,4,90,SLA Met
SHP-45716,ORD-15716,BlueDart Express,TRK905716,5,6,150,SLA Breached
SHP-45717,ORD-15717,Delhivery Direct,TRK905717,3,3,150,SLA Met
SHP-45719,ORD-15719,Delhivery Direct,TRK905719,3,3,180,SLA Met
SHP-45720,ORD-15720,XpressBees Surface,TRK905720,2,2,180,SLA Met
SHP-45721,ORD-15721,Ecom Express,TRK905721,5,5,180,SLA Met
SHP-45722,ORD-15722,Shadowfax Surface,TRK905722,3,6,180,SLA Breached
SHP-45723,ORD-15723,Shadowfax Surface,TRK905723,2,2,150,SLA Met
SHP-45724,ORD-15724,Ecom Express,TRK905724,2,6,60,SLA Breached
SHP-45726,ORD-15726,Shadowfax Surface,TRK905726,5,5,60,SLA Met
SHP-45727,ORD-15727,BlueDart Express,TRK905727,2,2,120,SLA Met
SHP-45728,ORD-15728,BlueDart Express,TRK905728,4,5,60,SLA Breached
SHP-45729,ORD-15729,XpressBees Surface,TRK905729,3,3,150,SLA Met
SHP-45730,ORD-15730,Shadowfax Surface,TRK905730,2,2,60,SLA Met
SHP-45731,ORD-15731,Shadowfax Surface,TRK905731,5,5,150,SLA Met
SHP-45732,ORD-15732,Ecom Express,TRK905732,2,2,150,SLA Met
SHP-45734,ORD-15734,Ecom Express,TRK905734,2,2,120,SLA Met
SHP-45736,ORD-15736,Ecom Express,TRK905736,5,5,150,SLA Met
SHP-45737,ORD-15737,Delhivery Direct,TRK905737,5,5,180,SLA Met
SHP-45738,ORD-15738,Shadowfax Surface,TRK905738,5,5,120,SLA Met
SHP-45739,ORD-15739,Delhivery Direct,TRK905739,5,8,150,SLA Breached
SHP-45740,ORD-15740,Shadowfax Surface,TRK905740,4,4,120,SLA Met
SHP-45741,ORD-15741,Ecom Express,TRK905741,5,5,60,SLA Met
SHP-45742,ORD-15742,BlueDart Express,TRK905742,3,3,180,SLA Met
SHP-45743,ORD-15743,Delhivery Direct,TRK905743,3,7,150,SLA Breached
SHP-45744,ORD-15744,BlueDart Express,TRK905744,5,5,180,SLA Met
SHP-45745,ORD-15745,Ecom Express,TRK905745,5,5,60,SLA Met
SHP-45746,ORD-15746,BlueDart Express,TRK905746,4,4,60,SLA Met
SHP-45747,ORD-15747,BlueDart Express,TRK905747,4,4,180,SLA Met
SHP-45748,ORD-15748,Shadowfax Surface,TRK905748,5,5,180,SLA Met
SHP-45749,ORD-15749,Delhivery Direct,TRK905749,2,2,120,SLA Met
SHP-45750,ORD-15750,Delhivery Direct,TRK905750,5,5,150,SLA Met
SHP-45751,ORD-15751,Delhivery Direct,TRK905751,4,4,180,SLA Met
SHP-45752,ORD-15752,BlueDart Express,TRK905752,2,2,90,SLA Met
SHP-45753,ORD-15753,Ecom Express,TRK905753,5,5,180,SLA Met
SHP-45756,ORD-15756,Ecom Express,TRK905756,3,3,120,SLA Met
SHP-45757,ORD-15757,Delhivery Direct,TRK905757,4,8,90,SLA Breached
SHP-45758,ORD-15758,Ecom Express,TRK905758,5,5,120,SLA Met
SHP-45759,ORD-15759,Delhivery Direct,TRK905759,5,5,60,SLA Met
SHP-45760,ORD-15760,XpressBees Surface,TRK905760,3,3,120,SLA Met
SHP-45762,ORD-15762,Delhivery Direct,TRK905762,3,4,120,SLA Breached
SHP-45764,ORD-15764,Ecom Express,TRK905764,5,5,90,SLA Met
SHP-45765,ORD-15765,Shadowfax Surface,TRK905765,5,5,90,SLA Met
SHP-45766,ORD-15766,Ecom Express,TRK905766,4,4,180,SLA Met
SHP-45767,ORD-15767,Ecom Express,TRK905767,4,8,180,SLA Breached
SHP-45768,ORD-15768,Ecom Express,TRK905768,4,4,150,SLA Met
SHP-45769,ORD-15769,Ecom Express,TRK905769,2,2,150,SLA Met
SHP-45770,ORD-15770,Ecom Express,TRK905770,2,2,180,SLA Met
SHP-45771,ORD-15771,XpressBees Surface,TRK905771,4,4,150,SLA Met
SHP-45772,ORD-15772,Delhivery Direct,TRK905772,2,2,120,SLA Met
SHP-45773,ORD-15773,Shadowfax Surface,TRK905773,2,2,180,SLA Met
SHP-45776,ORD-15776,XpressBees Surface,TRK905776,2,2,90,SLA Met
SHP-45777,ORD-15777,BlueDart Express,TRK905777,5,5,120,SLA Met
SHP-45779,ORD-15779,BlueDart Express,TRK905779,4,4,150,SLA Met
SHP-45780,ORD-15780,BlueDart Express,TRK905780,3,5,150,SLA Breached
SHP-45781,ORD-15781,BlueDart Express,TRK905781,3,3,150,SLA Met
SHP-45783,ORD-15783,Delhivery Direct,TRK905783,3,3,120,SLA Met
SHP-45784,ORD-15784,Shadowfax Surface,TRK905784,3,3,180,SLA Met
SHP-45786,ORD-15786,XpressBees Surface,TRK905786,3,3,180,SLA Met
SHP-45787,ORD-15787,Ecom Express,TRK905787,5,5,180,SLA Met
SHP-45788,ORD-15788,Shadowfax Surface,TRK905788,4,4,120,SLA Met
SHP-45789,ORD-15789,XpressBees Surface,TRK905789,5,5,150,SLA Met
SHP-45791,ORD-15791,Delhivery Direct,TRK905791,4,4,150,SLA Met
SHP-45792,ORD-15792,Ecom Express,TRK905792,3,3,150,SLA Met
SHP-45793,ORD-15793,Delhivery Direct,TRK905793,5,5,120,SLA Met
SHP-45794,ORD-15794,Shadowfax Surface,TRK905794,3,5,180,SLA Breached
SHP-45796,ORD-15796,Ecom Express,TRK905796,3,3,90,SLA Met
SHP-45797,ORD-15797,BlueDart Express,TRK905797,5,5,90,SLA Met
SHP-45799,ORD-15799,BlueDart Express,TRK905799,5,5,60,SLA Met
SHP-45800,ORD-15800,XpressBees Surface,TRK905800,4,4,60,SLA Met
SHP-45801,ORD-15801,XpressBees Surface,TRK905801,3,3,180,SLA Met
SHP-45802,ORD-15802,XpressBees Surface,TRK905802,5,5,150,SLA Met
SHP-45803,ORD-15803,BlueDart Express,TRK905803,2,2,90,SLA Met
SHP-45804,ORD-15804,XpressBees Surface,TRK905804,5,5,90,SLA Met
SHP-45805,ORD-15805,Ecom Express,TRK905805,4,5,120,SLA Breached
SHP-45806,ORD-15806,Shadowfax Surface,TRK905806,5,5,180,SLA Met
SHP-45807,ORD-15807,Shadowfax Surface,TRK905807,2,2,60,SLA Met
SHP-45808,ORD-15808,BlueDart Express,TRK905808,4,4,150,SLA Met
SHP-45810,ORD-15810,BlueDart Express,TRK905810,4,4,90,SLA Met
SHP-45812,ORD-15812,Delhivery Direct,TRK905812,3,3,180,SLA Met
SHP-45813,ORD-15813,Delhivery Direct,TRK905813,5,5,120,SLA Met
SHP-45814,ORD-15814,XpressBees Surface,TRK905814,3,4,60,SLA Breached
SHP-45815,ORD-15815,Shadowfax Surface,TRK905815,2,5,90,SLA Breached
SHP-45816,ORD-15816,BlueDart Express,TRK905816,3,3,90,SLA Met
SHP-45817,ORD-15817,BlueDart Express,TRK905817,5,5,90,SLA Met
SHP-45819,ORD-15819,Ecom Express,TRK905819,3,3,150,SLA Met
SHP-45820,ORD-15820,Delhivery Direct,TRK905820,5,7,180,SLA Breached
SHP-45822,ORD-15822,Ecom Express,TRK905822,2,2,90,SLA Met
SHP-45823,ORD-15823,BlueDart Express,TRK905823,3,5,90,SLA Breached
SHP-45824,ORD-15824,BlueDart Express,TRK905824,3,5,90,SLA Breached
SHP-45826,ORD-15826,Shadowfax Surface,TRK905826,5,5,60,SLA Met
SHP-45827,ORD-15827,Shadowfax Surface,TRK905827,3,3,150,SLA Met
SHP-45828,ORD-15828,BlueDart Express,TRK905828,4,4,90,SLA Met
SHP-45829,ORD-15829,Ecom Express,TRK905829,4,4,60,SLA Met
SHP-45830,ORD-15830,Delhivery Direct,TRK905830,4,4,180,SLA Met
SHP-45831,ORD-15831,XpressBees Surface,TRK905831,5,5,90,SLA Met
SHP-45832,ORD-15832,Ecom Express,TRK905832,3,3,150,SLA Met
SHP-45833,ORD-15833,Ecom Express,TRK905833,5,8,90,SLA Breached
SHP-45834,ORD-15834,Shadowfax Surface,TRK905834,3,3,120,SLA Met
SHP-45835,ORD-15835,XpressBees Surface,TRK905835,5,5,60,SLA Met
SHP-45836,ORD-15836,Delhivery Direct,TRK905836,3,3,150,SLA Met
SHP-45837,ORD-15837,Shadowfax Surface,TRK905837,2,2,90,SLA Met
SHP-45839,ORD-15839,BlueDart Express,TRK905839,3,3,60,SLA Met
SHP-45840,ORD-15840,Shadowfax Surface,TRK905840,2,2,60,SLA Met
SHP-45842,ORD-15842,Delhivery Direct,TRK905842,2,2,90,SLA Met
SHP-45844,ORD-15844,BlueDart Express,TRK905844,5,5,150,SLA Met
SHP-45845,ORD-15845,Shadowfax Surface,TRK905845,5,5,150,SLA Met
SHP-45846,ORD-15846,Shadowfax Surface,TRK905846,2,2,120,SLA Met
SHP-45847,ORD-15847,Delhivery Direct,TRK905847,5,6,150,SLA Breached
SHP-45848,ORD-15848,Shadowfax Surface,TRK905848,3,3,120,SLA Met
SHP-45849,ORD-15849,Shadowfax Surface,TRK905849,4,4,60,SLA Met
SHP-45850,ORD-15850,Ecom Express,TRK905850,5,5,150,SLA Met
SHP-45853,ORD-15853,Shadowfax Surface,TRK905853,2,2,60,SLA Met
SHP-45854,ORD-15854,Delhivery Direct,TRK905854,3,3,120,SLA Met
SHP-45855,ORD-15855,Delhivery Direct,TRK905855,5,5,180,SLA Met
SHP-45856,ORD-15856,BlueDart Express,TRK905856,3,3,150,SLA Met
SHP-45857,ORD-15857,XpressBees Surface,TRK905857,2,2,60,SLA Met
SHP-45858,ORD-15858,Ecom Express,TRK905858,2,2,150,SLA Met
SHP-45859,ORD-15859,Shadowfax Surface,TRK905859,3,3,90,SLA Met
SHP-45862,ORD-15862,Shadowfax Surface,TRK905862,2,2,180,SLA Met
SHP-45863,ORD-15863,Ecom Express,TRK905863,2,5,60,SLA Breached
SHP-45864,ORD-15864,XpressBees Surface,TRK905864,5,5,180,SLA Met
SHP-45865,ORD-15865,BlueDart Express,TRK905865,5,6,120,SLA Breached
SHP-45867,ORD-15867,Delhivery Direct,TRK905867,2,2,150,SLA Met
SHP-45868,ORD-15868,Delhivery Direct,TRK905868,5,5,150,SLA Met
SHP-45869,ORD-15869,Delhivery Direct,TRK905869,5,5,60,SLA Met
SHP-45870,ORD-15870,BlueDart Express,TRK905870,4,5,120,SLA Breached
SHP-45871,ORD-15871,Shadowfax Surface,TRK905871,2,2,60,SLA Met
SHP-45873,ORD-15873,Shadowfax Surface,TRK905873,2,2,150,SLA Met
SHP-45874,ORD-15874,Ecom Express,TRK905874,3,3,180,SLA Met
SHP-45875,ORD-15875,BlueDart Express,TRK905875,2,2,120,SLA Met
SHP-45876,ORD-15876,BlueDart Express,TRK905876,3,7,180,SLA Breached
SHP-45878,ORD-15878,XpressBees Surface,TRK905878,3,3,120,SLA Met
SHP-45880,ORD-15880,XpressBees Surface,TRK905880,4,8,60,SLA Breached
SHP-45881,ORD-15881,Delhivery Direct,TRK905881,3,3,180,SLA Met
SHP-45882,ORD-15882,BlueDart Express,TRK905882,4,6,180,SLA Breached
SHP-45883,ORD-15883,BlueDart Express,TRK905883,4,4,180,SLA Met
SHP-45884,ORD-15884,Shadowfax Surface,TRK905884,5,9,60,SLA Breached
SHP-45885,ORD-15885,XpressBees Surface,TRK905885,2,2,180,SLA Met
SHP-45886,ORD-15886,Delhivery Direct,TRK905886,2,2,180,SLA Met
SHP-45887,ORD-15887,BlueDart Express,TRK905887,5,7,150,SLA Breached
SHP-45888,ORD-15888,XpressBees Surface,TRK905888,2,2,60,SLA Met
SHP-45889,ORD-15889,BlueDart Express,TRK905889,4,4,60,SLA Met
SHP-45890,ORD-15890,BlueDart Express,TRK905890,5,5,150,SLA Met
SHP-45891,ORD-15891,Delhivery Direct,TRK905891,3,3,180,SLA Met
SHP-45892,ORD-15892,XpressBees Surface,TRK905892,3,4,180,SLA Breached
SHP-45893,ORD-15893,XpressBees Surface,TRK905893,4,4,60,SLA Met
SHP-45895,ORD-15895,Delhivery Direct,TRK905895,5,5,60,SLA Met
SHP-45896,ORD-15896,Ecom Express,TRK905896,5,5,150,SLA Met
SHP-45897,ORD-15897,BlueDart Express,TRK905897,2,2,120,SLA Met
SHP-45898,ORD-15898,BlueDart Express,TRK905898,5,5,60,SLA Met
SHP-45900,ORD-15900,Shadowfax Surface,TRK905900,2,2,90,SLA Met
SHP-45901,ORD-15901,Shadowfax Surface,TRK905901,3,3,180,SLA Met
SHP-45902,ORD-15902,XpressBees Surface,TRK905902,4,4,60,SLA Met
SHP-45903,ORD-15903,Shadowfax Surface,TRK905903,4,4,180,SLA Met
SHP-45904,ORD-15904,Shadowfax Surface,TRK905904,4,4,150,SLA Met
SHP-45905,ORD-15905,Delhivery Direct,TRK905905,3,3,60,SLA Met
SHP-45907,ORD-15907,XpressBees Surface,TRK905907,5,9,60,SLA Breached
SHP-45909,ORD-15909,Delhivery Direct,TRK905909,2,3,150,SLA Breached
SHP-45910,ORD-15910,Shadowfax Surface,TRK905910,2,2,90,SLA Met
SHP-45911,ORD-15911,Shadowfax Surface,TRK905911,5,5,120,SLA Met
SHP-45912,ORD-15912,XpressBees Surface,TRK905912,4,4,150,SLA Met
SHP-45913,ORD-15913,Shadowfax Surface,TRK905913,4,4,90,SLA Met
SHP-45915,ORD-15915,BlueDart Express,TRK905915,4,4,60,SLA Met
SHP-45916,ORD-15916,Delhivery Direct,TRK905916,3,6,60,SLA Breached
SHP-45917,ORD-15917,Ecom Express,TRK905917,5,5,180,SLA Met
SHP-45918,ORD-15918,Delhivery Direct,TRK905918,4,4,90,SLA Met
SHP-45919,ORD-15919,Shadowfax Surface,TRK905919,3,3,150,SLA Met
SHP-45920,ORD-15920,XpressBees Surface,TRK905920,3,3,150,SLA Met
SHP-45921,ORD-15921,BlueDart Express,TRK905921,5,5,90,SLA Met
SHP-45922,ORD-15922,Delhivery Direct,TRK905922,2,2,180,SLA Met
SHP-45923,ORD-15923,Shadowfax Surface,TRK905923,3,3,120,SLA Met
SHP-45924,ORD-15924,Delhivery Direct,TRK905924,2,2,120,SLA Met
SHP-45925,ORD-15925,Ecom Express,TRK905925,4,4,180,SLA Met
SHP-45926,ORD-15926,Delhivery Direct,TRK905926,4,8,90,SLA Breached
SHP-45927,ORD-15927,Shadowfax Surface,TRK905927,2,2,90,SLA Met
SHP-45928,ORD-15928,Shadowfax Surface,TRK905928,3,3,150,SLA Met
SHP-45929,ORD-15929,XpressBees Surface,TRK905929,5,5,180,SLA Met
SHP-45930,ORD-15930,Delhivery Direct,TRK905930,2,2,90,SLA Met
SHP-45931,ORD-15931,Ecom Express,TRK905931,3,3,60,SLA Met
SHP-45934,ORD-15934,BlueDart Express,TRK905934,2,2,180,SLA Met
SHP-45935,ORD-15935,XpressBees Surface,TRK905935,2,2,60,SLA Met
SHP-45936,ORD-15936,Ecom Express,TRK905936,5,5,60,SLA Met
SHP-45937,ORD-15937,XpressBees Surface,TRK905937,4,4,90,SLA Met
SHP-45938,ORD-15938,Delhivery Direct,TRK905938,3,7,90,SLA Breached
SHP-45939,ORD-15939,BlueDart Express,TRK905939,5,5,150,SLA Met
SHP-45941,ORD-15941,Ecom Express,TRK905941,2,2,150,SLA Met
SHP-45942,ORD-15942,Delhivery Direct,TRK905942,2,4,180,SLA Breached
SHP-45943,ORD-15943,Shadowfax Surface,TRK905943,2,2,150,SLA Met
SHP-45944,ORD-15944,Ecom Express,TRK905944,3,3,60,SLA Met
SHP-45945,ORD-15945,XpressBees Surface,TRK905945,2,2,180,SLA Met
SHP-45946,ORD-15946,Delhivery Direct,TRK905946,4,6,180,SLA Breached
SHP-45947,ORD-15947,XpressBees Surface,TRK905947,2,4,150,SLA Breached
SHP-45948,ORD-15948,Ecom Express,TRK905948,3,3,120,SLA Met
SHP-45949,ORD-15949,Ecom Express,TRK905949,3,7,150,SLA Breached
SHP-45950,ORD-15950,Ecom Express,TRK905950,4,6,120,SLA Breached
SHP-45953,ORD-15953,BlueDart Express,TRK905953,2,2,120,SLA Met
SHP-45954,ORD-15954,BlueDart Express,TRK905954,5,5,150,SLA Met
SHP-45955,ORD-15955,Delhivery Direct,TRK905955,2,2,120,SLA Met
SHP-45956,ORD-15956,Delhivery Direct,TRK905956,4,7,60,SLA Breached
SHP-45957,ORD-15957,Ecom Express,TRK905957,3,3,90,SLA Met
SHP-45958,ORD-15958,BlueDart Express,TRK905958,2,2,90,SLA Met
SHP-45959,ORD-15959,Ecom Express,TRK905959,5,7,90,SLA Breached
SHP-45960,ORD-15960,Delhivery Direct,TRK905960,3,3,150,SLA Met
SHP-45961,ORD-15961,Ecom Express,TRK905961,2,2,120,SLA Met
SHP-45962,ORD-15962,Shadowfax Surface,TRK905962,3,3,150,SLA Met
SHP-45963,ORD-15963,Delhivery Direct,TRK905963,4,4,120,SLA Met
SHP-45964,ORD-15964,Delhivery Direct,TRK905964,3,3,120,SLA Met
SHP-45965,ORD-15965,Shadowfax Surface,TRK905965,2,2,90,SLA Met
SHP-45966,ORD-15966,Ecom Express,TRK905966,2,2,120,SLA Met
SHP-45967,ORD-15967,XpressBees Surface,TRK905967,5,9,150,SLA Breached
SHP-45968,ORD-15968,XpressBees Surface,TRK905968,2,6,90,SLA Breached
SHP-45969,ORD-15969,Delhivery Direct,TRK905969,5,5,180,SLA Met
SHP-45970,ORD-15970,XpressBees Surface,TRK905970,5,5,60,SLA Met
SHP-45971,ORD-15971,Ecom Express,TRK905971,5,5,90,SLA Met
SHP-45972,ORD-15972,Delhivery Direct,TRK905972,4,4,150,SLA Met
SHP-45973,ORD-15973,BlueDart Express,TRK905973,5,5,180,SLA Met
SHP-45974,ORD-15974,Ecom Express,TRK905974,3,3,120,SLA Met
SHP-45975,ORD-15975,Shadowfax Surface,TRK905975,2,4,60,SLA Breached
SHP-45977,ORD-15977,XpressBees Surface,TRK905977,2,6,150,SLA Breached
SHP-45978,ORD-15978,Shadowfax Surface,TRK905978,4,4,60,SLA Met
SHP-45979,ORD-15979,BlueDart Express,TRK905979,2,2,90,SLA Met
SHP-45980,ORD-15980,Shadowfax Surface,TRK905980,5,6,90,SLA Breached
SHP-45981,ORD-15981,XpressBees Surface,TRK905981,5,5,180,SLA Met
SHP-45982,ORD-15982,Delhivery Direct,TRK905982,4,4,120,SLA Met
SHP-45983,ORD-15983,Delhivery Direct,TRK905983,2,2,60,SLA Met
SHP-45986,ORD-15986,Ecom Express,TRK905986,3,3,180,SLA Met
SHP-45987,ORD-15987,Shadowfax Surface,TRK905987,4,4,150,SLA Met
SHP-45989,ORD-15989,Ecom Express,TRK905989,4,4,180,SLA Met
SHP-45991,ORD-15991,Delhivery Direct,TRK905991,3,3,180,SLA Met
SHP-45992,ORD-15992,Ecom Express,TRK905992,4,4,60,SLA Met
SHP-45993,ORD-15993,Ecom Express,TRK905993,4,4,90,SLA Met
SHP-45994,ORD-15994,XpressBees Surface,TRK905994,4,4,120,SLA Met
SHP-45995,ORD-15995,Shadowfax Surface,TRK905995,2,2,180,SLA Met
SHP-45996,ORD-15996,Delhivery Direct,TRK905996,4,4,150,SLA Met
SHP-45998,ORD-15998,Ecom Express,TRK905998,5,5,90,SLA Met
SHP-45999,ORD-15999,XpressBees Surface,TRK905999,2,3,60,SLA Breached
SHP-46000,ORD-16000,Shadowfax Surface,TRK906000,3,3,90,SLA Met
SHP-46001,ORD-16001,Shadowfax Surface,TRK906001,4,6,150,SLA Breached
SHP-46002,ORD-16002,Shadowfax Surface,TRK906002,2,2,90,SLA Met
SHP-46003,ORD-16003,Ecom Express,TRK906003,4,4,120,SLA Met
SHP-46004,ORD-16004,XpressBees Surface,TRK906004,3,3,180,SLA Met
SHP-46005,ORD-16005,Shadowfax Surface,TRK906005,2,3,90,SLA Breached
SHP-46006,ORD-16006,BlueDart Express,TRK906006,5,8,150,SLA Breached
SHP-46007,ORD-16007,XpressBees Surface,TRK906007,4,4,150,SLA Met
SHP-46008,ORD-16008,XpressBees Surface,TRK906008,3,3,90,SLA Met
SHP-46009,ORD-16009,Ecom Express,TRK906009,2,3,90,SLA Breached
SHP-46010,ORD-16010,Ecom Express,TRK906010,3,4,90,SLA Breached
SHP-46012,ORD-16012,XpressBees Surface,TRK906012,3,3,60,SLA Met
SHP-46013,ORD-16013,XpressBees Surface,TRK906013,5,5,60,SLA Met
SHP-46014,ORD-16014,Ecom Express,TRK906014,2,2,120,SLA Met
SHP-46015,ORD-16015,XpressBees Surface,TRK906015,5,6,90,SLA Breached
SHP-46016,ORD-16016,Delhivery Direct,TRK906016,4,4,150,SLA Met
SHP-46017,ORD-16017,BlueDart Express,TRK906017,3,3,60,SLA Met
SHP-46018,ORD-16018,Delhivery Direct,TRK906018,4,4,90,SLA Met
SHP-46019,ORD-16019,BlueDart Express,TRK906019,3,3,90,SLA Met
SHP-46020,ORD-16020,Shadowfax Surface,TRK906020,2,2,120,SLA Met
SHP-46021,ORD-16021,Shadowfax Surface,TRK906021,4,4,90,SLA Met
SHP-46022,ORD-16022,Shadowfax Surface,TRK906022,2,2,60,SLA Met
SHP-46023,ORD-16023,BlueDart Express,TRK906023,5,5,150,SLA Met
SHP-46024,ORD-16024,Delhivery Direct,TRK906024,2,2,150,SLA Met
SHP-46025,ORD-16025,Shadowfax Surface,TRK906025,5,5,60,SLA Met
SHP-46027,ORD-16027,Shadowfax Surface,TRK906027,5,5,180,SLA Met
SHP-46029,ORD-16029,XpressBees Surface,TRK906029,4,4,150,SLA Met
SHP-46031,ORD-16031,Shadowfax Surface,TRK906031,4,4,60,SLA Met
SHP-46032,ORD-16032,BlueDart Express,TRK906032,2,2,180,SLA Met
SHP-46033,ORD-16033,BlueDart Express,TRK906033,4,4,180,SLA Met
SHP-46034,ORD-16034,BlueDart Express,TRK906034,2,2,180,SLA Met
SHP-46035,ORD-16035,Delhivery Direct,TRK906035,5,7,90,SLA Breached
SHP-46037,ORD-16037,Ecom Express,TRK906037,2,2,180,SLA Met
SHP-46038,ORD-16038,Delhivery Direct,TRK906038,4,4,60,SLA Met
SHP-46040,ORD-16040,BlueDart Express,TRK906040,3,7,60,SLA Breached
SHP-46042,ORD-16042,Shadowfax Surface,TRK906042,3,4,120,SLA Breached
SHP-46043,ORD-16043,XpressBees Surface,TRK906043,5,5,150,SLA Met
SHP-46044,ORD-16044,Shadowfax Surface,TRK906044,3,3,150,SLA Met
SHP-46046,ORD-16046,BlueDart Express,TRK906046,2,2,120,SLA Met
SHP-46047,ORD-16047,BlueDart Express,TRK906047,3,5,150,SLA Breached
SHP-46049,ORD-16049,Shadowfax Surface,TRK906049,2,2,150,SLA Met
SHP-46050,ORD-16050,BlueDart Express,TRK906050,2,2,150,SLA Met
SHP-46051,ORD-16051,Ecom Express,TRK906051,2,4,150,SLA Breached
SHP-46052,ORD-16052,BlueDart Express,TRK906052,2,4,150,SLA Breached
SHP-46053,ORD-16053,XpressBees Surface,TRK906053,5,6,90,SLA Breached
SHP-46054,ORD-16054,Ecom Express,TRK906054,3,3,150,SLA Met
SHP-46055,ORD-16055,Shadowfax Surface,TRK906055,4,4,150,SLA Met
SHP-46056,ORD-16056,XpressBees Surface,TRK906056,2,2,180,SLA Met
SHP-46058,ORD-16058,XpressBees Surface,TRK906058,4,6,120,SLA Breached
SHP-46059,ORD-16059,BlueDart Express,TRK906059,2,2,90,SLA Met
SHP-46060,ORD-16060,Ecom Express,TRK906060,3,3,150,SLA Met
SHP-46061,ORD-16061,Ecom Express,TRK906061,4,6,90,SLA Breached
SHP-46062,ORD-16062,BlueDart Express,TRK906062,4,4,120,SLA Met
SHP-46063,ORD-16063,Ecom Express,TRK906063,2,2,150,SLA Met
SHP-46064,ORD-16064,Delhivery Direct,TRK906064,5,5,180,SLA Met
SHP-46065,ORD-16065,Delhivery Direct,TRK906065,3,3,180,SLA Met
SHP-46066,ORD-16066,XpressBees Surface,TRK906066,5,5,90,SLA Met
SHP-46067,ORD-16067,XpressBees Surface,TRK906067,5,5,150,SLA Met
SHP-46069,ORD-16069,Ecom Express,TRK906069,2,2,180,SLA Met
SHP-46070,ORD-16070,Ecom Express,TRK906070,2,5,60,SLA Breached
SHP-46072,ORD-16072,BlueDart Express,TRK906072,5,5,180,SLA Met
SHP-46073,ORD-16073,Delhivery Direct,TRK906073,4,4,180,SLA Met
SHP-46074,ORD-16074,BlueDart Express,TRK906074,2,3,120,SLA Breached
SHP-46075,ORD-16075,BlueDart Express,TRK906075,3,5,150,SLA Breached
SHP-46077,ORD-16077,Ecom Express,TRK906077,4,4,150,SLA Met
SHP-46079,ORD-16079,XpressBees Surface,TRK906079,3,4,60,SLA Breached
SHP-46080,ORD-16080,BlueDart Express,TRK906080,2,2,60,SLA Met
SHP-46081,ORD-16081,Ecom Express,TRK906081,5,5,60,SLA Met
SHP-46082,ORD-16082,Shadowfax Surface,TRK906082,3,3,180,SLA Met
SHP-46083,ORD-16083,XpressBees Surface,TRK906083,5,5,90,SLA Met
SHP-46084,ORD-16084,Ecom Express,TRK906084,4,4,120,SLA Met
SHP-46085,ORD-16085,Ecom Express,TRK906085,2,2,90,SLA Met
SHP-46086,ORD-16086,Ecom Express,TRK906086,2,2,120,SLA Met
SHP-46087,ORD-16087,Delhivery Direct,TRK906087,3,3,150,SLA Met
SHP-46088,ORD-16088,Ecom Express,TRK906088,2,2,90,SLA Met
SHP-46089,ORD-16089,BlueDart Express,TRK906089,3,3,90,SLA Met
SHP-46090,ORD-16090,Ecom Express,TRK906090,3,3,90,SLA Met
SHP-46091,ORD-16091,Ecom Express,TRK906091,2,2,120,SLA Met
SHP-46092,ORD-16092,Shadowfax Surface,TRK906092,2,2,180,SLA Met
SHP-46093,ORD-16093,BlueDart Express,TRK906093,5,6,180,SLA Breached
SHP-46094,ORD-16094,Delhivery Direct,TRK906094,2,2,180,SLA Met
SHP-46095,ORD-16095,Delhivery Direct,TRK906095,2,2,60,SLA Met
SHP-46096,ORD-16096,XpressBees Surface,TRK906096,5,9,120,SLA Breached
SHP-46098,ORD-16098,Shadowfax Surface,TRK906098,5,5,120,SLA Met
SHP-46099,ORD-16099,Shadowfax Surface,TRK906099,2,2,150,SLA Met
SHP-46100,ORD-16100,Ecom Express,TRK906100,4,4,90,SLA Met
SHP-46102,ORD-16102,Delhivery Direct,TRK906102,3,3,90,SLA Met
SHP-46103,ORD-16103,Shadowfax Surface,TRK906103,2,2,180,SLA Met
SHP-46104,ORD-16104,BlueDart Express,TRK906104,5,5,60,SLA Met
SHP-46105,ORD-16105,XpressBees Surface,TRK906105,4,4,60,SLA Met
SHP-46106,ORD-16106,XpressBees Surface,TRK906106,3,3,60,SLA Met
SHP-46107,ORD-16107,Shadowfax Surface,TRK906107,3,3,180,SLA Met
SHP-46108,ORD-16108,Shadowfax Surface,TRK906108,3,3,180,SLA Met
SHP-46109,ORD-16109,Delhivery Direct,TRK906109,5,5,150,SLA Met
SHP-46110,ORD-16110,Shadowfax Surface,TRK906110,4,4,90,SLA Met
SHP-46111,ORD-16111,XpressBees Surface,TRK906111,2,2,120,SLA Met
SHP-46112,ORD-16112,Ecom Express,TRK906112,5,5,90,SLA Met
SHP-46113,ORD-16113,Shadowfax Surface,TRK906113,2,2,120,SLA Met
SHP-46114,ORD-16114,Ecom Express,TRK906114,3,3,150,SLA Met
SHP-46116,ORD-16116,Shadowfax Surface,TRK906116,5,9,150,SLA Breached
SHP-46117,ORD-16117,BlueDart Express,TRK906117,4,4,90,SLA Met
SHP-46118,ORD-16118,Delhivery Direct,TRK906118,5,6,150,SLA Breached
SHP-46119,ORD-16119,Delhivery Direct,TRK906119,3,3,120,SLA Met
SHP-46120,ORD-16120,Ecom Express,TRK906120,3,3,180,SLA Met
SHP-46121,ORD-16121,XpressBees Surface,TRK906121,3,3,120,SLA Met
SHP-46122,ORD-16122,Delhivery Direct,TRK906122,5,5,90,SLA Met
SHP-46123,ORD-16123,XpressBees Surface,TRK906123,3,3,60,SLA Met
SHP-46124,ORD-16124,BlueDart Express,TRK906124,5,6,120,SLA Breached
SHP-46125,ORD-16125,XpressBees Surface,TRK906125,4,4,120,SLA Met
SHP-46126,ORD-16126,Shadowfax Surface,TRK906126,3,3,150,SLA Met
SHP-46127,ORD-16127,Shadowfax Surface,TRK906127,3,3,150,SLA Met
SHP-46128,ORD-16128,BlueDart Express,TRK906128,3,3,180,SLA Met
SHP-46129,ORD-16129,Shadowfax Surface,TRK906129,2,2,90,SLA Met
SHP-46130,ORD-16130,Shadowfax Surface,TRK906130,2,2,180,SLA Met
SHP-46131,ORD-16131,BlueDart Express,TRK906131,3,3,150,SLA Met
SHP-46133,ORD-16133,XpressBees Surface,TRK906133,3,3,150,SLA Met
SHP-46134,ORD-16134,Ecom Express,TRK906134,4,8,90,SLA Breached
SHP-46136,ORD-16136,BlueDart Express,TRK906136,2,2,60,SLA Met
SHP-46137,ORD-16137,Delhivery Direct,TRK906137,5,5,60,SLA Met
SHP-46138,ORD-16138,Ecom Express,TRK906138,3,3,60,SLA Met
SHP-46140,ORD-16140,BlueDart Express,TRK906140,3,3,180,SLA Met
SHP-46141,ORD-16141,Ecom Express,TRK906141,2,2,60,SLA Met
SHP-46142,ORD-16142,Shadowfax Surface,TRK906142,5,7,180,SLA Breached
SHP-46143,ORD-16143,Ecom Express,TRK906143,3,3,180,SLA Met
SHP-46144,ORD-16144,Shadowfax Surface,TRK906144,3,3,90,SLA Met
SHP-46145,ORD-16145,Delhivery Direct,TRK906145,2,2,90,SLA Met
SHP-46146,ORD-16146,XpressBees Surface,TRK906146,3,3,120,SLA Met
SHP-46147,ORD-16147,BlueDart Express,TRK906147,3,7,120,SLA Breached
SHP-46148,ORD-16148,Ecom Express,TRK906148,3,3,180,SLA Met
SHP-46149,ORD-16149,Ecom Express,TRK906149,3,5,90,SLA Breached
SHP-46150,ORD-16150,XpressBees Surface,TRK906150,3,3,60,SLA Met
SHP-46151,ORD-16151,BlueDart Express,TRK906151,4,4,180,SLA Met
SHP-46152,ORD-16152,Shadowfax Surface,TRK906152,3,6,120,SLA Breached
SHP-46153,ORD-16153,Delhivery Direct,TRK906153,5,5,120,SLA Met
SHP-46154,ORD-16154,XpressBees Surface,TRK906154,5,5,120,SLA Met
SHP-46156,ORD-16156,Ecom Express,TRK906156,2,2,150,SLA Met
SHP-46158,ORD-16158,BlueDart Express,TRK906158,4,4,90,SLA Met
SHP-46159,ORD-16159,BlueDart Express,TRK906159,2,5,120,SLA Breached
SHP-46160,ORD-16160,Shadowfax Surface,TRK906160,3,3,60,SLA Met
SHP-46161,ORD-16161,Shadowfax Surface,TRK906161,5,5,60,SLA Met
SHP-46162,ORD-16162,Shadowfax Surface,TRK906162,5,5,150,SLA Met
SHP-46163,ORD-16163,Ecom Express,TRK906163,5,5,60,SLA Met
SHP-46164,ORD-16164,Delhivery Direct,TRK906164,5,7,60,SLA Breached
SHP-46165,ORD-16165,XpressBees Surface,TRK906165,4,4,180,SLA Met
SHP-46168,ORD-16168,Delhivery Direct,TRK906168,2,4,120,SLA Breached
SHP-46169,ORD-16169,Delhivery Direct,TRK906169,4,4,150,SLA Met
SHP-46170,ORD-16170,XpressBees Surface,TRK906170,2,2,60,SLA Met
SHP-46171,ORD-16171,XpressBees Surface,TRK906171,4,4,60,SLA Met
SHP-46172,ORD-16172,BlueDart Express,TRK906172,3,7,180,SLA Breached
SHP-46173,ORD-16173,XpressBees Surface,TRK906173,4,4,60,SLA Met
SHP-46174,ORD-16174,BlueDart Express,TRK906174,5,5,120,SLA Met
SHP-46177,ORD-16177,Shadowfax Surface,TRK906177,2,5,120,SLA Breached
SHP-46178,ORD-16178,Shadowfax Surface,TRK906178,5,8,180,SLA Breached
SHP-46179,ORD-16179,Delhivery Direct,TRK906179,4,4,150,SLA Met
SHP-46180,ORD-16180,XpressBees Surface,TRK906180,5,5,120,SLA Met
SHP-46181,ORD-16181,Ecom Express,TRK906181,3,3,90,SLA Met
SHP-46182,ORD-16182,Ecom Express,TRK906182,3,3,90,SLA Met
SHP-46183,ORD-16183,Delhivery Direct,TRK906183,4,4,150,SLA Met
SHP-46184,ORD-16184,BlueDart Express,TRK906184,3,3,150,SLA Met
SHP-46188,ORD-16188,XpressBees Surface,TRK906188,2,2,120,SLA Met
SHP-46189,ORD-16189,Shadowfax Surface,TRK906189,4,7,60,SLA Breached
SHP-46190,ORD-16190,Delhivery Direct,TRK906190,2,5,90,SLA Breached
SHP-46192,ORD-16192,BlueDart Express,TRK906192,2,2,180,SLA Met
SHP-46193,ORD-16193,Ecom Express,TRK906193,3,3,150,SLA Met
SHP-46194,ORD-16194,Delhivery Direct,TRK906194,3,3,180,SLA Met
SHP-46195,ORD-16195,Ecom Express,TRK906195,4,4,120,SLA Met
SHP-46196,ORD-16196,Delhivery Direct,TRK906196,5,5,90,SLA Met
SHP-46197,ORD-16197,BlueDart Express,TRK906197,3,3,60,SLA Met
SHP-46198,ORD-16198,Shadowfax Surface,TRK906198,2,2,90,SLA Met
SHP-46199,ORD-16199,XpressBees Surface,TRK906199,5,5,150,SLA Met
SHP-46200,ORD-16200,BlueDart Express,TRK906200,2,6,120,SLA Breached
SHP-46202,ORD-16202,XpressBees Surface,TRK906202,4,4,90,SLA Met
SHP-46203,ORD-16203,Shadowfax Surface,TRK906203,4,4,150,SLA Met
SHP-46204,ORD-16204,XpressBees Surface,TRK906204,4,7,60,SLA Breached
SHP-46205,ORD-16205,XpressBees Surface,TRK906205,3,3,150,SLA Met
SHP-46206,ORD-16206,Shadowfax Surface,TRK906206,3,3,180,SLA Met
SHP-46207,ORD-16207,Ecom Express,TRK906207,2,2,150,SLA Met
SHP-46208,ORD-16208,Delhivery Direct,TRK906208,3,3,120,SLA Met
SHP-46209,ORD-16209,Ecom Express,TRK906209,5,8,90,SLA Breached
SHP-46210,ORD-16210,Shadowfax Surface,TRK906210,4,4,60,SLA Met
SHP-46211,ORD-16211,Ecom Express,TRK906211,3,3,150,SLA Met
SHP-46212,ORD-16212,Ecom Express,TRK906212,5,5,120,SLA Met
SHP-46213,ORD-16213,XpressBees Surface,TRK906213,2,2,150,SLA Met
SHP-46214,ORD-16214,Ecom Express,TRK906214,3,3,120,SLA Met
SHP-46215,ORD-16215,Ecom Express,TRK906215,4,4,120,SLA Met
SHP-46216,ORD-16216,BlueDart Express,TRK906216,2,2,180,SLA Met
SHP-46217,ORD-16217,Delhivery Direct,TRK906217,2,5,150,SLA Breached
SHP-46218,ORD-16218,Delhivery Direct,TRK906218,4,4,180,SLA Met
SHP-46219,ORD-16219,BlueDart Express,TRK906219,5,5,60,SLA Met
SHP-46220,ORD-16220,Ecom Express,TRK906220,4,8,90,SLA Breached
SHP-46221,ORD-16221,Delhivery Direct,TRK906221,4,4,120,SLA Met
SHP-46222,ORD-16222,Delhivery Direct,TRK906222,4,4,120,SLA Met
SHP-46223,ORD-16223,Ecom Express,TRK906223,5,5,150,SLA Met
SHP-46224,ORD-16224,Delhivery Direct,TRK906224,2,2,90,SLA Met
SHP-46225,ORD-16225,Ecom Express,TRK906225,5,5,60,SLA Met
SHP-46227,ORD-16227,Ecom Express,TRK906227,4,4,90,SLA Met
SHP-46229,ORD-16229,Shadowfax Surface,TRK906229,5,8,90,SLA Breached
SHP-46230,ORD-16230,XpressBees Surface,TRK906230,4,4,60,SLA Met
SHP-46231,ORD-16231,BlueDart Express,TRK906231,5,6,180,SLA Breached
SHP-46232,ORD-16232,Delhivery Direct,TRK906232,2,2,180,SLA Met
SHP-46233,ORD-16233,Delhivery Direct,TRK906233,5,6,120,SLA Breached
SHP-46234,ORD-16234,BlueDart Express,TRK906234,5,5,180,SLA Met
SHP-46235,ORD-16235,Shadowfax Surface,TRK906235,2,2,150,SLA Met
SHP-46236,ORD-16236,Ecom Express,TRK906236,5,5,60,SLA Met
SHP-46238,ORD-16238,BlueDart Express,TRK906238,5,5,120,SLA Met
SHP-46239,ORD-16239,Ecom Express,TRK906239,4,4,180,SLA Met
SHP-46240,ORD-16240,Ecom Express,TRK906240,4,4,150,SLA Met
SHP-46241,ORD-16241,Delhivery Direct,TRK906241,3,3,180,SLA Met
SHP-46243,ORD-16243,BlueDart Express,TRK906243,2,5,60,SLA Breached
SHP-46244,ORD-16244,Shadowfax Surface,TRK906244,3,3,90,SLA Met
SHP-46245,ORD-16245,BlueDart Express,TRK906245,5,5,180,SLA Met
SHP-46247,ORD-16247,XpressBees Surface,TRK906247,2,6,90,SLA Breached
SHP-46248,ORD-16248,Ecom Express,TRK906248,4,4,180,SLA Met
SHP-46249,ORD-16249,Ecom Express,TRK906249,3,3,90,SLA Met
SHP-46250,ORD-16250,Delhivery Direct,TRK906250,2,2,120,SLA Met
SHP-46252,ORD-16252,Ecom Express,TRK906252,2,2,90,SLA Met
SHP-46253,ORD-16253,BlueDart Express,TRK906253,3,3,180,SLA Met
SHP-46254,ORD-16254,XpressBees Surface,TRK906254,5,5,150,SLA Met
SHP-46256,ORD-16256,BlueDart Express,TRK906256,5,8,90,SLA Breached
SHP-46257,ORD-16257,Delhivery Direct,TRK906257,2,2,180,SLA Met
SHP-46259,ORD-16259,Ecom Express,TRK906259,3,3,60,SLA Met
SHP-46261,ORD-16261,XpressBees Surface,TRK906261,4,4,60,SLA Met
SHP-46264,ORD-16264,Shadowfax Surface,TRK906264,5,5,60,SLA Met
SHP-46267,ORD-16267,XpressBees Surface,TRK906267,2,2,60,SLA Met
SHP-46268,ORD-16268,BlueDart Express,TRK906268,2,2,150,SLA Met
SHP-46269,ORD-16269,Shadowfax Surface,TRK906269,3,3,180,SLA Met
SHP-46270,ORD-16270,BlueDart Express,TRK906270,2,2,60,SLA Met
SHP-46271,ORD-16271,Shadowfax Surface,TRK906271,3,3,90,SLA Met
SHP-46272,ORD-16272,BlueDart Express,TRK906272,4,4,90,SLA Met
SHP-46273,ORD-16273,BlueDart Express,TRK906273,4,4,60,SLA Met
SHP-46274,ORD-16274,XpressBees Surface,TRK906274,3,7,150,SLA Breached
SHP-46276,ORD-16276,BlueDart Express,TRK906276,4,4,60,SLA Met
SHP-46277,ORD-16277,BlueDart Express,TRK906277,2,2,90,SLA Met
SHP-46278,ORD-16278,Delhivery Direct,TRK906278,4,5,150,SLA Breached
SHP-46279,ORD-16279,Ecom Express,TRK906279,4,4,60,SLA Met
SHP-46280,ORD-16280,Shadowfax Surface,TRK906280,4,6,120,SLA Breached
SHP-46281,ORD-16281,BlueDart Express,TRK906281,4,4,90,SLA Met
SHP-46282,ORD-16282,XpressBees Surface,TRK906282,4,4,120,SLA Met
SHP-46283,ORD-16283,Ecom Express,TRK906283,4,4,180,SLA Met
SHP-46284,ORD-16284,XpressBees Surface,TRK906284,4,4,90,SLA Met
SHP-46285,ORD-16285,Shadowfax Surface,TRK906285,3,3,150,SLA Met
SHP-46286,ORD-16286,BlueDart Express,TRK906286,2,5,60,SLA Breached
SHP-46287,ORD-16287,Shadowfax Surface,TRK906287,2,2,60,SLA Met
SHP-46288,ORD-16288,Ecom Express,TRK906288,3,6,150,SLA Breached
SHP-46289,ORD-16289,Delhivery Direct,TRK906289,5,5,180,SLA Met
SHP-46290,ORD-16290,Ecom Express,TRK906290,2,2,90,SLA Met
SHP-46291,ORD-16291,BlueDart Express,TRK906291,3,3,180,SLA Met
SHP-46293,ORD-16293,Ecom Express,TRK906293,4,4,120,SLA Met
SHP-46294,ORD-16294,Delhivery Direct,TRK906294,4,4,120,SLA Met
SHP-46296,ORD-16296,Ecom Express,TRK906296,2,2,90,SLA Met
SHP-46297,ORD-16297,Ecom Express,TRK906297,2,2,150,SLA Met
SHP-46298,ORD-16298,Delhivery Direct,TRK906298,4,4,180,SLA Met
SHP-46299,ORD-16299,BlueDart Express,TRK906299,4,5,180,SLA Breached
SHP-46301,ORD-16301,XpressBees Surface,TRK906301,4,4,150,SLA Met
SHP-46303,ORD-16303,Shadowfax Surface,TRK906303,5,5,60,SLA Met
SHP-46305,ORD-16305,Ecom Express,TRK906305,4,4,150,SLA Met
SHP-46306,ORD-16306,Ecom Express,TRK906306,5,5,90,SLA Met
SHP-46307,ORD-16307,BlueDart Express,TRK906307,2,2,150,SLA Met
SHP-46308,ORD-16308,Delhivery Direct,TRK906308,3,3,150,SLA Met
SHP-46309,ORD-16309,Ecom Express,TRK906309,4,7,90,SLA Breached
SHP-46310,ORD-16310,Shadowfax Surface,TRK906310,5,5,120,SLA Met
SHP-46311,ORD-16311,XpressBees Surface,TRK906311,3,3,90,SLA Met
SHP-46312,ORD-16312,Ecom Express,TRK906312,5,5,150,SLA Met
SHP-46313,ORD-16313,Shadowfax Surface,TRK906313,5,6,180,SLA Breached
SHP-46314,ORD-16314,Ecom Express,TRK906314,3,3,60,SLA Met
SHP-46315,ORD-16315,Ecom Express,TRK906315,3,7,90,SLA Breached
SHP-46317,ORD-16317,Ecom Express,TRK906317,2,2,90,SLA Met
SHP-46318,ORD-16318,BlueDart Express,TRK906318,3,3,180,SLA Met
SHP-46319,ORD-16319,Ecom Express,TRK906319,4,4,60,SLA Met
SHP-46320,ORD-16320,BlueDart Express,TRK906320,5,5,60,SLA Met
SHP-46321,ORD-16321,Ecom Express,TRK906321,5,5,150,SLA Met
SHP-46322,ORD-16322,Delhivery Direct,TRK906322,5,7,90,SLA Breached
SHP-46323,ORD-16323,Delhivery Direct,TRK906323,4,4,150,SLA Met
SHP-46324,ORD-16324,BlueDart Express,TRK906324,4,6,180,SLA Breached
SHP-46325,ORD-16325,Shadowfax Surface,TRK906325,5,5,90,SLA Met
SHP-46326,ORD-16326,Ecom Express,TRK906326,3,3,150,SLA Met
SHP-46327,ORD-16327,XpressBees Surface,TRK906327,4,5,150,SLA Breached
SHP-46329,ORD-16329,BlueDart Express,TRK906329,3,3,90,SLA Met
SHP-46330,ORD-16330,Delhivery Direct,TRK906330,5,5,90,SLA Met
SHP-46331,ORD-16331,Shadowfax Surface,TRK906331,3,3,60,SLA Met
SHP-46332,ORD-16332,Shadowfax Surface,TRK906332,3,3,150,SLA Met
SHP-46333,ORD-16333,Ecom Express,TRK906333,5,5,180,SLA Met
SHP-46334,ORD-16334,Ecom Express,TRK906334,5,5,60,SLA Met
SHP-46335,ORD-16335,XpressBees Surface,TRK906335,3,3,120,SLA Met
SHP-46337,ORD-16337,Ecom Express,TRK906337,4,5,60,SLA Breached
SHP-46338,ORD-16338,Ecom Express,TRK906338,4,4,180,SLA Met
SHP-46339,ORD-16339,Ecom Express,TRK906339,4,7,60,SLA Breached
SHP-46341,ORD-16341,Delhivery Direct,TRK906341,4,4,150,SLA Met
SHP-46342,ORD-16342,XpressBees Surface,TRK906342,4,4,120,SLA Met
SHP-46344,ORD-16344,Delhivery Direct,TRK906344,5,5,180,SLA Met
SHP-46345,ORD-16345,XpressBees Surface,TRK906345,4,4,180,SLA Met
SHP-46347,ORD-16347,Ecom Express,TRK906347,4,4,150,SLA Met
SHP-46350,ORD-16350,Ecom Express,TRK906350,2,2,60,SLA Met
SHP-46353,ORD-16353,BlueDart Express,TRK906353,4,4,150,SLA Met
SHP-46354,ORD-16354,Delhivery Direct,TRK906354,4,5,150,SLA Breached
SHP-46355,ORD-16355,BlueDart Express,TRK906355,4,4,150,SLA Met
SHP-46356,ORD-16356,XpressBees Surface,TRK906356,2,2,60,SLA Met
SHP-46357,ORD-16357,Ecom Express,TRK906357,4,4,90,SLA Met
SHP-46359,ORD-16359,Shadowfax Surface,TRK906359,2,2,120,SLA Met
SHP-46360,ORD-16360,Ecom Express,TRK906360,2,2,60,SLA Met
SHP-46361,ORD-16361,XpressBees Surface,TRK906361,5,5,90,SLA Met
SHP-46362,ORD-16362,Delhivery Direct,TRK906362,3,3,120,SLA Met
SHP-46363,ORD-16363,BlueDart Express,TRK906363,5,7,120,SLA Breached
SHP-46364,ORD-16364,Ecom Express,TRK906364,5,8,120,SLA Breached
SHP-46365,ORD-16365,Ecom Express,TRK906365,4,4,60,SLA Met
SHP-46367,ORD-16367,Delhivery Direct,TRK906367,5,5,60,SLA Met
SHP-46368,ORD-16368,BlueDart Express,TRK906368,2,2,150,SLA Met
SHP-46369,ORD-16369,XpressBees Surface,TRK906369,3,7,180,SLA Breached
SHP-46370,ORD-16370,XpressBees Surface,TRK906370,2,2,150,SLA Met
SHP-46371,ORD-16371,Shadowfax Surface,TRK906371,5,5,150,SLA Met
SHP-46372,ORD-16372,Shadowfax Surface,TRK906372,2,2,90,SLA Met
SHP-46373,ORD-16373,Delhivery Direct,TRK906373,3,3,120,SLA Met
SHP-46375,ORD-16375,BlueDart Express,TRK906375,2,4,180,SLA Breached
SHP-46376,ORD-16376,Ecom Express,TRK906376,3,3,150,SLA Met
SHP-46377,ORD-16377,XpressBees Surface,TRK906377,3,3,150,SLA Met
SHP-46378,ORD-16378,XpressBees Surface,TRK906378,4,4,90,SLA Met
SHP-46379,ORD-16379,Ecom Express,TRK906379,3,3,120,SLA Met
SHP-46380,ORD-16380,Ecom Express,TRK906380,4,4,150,SLA Met
SHP-46382,ORD-16382,Ecom Express,TRK906382,5,6,150,SLA Breached
SHP-46383,ORD-16383,Ecom Express,TRK906383,5,5,60,SLA Met
SHP-46385,ORD-16385,BlueDart Express,TRK906385,4,4,90,SLA Met
SHP-46388,ORD-16388,Ecom Express,TRK906388,3,5,180,SLA Breached
SHP-46389,ORD-16389,Delhivery Direct,TRK906389,5,5,150,SLA Met
SHP-46390,ORD-16390,Shadowfax Surface,TRK906390,2,2,180,SLA Met
SHP-46392,ORD-16392,Ecom Express,TRK906392,5,5,60,SLA Met
SHP-46393,ORD-16393,BlueDart Express,TRK906393,4,4,60,SLA Met
SHP-46394,ORD-16394,BlueDart Express,TRK906394,3,3,180,SLA Met
SHP-46395,ORD-16395,BlueDart Express,TRK906395,5,5,180,SLA Met
SHP-46396,ORD-16396,Ecom Express,TRK906396,2,2,60,SLA Met
SHP-46397,ORD-16397,Delhivery Direct,TRK906397,5,5,60,SLA Met
SHP-46398,ORD-16398,BlueDart Express,TRK906398,2,2,150,SLA Met
SHP-46399,ORD-16399,XpressBees Surface,TRK906399,2,2,120,SLA Met
SHP-46400,ORD-16400,BlueDart Express,TRK906400,4,4,120,SLA Met
SHP-46402,ORD-16402,BlueDart Express,TRK906402,2,2,90,SLA Met
SHP-46406,ORD-16406,Delhivery Direct,TRK906406,2,2,150,SLA Met
SHP-46407,ORD-16407,Ecom Express,TRK906407,5,5,180,SLA Met
SHP-46408,ORD-16408,Ecom Express,TRK906408,4,4,120,SLA Met
SHP-46409,ORD-16409,BlueDart Express,TRK906409,2,2,60,SLA Met
SHP-46410,ORD-16410,Delhivery Direct,TRK906410,4,4,150,SLA Met
SHP-46411,ORD-16411,Ecom Express,TRK906411,2,2,90,SLA Met
SHP-46412,ORD-16412,Shadowfax Surface,TRK906412,3,3,150,SLA Met
SHP-46413,ORD-16413,BlueDart Express,TRK906413,2,2,90,SLA Met
SHP-46415,ORD-16415,Delhivery Direct,TRK906415,2,2,90,SLA Met
SHP-46416,ORD-16416,Delhivery Direct,TRK906416,4,4,90,SLA Met
SHP-46417,ORD-16417,Shadowfax Surface,TRK906417,4,4,180,SLA Met
SHP-46418,ORD-16418,XpressBees Surface,TRK906418,3,3,90,SLA Met
SHP-46419,ORD-16419,BlueDart Express,TRK906419,3,3,90,SLA Met
SHP-46421,ORD-16421,XpressBees Surface,TRK906421,3,3,60,SLA Met
SHP-46422,ORD-16422,Ecom Express,TRK906422,2,2,150,SLA Met
SHP-46424,ORD-16424,BlueDart Express,TRK906424,3,3,180,SLA Met
SHP-46425,ORD-16425,Delhivery Direct,TRK906425,3,3,120,SLA Met
SHP-46428,ORD-16428,Ecom Express,TRK906428,5,5,90,SLA Met
SHP-46429,ORD-16429,BlueDart Express,TRK906429,2,2,180,SLA Met
SHP-46430,ORD-16430,Delhivery Direct,TRK906430,4,4,120,SLA Met
SHP-46432,ORD-16432,BlueDart Express,TRK906432,4,4,90,SLA Met
SHP-46433,ORD-16433,BlueDart Express,TRK906433,4,4,90,SLA Met
SHP-46435,ORD-16435,Shadowfax Surface,TRK906435,5,5,60,SLA Met
SHP-46436,ORD-16436,Delhivery Direct,TRK906436,4,4,180,SLA Met
SHP-46437,ORD-16437,Ecom Express,TRK906437,2,2,120,SLA Met
SHP-46438,ORD-16438,BlueDart Express,TRK906438,5,5,120,SLA Met
SHP-46439,ORD-16439,Shadowfax Surface,TRK906439,2,2,150,SLA Met
SHP-46440,ORD-16440,Ecom Express,TRK906440,5,7,120,SLA Breached
SHP-46441,ORD-16441,XpressBees Surface,TRK906441,4,4,180,SLA Met
SHP-46442,ORD-16442,Ecom Express,TRK906442,2,2,90,SLA Met
SHP-46443,ORD-16443,Shadowfax Surface,TRK906443,5,5,60,SLA Met
SHP-46444,ORD-16444,Delhivery Direct,TRK906444,5,5,60,SLA Met
SHP-46445,ORD-16445,BlueDart Express,TRK906445,2,4,60,SLA Breached
SHP-46446,ORD-16446,Shadowfax Surface,TRK906446,2,2,180,SLA Met
SHP-46447,ORD-16447,BlueDart Express,TRK906447,2,2,120,SLA Met
SHP-46448,ORD-16448,BlueDart Express,TRK906448,2,2,150,SLA Met
SHP-46449,ORD-16449,Ecom Express,TRK906449,2,6,90,SLA Breached
SHP-46450,ORD-16450,Ecom Express,TRK906450,5,5,180,SLA Met
SHP-46451,ORD-16451,XpressBees Surface,TRK906451,5,5,180,SLA Met
SHP-46452,ORD-16452,XpressBees Surface,TRK906452,4,4,60,SLA Met
SHP-46453,ORD-16453,Shadowfax Surface,TRK906453,5,5,90,SLA Met
SHP-46455,ORD-16455,Ecom Express,TRK906455,3,3,150,SLA Met
SHP-46456,ORD-16456,Ecom Express,TRK906456,3,4,60,SLA Breached
SHP-46457,ORD-16457,Delhivery Direct,TRK906457,4,4,180,SLA Met
SHP-46459,ORD-16459,Shadowfax Surface,TRK906459,2,2,60,SLA Met
SHP-46460,ORD-16460,Shadowfax Surface,TRK906460,2,2,120,SLA Met
SHP-46461,ORD-16461,XpressBees Surface,TRK906461,5,5,60,SLA Met
SHP-46462,ORD-16462,Shadowfax Surface,TRK906462,2,2,90,SLA Met
SHP-46463,ORD-16463,Shadowfax Surface,TRK906463,3,3,180,SLA Met
SHP-46464,ORD-16464,Shadowfax Surface,TRK906464,2,2,150,SLA Met
SHP-46465,ORD-16465,BlueDart Express,TRK906465,2,2,150,SLA Met
SHP-46466,ORD-16466,Delhivery Direct,TRK906466,5,7,120,SLA Breached
SHP-46467,ORD-16467,Delhivery Direct,TRK906467,5,5,90,SLA Met
SHP-46468,ORD-16468,BlueDart Express,TRK906468,4,5,150,SLA Breached
SHP-46469,ORD-16469,XpressBees Surface,TRK906469,2,2,60,SLA Met
SHP-46470,ORD-16470,Shadowfax Surface,TRK906470,5,6,90,SLA Breached
SHP-46472,ORD-16472,Ecom Express,TRK906472,2,2,120,SLA Met
SHP-46473,ORD-16473,XpressBees Surface,TRK906473,2,2,150,SLA Met
SHP-46474,ORD-16474,BlueDart Express,TRK906474,4,4,150,SLA Met
SHP-46476,ORD-16476,XpressBees Surface,TRK906476,3,3,120,SLA Met
SHP-46477,ORD-16477,BlueDart Express,TRK906477,3,3,60,SLA Met
SHP-46478,ORD-16478,XpressBees Surface,TRK906478,3,3,60,SLA Met
SHP-46479,ORD-16479,Shadowfax Surface,TRK906479,3,4,120,SLA Breached
SHP-46480,ORD-16480,Ecom Express,TRK906480,3,3,60,SLA Met
SHP-46481,ORD-16481,Shadowfax Surface,TRK906481,5,5,180,SLA Met
SHP-46482,ORD-16482,Delhivery Direct,TRK906482,4,4,150,SLA Met
SHP-46483,ORD-16483,Shadowfax Surface,TRK906483,4,4,180,SLA Met
SHP-46484,ORD-16484,Ecom Express,TRK906484,5,6,90,SLA Breached
SHP-46485,ORD-16485,BlueDart Express,TRK906485,2,6,90,SLA Breached
SHP-46486,ORD-16486,Shadowfax Surface,TRK906486,2,2,150,SLA Met
SHP-46487,ORD-16487,BlueDart Express,TRK906487,3,3,150,SLA Met
SHP-46488,ORD-16488,Delhivery Direct,TRK906488,3,3,60,SLA Met
SHP-46489,ORD-16489,XpressBees Surface,TRK906489,3,3,180,SLA Met
SHP-46490,ORD-16490,Delhivery Direct,TRK906490,5,5,150,SLA Met
SHP-46491,ORD-16491,XpressBees Surface,TRK906491,3,5,90,SLA Breached
SHP-46493,ORD-16493,Delhivery Direct,TRK906493,4,4,60,SLA Met
SHP-46494,ORD-16494,Ecom Express,TRK906494,4,4,60,SLA Met
SHP-46495,ORD-16495,XpressBees Surface,TRK906495,2,2,180,SLA Met
SHP-46496,ORD-16496,BlueDart Express,TRK906496,5,5,60,SLA Met
SHP-46497,ORD-16497,XpressBees Surface,TRK906497,4,4,180,SLA Met
SHP-46498,ORD-16498,BlueDart Express,TRK906498,2,3,60,SLA Breached
SHP-46499,ORD-16499,Delhivery Direct,TRK906499,3,3,90,SLA Met
SHP-46500,ORD-16500,Shadowfax Surface,TRK906500,3,3,180,SLA Met
SHP-46501,ORD-16501,Delhivery Direct,TRK906501,4,4,120,SLA Met
SHP-46502,ORD-16502,BlueDart Express,TRK906502,3,3,150,SLA Met
SHP-46503,ORD-16503,Shadowfax Surface,TRK906503,3,3,150,SLA Met
SHP-46504,ORD-16504,Shadowfax Surface,TRK906504,3,3,150,SLA Met
SHP-46505,ORD-16505,XpressBees Surface,TRK906505,2,2,90,SLA Met
SHP-46507,ORD-16507,BlueDart Express,TRK906507,2,2,90,SLA Met
SHP-46508,ORD-16508,Delhivery Direct,TRK906508,3,4,180,SLA Breached
SHP-46510,ORD-16510,Delhivery Direct,TRK906510,2,2,150,SLA Met
SHP-46512,ORD-16512,Delhivery Direct,TRK906512,3,3,90,SLA Met
SHP-46513,ORD-16513,XpressBees Surface,TRK906513,3,3,150,SLA Met
SHP-46514,ORD-16514,Ecom Express,TRK906514,3,3,180,SLA Met
SHP-46515,ORD-16515,XpressBees Surface,TRK906515,4,4,90,SLA Met
SHP-46516,ORD-16516,Ecom Express,TRK906516,3,3,90,SLA Met
SHP-46517,ORD-16517,Delhivery Direct,TRK906517,2,2,90,SLA Met
SHP-46518,ORD-16518,Delhivery Direct,TRK906518,2,2,90,SLA Met
SHP-46519,ORD-16519,XpressBees Surface,TRK906519,2,2,180,SLA Met
SHP-46520,ORD-16520,XpressBees Surface,TRK906520,5,5,90,SLA Met
SHP-46521,ORD-16521,BlueDart Express,TRK906521,2,2,90,SLA Met
SHP-46523,ORD-16523,Ecom Express,TRK906523,2,2,120,SLA Met
SHP-46524,ORD-16524,Ecom Express,TRK906524,3,5,60,SLA Breached
SHP-46525,ORD-16525,Delhivery Direct,TRK906525,3,3,180,SLA Met
SHP-46526,ORD-16526,Delhivery Direct,TRK906526,3,3,60,SLA Met
SHP-46527,ORD-16527,Ecom Express,TRK906527,2,2,120,SLA Met
SHP-46528,ORD-16528,Delhivery Direct,TRK906528,4,8,120,SLA Breached
SHP-46529,ORD-16529,XpressBees Surface,TRK906529,5,8,60,SLA Breached
SHP-46530,ORD-16530,Delhivery Direct,TRK906530,3,7,90,SLA Breached
SHP-46531,ORD-16531,Shadowfax Surface,TRK906531,2,2,150,SLA Met
SHP-46532,ORD-16532,Delhivery Direct,TRK906532,3,3,150,SLA Met
SHP-46534,ORD-16534,Shadowfax Surface,TRK906534,4,7,60,SLA Breached
SHP-46535,ORD-16535,Delhivery Direct,TRK906535,4,4,90,SLA Met
SHP-46536,ORD-16536,Ecom Express,TRK906536,3,3,60,SLA Met
SHP-46538,ORD-16538,Ecom Express,TRK906538,2,2,120,SLA Met
SHP-46539,ORD-16539,Delhivery Direct,TRK906539,5,5,150,SLA Met
SHP-46541,ORD-16541,Shadowfax Surface,TRK906541,2,2,180,SLA Met
SHP-46542,ORD-16542,XpressBees Surface,TRK906542,5,5,180,SLA Met
SHP-46543,ORD-16543,BlueDart Express,TRK906543,2,2,90,SLA Met
SHP-46544,ORD-16544,BlueDart Express,TRK906544,2,2,60,SLA Met
SHP-46545,ORD-16545,Ecom Express,TRK906545,4,6,180,SLA Breached
SHP-46546,ORD-16546,Ecom Express,TRK906546,4,4,150,SLA Met
SHP-46547,ORD-16547,Ecom Express,TRK906547,3,4,90,SLA Breached
SHP-46548,ORD-16548,Shadowfax Surface,TRK906548,2,2,180,SLA Met
SHP-46549,ORD-16549,XpressBees Surface,TRK906549,5,5,120,SLA Met
SHP-46550,ORD-16550,Delhivery Direct,TRK906550,5,5,180,SLA Met
SHP-46551,ORD-16551,Delhivery Direct,TRK906551,2,2,150,SLA Met
SHP-46552,ORD-16552,Ecom Express,TRK906552,4,4,60,SLA Met
SHP-46553,ORD-16553,Shadowfax Surface,TRK906553,3,3,150,SLA Met
SHP-46554,ORD-16554,Shadowfax Surface,TRK906554,2,2,150,SLA Met
SHP-46555,ORD-16555,XpressBees Surface,TRK906555,3,6,120,SLA Breached
SHP-46556,ORD-16556,Ecom Express,TRK906556,3,3,60,SLA Met
SHP-46557,ORD-16557,BlueDart Express,TRK906557,3,3,120,SLA Met
SHP-46559,ORD-16559,BlueDart Express,TRK906559,4,4,90,SLA Met
SHP-46560,ORD-16560,Shadowfax Surface,TRK906560,3,3,150,SLA Met
SHP-46561,ORD-16561,XpressBees Surface,TRK906561,2,4,90,SLA Breached
SHP-46562,ORD-16562,Ecom Express,TRK906562,2,2,150,SLA Met
SHP-46563,ORD-16563,BlueDart Express,TRK906563,5,7,150,SLA Breached
SHP-46564,ORD-16564,Delhivery Direct,TRK906564,5,5,90,SLA Met
SHP-46565,ORD-16565,BlueDart Express,TRK906565,4,4,90,SLA Met
SHP-46567,ORD-16567,XpressBees Surface,TRK906567,3,5,150,SLA Breached
SHP-46568,ORD-16568,XpressBees Surface,TRK906568,2,2,180,SLA Met
SHP-46569,ORD-16569,Ecom Express,TRK906569,5,6,180,SLA Breached
SHP-46570,ORD-16570,Delhivery Direct,TRK906570,5,5,180,SLA Met
SHP-46571,ORD-16571,Ecom Express,TRK906571,4,4,120,SLA Met
SHP-46572,ORD-16572,BlueDart Express,TRK906572,2,2,120,SLA Met
SHP-46573,ORD-16573,Shadowfax Surface,TRK906573,4,4,90,SLA Met
SHP-46574,ORD-16574,Delhivery Direct,TRK906574,5,5,150,SLA Met
SHP-46575,ORD-16575,BlueDart Express,TRK906575,4,4,60,SLA Met
SHP-46576,ORD-16576,Delhivery Direct,TRK906576,3,3,150,SLA Met
SHP-46577,ORD-16577,XpressBees Surface,TRK906577,3,3,90,SLA Met
SHP-46578,ORD-16578,XpressBees Surface,TRK906578,2,2,90,SLA Met
SHP-46579,ORD-16579,BlueDart Express,TRK906579,3,3,180,SLA Met
SHP-46580,ORD-16580,Delhivery Direct,TRK906580,4,4,180,SLA Met
SHP-46581,ORD-16581,XpressBees Surface,TRK906581,4,4,90,SLA Met
SHP-46582,ORD-16582,Shadowfax Surface,TRK906582,3,3,150,SLA Met
SHP-46583,ORD-16583,Shadowfax Surface,TRK906583,4,4,180,SLA Met
SHP-46584,ORD-16584,Delhivery Direct,TRK906584,3,3,120,SLA Met
SHP-46585,ORD-16585,XpressBees Surface,TRK906585,3,3,180,SLA Met
SHP-46586,ORD-16586,Shadowfax Surface,TRK906586,5,5,180,SLA Met
SHP-46587,ORD-16587,Delhivery Direct,TRK906587,2,2,120,SLA Met
SHP-46588,ORD-16588,Delhivery Direct,TRK906588,2,2,60,SLA Met
SHP-46589,ORD-16589,BlueDart Express,TRK906589,5,5,120,SLA Met
SHP-46590,ORD-16590,Delhivery Direct,TRK906590,5,5,90,SLA Met
SHP-46591,ORD-16591,BlueDart Express,TRK906591,5,5,150,SLA Met
SHP-46592,ORD-16592,Delhivery Direct,TRK906592,5,9,60,SLA Breached
SHP-46593,ORD-16593,Delhivery Direct,TRK906593,5,5,120,SLA Met
SHP-46594,ORD-16594,Shadowfax Surface,TRK906594,4,4,180,SLA Met
SHP-46595,ORD-16595,BlueDart Express,TRK906595,4,4,180,SLA Met
SHP-46596,ORD-16596,Ecom Express,TRK906596,3,3,60,SLA Met
SHP-46597,ORD-16597,Delhivery Direct,TRK906597,4,4,120,SLA Met
SHP-46598,ORD-16598,XpressBees Surface,TRK906598,2,2,60,SLA Met
SHP-46599,ORD-16599,Ecom Express,TRK906599,4,4,90,SLA Met
SHP-46600,ORD-16600,Ecom Express,TRK906600,3,3,120,SLA Met
SHP-46601,ORD-16601,Delhivery Direct,TRK906601,5,5,90,SLA Met
SHP-46602,ORD-16602,Shadowfax Surface,TRK906602,3,3,90,SLA Met
SHP-46603,ORD-16603,XpressBees Surface,TRK906603,4,4,60,SLA Met
SHP-46604,ORD-16604,Delhivery Direct,TRK906604,3,3,120,SLA Met
SHP-46606,ORD-16606,Ecom Express,TRK906606,3,3,150,SLA Met
SHP-46609,ORD-16609,XpressBees Surface,TRK906609,3,3,150,SLA Met
SHP-46610,ORD-16610,Shadowfax Surface,TRK906610,2,2,180,SLA Met
SHP-46611,ORD-16611,Shadowfax Surface,TRK906611,2,2,180,SLA Met
SHP-46612,ORD-16612,Shadowfax Surface,TRK906612,3,3,60,SLA Met
SHP-46613,ORD-16613,Ecom Express,TRK906613,5,5,90,SLA Met
SHP-46615,ORD-16615,BlueDart Express,TRK906615,5,9,150,SLA Breached
SHP-46616,ORD-16616,Shadowfax Surface,TRK906616,2,2,60,SLA Met
SHP-46617,ORD-16617,Delhivery Direct,TRK906617,3,7,180,SLA Breached
SHP-46618,ORD-16618,BlueDart Express,TRK906618,4,4,120,SLA Met
SHP-46619,ORD-16619,XpressBees Surface,TRK906619,2,2,60,SLA Met
SHP-46620,ORD-16620,BlueDart Express,TRK906620,2,2,180,SLA Met
SHP-46621,ORD-16621,Ecom Express,TRK906621,2,2,90,SLA Met
SHP-46623,ORD-16623,BlueDart Express,TRK906623,4,4,180,SLA Met
SHP-46624,ORD-16624,Shadowfax Surface,TRK906624,5,5,90,SLA Met
SHP-46625,ORD-16625,Shadowfax Surface,TRK906625,2,2,150,SLA Met
SHP-46626,ORD-16626,Ecom Express,TRK906626,3,3,180,SLA Met
SHP-46627,ORD-16627,Ecom Express,TRK906627,5,5,120,SLA Met
SHP-46628,ORD-16628,Delhivery Direct,TRK906628,5,6,90,SLA Breached
SHP-46629,ORD-16629,Shadowfax Surface,TRK906629,5,5,150,SLA Met
SHP-46630,ORD-16630,XpressBees Surface,TRK906630,5,5,180,SLA Met
SHP-46631,ORD-16631,Shadowfax Surface,TRK906631,5,9,90,SLA Breached
SHP-46632,ORD-16632,XpressBees Surface,TRK906632,4,4,150,SLA Met
SHP-46634,ORD-16634,Delhivery Direct,TRK906634,3,7,90,SLA Breached
SHP-46635,ORD-16635,Shadowfax Surface,TRK906635,5,5,180,SLA Met
SHP-46636,ORD-16636,Ecom Express,TRK906636,4,4,180,SLA Met
SHP-46638,ORD-16638,Shadowfax Surface,TRK906638,3,3,60,SLA Met
SHP-46642,ORD-16642,XpressBees Surface,TRK906642,3,3,60,SLA Met
SHP-46643,ORD-16643,Shadowfax Surface,TRK906643,3,3,180,SLA Met
SHP-46644,ORD-16644,Ecom Express,TRK906644,3,4,90,SLA Breached
SHP-46645,ORD-16645,XpressBees Surface,TRK906645,5,5,180,SLA Met
SHP-46646,ORD-16646,Shadowfax Surface,TRK906646,3,3,90,SLA Met
SHP-46647,ORD-16647,Shadowfax Surface,TRK906647,4,4,90,SLA Met
SHP-46648,ORD-16648,XpressBees Surface,TRK906648,2,2,150,SLA Met
SHP-46649,ORD-16649,XpressBees Surface,TRK906649,2,3,180,SLA Breached
SHP-46650,ORD-16650,Shadowfax Surface,TRK906650,3,3,60,SLA Met
SHP-46651,ORD-16651,XpressBees Surface,TRK906651,3,3,60,SLA Met
SHP-46655,ORD-16655,BlueDart Express,TRK906655,3,3,180,SLA Met
SHP-46656,ORD-16656,Shadowfax Surface,TRK906656,3,3,150,SLA Met
SHP-46657,ORD-16657,Shadowfax Surface,TRK906657,4,4,90,SLA Met
SHP-46659,ORD-16659,Ecom Express,TRK906659,5,5,150,SLA Met
SHP-46660,ORD-16660,Ecom Express,TRK906660,4,4,90,SLA Met
SHP-46661,ORD-16661,XpressBees Surface,TRK906661,4,4,120,SLA Met
SHP-46662,ORD-16662,Delhivery Direct,TRK906662,3,5,60,SLA Breached
SHP-46663,ORD-16663,BlueDart Express,TRK906663,4,4,120,SLA Met
SHP-46664,ORD-16664,Ecom Express,TRK906664,2,6,60,SLA Breached
SHP-46665,ORD-16665,Shadowfax Surface,TRK906665,2,6,90,SLA Breached
SHP-46666,ORD-16666,BlueDart Express,TRK906666,5,5,180,SLA Met
SHP-46667,ORD-16667,Delhivery Direct,TRK906667,2,2,180,SLA Met
SHP-46668,ORD-16668,BlueDart Express,TRK906668,5,5,180,SLA Met
SHP-46669,ORD-16669,Delhivery Direct,TRK906669,4,4,60,SLA Met
SHP-46670,ORD-16670,Delhivery Direct,TRK906670,2,2,120,SLA Met
SHP-46671,ORD-16671,Shadowfax Surface,TRK906671,2,2,90,SLA Met
SHP-46672,ORD-16672,BlueDart Express,TRK906672,5,5,90,SLA Met
SHP-46673,ORD-16673,XpressBees Surface,TRK906673,2,4,90,SLA Breached
SHP-46674,ORD-16674,BlueDart Express,TRK906674,5,5,150,SLA Met
SHP-46675,ORD-16675,Shadowfax Surface,TRK906675,3,3,180,SLA Met
SHP-46676,ORD-16676,Ecom Express,TRK906676,2,2,150,SLA Met
SHP-46677,ORD-16677,Shadowfax Surface,TRK906677,3,7,90,SLA Breached
SHP-46678,ORD-16678,Shadowfax Surface,TRK906678,2,2,120,SLA Met
SHP-46680,ORD-16680,Ecom Express,TRK906680,3,3,180,SLA Met
SHP-46681,ORD-16681,Ecom Express,TRK906681,2,2,90,SLA Met
SHP-46682,ORD-16682,Ecom Express,TRK906682,5,5,120,SLA Met
SHP-46683,ORD-16683,BlueDart Express,TRK906683,3,3,120,SLA Met
SHP-46684,ORD-16684,Shadowfax Surface,TRK906684,4,7,180,SLA Breached
SHP-46685,ORD-16685,Ecom Express,TRK906685,2,4,90,SLA Breached
SHP-46686,ORD-16686,XpressBees Surface,TRK906686,4,8,60,SLA Breached
SHP-46687,ORD-16687,Shadowfax Surface,TRK906687,5,8,150,SLA Breached
SHP-46688,ORD-16688,XpressBees Surface,TRK906688,3,7,180,SLA Breached
SHP-46689,ORD-16689,Shadowfax Surface,TRK906689,3,3,180,SLA Met
SHP-46691,ORD-16691,Ecom Express,TRK906691,4,4,150,SLA Met
SHP-46692,ORD-16692,Shadowfax Surface,TRK906692,5,5,60,SLA Met
SHP-46694,ORD-16694,Delhivery Direct,TRK906694,5,5,60,SLA Met
SHP-46695,ORD-16695,BlueDart Express,TRK906695,3,3,60,SLA Met
SHP-46696,ORD-16696,BlueDart Express,TRK906696,3,3,120,SLA Met
SHP-46698,ORD-16698,BlueDart Express,TRK906698,2,2,180,SLA Met
SHP-46700,ORD-16700,Ecom Express,TRK906700,5,5,180,SLA Met
SHP-46701,ORD-16701,XpressBees Surface,TRK906701,3,3,90,SLA Met
SHP-46702,ORD-16702,BlueDart Express,TRK906702,5,5,150,SLA Met
SHP-46703,ORD-16703,Delhivery Direct,TRK906703,5,5,90,SLA Met
SHP-46704,ORD-16704,Ecom Express,TRK906704,3,4,120,SLA Breached
SHP-46705,ORD-16705,Shadowfax Surface,TRK906705,2,2,120,SLA Met
SHP-46706,ORD-16706,Shadowfax Surface,TRK906706,5,5,120,SLA Met
SHP-46707,ORD-16707,Ecom Express,TRK906707,2,2,180,SLA Met
SHP-46709,ORD-16709,BlueDart Express,TRK906709,4,4,90,SLA Met
SHP-46710,ORD-16710,Ecom Express,TRK906710,4,4,180,SLA Met
SHP-46711,ORD-16711,BlueDart Express,TRK906711,4,8,60,SLA Breached
SHP-46712,ORD-16712,Delhivery Direct,TRK906712,2,2,60,SLA Met
SHP-46713,ORD-16713,BlueDart Express,TRK906713,3,3,90,SLA Met
SHP-46714,ORD-16714,Shadowfax Surface,TRK906714,5,5,150,SLA Met
SHP-46715,ORD-16715,BlueDart Express,TRK906715,2,6,120,SLA Breached
SHP-46719,ORD-16719,Delhivery Direct,TRK906719,2,2,60,SLA Met
SHP-46720,ORD-16720,XpressBees Surface,TRK906720,2,2,150,SLA Met
SHP-46721,ORD-16721,Shadowfax Surface,TRK906721,2,2,120,SLA Met
SHP-46722,ORD-16722,BlueDart Express,TRK906722,4,4,180,SLA Met
SHP-46725,ORD-16725,BlueDart Express,TRK906725,3,3,120,SLA Met
SHP-46726,ORD-16726,XpressBees Surface,TRK906726,5,5,90,SLA Met
SHP-46727,ORD-16727,Shadowfax Surface,TRK906727,2,5,180,SLA Breached
SHP-46728,ORD-16728,XpressBees Surface,TRK906728,3,3,120,SLA Met
SHP-46729,ORD-16729,XpressBees Surface,TRK906729,5,9,120,SLA Breached
SHP-46730,ORD-16730,Ecom Express,TRK906730,2,4,90,SLA Breached
SHP-46731,ORD-16731,Delhivery Direct,TRK906731,3,3,90,SLA Met
SHP-46732,ORD-16732,BlueDart Express,TRK906732,4,5,90,SLA Breached
SHP-46733,ORD-16733,Ecom Express,TRK906733,5,5,180,SLA Met
SHP-46734,ORD-16734,Shadowfax Surface,TRK906734,2,2,60,SLA Met
SHP-46735,ORD-16735,BlueDart Express,TRK906735,5,5,120,SLA Met
SHP-46736,ORD-16736,Ecom Express,TRK906736,3,3,60,SLA Met
SHP-46737,ORD-16737,XpressBees Surface,TRK906737,2,2,120,SLA Met
SHP-46738,ORD-16738,BlueDart Express,TRK906738,2,6,180,SLA Breached
SHP-46739,ORD-16739,Delhivery Direct,TRK906739,4,4,120,SLA Met
SHP-46740,ORD-16740,BlueDart Express,TRK906740,5,7,90,SLA Breached
SHP-46741,ORD-16741,BlueDart Express,TRK906741,2,2,120,SLA Met
SHP-46743,ORD-16743,Ecom Express,TRK906743,2,2,60,SLA Met
SHP-46745,ORD-16745,Shadowfax Surface,TRK906745,2,2,90,SLA Met
SHP-46747,ORD-16747,XpressBees Surface,TRK906747,2,2,150,SLA Met
SHP-46748,ORD-16748,Delhivery Direct,TRK906748,4,4,120,SLA Met
SHP-46749,ORD-16749,Delhivery Direct,TRK906749,3,6,120,SLA Breached
SHP-46750,ORD-16750,BlueDart Express,TRK906750,2,2,90,SLA Met
SHP-46751,ORD-16751,Ecom Express,TRK906751,2,6,90,SLA Breached
SHP-46752,ORD-16752,XpressBees Surface,TRK906752,5,5,150,SLA Met
SHP-46753,ORD-16753,Delhivery Direct,TRK906753,2,2,120,SLA Met
SHP-46754,ORD-16754,Delhivery Direct,TRK906754,5,5,150,SLA Met
SHP-46755,ORD-16755,Shadowfax Surface,TRK906755,2,2,120,SLA Met
SHP-46757,ORD-16757,XpressBees Surface,TRK906757,4,4,90,SLA Met
SHP-46758,ORD-16758,Shadowfax Surface,TRK906758,2,2,60,SLA Met
SHP-46759,ORD-16759,XpressBees Surface,TRK906759,4,4,90,SLA Met
SHP-46760,ORD-16760,XpressBees Surface,TRK906760,4,5,150,SLA Breached
SHP-46762,ORD-16762,Shadowfax Surface,TRK906762,3,3,90,SLA Met
SHP-46763,ORD-16763,Delhivery Direct,TRK906763,2,2,90,SLA Met
SHP-46764,ORD-16764,Ecom Express,TRK906764,5,5,180,SLA Met
SHP-46765,ORD-16765,Ecom Express,TRK906765,5,5,90,SLA Met
SHP-46766,ORD-16766,BlueDart Express,TRK906766,4,4,120,SLA Met
SHP-46767,ORD-16767,BlueDart Express,TRK906767,2,6,150,SLA Breached
SHP-46769,ORD-16769,Ecom Express,TRK906769,3,3,60,SLA Met
SHP-46770,ORD-16770,BlueDart Express,TRK906770,2,2,90,SLA Met
SHP-46771,ORD-16771,XpressBees Surface,TRK906771,3,3,60,SLA Met
SHP-46772,ORD-16772,BlueDart Express,TRK906772,4,4,60,SLA Met
SHP-46773,ORD-16773,BlueDart Express,TRK906773,5,5,90,SLA Met
SHP-46774,ORD-16774,Ecom Express,TRK906774,4,4,90,SLA Met
SHP-46775,ORD-16775,Delhivery Direct,TRK906775,2,2,60,SLA Met
SHP-46776,ORD-16776,BlueDart Express,TRK906776,5,6,60,SLA Breached
SHP-46777,ORD-16777,Ecom Express,TRK906777,4,4,90,SLA Met
SHP-46779,ORD-16779,Delhivery Direct,TRK906779,4,4,60,SLA Met
SHP-46780,ORD-16780,Delhivery Direct,TRK906780,4,4,120,SLA Met
SHP-46781,ORD-16781,Shadowfax Surface,TRK906781,3,3,120,SLA Met
SHP-46782,ORD-16782,Ecom Express,TRK906782,5,5,150,SLA Met
SHP-46784,ORD-16784,Delhivery Direct,TRK906784,3,3,120,SLA Met
SHP-46785,ORD-16785,Delhivery Direct,TRK906785,2,2,60,SLA Met
SHP-46786,ORD-16786,Ecom Express,TRK906786,3,3,150,SLA Met
SHP-46787,ORD-16787,Delhivery Direct,TRK906787,5,5,150,SLA Met
SHP-46788,ORD-16788,XpressBees Surface,TRK906788,4,8,150,SLA Breached
SHP-46789,ORD-16789,Shadowfax Surface,TRK906789,5,8,90,SLA Breached
SHP-46791,ORD-16791,Delhivery Direct,TRK906791,5,5,90,SLA Met
SHP-46792,ORD-16792,XpressBees Surface,TRK906792,3,3,120,SLA Met
SHP-46793,ORD-16793,Delhivery Direct,TRK906793,5,5,180,SLA Met
SHP-46795,ORD-16795,XpressBees Surface,TRK906795,4,4,120,SLA Met
SHP-46796,ORD-16796,XpressBees Surface,TRK906796,3,6,60,SLA Breached
SHP-46797,ORD-16797,Ecom Express,TRK906797,5,5,90,SLA Met
SHP-46798,ORD-16798,Ecom Express,TRK906798,2,2,150,SLA Met
SHP-46799,ORD-16799,Delhivery Direct,TRK906799,4,4,60,SLA Met
SHP-46800,ORD-16800,Ecom Express,TRK906800,2,4,60,SLA Breached
SHP-46801,ORD-16801,XpressBees Surface,TRK906801,3,3,60,SLA Met
SHP-46802,ORD-16802,Delhivery Direct,TRK906802,5,5,60,SLA Met
SHP-46803,ORD-16803,Delhivery Direct,TRK906803,5,5,150,SLA Met
SHP-46804,ORD-16804,Shadowfax Surface,TRK906804,3,3,120,SLA Met
SHP-46805,ORD-16805,Shadowfax Surface,TRK906805,3,3,90,SLA Met
SHP-46806,ORD-16806,BlueDart Express,TRK906806,4,4,120,SLA Met
SHP-46808,ORD-16808,BlueDart Express,TRK906808,5,5,150,SLA Met
SHP-46809,ORD-16809,Shadowfax Surface,TRK906809,2,2,180,SLA Met
SHP-46810,ORD-16810,BlueDart Express,TRK906810,4,4,150,SLA Met
SHP-46811,ORD-16811,Shadowfax Surface,TRK906811,3,3,150,SLA Met
SHP-46813,ORD-16813,XpressBees Surface,TRK906813,5,5,150,SLA Met
SHP-46814,ORD-16814,Shadowfax Surface,TRK906814,3,3,120,SLA Met
SHP-46815,ORD-16815,BlueDart Express,TRK906815,4,4,60,SLA Met
SHP-46816,ORD-16816,BlueDart Express,TRK906816,2,2,90,SLA Met
SHP-46817,ORD-16817,BlueDart Express,TRK906817,3,3,120,SLA Met
SHP-46818,ORD-16818,XpressBees Surface,TRK906818,4,5,150,SLA Breached
SHP-46819,ORD-16819,BlueDart Express,TRK906819,5,6,150,SLA Breached
SHP-46820,ORD-16820,Ecom Express,TRK906820,2,2,150,SLA Met
SHP-46821,ORD-16821,Shadowfax Surface,TRK906821,3,3,150,SLA Met
SHP-46822,ORD-16822,Delhivery Direct,TRK906822,2,5,150,SLA Breached
SHP-46823,ORD-16823,Ecom Express,TRK906823,3,3,120,SLA Met
SHP-46824,ORD-16824,Delhivery Direct,TRK906824,4,4,150,SLA Met
SHP-46825,ORD-16825,XpressBees Surface,TRK906825,3,6,60,SLA Breached
SHP-46826,ORD-16826,XpressBees Surface,TRK906826,2,2,120,SLA Met
SHP-46827,ORD-16827,Delhivery Direct,TRK906827,4,4,60,SLA Met
SHP-46828,ORD-16828,Delhivery Direct,TRK906828,2,2,150,SLA Met
SHP-46829,ORD-16829,BlueDart Express,TRK906829,2,2,60,SLA Met
SHP-46830,ORD-16830,Delhivery Direct,TRK906830,2,2,180,SLA Met
SHP-46831,ORD-16831,Shadowfax Surface,TRK906831,3,3,60,SLA Met
SHP-46833,ORD-16833,Shadowfax Surface,TRK906833,2,3,150,SLA Breached
SHP-46834,ORD-16834,XpressBees Surface,TRK906834,5,5,150,SLA Met
SHP-46835,ORD-16835,Shadowfax Surface,TRK906835,3,3,180,SLA Met
SHP-46836,ORD-16836,Shadowfax Surface,TRK906836,2,2,150,SLA Met
SHP-46838,ORD-16838,XpressBees Surface,TRK906838,3,3,60,SLA Met
SHP-46839,ORD-16839,Shadowfax Surface,TRK906839,5,6,120,SLA Breached
SHP-46841,ORD-16841,BlueDart Express,TRK906841,3,3,120,SLA Met
SHP-46842,ORD-16842,XpressBees Surface,TRK906842,4,5,120,SLA Breached
SHP-46843,ORD-16843,Delhivery Direct,TRK906843,4,4,90,SLA Met
SHP-46844,ORD-16844,Shadowfax Surface,TRK906844,3,3,120,SLA Met
SHP-46845,ORD-16845,Ecom Express,TRK906845,2,5,120,SLA Breached
SHP-46846,ORD-16846,Delhivery Direct,TRK906846,2,2,150,SLA Met
SHP-46847,ORD-16847,Shadowfax Surface,TRK906847,3,3,90,SLA Met
SHP-46848,ORD-16848,BlueDart Express,TRK906848,3,3,180,SLA Met
SHP-46849,ORD-16849,BlueDart Express,TRK906849,4,4,150,SLA Met
SHP-46850,ORD-16850,Ecom Express,TRK906850,4,4,150,SLA Met
SHP-46851,ORD-16851,Delhivery Direct,TRK906851,4,4,90,SLA Met
SHP-46853,ORD-16853,XpressBees Surface,TRK906853,4,4,180,SLA Met
SHP-46855,ORD-16855,Delhivery Direct,TRK906855,4,4,180,SLA Met
SHP-46856,ORD-16856,Delhivery Direct,TRK906856,2,2,150,SLA Met
SHP-46857,ORD-16857,Delhivery Direct,TRK906857,3,3,180,SLA Met
SHP-46858,ORD-16858,BlueDart Express,TRK906858,4,4,60,SLA Met
SHP-46859,ORD-16859,XpressBees Surface,TRK906859,3,3,180,SLA Met
SHP-46860,ORD-16860,Shadowfax Surface,TRK906860,5,5,150,SLA Met
SHP-46861,ORD-16861,BlueDart Express,TRK906861,5,5,180,SLA Met
SHP-46862,ORD-16862,Shadowfax Surface,TRK906862,4,4,180,SLA Met
SHP-46863,ORD-16863,BlueDart Express,TRK906863,5,5,180,SLA Met
SHP-46864,ORD-16864,Delhivery Direct,TRK906864,4,5,120,SLA Breached
SHP-46865,ORD-16865,BlueDart Express,TRK906865,4,4,90,SLA Met
SHP-46866,ORD-16866,XpressBees Surface,TRK906866,2,2,120,SLA Met
SHP-46867,ORD-16867,BlueDart Express,TRK906867,2,2,90,SLA Met
SHP-46868,ORD-16868,BlueDart Express,TRK906868,5,6,180,SLA Breached
SHP-46869,ORD-16869,BlueDart Express,TRK906869,2,2,60,SLA Met
SHP-46870,ORD-16870,Ecom Express,TRK906870,4,4,90,SLA Met
SHP-46871,ORD-16871,Shadowfax Surface,TRK906871,5,5,90,SLA Met
SHP-46872,ORD-16872,Ecom Express,TRK906872,4,4,180,SLA Met
SHP-46873,ORD-16873,BlueDart Express,TRK906873,5,5,150,SLA Met
SHP-46875,ORD-16875,XpressBees Surface,TRK906875,2,2,180,SLA Met
SHP-46878,ORD-16878,Ecom Express,TRK906878,5,5,180,SLA Met
SHP-46879,ORD-16879,XpressBees Surface,TRK906879,5,5,180,SLA Met
SHP-46880,ORD-16880,Ecom Express,TRK906880,5,5,180,SLA Met
SHP-46881,ORD-16881,Delhivery Direct,TRK906881,4,8,120,SLA Breached
SHP-46882,ORD-16882,Ecom Express,TRK906882,3,6,150,SLA Breached
SHP-46883,ORD-16883,Shadowfax Surface,TRK906883,3,4,120,SLA Breached
SHP-46884,ORD-16884,Delhivery Direct,TRK906884,3,3,90,SLA Met
SHP-46885,ORD-16885,Shadowfax Surface,TRK906885,4,4,180,SLA Met
SHP-46887,ORD-16887,Ecom Express,TRK906887,4,4,60,SLA Met
SHP-46888,ORD-16888,XpressBees Surface,TRK906888,2,2,120,SLA Met
SHP-46889,ORD-16889,Shadowfax Surface,TRK906889,5,5,90,SLA Met
SHP-46890,ORD-16890,Ecom Express,TRK906890,2,2,60,SLA Met
SHP-46892,ORD-16892,Shadowfax Surface,TRK906892,5,5,120,SLA Met
SHP-46893,ORD-16893,XpressBees Surface,TRK906893,3,3,60,SLA Met
SHP-46894,ORD-16894,Delhivery Direct,TRK906894,3,3,150,SLA Met
SHP-46895,ORD-16895,Delhivery Direct,TRK906895,5,5,90,SLA Met
SHP-46896,ORD-16896,Ecom Express,TRK906896,4,8,180,SLA Breached
SHP-46897,ORD-16897,XpressBees Surface,TRK906897,2,2,60,SLA Met
SHP-46898,ORD-16898,Delhivery Direct,TRK906898,5,7,90,SLA Breached
SHP-46899,ORD-16899,Shadowfax Surface,TRK906899,2,3,180,SLA Breached
SHP-46902,ORD-16902,XpressBees Surface,TRK906902,4,4,150,SLA Met
SHP-46905,ORD-16905,Delhivery Direct,TRK906905,3,7,120,SLA Breached
SHP-46906,ORD-16906,BlueDart Express,TRK906906,5,5,120,SLA Met
SHP-46907,ORD-16907,Ecom Express,TRK906907,2,2,180,SLA Met
SHP-46908,ORD-16908,Ecom Express,TRK906908,3,3,120,SLA Met
SHP-46909,ORD-16909,Ecom Express,TRK906909,4,4,60,SLA Met
SHP-46910,ORD-16910,Shadowfax Surface,TRK906910,5,5,150,SLA Met
SHP-46911,ORD-16911,XpressBees Surface,TRK906911,3,3,60,SLA Met
SHP-46912,ORD-16912,XpressBees Surface,TRK906912,2,2,150,SLA Met
SHP-46913,ORD-16913,BlueDart Express,TRK906913,4,4,90,SLA Met
SHP-46914,ORD-16914,Shadowfax Surface,TRK906914,4,4,150,SLA Met
SHP-46915,ORD-16915,XpressBees Surface,TRK906915,3,3,180,SLA Met
SHP-46916,ORD-16916,Ecom Express,TRK906916,3,7,150,SLA Breached
SHP-46917,ORD-16917,BlueDart Express,TRK906917,4,4,180,SLA Met
SHP-46918,ORD-16918,Shadowfax Surface,TRK906918,5,5,150,SLA Met
SHP-46919,ORD-16919,Shadowfax Surface,TRK906919,4,4,180,SLA Met
SHP-46920,ORD-16920,Ecom Express,TRK906920,2,2,90,SLA Met
SHP-46921,ORD-16921,Ecom Express,TRK906921,3,7,120,SLA Breached
SHP-46922,ORD-16922,Ecom Express,TRK906922,2,2,180,SLA Met
SHP-46923,ORD-16923,XpressBees Surface,TRK906923,3,3,90,SLA Met
SHP-46925,ORD-16925,BlueDart Express,TRK906925,5,5,90,SLA Met
SHP-46926,ORD-16926,Shadowfax Surface,TRK906926,4,4,180,SLA Met
SHP-46927,ORD-16927,Delhivery Direct,TRK906927,2,5,180,SLA Breached
SHP-46928,ORD-16928,XpressBees Surface,TRK906928,2,2,120,SLA Met
SHP-46929,ORD-16929,Delhivery Direct,TRK906929,2,2,60,SLA Met
SHP-46930,ORD-16930,BlueDart Express,TRK906930,5,5,60,SLA Met
SHP-46931,ORD-16931,Delhivery Direct,TRK906931,2,2,180,SLA Met
SHP-46932,ORD-16932,XpressBees Surface,TRK906932,3,3,120,SLA Met
SHP-46933,ORD-16933,BlueDart Express,TRK906933,2,2,90,SLA Met
SHP-46934,ORD-16934,Ecom Express,TRK906934,3,3,150,SLA Met
SHP-46935,ORD-16935,XpressBees Surface,TRK906935,5,5,180,SLA Met
SHP-46936,ORD-16936,Ecom Express,TRK906936,3,4,90,SLA Breached
SHP-46937,ORD-16937,XpressBees Surface,TRK906937,4,4,90,SLA Met
SHP-46938,ORD-16938,BlueDart Express,TRK906938,4,4,180,SLA Met
SHP-46940,ORD-16940,Shadowfax Surface,TRK906940,4,4,180,SLA Met
SHP-46942,ORD-16942,Delhivery Direct,TRK906942,4,4,90,SLA Met
SHP-46943,ORD-16943,Delhivery Direct,TRK906943,3,3,90,SLA Met
SHP-46944,ORD-16944,XpressBees Surface,TRK906944,3,3,180,SLA Met
SHP-46945,ORD-16945,BlueDart Express,TRK906945,3,3,120,SLA Met
SHP-46946,ORD-16946,Ecom Express,TRK906946,5,5,150,SLA Met
SHP-46947,ORD-16947,Shadowfax Surface,TRK906947,3,3,60,SLA Met
SHP-46948,ORD-16948,Delhivery Direct,TRK906948,5,5,90,SLA Met
SHP-46949,ORD-16949,Shadowfax Surface,TRK906949,3,3,60,SLA Met
SHP-46950,ORD-16950,Shadowfax Surface,TRK906950,4,4,150,SLA Met
SHP-46951,ORD-16951,Shadowfax Surface,TRK906951,3,3,60,SLA Met
SHP-46952,ORD-16952,Delhivery Direct,TRK906952,2,2,60,SLA Met
SHP-46953,ORD-16953,Shadowfax Surface,TRK906953,5,5,120,SLA Met
SHP-46954,ORD-16954,BlueDart Express,TRK906954,2,2,90,SLA Met
SHP-46955,ORD-16955,Shadowfax Surface,TRK906955,2,2,150,SLA Met
SHP-46956,ORD-16956,Delhivery Direct,TRK906956,3,3,90,SLA Met
SHP-46957,ORD-16957,Ecom Express,TRK906957,5,5,60,SLA Met
SHP-46958,ORD-16958,XpressBees Surface,TRK906958,2,2,120,SLA Met
SHP-46959,ORD-16959,BlueDart Express,TRK906959,3,3,60,SLA Met
SHP-46960,ORD-16960,Ecom Express,TRK906960,5,9,60,SLA Breached
SHP-46961,ORD-16961,Ecom Express,TRK906961,3,3,180,SLA Met
SHP-46962,ORD-16962,Shadowfax Surface,TRK906962,2,2,60,SLA Met
SHP-46963,ORD-16963,XpressBees Surface,TRK906963,4,4,60,SLA Met
SHP-46964,ORD-16964,Delhivery Direct,TRK906964,4,5,90,SLA Breached
SHP-46965,ORD-16965,Delhivery Direct,TRK906965,5,5,150,SLA Met
SHP-46966,ORD-16966,Delhivery Direct,TRK906966,5,5,120,SLA Met
SHP-46967,ORD-16967,XpressBees Surface,TRK906967,2,4,90,SLA Breached
SHP-46968,ORD-16968,Ecom Express,TRK906968,2,2,60,SLA Met
SHP-46969,ORD-16969,Ecom Express,TRK906969,2,2,150,SLA Met
SHP-46970,ORD-16970,Shadowfax Surface,TRK906970,3,3,90,SLA Met
SHP-46971,ORD-16971,Ecom Express,TRK906971,3,3,180,SLA Met
SHP-46972,ORD-16972,Ecom Express,TRK906972,3,3,60,SLA Met
SHP-46973,ORD-16973,Delhivery Direct,TRK906973,3,7,60,SLA Breached
SHP-46974,ORD-16974,Shadowfax Surface,TRK906974,2,2,150,SLA Met
SHP-46975,ORD-16975,Shadowfax Surface,TRK906975,3,3,150,SLA Met
SHP-46976,ORD-16976,Ecom Express,TRK906976,2,2,120,SLA Met
SHP-46977,ORD-16977,Ecom Express,TRK906977,4,4,180,SLA Met
SHP-46978,ORD-16978,Shadowfax Surface,TRK906978,4,4,180,SLA Met
SHP-46980,ORD-16980,XpressBees Surface,TRK906980,4,4,90,SLA Met
SHP-46981,ORD-16981,BlueDart Express,TRK906981,3,7,120,SLA Breached
SHP-46982,ORD-16982,XpressBees Surface,TRK906982,3,3,60,SLA Met
SHP-46984,ORD-16984,XpressBees Surface,TRK906984,2,2,150,SLA Met
SHP-46985,ORD-16985,Delhivery Direct,TRK906985,3,3,180,SLA Met
SHP-46986,ORD-16986,XpressBees Surface,TRK906986,3,3,90,SLA Met
SHP-46987,ORD-16987,Shadowfax Surface,TRK906987,3,3,150,SLA Met
SHP-46988,ORD-16988,Ecom Express,TRK906988,4,6,90,SLA Breached
SHP-46989,ORD-16989,XpressBees Surface,TRK906989,2,2,180,SLA Met
SHP-46991,ORD-16991,Delhivery Direct,TRK906991,5,5,180,SLA Met
SHP-46992,ORD-16992,Shadowfax Surface,TRK906992,5,5,90,SLA Met
SHP-46993,ORD-16993,Shadowfax Surface,TRK906993,3,7,180,SLA Breached
SHP-46994,ORD-16994,Delhivery Direct,TRK906994,3,3,90,SLA Met
SHP-46995,ORD-16995,Ecom Express,TRK906995,3,3,90,SLA Met
SHP-46996,ORD-16996,BlueDart Express,TRK906996,5,5,180,SLA Met
SHP-46997,ORD-16997,BlueDart Express,TRK906997,2,2,120,SLA Met
SHP-46998,ORD-16998,Ecom Express,TRK906998,5,5,60,SLA Met
SHP-46999,ORD-16999,Ecom Express,TRK906999,2,4,150,SLA Breached
SHP-47000,ORD-17000,XpressBees Surface,TRK907000,3,3,90,SLA Met
SHP-47001,ORD-17001,Delhivery Direct,TRK907001,4,4,60,SLA Met
SHP-47002,ORD-17002,Ecom Express,TRK907002,5,5,150,SLA Met
SHP-47003,ORD-17003,Delhivery Direct,TRK907003,3,3,60,SLA Met
SHP-47004,ORD-17004,Shadowfax Surface,TRK907004,3,3,60,SLA Met
SHP-47005,ORD-17005,Delhivery Direct,TRK907005,5,5,150,SLA Met
SHP-47006,ORD-17006,Delhivery Direct,TRK907006,3,3,120,SLA Met
SHP-47007,ORD-17007,Ecom Express,TRK907007,2,2,60,SLA Met
SHP-47008,ORD-17008,BlueDart Express,TRK907008,5,9,90,SLA Breached
SHP-47009,ORD-17009,Delhivery Direct,TRK907009,3,3,120,SLA Met
SHP-47010,ORD-17010,Ecom Express,TRK907010,4,5,150,SLA Breached
SHP-47011,ORD-17011,Ecom Express,TRK907011,5,9,120,SLA Breached
SHP-47012,ORD-17012,BlueDart Express,TRK907012,2,2,150,SLA Met
SHP-47013,ORD-17013,Shadowfax Surface,TRK907013,2,2,180,SLA Met
SHP-47014,ORD-17014,Ecom Express,TRK907014,2,2,180,SLA Met
SHP-47015,ORD-17015,BlueDart Express,TRK907015,5,7,180,SLA Breached
SHP-47016,ORD-17016,BlueDart Express,TRK907016,3,6,120,SLA Breached
SHP-47017,ORD-17017,Ecom Express,TRK907017,2,2,90,SLA Met
SHP-47018,ORD-17018,XpressBees Surface,TRK907018,5,5,150,SLA Met
SHP-47019,ORD-17019,Delhivery Direct,TRK907019,3,6,60,SLA Breached
SHP-47020,ORD-17020,Shadowfax Surface,TRK907020,5,5,90,SLA Met
SHP-47021,ORD-17021,BlueDart Express,TRK907021,2,2,150,SLA Met
SHP-47022,ORD-17022,Shadowfax Surface,TRK907022,2,2,150,SLA Met
SHP-47023,ORD-17023,XpressBees Surface,TRK907023,2,2,60,SLA Met
SHP-47024,ORD-17024,XpressBees Surface,TRK907024,3,3,90,SLA Met
SHP-47025,ORD-17025,Delhivery Direct,TRK907025,2,2,90,SLA Met
SHP-47027,ORD-17027,Ecom Express,TRK907027,3,3,180,SLA Met
SHP-47028,ORD-17028,BlueDart Express,TRK907028,3,3,150,SLA Met
SHP-47029,ORD-17029,Shadowfax Surface,TRK907029,3,3,180,SLA Met
SHP-47030,ORD-17030,XpressBees Surface,TRK907030,4,4,120,SLA Met
SHP-47031,ORD-17031,XpressBees Surface,TRK907031,5,5,180,SLA Met
SHP-47032,ORD-17032,Shadowfax Surface,TRK907032,2,2,90,SLA Met
SHP-47033,ORD-17033,Ecom Express,TRK907033,3,3,90,SLA Met
SHP-47034,ORD-17034,Ecom Express,TRK907034,3,3,120,SLA Met
SHP-47035,ORD-17035,XpressBees Surface,TRK907035,5,5,60,SLA Met
SHP-47036,ORD-17036,Ecom Express,TRK907036,2,2,120,SLA Met
SHP-47037,ORD-17037,Ecom Express,TRK907037,3,3,120,SLA Met
SHP-47038,ORD-17038,Shadowfax Surface,TRK907038,4,4,150,SLA Met
SHP-47040,ORD-17040,BlueDart Express,TRK907040,2,6,90,SLA Breached
SHP-47041,ORD-17041,Shadowfax Surface,TRK907041,3,3,90,SLA Met
SHP-47042,ORD-17042,Ecom Express,TRK907042,2,2,150,SLA Met
SHP-47043,ORD-17043,XpressBees Surface,TRK907043,3,3,180,SLA Met
SHP-47044,ORD-17044,Ecom Express,TRK907044,5,5,90,SLA Met
SHP-47045,ORD-17045,BlueDart Express,TRK907045,5,6,150,SLA Breached
SHP-47047,ORD-17047,XpressBees Surface,TRK907047,2,3,180,SLA Breached
SHP-47048,ORD-17048,BlueDart Express,TRK907048,2,2,90,SLA Met
SHP-47049,ORD-17049,Ecom Express,TRK907049,3,3,120,SLA Met
SHP-47050,ORD-17050,Shadowfax Surface,TRK907050,4,7,90,SLA Breached
SHP-47051,ORD-17051,BlueDart Express,TRK907051,4,4,150,SLA Met
SHP-47052,ORD-17052,Ecom Express,TRK907052,3,3,90,SLA Met
SHP-47053,ORD-17053,BlueDart Express,TRK907053,5,5,120,SLA Met
SHP-47054,ORD-17054,XpressBees Surface,TRK907054,3,3,150,SLA Met
SHP-47055,ORD-17055,BlueDart Express,TRK907055,4,4,60,SLA Met
SHP-47056,ORD-17056,Ecom Express,TRK907056,5,5,60,SLA Met
SHP-47057,ORD-17057,Delhivery Direct,TRK907057,3,6,120,SLA Breached
SHP-47058,ORD-17058,Ecom Express,TRK907058,4,4,90,SLA Met
SHP-47059,ORD-17059,XpressBees Surface,TRK907059,4,6,60,SLA Breached
SHP-47060,ORD-17060,XpressBees Surface,TRK907060,3,3,120,SLA Met
SHP-47061,ORD-17061,Ecom Express,TRK907061,4,4,180,SLA Met
SHP-47062,ORD-17062,Ecom Express,TRK907062,2,2,120,SLA Met
SHP-47063,ORD-17063,BlueDart Express,TRK907063,3,6,60,SLA Breached
SHP-47064,ORD-17064,XpressBees Surface,TRK907064,3,3,90,SLA Met
SHP-47065,ORD-17065,BlueDart Express,TRK907065,5,5,120,SLA Met
SHP-47066,ORD-17066,Ecom Express,TRK907066,5,7,60,SLA Breached
SHP-47067,ORD-17067,XpressBees Surface,TRK907067,5,9,150,SLA Breached
SHP-47068,ORD-17068,BlueDart Express,TRK907068,4,4,90,SLA Met
SHP-47070,ORD-17070,XpressBees Surface,TRK907070,4,4,90,SLA Met
SHP-47073,ORD-17073,BlueDart Express,TRK907073,4,4,150,SLA Met
SHP-47074,ORD-17074,Delhivery Direct,TRK907074,3,3,60,SLA Met
SHP-47075,ORD-17075,Ecom Express,TRK907075,5,5,120,SLA Met
SHP-47076,ORD-17076,Delhivery Direct,TRK907076,2,2,60,SLA Met
SHP-47077,ORD-17077,Delhivery Direct,TRK907077,4,4,120,SLA Met
SHP-47078,ORD-17078,Ecom Express,TRK907078,3,4,180,SLA Breached
SHP-47079,ORD-17079,Delhivery Direct,TRK907079,5,5,60,SLA Met
SHP-47080,ORD-17080,Ecom Express,TRK907080,4,6,60,SLA Breached
SHP-47081,ORD-17081,BlueDart Express,TRK907081,2,6,150,SLA Breached
SHP-47082,ORD-17082,Ecom Express,TRK907082,4,4,180,SLA Met
SHP-47083,ORD-17083,BlueDart Express,TRK907083,4,4,180,SLA Met
SHP-47084,ORD-17084,Shadowfax Surface,TRK907084,2,2,60,SLA Met
SHP-47085,ORD-17085,Delhivery Direct,TRK907085,3,3,90,SLA Met
SHP-47087,ORD-17087,Delhivery Direct,TRK907087,5,7,120,SLA Breached
SHP-47088,ORD-17088,Shadowfax Surface,TRK907088,4,4,180,SLA Met
SHP-47089,ORD-17089,BlueDart Express,TRK907089,5,5,60,SLA Met
SHP-47090,ORD-17090,Delhivery Direct,TRK907090,5,5,180,SLA Met
SHP-47093,ORD-17093,Delhivery Direct,TRK907093,2,2,180,SLA Met
SHP-47094,ORD-17094,BlueDart Express,TRK907094,3,3,90,SLA Met
SHP-47095,ORD-17095,XpressBees Surface,TRK907095,3,5,150,SLA Breached
SHP-47096,ORD-17096,Shadowfax Surface,TRK907096,4,7,90,SLA Breached
SHP-47097,ORD-17097,XpressBees Surface,TRK907097,4,4,150,SLA Met
SHP-47099,ORD-17099,Shadowfax Surface,TRK907099,5,5,60,SLA Met
SHP-47100,ORD-17100,BlueDart Express,TRK907100,3,3,90,SLA Met
SHP-47101,ORD-17101,Ecom Express,TRK907101,3,3,120,SLA Met
SHP-47102,ORD-17102,Shadowfax Surface,TRK907102,2,2,90,SLA Met
SHP-47103,ORD-17103,Delhivery Direct,TRK907103,5,5,90,SLA Met
SHP-47106,ORD-17106,XpressBees Surface,TRK907106,4,4,120,SLA Met
SHP-47107,ORD-17107,Delhivery Direct,TRK907107,3,3,120,SLA Met
SHP-47108,ORD-17108,XpressBees Surface,TRK907108,5,5,180,SLA Met
SHP-47110,ORD-17110,XpressBees Surface,TRK907110,5,7,180,SLA Breached
SHP-47111,ORD-17111,Ecom Express,TRK907111,2,2,90,SLA Met
SHP-47112,ORD-17112,Shadowfax Surface,TRK907112,3,3,150,SLA Met
SHP-47113,ORD-17113,XpressBees Surface,TRK907113,4,4,90,SLA Met
SHP-47114,ORD-17114,Ecom Express,TRK907114,3,3,120,SLA Met
SHP-47115,ORD-17115,BlueDart Express,TRK907115,3,3,120,SLA Met
SHP-47117,ORD-17117,BlueDart Express,TRK907117,4,4,150,SLA Met
SHP-47118,ORD-17118,Ecom Express,TRK907118,2,2,180,SLA Met
SHP-47119,ORD-17119,Delhivery Direct,TRK907119,4,4,60,SLA Met
SHP-47121,ORD-17121,XpressBees Surface,TRK907121,5,7,90,SLA Breached
SHP-47122,ORD-17122,BlueDart Express,TRK907122,5,9,150,SLA Breached
SHP-47123,ORD-17123,Ecom Express,TRK907123,2,2,180,SLA Met
SHP-47124,ORD-17124,XpressBees Surface,TRK907124,2,2,180,SLA Met
SHP-47125,ORD-17125,Ecom Express,TRK907125,2,2,150,SLA Met
SHP-47126,ORD-17126,XpressBees Surface,TRK907126,5,9,150,SLA Breached
SHP-47127,ORD-17127,Delhivery Direct,TRK907127,2,2,180,SLA Met
SHP-47128,ORD-17128,XpressBees Surface,TRK907128,2,4,150,SLA Breached
SHP-47129,ORD-17129,Delhivery Direct,TRK907129,5,5,120,SLA Met
SHP-47130,ORD-17130,XpressBees Surface,TRK907130,3,7,180,SLA Breached
SHP-47131,ORD-17131,Delhivery Direct,TRK907131,4,7,90,SLA Breached
SHP-47132,ORD-17132,Shadowfax Surface,TRK907132,2,2,60,SLA Met
SHP-47133,ORD-17133,Shadowfax Surface,TRK907133,5,5,60,SLA Met
SHP-47138,ORD-17138,BlueDart Express,TRK907138,3,3,180,SLA Met
SHP-47139,ORD-17139,Delhivery Direct,TRK907139,5,9,150,SLA Breached
SHP-47140,ORD-17140,Delhivery Direct,TRK907140,3,3,120,SLA Met
SHP-47142,ORD-17142,XpressBees Surface,TRK907142,3,3,180,SLA Met
SHP-47143,ORD-17143,Delhivery Direct,TRK907143,2,2,60,SLA Met
SHP-47144,ORD-17144,Shadowfax Surface,TRK907144,3,3,150,SLA Met
SHP-47146,ORD-17146,BlueDart Express,TRK907146,2,5,150,SLA Breached
SHP-47147,ORD-17147,Shadowfax Surface,TRK907147,5,5,90,SLA Met
SHP-47148,ORD-17148,XpressBees Surface,TRK907148,2,2,90,SLA Met
SHP-47149,ORD-17149,BlueDart Express,TRK907149,4,4,180,SLA Met
SHP-47150,ORD-17150,Delhivery Direct,TRK907150,3,3,120,SLA Met
SHP-47151,ORD-17151,XpressBees Surface,TRK907151,5,5,150,SLA Met
SHP-47152,ORD-17152,BlueDart Express,TRK907152,3,3,60,SLA Met
SHP-47153,ORD-17153,XpressBees Surface,TRK907153,3,5,180,SLA Breached
SHP-47154,ORD-17154,Delhivery Direct,TRK907154,2,5,90,SLA Breached
SHP-47155,ORD-17155,BlueDart Express,TRK907155,2,3,150,SLA Breached
SHP-47156,ORD-17156,Shadowfax Surface,TRK907156,4,4,120,SLA Met
SHP-47157,ORD-17157,Delhivery Direct,TRK907157,5,5,180,SLA Met
SHP-47158,ORD-17158,XpressBees Surface,TRK907158,2,2,180,SLA Met
SHP-47159,ORD-17159,XpressBees Surface,TRK907159,3,3,180,SLA Met
SHP-47160,ORD-17160,Shadowfax Surface,TRK907160,2,3,90,SLA Breached
SHP-47161,ORD-17161,Ecom Express,TRK907161,2,3,180,SLA Breached
SHP-47162,ORD-17162,Delhivery Direct,TRK907162,5,9,180,SLA Breached
SHP-47163,ORD-17163,Ecom Express,TRK907163,5,5,90,SLA Met
SHP-47164,ORD-17164,Shadowfax Surface,TRK907164,5,8,180,SLA Breached
SHP-47165,ORD-17165,Delhivery Direct,TRK907165,5,5,150,SLA Met
SHP-47166,ORD-17166,XpressBees Surface,TRK907166,4,4,60,SLA Met
SHP-47167,ORD-17167,Ecom Express,TRK907167,5,9,60,SLA Breached
SHP-47168,ORD-17168,Ecom Express,TRK907168,4,4,60,SLA Met
SHP-47169,ORD-17169,BlueDart Express,TRK907169,5,5,60,SLA Met
SHP-47170,ORD-17170,XpressBees Surface,TRK907170,4,4,60,SLA Met
SHP-47171,ORD-17171,BlueDart Express,TRK907171,5,5,60,SLA Met
SHP-47172,ORD-17172,Delhivery Direct,TRK907172,4,4,120,SLA Met
SHP-47173,ORD-17173,Delhivery Direct,TRK907173,3,7,150,SLA Breached
SHP-47174,ORD-17174,XpressBees Surface,TRK907174,3,6,60,SLA Breached
SHP-47175,ORD-17175,XpressBees Surface,TRK907175,2,2,120,SLA Met
SHP-47176,ORD-17176,Ecom Express,TRK907176,2,2,90,SLA Met
SHP-47178,ORD-17178,Ecom Express,TRK907178,2,3,180,SLA Breached
SHP-47179,ORD-17179,Shadowfax Surface,TRK907179,4,4,180,SLA Met
SHP-47182,ORD-17182,XpressBees Surface,TRK907182,5,5,180,SLA Met
SHP-47183,ORD-17183,BlueDart Express,TRK907183,2,4,90,SLA Breached
SHP-47185,ORD-17185,XpressBees Surface,TRK907185,5,5,120,SLA Met
SHP-47186,ORD-17186,XpressBees Surface,TRK907186,5,5,60,SLA Met
SHP-47188,ORD-17188,Delhivery Direct,TRK907188,2,2,60,SLA Met
SHP-47189,ORD-17189,Delhivery Direct,TRK907189,2,2,180,SLA Met
SHP-47190,ORD-17190,BlueDart Express,TRK907190,4,4,60,SLA Met
SHP-47191,ORD-17191,Shadowfax Surface,TRK907191,2,5,90,SLA Breached
SHP-47192,ORD-17192,BlueDart Express,TRK907192,5,5,90,SLA Met
SHP-47193,ORD-17193,XpressBees Surface,TRK907193,2,2,90,SLA Met
SHP-47194,ORD-17194,Shadowfax Surface,TRK907194,3,3,60,SLA Met
SHP-47195,ORD-17195,Shadowfax Surface,TRK907195,4,4,120,SLA Met
SHP-47196,ORD-17196,Shadowfax Surface,TRK907196,4,4,90,SLA Met
SHP-47197,ORD-17197,XpressBees Surface,TRK907197,5,9,60,SLA Breached
SHP-47198,ORD-17198,Shadowfax Surface,TRK907198,4,5,180,SLA Breached
SHP-47199,ORD-17199,Delhivery Direct,TRK907199,2,2,120,SLA Met
SHP-47201,ORD-17201,XpressBees Surface,TRK907201,5,5,90,SLA Met
SHP-47202,ORD-17202,XpressBees Surface,TRK907202,4,4,180,SLA Met
SHP-47203,ORD-17203,BlueDart Express,TRK907203,4,4,90,SLA Met
SHP-47204,ORD-17204,Shadowfax Surface,TRK907204,5,5,60,SLA Met
SHP-47205,ORD-17205,Ecom Express,TRK907205,2,2,90,SLA Met
SHP-47206,ORD-17206,Shadowfax Surface,TRK907206,2,2,60,SLA Met
SHP-47207,ORD-17207,Shadowfax Surface,TRK907207,4,4,60,SLA Met
SHP-47208,ORD-17208,Delhivery Direct,TRK907208,4,4,180,SLA Met
SHP-47209,ORD-17209,Shadowfax Surface,TRK907209,3,3,60,SLA Met
SHP-47210,ORD-17210,Ecom Express,TRK907210,3,3,150,SLA Met
SHP-47211,ORD-17211,XpressBees Surface,TRK907211,3,3,180,SLA Met
SHP-47212,ORD-17212,XpressBees Surface,TRK907212,4,4,150,SLA Met
SHP-47213,ORD-17213,Shadowfax Surface,TRK907213,3,7,90,SLA Breached
SHP-47214,ORD-17214,XpressBees Surface,TRK907214,2,2,60,SLA Met
SHP-47215,ORD-17215,Delhivery Direct,TRK907215,2,2,60,SLA Met
SHP-47216,ORD-17216,Ecom Express,TRK907216,4,6,150,SLA Breached
SHP-47217,ORD-17217,Delhivery Direct,TRK907217,5,9,150,SLA Breached
SHP-47218,ORD-17218,BlueDart Express,TRK907218,3,3,150,SLA Met
SHP-47219,ORD-17219,XpressBees Surface,TRK907219,3,3,60,SLA Met
SHP-47220,ORD-17220,Ecom Express,TRK907220,4,4,60,SLA Met
SHP-47221,ORD-17221,Delhivery Direct,TRK907221,4,5,60,SLA Breached
SHP-47222,ORD-17222,BlueDart Express,TRK907222,4,4,120,SLA Met
SHP-47224,ORD-17224,XpressBees Surface,TRK907224,5,5,150,SLA Met
SHP-47225,ORD-17225,XpressBees Surface,TRK907225,5,5,120,SLA Met
SHP-47226,ORD-17226,Shadowfax Surface,TRK907226,3,3,150,SLA Met
SHP-47227,ORD-17227,Delhivery Direct,TRK907227,5,5,60,SLA Met
SHP-47228,ORD-17228,XpressBees Surface,TRK907228,2,2,150,SLA Met
SHP-47229,ORD-17229,Delhivery Direct,TRK907229,3,4,180,SLA Breached
SHP-47230,ORD-17230,Delhivery Direct,TRK907230,4,4,180,SLA Met
SHP-47231,ORD-17231,BlueDart Express,TRK907231,4,8,90,SLA Breached
SHP-47232,ORD-17232,BlueDart Express,TRK907232,4,8,180,SLA Breached
SHP-47233,ORD-17233,Delhivery Direct,TRK907233,5,5,150,SLA Met
SHP-47234,ORD-17234,Shadowfax Surface,TRK907234,3,3,150,SLA Met
SHP-47235,ORD-17235,Shadowfax Surface,TRK907235,5,5,180,SLA Met
SHP-47236,ORD-17236,BlueDart Express,TRK907236,3,3,180,SLA Met
SHP-47237,ORD-17237,Delhivery Direct,TRK907237,3,3,90,SLA Met
SHP-47238,ORD-17238,Ecom Express,TRK907238,3,3,60,SLA Met
SHP-47239,ORD-17239,Shadowfax Surface,TRK907239,3,6,120,SLA Breached
SHP-47240,ORD-17240,Delhivery Direct,TRK907240,4,4,60,SLA Met
SHP-47241,ORD-17241,Ecom Express,TRK907241,3,3,150,SLA Met
SHP-47242,ORD-17242,Delhivery Direct,TRK907242,4,6,180,SLA Breached
SHP-47243,ORD-17243,XpressBees Surface,TRK907243,5,5,90,SLA Met
SHP-47244,ORD-17244,XpressBees Surface,TRK907244,2,2,120,SLA Met
SHP-47245,ORD-17245,Ecom Express,TRK907245,2,2,180,SLA Met
SHP-47246,ORD-17246,Ecom Express,TRK907246,2,2,120,SLA Met
SHP-47247,ORD-17247,BlueDart Express,TRK907247,2,2,60,SLA Met
SHP-47248,ORD-17248,BlueDart Express,TRK907248,2,2,120,SLA Met
SHP-47249,ORD-17249,BlueDart Express,TRK907249,4,4,120,SLA Met
SHP-47250,ORD-17250,Shadowfax Surface,TRK907250,4,4,180,SLA Met
SHP-47251,ORD-17251,BlueDart Express,TRK907251,5,5,180,SLA Met
SHP-47253,ORD-17253,Delhivery Direct,TRK907253,3,3,180,SLA Met
SHP-47254,ORD-17254,Ecom Express,TRK907254,4,4,60,SLA Met
SHP-47255,ORD-17255,XpressBees Surface,TRK907255,2,2,90,SLA Met
SHP-47256,ORD-17256,BlueDart Express,TRK907256,2,2,90,SLA Met
SHP-47257,ORD-17257,XpressBees Surface,TRK907257,5,5,90,SLA Met
SHP-47259,ORD-17259,Delhivery Direct,TRK907259,3,3,90,SLA Met
SHP-47261,ORD-17261,Delhivery Direct,TRK907261,4,4,90,SLA Met
SHP-47264,ORD-17264,Ecom Express,TRK907264,4,4,60,SLA Met
SHP-47265,ORD-17265,BlueDart Express,TRK907265,3,3,120,SLA Met
SHP-47266,ORD-17266,Ecom Express,TRK907266,3,3,180,SLA Met
SHP-47267,ORD-17267,BlueDart Express,TRK907267,3,3,150,SLA Met
SHP-47268,ORD-17268,BlueDart Express,TRK907268,2,4,150,SLA Breached
SHP-47269,ORD-17269,Shadowfax Surface,TRK907269,4,4,60,SLA Met
SHP-47270,ORD-17270,XpressBees Surface,TRK907270,5,5,90,SLA Met
SHP-47272,ORD-17272,XpressBees Surface,TRK907272,3,3,180,SLA Met
SHP-47273,ORD-17273,BlueDart Express,TRK907273,5,5,90,SLA Met
SHP-47275,ORD-17275,Ecom Express,TRK907275,5,5,150,SLA Met
SHP-47276,ORD-17276,XpressBees Surface,TRK907276,4,4,150,SLA Met
SHP-47278,ORD-17278,Delhivery Direct,TRK907278,4,4,60,SLA Met
SHP-47279,ORD-17279,Ecom Express,TRK907279,2,2,180,SLA Met
SHP-47280,ORD-17280,Ecom Express,TRK907280,3,3,120,SLA Met
SHP-47281,ORD-17281,BlueDart Express,TRK907281,3,3,120,SLA Met
SHP-47282,ORD-17282,BlueDart Express,TRK907282,3,3,60,SLA Met
SHP-47283,ORD-17283,Shadowfax Surface,TRK907283,2,2,120,SLA Met
SHP-47286,ORD-17286,Delhivery Direct,TRK907286,3,3,90,SLA Met
SHP-47287,ORD-17287,Shadowfax Surface,TRK907287,3,5,150,SLA Breached
SHP-47288,ORD-17288,Shadowfax Surface,TRK907288,5,5,120,SLA Met
SHP-47289,ORD-17289,Delhivery Direct,TRK907289,3,4,180,SLA Breached
SHP-47290,ORD-17290,Ecom Express,TRK907290,2,2,150,SLA Met
SHP-47291,ORD-17291,XpressBees Surface,TRK907291,5,8,120,SLA Breached
SHP-47292,ORD-17292,Ecom Express,TRK907292,2,2,150,SLA Met
SHP-47293,ORD-17293,XpressBees Surface,TRK907293,3,4,120,SLA Breached
SHP-47294,ORD-17294,Ecom Express,TRK907294,4,4,90,SLA Met
SHP-47295,ORD-17295,Shadowfax Surface,TRK907295,4,4,120,SLA Met
SHP-47297,ORD-17297,Shadowfax Surface,TRK907297,2,2,180,SLA Met
SHP-47299,ORD-17299,Ecom Express,TRK907299,2,3,180,SLA Breached
SHP-47300,ORD-17300,XpressBees Surface,TRK907300,5,9,180,SLA Breached
SHP-47301,ORD-17301,XpressBees Surface,TRK907301,5,5,60,SLA Met
SHP-47302,ORD-17302,XpressBees Surface,TRK907302,2,2,150,SLA Met
SHP-47303,ORD-17303,Shadowfax Surface,TRK907303,4,8,180,SLA Breached
SHP-47305,ORD-17305,XpressBees Surface,TRK907305,3,3,180,SLA Met
SHP-47306,ORD-17306,Shadowfax Surface,TRK907306,2,2,90,SLA Met
SHP-47307,ORD-17307,XpressBees Surface,TRK907307,3,3,180,SLA Met
SHP-47308,ORD-17308,Shadowfax Surface,TRK907308,2,2,120,SLA Met
SHP-47309,ORD-17309,XpressBees Surface,TRK907309,3,3,180,SLA Met
SHP-47310,ORD-17310,Ecom Express,TRK907310,4,4,120,SLA Met
SHP-47312,ORD-17312,XpressBees Surface,TRK907312,5,5,180,SLA Met
SHP-47313,ORD-17313,Shadowfax Surface,TRK907313,4,4,90,SLA Met
SHP-47314,ORD-17314,Ecom Express,TRK907314,3,3,90,SLA Met
SHP-47316,ORD-17316,Shadowfax Surface,TRK907316,3,3,120,SLA Met
SHP-47317,ORD-17317,Delhivery Direct,TRK907317,2,2,60,SLA Met
SHP-47319,ORD-17319,XpressBees Surface,TRK907319,4,4,120,SLA Met
SHP-47320,ORD-17320,Delhivery Direct,TRK907320,2,3,60,SLA Breached
SHP-47321,ORD-17321,Ecom Express,TRK907321,3,3,60,SLA Met
SHP-47323,ORD-17323,Delhivery Direct,TRK907323,5,5,60,SLA Met
SHP-47324,ORD-17324,Shadowfax Surface,TRK907324,4,6,180,SLA Breached
SHP-47325,ORD-17325,Ecom Express,TRK907325,4,4,60,SLA Met
SHP-47326,ORD-17326,XpressBees Surface,TRK907326,5,5,180,SLA Met
SHP-47327,ORD-17327,BlueDart Express,TRK907327,3,3,120,SLA Met
SHP-47328,ORD-17328,XpressBees Surface,TRK907328,5,5,180,SLA Met
SHP-47329,ORD-17329,Delhivery Direct,TRK907329,4,4,120,SLA Met
SHP-47330,ORD-17330,XpressBees Surface,TRK907330,4,4,120,SLA Met
SHP-47331,ORD-17331,XpressBees Surface,TRK907331,5,5,120,SLA Met
SHP-47333,ORD-17333,Shadowfax Surface,TRK907333,2,2,60,SLA Met
SHP-47334,ORD-17334,Shadowfax Surface,TRK907334,2,4,150,SLA Breached
SHP-47336,ORD-17336,Delhivery Direct,TRK907336,5,5,120,SLA Met
SHP-47337,ORD-17337,BlueDart Express,TRK907337,4,4,120,SLA Met
SHP-47338,ORD-17338,BlueDart Express,TRK907338,3,3,60,SLA Met
SHP-47339,ORD-17339,Shadowfax Surface,TRK907339,5,5,120,SLA Met
SHP-47340,ORD-17340,Delhivery Direct,TRK907340,2,2,180,SLA Met
SHP-47341,ORD-17341,Ecom Express,TRK907341,2,2,60,SLA Met
SHP-47342,ORD-17342,Ecom Express,TRK907342,2,2,60,SLA Met
SHP-47344,ORD-17344,XpressBees Surface,TRK907344,2,2,60,SLA Met
SHP-47345,ORD-17345,XpressBees Surface,TRK907345,4,6,150,SLA Breached
SHP-47346,ORD-17346,XpressBees Surface,TRK907346,2,3,90,SLA Breached
SHP-47350,ORD-17350,XpressBees Surface,TRK907350,2,6,120,SLA Breached
SHP-47351,ORD-17351,Ecom Express,TRK907351,2,2,150,SLA Met
SHP-47352,ORD-17352,Ecom Express,TRK907352,3,3,120,SLA Met
SHP-47353,ORD-17353,Shadowfax Surface,TRK907353,5,5,120,SLA Met
SHP-47354,ORD-17354,Shadowfax Surface,TRK907354,2,2,90,SLA Met
SHP-47357,ORD-17357,Ecom Express,TRK907357,3,3,90,SLA Met
SHP-47358,ORD-17358,XpressBees Surface,TRK907358,4,4,90,SLA Met
SHP-47359,ORD-17359,BlueDart Express,TRK907359,3,3,90,SLA Met
SHP-47360,ORD-17360,BlueDart Express,TRK907360,4,4,90,SLA Met
SHP-47362,ORD-17362,BlueDart Express,TRK907362,5,5,120,SLA Met
SHP-47363,ORD-17363,Delhivery Direct,TRK907363,5,5,180,SLA Met
SHP-47364,ORD-17364,Delhivery Direct,TRK907364,2,2,60,SLA Met
SHP-47366,ORD-17366,XpressBees Surface,TRK907366,3,7,120,SLA Breached
SHP-47367,ORD-17367,Ecom Express,TRK907367,4,4,180,SLA Met
SHP-47368,ORD-17368,Ecom Express,TRK907368,3,3,90,SLA Met
SHP-47369,ORD-17369,XpressBees Surface,TRK907369,2,2,60,SLA Met
SHP-47370,ORD-17370,BlueDart Express,TRK907370,5,5,180,SLA Met
SHP-47371,ORD-17371,Delhivery Direct,TRK907371,2,2,60,SLA Met
SHP-47372,ORD-17372,Ecom Express,TRK907372,5,5,60,SLA Met
SHP-47373,ORD-17373,Shadowfax Surface,TRK907373,3,3,60,SLA Met
SHP-47374,ORD-17374,Ecom Express,TRK907374,3,3,90,SLA Met
SHP-47375,ORD-17375,Ecom Express,TRK907375,3,3,60,SLA Met
SHP-47377,ORD-17377,Shadowfax Surface,TRK907377,4,7,180,SLA Breached
SHP-47379,ORD-17379,XpressBees Surface,TRK907379,3,3,90,SLA Met
SHP-47380,ORD-17380,BlueDart Express,TRK907380,3,3,60,SLA Met
SHP-47381,ORD-17381,Delhivery Direct,TRK907381,4,6,120,SLA Breached
SHP-47382,ORD-17382,Shadowfax Surface,TRK907382,2,2,120,SLA Met
SHP-47383,ORD-17383,XpressBees Surface,TRK907383,2,2,150,SLA Met
SHP-47384,ORD-17384,Delhivery Direct,TRK907384,3,3,90,SLA Met
SHP-47385,ORD-17385,XpressBees Surface,TRK907385,5,5,60,SLA Met
SHP-47386,ORD-17386,Delhivery Direct,TRK907386,3,3,150,SLA Met
SHP-47388,ORD-17388,Delhivery Direct,TRK907388,4,4,120,SLA Met
SHP-47389,ORD-17389,XpressBees Surface,TRK907389,5,5,90,SLA Met
SHP-47390,ORD-17390,XpressBees Surface,TRK907390,5,5,150,SLA Met
SHP-47391,ORD-17391,Delhivery Direct,TRK907391,5,5,90,SLA Met
SHP-47392,ORD-17392,BlueDart Express,TRK907392,4,4,90,SLA Met
SHP-47394,ORD-17394,BlueDart Express,TRK907394,2,2,150,SLA Met
SHP-47395,ORD-17395,Ecom Express,TRK907395,5,5,90,SLA Met
SHP-47396,ORD-17396,Delhivery Direct,TRK907396,4,4,60,SLA Met
SHP-47397,ORD-17397,Shadowfax Surface,TRK907397,2,2,120,SLA Met
SHP-47398,ORD-17398,Shadowfax Surface,TRK907398,2,2,120,SLA Met
SHP-47399,ORD-17399,XpressBees Surface,TRK907399,5,5,90,SLA Met
SHP-47400,ORD-17400,Delhivery Direct,TRK907400,3,5,120,SLA Breached
SHP-47401,ORD-17401,XpressBees Surface,TRK907401,4,4,150,SLA Met
SHP-47402,ORD-17402,XpressBees Surface,TRK907402,4,4,120,SLA Met
SHP-47403,ORD-17403,Delhivery Direct,TRK907403,2,2,90,SLA Met
SHP-47404,ORD-17404,Delhivery Direct,TRK907404,2,2,60,SLA Met
SHP-47405,ORD-17405,Delhivery Direct,TRK907405,4,4,180,SLA Met
SHP-47407,ORD-17407,Ecom Express,TRK907407,2,2,90,SLA Met
SHP-47408,ORD-17408,Shadowfax Surface,TRK907408,2,2,150,SLA Met
SHP-47410,ORD-17410,Delhivery Direct,TRK907410,3,3,180,SLA Met
SHP-47411,ORD-17411,BlueDart Express,TRK907411,4,4,150,SLA Met
SHP-47412,ORD-17412,Shadowfax Surface,TRK907412,2,2,120,SLA Met
SHP-47413,ORD-17413,Ecom Express,TRK907413,2,2,60,SLA Met
SHP-47414,ORD-17414,BlueDart Express,TRK907414,2,2,120,SLA Met
SHP-47415,ORD-17415,Ecom Express,TRK907415,2,2,60,SLA Met
SHP-47417,ORD-17417,Delhivery Direct,TRK907417,5,5,150,SLA Met
SHP-47418,ORD-17418,Shadowfax Surface,TRK907418,3,3,180,SLA Met
SHP-47419,ORD-17419,XpressBees Surface,TRK907419,5,5,90,SLA Met
SHP-47420,ORD-17420,Delhivery Direct,TRK907420,3,3,120,SLA Met
SHP-47421,ORD-17421,XpressBees Surface,TRK907421,4,4,180,SLA Met
SHP-47422,ORD-17422,XpressBees Surface,TRK907422,4,4,180,SLA Met
SHP-47423,ORD-17423,Delhivery Direct,TRK907423,4,4,120,SLA Met
SHP-47424,ORD-17424,BlueDart Express,TRK907424,5,5,60,SLA Met
SHP-47425,ORD-17425,BlueDart Express,TRK907425,5,5,120,SLA Met
SHP-47426,ORD-17426,Ecom Express,TRK907426,3,3,120,SLA Met
SHP-47429,ORD-17429,Delhivery Direct,TRK907429,4,4,180,SLA Met
SHP-47431,ORD-17431,Ecom Express,TRK907431,4,4,60,SLA Met
SHP-47432,ORD-17432,Shadowfax Surface,TRK907432,3,3,150,SLA Met
SHP-47433,ORD-17433,Delhivery Direct,TRK907433,4,4,90,SLA Met
SHP-47434,ORD-17434,XpressBees Surface,TRK907434,4,4,180,SLA Met
SHP-47435,ORD-17435,Shadowfax Surface,TRK907435,5,5,90,SLA Met
SHP-47436,ORD-17436,XpressBees Surface,TRK907436,2,2,60,SLA Met
SHP-47437,ORD-17437,Shadowfax Surface,TRK907437,5,5,180,SLA Met
SHP-47438,ORD-17438,XpressBees Surface,TRK907438,2,6,90,SLA Breached
SHP-47440,ORD-17440,XpressBees Surface,TRK907440,4,4,120,SLA Met
SHP-47441,ORD-17441,XpressBees Surface,TRK907441,2,2,180,SLA Met
SHP-47443,ORD-17443,Shadowfax Surface,TRK907443,5,7,90,SLA Breached
SHP-47445,ORD-17445,Ecom Express,TRK907445,5,5,60,SLA Met
SHP-47446,ORD-17446,Delhivery Direct,TRK907446,5,5,60,SLA Met
SHP-47447,ORD-17447,Ecom Express,TRK907447,2,2,180,SLA Met
SHP-47449,ORD-17449,Delhivery Direct,TRK907449,4,4,150,SLA Met
SHP-47450,ORD-17450,Delhivery Direct,TRK907450,2,2,60,SLA Met
SHP-47452,ORD-17452,Delhivery Direct,TRK907452,2,2,60,SLA Met
SHP-47453,ORD-17453,Shadowfax Surface,TRK907453,5,5,120,SLA Met
SHP-47454,ORD-17454,Ecom Express,TRK907454,5,5,150,SLA Met
SHP-47455,ORD-17455,Ecom Express,TRK907455,4,4,60,SLA Met
SHP-47456,ORD-17456,BlueDart Express,TRK907456,2,2,120,SLA Met
SHP-47457,ORD-17457,BlueDart Express,TRK907457,5,5,180,SLA Met
SHP-47458,ORD-17458,BlueDart Express,TRK907458,5,8,60,SLA Breached
SHP-47459,ORD-17459,XpressBees Surface,TRK907459,5,5,60,SLA Met
SHP-47460,ORD-17460,Delhivery Direct,TRK907460,3,6,60,SLA Breached
SHP-47461,ORD-17461,Shadowfax Surface,TRK907461,4,4,60,SLA Met
SHP-47462,ORD-17462,Delhivery Direct,TRK907462,5,5,60,SLA Met
SHP-47463,ORD-17463,Shadowfax Surface,TRK907463,4,4,60,SLA Met
SHP-47464,ORD-17464,Ecom Express,TRK907464,4,4,60,SLA Met
SHP-47465,ORD-17465,Ecom Express,TRK907465,5,5,180,SLA Met
SHP-47466,ORD-17466,Delhivery Direct,TRK907466,3,3,90,SLA Met
SHP-47468,ORD-17468,Shadowfax Surface,TRK907468,3,3,60,SLA Met
SHP-47469,ORD-17469,Delhivery Direct,TRK907469,4,4,60,SLA Met
SHP-47470,ORD-17470,Delhivery Direct,TRK907470,5,5,60,SLA Met
SHP-47471,ORD-17471,Shadowfax Surface,TRK907471,4,7,90,SLA Breached
SHP-47472,ORD-17472,BlueDart Express,TRK907472,2,2,90,SLA Met
SHP-47473,ORD-17473,XpressBees Surface,TRK907473,3,3,180,SLA Met
SHP-47474,ORD-17474,Ecom Express,TRK907474,5,5,60,SLA Met
SHP-47475,ORD-17475,Delhivery Direct,TRK907475,2,2,150,SLA Met
SHP-47476,ORD-17476,Shadowfax Surface,TRK907476,4,4,120,SLA Met
SHP-47477,ORD-17477,Ecom Express,TRK907477,4,4,150,SLA Met
SHP-47478,ORD-17478,Shadowfax Surface,TRK907478,2,2,90,SLA Met
SHP-47480,ORD-17480,XpressBees Surface,TRK907480,2,2,180,SLA Met
SHP-47482,ORD-17482,Shadowfax Surface,TRK907482,4,4,150,SLA Met
SHP-47483,ORD-17483,BlueDart Express,TRK907483,2,2,180,SLA Met
SHP-47484,ORD-17484,BlueDart Express,TRK907484,5,5,180,SLA Met
SHP-47485,ORD-17485,Shadowfax Surface,TRK907485,4,4,120,SLA Met
SHP-47486,ORD-17486,Shadowfax Surface,TRK907486,4,4,120,SLA Met
SHP-47487,ORD-17487,Ecom Express,TRK907487,4,4,180,SLA Met
SHP-47488,ORD-17488,XpressBees Surface,TRK907488,5,5,120,SLA Met
SHP-47490,ORD-17490,XpressBees Surface,TRK907490,2,2,90,SLA Met
SHP-47491,ORD-17491,Ecom Express,TRK907491,5,5,150,SLA Met
SHP-47492,ORD-17492,Delhivery Direct,TRK907492,4,4,180,SLA Met
SHP-47493,ORD-17493,BlueDart Express,TRK907493,4,5,150,SLA Breached
SHP-47494,ORD-17494,Delhivery Direct,TRK907494,5,5,180,SLA Met
SHP-47495,ORD-17495,Ecom Express,TRK907495,3,7,180,SLA Breached
SHP-47496,ORD-17496,Delhivery Direct,TRK907496,5,5,90,SLA Met
SHP-47497,ORD-17497,BlueDart Express,TRK907497,3,3,120,SLA Met
SHP-47498,ORD-17498,Ecom Express,TRK907498,3,3,150,SLA Met
SHP-47500,ORD-17500,Ecom Express,TRK907500,4,5,180,SLA Breached
SHP-47501,ORD-17501,BlueDart Express,TRK907501,3,3,180,SLA Met
SHP-47502,ORD-17502,Shadowfax Surface,TRK907502,5,5,120,SLA Met
SHP-47503,ORD-17503,XpressBees Surface,TRK907503,4,4,60,SLA Met
SHP-47504,ORD-17504,Ecom Express,TRK907504,3,3,120,SLA Met
SHP-47505,ORD-17505,Ecom Express,TRK907505,4,7,180,SLA Breached
SHP-47506,ORD-17506,Shadowfax Surface,TRK907506,4,4,90,SLA Met
SHP-47507,ORD-17507,XpressBees Surface,TRK907507,5,5,90,SLA Met
SHP-47509,ORD-17509,BlueDart Express,TRK907509,2,2,120,SLA Met
SHP-47510,ORD-17510,Delhivery Direct,TRK907510,4,4,60,SLA Met
SHP-47512,ORD-17512,Delhivery Direct,TRK907512,2,2,60,SLA Met
SHP-47513,ORD-17513,Ecom Express,TRK907513,3,3,150,SLA Met
SHP-47514,ORD-17514,XpressBees Surface,TRK907514,4,4,180,SLA Met
SHP-47515,ORD-17515,Delhivery Direct,TRK907515,3,3,90,SLA Met
SHP-47516,ORD-17516,Delhivery Direct,TRK907516,4,4,180,SLA Met
SHP-47517,ORD-17517,XpressBees Surface,TRK907517,4,4,150,SLA Met
SHP-47518,ORD-17518,Delhivery Direct,TRK907518,4,6,120,SLA Breached
SHP-47519,ORD-17519,XpressBees Surface,TRK907519,2,2,120,SLA Met
SHP-47520,ORD-17520,XpressBees Surface,TRK907520,4,4,150,SLA Met
SHP-47521,ORD-17521,Shadowfax Surface,TRK907521,5,5,90,SLA Met
SHP-47523,ORD-17523,BlueDart Express,TRK907523,5,5,180,SLA Met
SHP-47525,ORD-17525,BlueDart Express,TRK907525,5,5,180,SLA Met
SHP-47527,ORD-17527,BlueDart Express,TRK907527,2,2,120,SLA Met
SHP-47528,ORD-17528,Delhivery Direct,TRK907528,2,2,60,SLA Met
SHP-47529,ORD-17529,BlueDart Express,TRK907529,4,4,120,SLA Met
SHP-47530,ORD-17530,Shadowfax Surface,TRK907530,4,4,150,SLA Met
SHP-47531,ORD-17531,Ecom Express,TRK907531,4,4,90,SLA Met
SHP-47532,ORD-17532,Shadowfax Surface,TRK907532,2,2,180,SLA Met
SHP-47533,ORD-17533,Shadowfax Surface,TRK907533,5,5,120,SLA Met
SHP-47535,ORD-17535,Shadowfax Surface,TRK907535,5,5,180,SLA Met
SHP-47536,ORD-17536,Ecom Express,TRK907536,5,5,90,SLA Met
SHP-47538,ORD-17538,Delhivery Direct,TRK907538,4,4,90,SLA Met
SHP-47539,ORD-17539,BlueDart Express,TRK907539,3,7,60,SLA Breached
SHP-47540,ORD-17540,BlueDart Express,TRK907540,5,5,60,SLA Met
SHP-47541,ORD-17541,XpressBees Surface,TRK907541,3,3,150,SLA Met
SHP-47543,ORD-17543,BlueDart Express,TRK907543,4,4,90,SLA Met
SHP-47544,ORD-17544,Shadowfax Surface,TRK907544,4,7,90,SLA Breached
SHP-47545,ORD-17545,Delhivery Direct,TRK907545,5,5,150,SLA Met
SHP-47546,ORD-17546,BlueDart Express,TRK907546,4,4,120,SLA Met
SHP-47547,ORD-17547,BlueDart Express,TRK907547,3,3,180,SLA Met
SHP-47548,ORD-17548,Delhivery Direct,TRK907548,2,2,90,SLA Met
SHP-47549,ORD-17549,Delhivery Direct,TRK907549,5,5,150,SLA Met
SHP-47550,ORD-17550,Ecom Express,TRK907550,4,4,60,SLA Met
SHP-47551,ORD-17551,Delhivery Direct,TRK907551,3,4,150,SLA Breached
SHP-47552,ORD-17552,Shadowfax Surface,TRK907552,2,2,90,SLA Met
SHP-47553,ORD-17553,Ecom Express,TRK907553,3,3,90,SLA Met
SHP-47555,ORD-17555,Delhivery Direct,TRK907555,5,5,180,SLA Met
SHP-47557,ORD-17557,BlueDart Express,TRK907557,5,7,120,SLA Breached
SHP-47558,ORD-17558,Ecom Express,TRK907558,4,4,60,SLA Met
SHP-47560,ORD-17560,BlueDart Express,TRK907560,3,6,150,SLA Breached
SHP-47561,ORD-17561,XpressBees Surface,TRK907561,4,8,180,SLA Breached
SHP-47562,ORD-17562,BlueDart Express,TRK907562,2,4,60,SLA Breached
SHP-47563,ORD-17563,XpressBees Surface,TRK907563,5,5,120,SLA Met
SHP-47564,ORD-17564,XpressBees Surface,TRK907564,2,5,60,SLA Breached
SHP-47565,ORD-17565,XpressBees Surface,TRK907565,4,4,90,SLA Met
SHP-47566,ORD-17566,XpressBees Surface,TRK907566,5,5,90,SLA Met
SHP-47567,ORD-17567,XpressBees Surface,TRK907567,4,4,120,SLA Met
SHP-47568,ORD-17568,Shadowfax Surface,TRK907568,4,4,90,SLA Met
SHP-47570,ORD-17570,XpressBees Surface,TRK907570,2,3,180,SLA Breached
SHP-47571,ORD-17571,Shadowfax Surface,TRK907571,3,7,60,SLA Breached
SHP-47572,ORD-17572,BlueDart Express,TRK907572,5,5,90,SLA Met
SHP-47573,ORD-17573,Shadowfax Surface,TRK907573,4,4,60,SLA Met
SHP-47574,ORD-17574,XpressBees Surface,TRK907574,2,2,180,SLA Met
SHP-47575,ORD-17575,BlueDart Express,TRK907575,5,5,90,SLA Met
SHP-47576,ORD-17576,Delhivery Direct,TRK907576,3,5,120,SLA Breached
SHP-47578,ORD-17578,BlueDart Express,TRK907578,5,5,60,SLA Met
SHP-47579,ORD-17579,Delhivery Direct,TRK907579,3,4,90,SLA Breached
SHP-47581,ORD-17581,Shadowfax Surface,TRK907581,5,5,90,SLA Met
SHP-47582,ORD-17582,Shadowfax Surface,TRK907582,4,4,180,SLA Met
SHP-47583,ORD-17583,BlueDart Express,TRK907583,4,7,90,SLA Breached
SHP-47584,ORD-17584,Shadowfax Surface,TRK907584,5,5,90,SLA Met
SHP-47585,ORD-17585,Delhivery Direct,TRK907585,5,5,90,SLA Met
SHP-47588,ORD-17588,BlueDart Express,TRK907588,5,5,60,SLA Met
SHP-47589,ORD-17589,Ecom Express,TRK907589,5,5,60,SLA Met
SHP-47590,ORD-17590,Shadowfax Surface,TRK907590,5,5,90,SLA Met
SHP-47591,ORD-17591,BlueDart Express,TRK907591,4,4,150,SLA Met
SHP-47592,ORD-17592,Delhivery Direct,TRK907592,2,2,120,SLA Met
SHP-47593,ORD-17593,Ecom Express,TRK907593,5,7,120,SLA Breached
SHP-47594,ORD-17594,Shadowfax Surface,TRK907594,4,4,180,SLA Met
SHP-47596,ORD-17596,Ecom Express,TRK907596,4,4,150,SLA Met
SHP-47597,ORD-17597,Shadowfax Surface,TRK907597,2,6,120,SLA Breached
SHP-47598,ORD-17598,Ecom Express,TRK907598,4,4,180,SLA Met
SHP-47599,ORD-17599,Ecom Express,TRK907599,4,4,150,SLA Met
SHP-47601,ORD-17601,Shadowfax Surface,TRK907601,3,7,150,SLA Breached
SHP-47602,ORD-17602,XpressBees Surface,TRK907602,4,4,150,SLA Met
SHP-47603,ORD-17603,BlueDart Express,TRK907603,5,5,120,SLA Met
SHP-47604,ORD-17604,XpressBees Surface,TRK907604,2,2,90,SLA Met
SHP-47606,ORD-17606,BlueDart Express,TRK907606,5,5,150,SLA Met
SHP-47607,ORD-17607,Delhivery Direct,TRK907607,3,3,60,SLA Met
SHP-47608,ORD-17608,Shadowfax Surface,TRK907608,4,4,60,SLA Met
SHP-47609,ORD-17609,Shadowfax Surface,TRK907609,3,3,90,SLA Met
SHP-47610,ORD-17610,XpressBees Surface,TRK907610,2,5,150,SLA Breached
SHP-47611,ORD-17611,XpressBees Surface,TRK907611,3,3,60,SLA Met
SHP-47612,ORD-17612,BlueDart Express,TRK907612,3,3,120,SLA Met
SHP-47613,ORD-17613,Delhivery Direct,TRK907613,2,2,120,SLA Met
SHP-47614,ORD-17614,Shadowfax Surface,TRK907614,2,2,180,SLA Met
SHP-47615,ORD-17615,Delhivery Direct,TRK907615,2,4,180,SLA Breached
SHP-47616,ORD-17616,XpressBees Surface,TRK907616,5,5,60,SLA Met
SHP-47617,ORD-17617,Delhivery Direct,TRK907617,4,4,90,SLA Met
SHP-47618,ORD-17618,Delhivery Direct,TRK907618,5,5,90,SLA Met
SHP-47620,ORD-17620,Ecom Express,TRK907620,4,4,180,SLA Met
SHP-47621,ORD-17621,XpressBees Surface,TRK907621,2,2,60,SLA Met
SHP-47623,ORD-17623,Delhivery Direct,TRK907623,5,5,90,SLA Met
SHP-47625,ORD-17625,Shadowfax Surface,TRK907625,5,5,60,SLA Met
SHP-47627,ORD-17627,Shadowfax Surface,TRK907627,5,5,150,SLA Met
SHP-47628,ORD-17628,Shadowfax Surface,TRK907628,2,4,150,SLA Breached
SHP-47629,ORD-17629,XpressBees Surface,TRK907629,4,4,180,SLA Met
SHP-47630,ORD-17630,Delhivery Direct,TRK907630,4,4,60,SLA Met
SHP-47631,ORD-17631,Shadowfax Surface,TRK907631,5,5,90,SLA Met
SHP-47632,ORD-17632,Delhivery Direct,TRK907632,2,2,90,SLA Met
SHP-47633,ORD-17633,Ecom Express,TRK907633,4,4,120,SLA Met
SHP-47634,ORD-17634,Shadowfax Surface,TRK907634,5,5,180,SLA Met
SHP-47635,ORD-17635,XpressBees Surface,TRK907635,3,5,180,SLA Breached
SHP-47636,ORD-17636,XpressBees Surface,TRK907636,3,3,90,SLA Met
SHP-47637,ORD-17637,Delhivery Direct,TRK907637,2,2,180,SLA Met
SHP-47638,ORD-17638,Ecom Express,TRK907638,2,2,120,SLA Met
SHP-47639,ORD-17639,Delhivery Direct,TRK907639,3,4,60,SLA Breached
SHP-47640,ORD-17640,Ecom Express,TRK907640,4,4,90,SLA Met
SHP-47641,ORD-17641,Delhivery Direct,TRK907641,5,5,90,SLA Met
SHP-47642,ORD-17642,Delhivery Direct,TRK907642,3,3,60,SLA Met
SHP-47643,ORD-17643,XpressBees Surface,TRK907643,5,5,120,SLA Met
SHP-47644,ORD-17644,BlueDart Express,TRK907644,2,2,150,SLA Met
SHP-47646,ORD-17646,Delhivery Direct,TRK907646,3,3,60,SLA Met
SHP-47647,ORD-17647,Shadowfax Surface,TRK907647,4,4,60,SLA Met
SHP-47648,ORD-17648,Delhivery Direct,TRK907648,4,4,60,SLA Met
SHP-47649,ORD-17649,Ecom Express,TRK907649,2,2,150,SLA Met
SHP-47650,ORD-17650,Ecom Express,TRK907650,4,4,90,SLA Met
SHP-47651,ORD-17651,BlueDart Express,TRK907651,5,5,180,SLA Met
SHP-47652,ORD-17652,XpressBees Surface,TRK907652,3,3,60,SLA Met
SHP-47653,ORD-17653,Delhivery Direct,TRK907653,2,2,180,SLA Met
SHP-47654,ORD-17654,XpressBees Surface,TRK907654,3,3,150,SLA Met
SHP-47655,ORD-17655,Shadowfax Surface,TRK907655,3,3,90,SLA Met
SHP-47657,ORD-17657,Delhivery Direct,TRK907657,4,8,90,SLA Breached
SHP-47659,ORD-17659,Delhivery Direct,TRK907659,4,7,150,SLA Breached
SHP-47660,ORD-17660,BlueDart Express,TRK907660,4,4,150,SLA Met
SHP-47662,ORD-17662,Shadowfax Surface,TRK907662,5,5,150,SLA Met
SHP-47663,ORD-17663,BlueDart Express,TRK907663,5,6,90,SLA Breached
SHP-47664,ORD-17664,Ecom Express,TRK907664,2,2,120,SLA Met
SHP-47665,ORD-17665,Delhivery Direct,TRK907665,5,5,180,SLA Met
SHP-47666,ORD-17666,Delhivery Direct,TRK907666,5,5,180,SLA Met
SHP-47668,ORD-17668,Ecom Express,TRK907668,3,3,90,SLA Met
SHP-47669,ORD-17669,Delhivery Direct,TRK907669,5,9,120,SLA Breached
SHP-47670,ORD-17670,BlueDart Express,TRK907670,3,3,150,SLA Met
SHP-47671,ORD-17671,Delhivery Direct,TRK907671,5,5,150,SLA Met
SHP-47672,ORD-17672,Ecom Express,TRK907672,3,3,150,SLA Met
SHP-47673,ORD-17673,Ecom Express,TRK907673,3,3,150,SLA Met
SHP-47675,ORD-17675,Shadowfax Surface,TRK907675,2,2,120,SLA Met
SHP-47676,ORD-17676,BlueDart Express,TRK907676,2,2,60,SLA Met
SHP-47677,ORD-17677,BlueDart Express,TRK907677,5,5,60,SLA Met
SHP-47678,ORD-17678,Delhivery Direct,TRK907678,3,3,150,SLA Met
SHP-47679,ORD-17679,Delhivery Direct,TRK907679,3,6,150,SLA Breached
SHP-47680,ORD-17680,Ecom Express,TRK907680,3,3,150,SLA Met
SHP-47682,ORD-17682,XpressBees Surface,TRK907682,2,3,180,SLA Breached
SHP-47683,ORD-17683,XpressBees Surface,TRK907683,4,7,60,SLA Breached
SHP-47684,ORD-17684,Delhivery Direct,TRK907684,3,3,180,SLA Met
SHP-47685,ORD-17685,BlueDart Express,TRK907685,5,5,90,SLA Met
SHP-47686,ORD-17686,Shadowfax Surface,TRK907686,4,4,120,SLA Met
SHP-47687,ORD-17687,Delhivery Direct,TRK907687,4,4,90,SLA Met
SHP-47688,ORD-17688,BlueDart Express,TRK907688,5,5,150,SLA Met
SHP-47689,ORD-17689,XpressBees Surface,TRK907689,4,7,60,SLA Breached
SHP-47690,ORD-17690,Shadowfax Surface,TRK907690,3,3,180,SLA Met
SHP-47693,ORD-17693,BlueDart Express,TRK907693,4,4,120,SLA Met
SHP-47695,ORD-17695,Shadowfax Surface,TRK907695,5,5,120,SLA Met
SHP-47697,ORD-17697,Shadowfax Surface,TRK907697,5,9,60,SLA Breached
SHP-47698,ORD-17698,Shadowfax Surface,TRK907698,5,5,120,SLA Met
SHP-47699,ORD-17699,XpressBees Surface,TRK907699,3,3,180,SLA Met
SHP-47700,ORD-17700,Shadowfax Surface,TRK907700,5,9,180,SLA Breached
SHP-47702,ORD-17702,Delhivery Direct,TRK907702,2,2,150,SLA Met
SHP-47703,ORD-17703,BlueDart Express,TRK907703,5,5,120,SLA Met
SHP-47704,ORD-17704,Shadowfax Surface,TRK907704,4,4,60,SLA Met
SHP-47705,ORD-17705,XpressBees Surface,TRK907705,3,3,90,SLA Met
SHP-47706,ORD-17706,BlueDart Express,TRK907706,5,5,120,SLA Met
SHP-47707,ORD-17707,BlueDart Express,TRK907707,4,4,90,SLA Met
SHP-47708,ORD-17708,Ecom Express,TRK907708,4,6,60,SLA Breached
SHP-47709,ORD-17709,Delhivery Direct,TRK907709,2,2,120,SLA Met
SHP-47710,ORD-17710,Shadowfax Surface,TRK907710,2,2,150,SLA Met
SHP-47711,ORD-17711,Ecom Express,TRK907711,4,4,150,SLA Met
SHP-47712,ORD-17712,BlueDart Express,TRK907712,2,2,60,SLA Met
SHP-47714,ORD-17714,Shadowfax Surface,TRK907714,3,3,120,SLA Met
SHP-47716,ORD-17716,Ecom Express,TRK907716,5,9,120,SLA Breached
SHP-47717,ORD-17717,Shadowfax Surface,TRK907717,2,2,180,SLA Met
SHP-47719,ORD-17719,Ecom Express,TRK907719,5,5,60,SLA Met
SHP-47720,ORD-17720,XpressBees Surface,TRK907720,3,3,180,SLA Met
SHP-47722,ORD-17722,XpressBees Surface,TRK907722,5,5,180,SLA Met
SHP-47723,ORD-17723,XpressBees Surface,TRK907723,3,3,60,SLA Met
SHP-47724,ORD-17724,BlueDart Express,TRK907724,2,2,150,SLA Met
SHP-47725,ORD-17725,Shadowfax Surface,TRK907725,4,4,60,SLA Met
SHP-47726,ORD-17726,Delhivery Direct,TRK907726,2,2,60,SLA Met
SHP-47727,ORD-17727,Delhivery Direct,TRK907727,5,8,180,SLA Breached
SHP-47728,ORD-17728,Ecom Express,TRK907728,4,4,180,SLA Met
SHP-47731,ORD-17731,Delhivery Direct,TRK907731,3,3,150,SLA Met
SHP-47732,ORD-17732,Ecom Express,TRK907732,4,4,60,SLA Met
SHP-47733,ORD-17733,XpressBees Surface,TRK907733,5,5,180,SLA Met
SHP-47734,ORD-17734,Delhivery Direct,TRK907734,5,5,180,SLA Met
SHP-47735,ORD-17735,BlueDart Express,TRK907735,5,5,90,SLA Met
SHP-47736,ORD-17736,Ecom Express,TRK907736,3,3,180,SLA Met
SHP-47737,ORD-17737,XpressBees Surface,TRK907737,3,3,120,SLA Met
SHP-47738,ORD-17738,XpressBees Surface,TRK907738,2,2,120,SLA Met
SHP-47739,ORD-17739,XpressBees Surface,TRK907739,4,4,120,SLA Met
SHP-47740,ORD-17740,Ecom Express,TRK907740,2,6,150,SLA Breached
SHP-47742,ORD-17742,BlueDart Express,TRK907742,4,4,180,SLA Met
SHP-47745,ORD-17745,BlueDart Express,TRK907745,2,2,90,SLA Met
SHP-47746,ORD-17746,Shadowfax Surface,TRK907746,3,3,150,SLA Met
SHP-47747,ORD-17747,Shadowfax Surface,TRK907747,3,3,60,SLA Met
SHP-47748,ORD-17748,Shadowfax Surface,TRK907748,3,3,90,SLA Met
SHP-47749,ORD-17749,XpressBees Surface,TRK907749,3,3,120,SLA Met
SHP-47750,ORD-17750,Delhivery Direct,TRK907750,5,5,60,SLA Met
SHP-47751,ORD-17751,BlueDart Express,TRK907751,2,2,90,SLA Met
SHP-47752,ORD-17752,XpressBees Surface,TRK907752,5,5,120,SLA Met
SHP-47753,ORD-17753,Ecom Express,TRK907753,5,5,180,SLA Met
SHP-47754,ORD-17754,Ecom Express,TRK907754,5,5,90,SLA Met
SHP-47755,ORD-17755,BlueDart Express,TRK907755,4,4,150,SLA Met
SHP-47756,ORD-17756,Ecom Express,TRK907756,3,3,120,SLA Met
SHP-47757,ORD-17757,Shadowfax Surface,TRK907757,2,2,180,SLA Met
SHP-47758,ORD-17758,XpressBees Surface,TRK907758,3,3,90,SLA Met
SHP-47759,ORD-17759,Shadowfax Surface,TRK907759,4,4,120,SLA Met
SHP-47761,ORD-17761,Delhivery Direct,TRK907761,3,6,180,SLA Breached
SHP-47763,ORD-17763,Shadowfax Surface,TRK907763,3,3,60,SLA Met
SHP-47764,ORD-17764,XpressBees Surface,TRK907764,4,4,150,SLA Met
SHP-47765,ORD-17765,BlueDart Express,TRK907765,5,5,120,SLA Met
SHP-47766,ORD-17766,Ecom Express,TRK907766,4,4,180,SLA Met
SHP-47767,ORD-17767,Delhivery Direct,TRK907767,4,4,180,SLA Met
SHP-47768,ORD-17768,Delhivery Direct,TRK907768,3,4,90,SLA Breached
SHP-47769,ORD-17769,Delhivery Direct,TRK907769,2,5,150,SLA Breached
SHP-47770,ORD-17770,BlueDart Express,TRK907770,4,4,180,SLA Met
SHP-47771,ORD-17771,BlueDart Express,TRK907771,4,4,180,SLA Met
SHP-47773,ORD-17773,BlueDart Express,TRK907773,2,2,180,SLA Met
SHP-47774,ORD-17774,Ecom Express,TRK907774,4,4,60,SLA Met
SHP-47776,ORD-17776,BlueDart Express,TRK907776,3,3,150,SLA Met
SHP-47777,ORD-17777,XpressBees Surface,TRK907777,3,3,60,SLA Met
SHP-47778,ORD-17778,Delhivery Direct,TRK907778,5,5,120,SLA Met
SHP-47779,ORD-17779,Ecom Express,TRK907779,5,5,60,SLA Met
SHP-47780,ORD-17780,Delhivery Direct,TRK907780,5,9,120,SLA Breached
SHP-47783,ORD-17783,Shadowfax Surface,TRK907783,2,6,90,SLA Breached
SHP-47784,ORD-17784,BlueDart Express,TRK907784,3,3,90,SLA Met
SHP-47785,ORD-17785,Shadowfax Surface,TRK907785,3,3,180,SLA Met
SHP-47786,ORD-17786,Delhivery Direct,TRK907786,4,4,120,SLA Met
SHP-47788,ORD-17788,Ecom Express,TRK907788,3,3,120,SLA Met
SHP-47792,ORD-17792,XpressBees Surface,TRK907792,3,3,150,SLA Met
SHP-47794,ORD-17794,Delhivery Direct,TRK907794,5,5,150,SLA Met
SHP-47797,ORD-17797,XpressBees Surface,TRK907797,4,7,150,SLA Breached
SHP-47799,ORD-17799,XpressBees Surface,TRK907799,5,5,150,SLA Met
SHP-47801,ORD-17801,Ecom Express,TRK907801,4,4,120,SLA Met
SHP-47802,ORD-17802,Ecom Express,TRK907802,2,2,180,SLA Met
SHP-47803,ORD-17803,Delhivery Direct,TRK907803,4,4,180,SLA Met
SHP-47804,ORD-17804,BlueDart Express,TRK907804,3,3,180,SLA Met
SHP-47805,ORD-17805,Shadowfax Surface,TRK907805,2,2,180,SLA Met
SHP-47806,ORD-17806,XpressBees Surface,TRK907806,3,3,120,SLA Met
SHP-47808,ORD-17808,Delhivery Direct,TRK907808,4,4,90,SLA Met
SHP-47809,ORD-17809,Ecom Express,TRK907809,3,3,150,SLA Met
SHP-47810,ORD-17810,BlueDart Express,TRK907810,5,5,90,SLA Met
SHP-47811,ORD-17811,XpressBees Surface,TRK907811,4,4,150,SLA Met
SHP-47812,ORD-17812,XpressBees Surface,TRK907812,2,2,120,SLA Met
SHP-47813,ORD-17813,Delhivery Direct,TRK907813,5,5,180,SLA Met
SHP-47814,ORD-17814,XpressBees Surface,TRK907814,2,2,120,SLA Met
SHP-47815,ORD-17815,XpressBees Surface,TRK907815,5,5,90,SLA Met
SHP-47816,ORD-17816,XpressBees Surface,TRK907816,3,3,180,SLA Met
SHP-47817,ORD-17817,Ecom Express,TRK907817,5,5,90,SLA Met
SHP-47818,ORD-17818,BlueDart Express,TRK907818,2,6,150,SLA Breached
SHP-47819,ORD-17819,Shadowfax Surface,TRK907819,3,3,120,SLA Met
SHP-47820,ORD-17820,XpressBees Surface,TRK907820,4,4,120,SLA Met
SHP-47821,ORD-17821,Delhivery Direct,TRK907821,3,3,120,SLA Met
SHP-47822,ORD-17822,BlueDart Express,TRK907822,5,8,60,SLA Breached
SHP-47823,ORD-17823,XpressBees Surface,TRK907823,3,3,60,SLA Met
SHP-47825,ORD-17825,BlueDart Express,TRK907825,5,5,120,SLA Met
SHP-47826,ORD-17826,Ecom Express,TRK907826,4,5,120,SLA Breached
SHP-47827,ORD-17827,Ecom Express,TRK907827,3,3,180,SLA Met
SHP-47828,ORD-17828,BlueDart Express,TRK907828,5,5,60,SLA Met
SHP-47829,ORD-17829,Shadowfax Surface,TRK907829,3,3,90,SLA Met
SHP-47830,ORD-17830,XpressBees Surface,TRK907830,5,5,150,SLA Met
SHP-47831,ORD-17831,Ecom Express,TRK907831,4,6,90,SLA Breached
SHP-47832,ORD-17832,XpressBees Surface,TRK907832,2,5,60,SLA Breached
SHP-47833,ORD-17833,BlueDart Express,TRK907833,5,5,90,SLA Met
SHP-47834,ORD-17834,XpressBees Surface,TRK907834,5,5,120,SLA Met
SHP-47836,ORD-17836,Ecom Express,TRK907836,4,6,90,SLA Breached
SHP-47837,ORD-17837,Delhivery Direct,TRK907837,4,4,60,SLA Met
SHP-47839,ORD-17839,Ecom Express,TRK907839,2,4,180,SLA Breached
SHP-47840,ORD-17840,Shadowfax Surface,TRK907840,5,8,180,SLA Breached
SHP-47841,ORD-17841,BlueDart Express,TRK907841,2,2,90,SLA Met
SHP-47842,ORD-17842,Delhivery Direct,TRK907842,2,2,150,SLA Met
SHP-47843,ORD-17843,XpressBees Surface,TRK907843,2,2,60,SLA Met
SHP-47844,ORD-17844,Ecom Express,TRK907844,4,4,60,SLA Met
SHP-47845,ORD-17845,Ecom Express,TRK907845,2,2,150,SLA Met
SHP-47847,ORD-17847,Ecom Express,TRK907847,5,5,60,SLA Met
SHP-47848,ORD-17848,BlueDart Express,TRK907848,5,5,60,SLA Met
SHP-47850,ORD-17850,Ecom Express,TRK907850,4,4,120,SLA Met
SHP-47851,ORD-17851,Delhivery Direct,TRK907851,3,4,90,SLA Breached
SHP-47852,ORD-17852,Ecom Express,TRK907852,2,2,120,SLA Met
SHP-47853,ORD-17853,Ecom Express,TRK907853,4,7,120,SLA Breached
SHP-47854,ORD-17854,Ecom Express,TRK907854,2,2,120,SLA Met
SHP-47855,ORD-17855,XpressBees Surface,TRK907855,3,3,60,SLA Met
SHP-47856,ORD-17856,Shadowfax Surface,TRK907856,3,3,90,SLA Met
SHP-47857,ORD-17857,Ecom Express,TRK907857,2,2,60,SLA Met
SHP-47858,ORD-17858,XpressBees Surface,TRK907858,5,5,180,SLA Met
SHP-47859,ORD-17859,Ecom Express,TRK907859,3,3,60,SLA Met
SHP-47860,ORD-17860,Shadowfax Surface,TRK907860,3,3,180,SLA Met
SHP-47861,ORD-17861,XpressBees Surface,TRK907861,3,3,150,SLA Met
SHP-47862,ORD-17862,BlueDart Express,TRK907862,5,5,180,SLA Met
SHP-47863,ORD-17863,BlueDart Express,TRK907863,2,2,60,SLA Met
SHP-47864,ORD-17864,Ecom Express,TRK907864,5,5,90,SLA Met
SHP-47865,ORD-17865,BlueDart Express,TRK907865,3,3,60,SLA Met
SHP-47866,ORD-17866,BlueDart Express,TRK907866,5,5,60,SLA Met
SHP-47869,ORD-17869,BlueDart Express,TRK907869,3,3,180,SLA Met
SHP-47870,ORD-17870,Shadowfax Surface,TRK907870,2,2,180,SLA Met
SHP-47871,ORD-17871,Delhivery Direct,TRK907871,2,4,150,SLA Breached
SHP-47872,ORD-17872,XpressBees Surface,TRK907872,3,3,180,SLA Met
SHP-47873,ORD-17873,Shadowfax Surface,TRK907873,2,3,90,SLA Breached
SHP-47874,ORD-17874,Ecom Express,TRK907874,5,5,60,SLA Met
SHP-47875,ORD-17875,Delhivery Direct,TRK907875,5,5,60,SLA Met
SHP-47876,ORD-17876,BlueDart Express,TRK907876,3,3,90,SLA Met
SHP-47877,ORD-17877,Delhivery Direct,TRK907877,3,3,120,SLA Met
SHP-47878,ORD-17878,Delhivery Direct,TRK907878,2,2,150,SLA Met
SHP-47880,ORD-17880,Ecom Express,TRK907880,2,4,90,SLA Breached
SHP-47881,ORD-17881,Delhivery Direct,TRK907881,5,5,60,SLA Met
SHP-47882,ORD-17882,Shadowfax Surface,TRK907882,5,5,180,SLA Met
SHP-47883,ORD-17883,BlueDart Express,TRK907883,5,5,90,SLA Met
SHP-47884,ORD-17884,XpressBees Surface,TRK907884,4,4,180,SLA Met
SHP-47885,ORD-17885,Delhivery Direct,TRK907885,3,3,60,SLA Met
SHP-47886,ORD-17886,XpressBees Surface,TRK907886,2,2,60,SLA Met
SHP-47889,ORD-17889,Delhivery Direct,TRK907889,3,3,150,SLA Met
SHP-47891,ORD-17891,Ecom Express,TRK907891,2,2,90,SLA Met
SHP-47892,ORD-17892,BlueDart Express,TRK907892,5,5,120,SLA Met
SHP-47893,ORD-17893,Shadowfax Surface,TRK907893,3,4,180,SLA Breached
SHP-47894,ORD-17894,XpressBees Surface,TRK907894,4,4,180,SLA Met
SHP-47895,ORD-17895,XpressBees Surface,TRK907895,3,7,120,SLA Breached
SHP-47896,ORD-17896,XpressBees Surface,TRK907896,2,2,150,SLA Met
SHP-47898,ORD-17898,Ecom Express,TRK907898,2,2,150,SLA Met
SHP-47899,ORD-17899,BlueDart Express,TRK907899,4,4,150,SLA Met
SHP-47902,ORD-17902,XpressBees Surface,TRK907902,4,4,120,SLA Met
SHP-47903,ORD-17903,XpressBees Surface,TRK907903,2,2,180,SLA Met
SHP-47904,ORD-17904,BlueDart Express,TRK907904,5,5,60,SLA Met
SHP-47905,ORD-17905,BlueDart Express,TRK907905,4,4,60,SLA Met
SHP-47906,ORD-17906,Delhivery Direct,TRK907906,5,5,120,SLA Met
SHP-47907,ORD-17907,Shadowfax Surface,TRK907907,4,7,60,SLA Breached
SHP-47908,ORD-17908,Delhivery Direct,TRK907908,5,5,90,SLA Met
SHP-47909,ORD-17909,BlueDart Express,TRK907909,4,4,180,SLA Met
SHP-47910,ORD-17910,Ecom Express,TRK907910,4,6,150,SLA Breached
SHP-47912,ORD-17912,BlueDart Express,TRK907912,3,3,150,SLA Met
SHP-47913,ORD-17913,BlueDart Express,TRK907913,5,5,60,SLA Met
SHP-47914,ORD-17914,XpressBees Surface,TRK907914,4,4,180,SLA Met
SHP-47915,ORD-17915,Delhivery Direct,TRK907915,5,5,150,SLA Met
SHP-47916,ORD-17916,BlueDart Express,TRK907916,5,5,60,SLA Met
SHP-47917,ORD-17917,BlueDart Express,TRK907917,2,2,90,SLA Met
SHP-47918,ORD-17918,XpressBees Surface,TRK907918,5,5,180,SLA Met
SHP-47919,ORD-17919,Shadowfax Surface,TRK907919,5,5,150,SLA Met
SHP-47921,ORD-17921,Shadowfax Surface,TRK907921,5,5,90,SLA Met
SHP-47922,ORD-17922,XpressBees Surface,TRK907922,2,2,180,SLA Met
SHP-47923,ORD-17923,Shadowfax Surface,TRK907923,3,3,60,SLA Met
SHP-47924,ORD-17924,XpressBees Surface,TRK907924,5,5,60,SLA Met
SHP-47925,ORD-17925,Shadowfax Surface,TRK907925,4,4,150,SLA Met
SHP-47926,ORD-17926,XpressBees Surface,TRK907926,4,4,120,SLA Met
SHP-47928,ORD-17928,Shadowfax Surface,TRK907928,2,5,60,SLA Breached
SHP-47929,ORD-17929,Ecom Express,TRK907929,3,3,180,SLA Met
SHP-47932,ORD-17932,XpressBees Surface,TRK907932,5,5,120,SLA Met
SHP-47933,ORD-17933,Shadowfax Surface,TRK907933,3,3,90,SLA Met
SHP-47935,ORD-17935,Delhivery Direct,TRK907935,5,5,90,SLA Met
SHP-47936,ORD-17936,XpressBees Surface,TRK907936,5,5,120,SLA Met
SHP-47937,ORD-17937,XpressBees Surface,TRK907937,3,3,120,SLA Met
SHP-47938,ORD-17938,Shadowfax Surface,TRK907938,4,4,180,SLA Met
SHP-47940,ORD-17940,BlueDart Express,TRK907940,4,4,180,SLA Met
SHP-47941,ORD-17941,Shadowfax Surface,TRK907941,2,2,150,SLA Met
SHP-47942,ORD-17942,Shadowfax Surface,TRK907942,3,3,180,SLA Met
SHP-47943,ORD-17943,Ecom Express,TRK907943,5,5,120,SLA Met
SHP-47944,ORD-17944,Delhivery Direct,TRK907944,2,2,180,SLA Met
SHP-47945,ORD-17945,XpressBees Surface,TRK907945,3,3,60,SLA Met
SHP-47946,ORD-17946,BlueDart Express,TRK907946,4,4,90,SLA Met
SHP-47947,ORD-17947,Ecom Express,TRK907947,2,2,180,SLA Met
SHP-47950,ORD-17950,Shadowfax Surface,TRK907950,5,5,90,SLA Met
SHP-47951,ORD-17951,XpressBees Surface,TRK907951,4,4,180,SLA Met
SHP-47952,ORD-17952,BlueDart Express,TRK907952,5,5,180,SLA Met
SHP-47953,ORD-17953,Ecom Express,TRK907953,5,5,150,SLA Met
SHP-47954,ORD-17954,Shadowfax Surface,TRK907954,5,5,120,SLA Met
SHP-47955,ORD-17955,BlueDart Express,TRK907955,2,2,60,SLA Met
SHP-47956,ORD-17956,Ecom Express,TRK907956,4,4,60,SLA Met
SHP-47957,ORD-17957,Shadowfax Surface,TRK907957,2,4,90,SLA Breached
SHP-47958,ORD-17958,Shadowfax Surface,TRK907958,5,9,120,SLA Breached
SHP-47960,ORD-17960,Shadowfax Surface,TRK907960,2,2,150,SLA Met
SHP-47961,ORD-17961,Delhivery Direct,TRK907961,2,2,90,SLA Met
SHP-47962,ORD-17962,BlueDart Express,TRK907962,4,4,150,SLA Met
SHP-47963,ORD-17963,XpressBees Surface,TRK907963,3,3,60,SLA Met
SHP-47964,ORD-17964,Ecom Express,TRK907964,4,4,120,SLA Met
SHP-47967,ORD-17967,Delhivery Direct,TRK907967,3,3,180,SLA Met
SHP-47968,ORD-17968,XpressBees Surface,TRK907968,4,4,120,SLA Met
SHP-47969,ORD-17969,Ecom Express,TRK907969,4,4,90,SLA Met
SHP-47970,ORD-17970,Delhivery Direct,TRK907970,5,5,180,SLA Met
SHP-47971,ORD-17971,BlueDart Express,TRK907971,2,2,120,SLA Met
SHP-47973,ORD-17973,XpressBees Surface,TRK907973,4,4,60,SLA Met
SHP-47974,ORD-17974,XpressBees Surface,TRK907974,3,3,150,SLA Met
SHP-47975,ORD-17975,XpressBees Surface,TRK907975,2,2,90,SLA Met
SHP-47976,ORD-17976,XpressBees Surface,TRK907976,3,3,120,SLA Met
SHP-47977,ORD-17977,BlueDart Express,TRK907977,2,2,120,SLA Met
SHP-47978,ORD-17978,Shadowfax Surface,TRK907978,2,2,150,SLA Met
SHP-47979,ORD-17979,Ecom Express,TRK907979,2,2,90,SLA Met
SHP-47980,ORD-17980,Ecom Express,TRK907980,3,3,90,SLA Met
SHP-47981,ORD-17981,Shadowfax Surface,TRK907981,3,3,150,SLA Met
SHP-47982,ORD-17982,Ecom Express,TRK907982,5,5,120,SLA Met
SHP-47983,ORD-17983,Delhivery Direct,TRK907983,3,3,150,SLA Met
SHP-47984,ORD-17984,Delhivery Direct,TRK907984,2,2,120,SLA Met
SHP-47985,ORD-17985,Delhivery Direct,TRK907985,4,4,90,SLA Met
SHP-47986,ORD-17986,BlueDart Express,TRK907986,4,4,60,SLA Met
SHP-47988,ORD-17988,Ecom Express,TRK907988,3,3,90,SLA Met
SHP-47989,ORD-17989,XpressBees Surface,TRK907989,3,3,150,SLA Met
SHP-47990,ORD-17990,XpressBees Surface,TRK907990,3,3,180,SLA Met
SHP-47992,ORD-17992,XpressBees Surface,TRK907992,4,8,180,SLA Breached
SHP-47994,ORD-17994,BlueDart Express,TRK907994,2,3,120,SLA Breached
SHP-47995,ORD-17995,Ecom Express,TRK907995,3,4,180,SLA Breached
SHP-47996,ORD-17996,XpressBees Surface,TRK907996,2,4,150,SLA Breached
SHP-47997,ORD-17997,Shadowfax Surface,TRK907997,5,5,90,SLA Met
SHP-47998,ORD-17998,BlueDart Express,TRK907998,3,3,180,SLA Met
SHP-47999,ORD-17999,Ecom Express,TRK907999,4,4,120,SLA Met
SHP-48000,ORD-18000,XpressBees Surface,TRK908000,5,5,90,SLA Met
SHP-48001,ORD-18001,Delhivery Direct,TRK908001,2,2,150,SLA Met
SHP-48002,ORD-18002,BlueDart Express,TRK908002,5,5,60,SLA Met
SHP-48004,ORD-18004,Delhivery Direct,TRK908004,3,3,150,SLA Met
SHP-48005,ORD-18005,Shadowfax Surface,TRK908005,4,4,120,SLA Met
SHP-48006,ORD-18006,Delhivery Direct,TRK908006,5,5,90,SLA Met
SHP-48007,ORD-18007,Delhivery Direct,TRK908007,2,3,180,SLA Breached
SHP-48008,ORD-18008,Ecom Express,TRK908008,5,5,120,SLA Met
SHP-48009,ORD-18009,BlueDart Express,TRK908009,5,5,120,SLA Met
SHP-48011,ORD-18011,Delhivery Direct,TRK908011,3,3,90,SLA Met
SHP-48012,ORD-18012,XpressBees Surface,TRK908012,5,5,180,SLA Met
SHP-48015,ORD-18015,Delhivery Direct,TRK908015,4,4,90,SLA Met
SHP-48016,ORD-18016,XpressBees Surface,TRK908016,2,2,180,SLA Met
SHP-48018,ORD-18018,Shadowfax Surface,TRK908018,5,5,90,SLA Met
SHP-48019,ORD-18019,Delhivery Direct,TRK908019,3,3,60,SLA Met
SHP-48021,ORD-18021,Shadowfax Surface,TRK908021,5,5,150,SLA Met
SHP-48022,ORD-18022,XpressBees Surface,TRK908022,4,8,120,SLA Breached
SHP-48023,ORD-18023,Ecom Express,TRK908023,5,5,90,SLA Met
SHP-48026,ORD-18026,Delhivery Direct,TRK908026,3,3,150,SLA Met
SHP-48028,ORD-18028,Delhivery Direct,TRK908028,5,9,120,SLA Breached
SHP-48029,ORD-18029,Shadowfax Surface,TRK908029,4,4,60,SLA Met
SHP-48030,ORD-18030,Ecom Express,TRK908030,4,4,180,SLA Met
SHP-48031,ORD-18031,Ecom Express,TRK908031,2,2,150,SLA Met
SHP-48032,ORD-18032,XpressBees Surface,TRK908032,5,9,150,SLA Breached
SHP-48033,ORD-18033,XpressBees Surface,TRK908033,3,3,60,SLA Met
SHP-48034,ORD-18034,Delhivery Direct,TRK908034,5,5,60,SLA Met
SHP-48035,ORD-18035,Ecom Express,TRK908035,5,5,90,SLA Met
SHP-48036,ORD-18036,XpressBees Surface,TRK908036,5,5,150,SLA Met
SHP-48037,ORD-18037,Shadowfax Surface,TRK908037,5,5,90,SLA Met
SHP-48038,ORD-18038,XpressBees Surface,TRK908038,4,4,150,SLA Met
SHP-48039,ORD-18039,BlueDart Express,TRK908039,4,4,180,SLA Met
SHP-48040,ORD-18040,XpressBees Surface,TRK908040,2,4,180,SLA Breached
SHP-48041,ORD-18041,Ecom Express,TRK908041,2,2,60,SLA Met
SHP-48042,ORD-18042,Ecom Express,TRK908042,5,9,60,SLA Breached
SHP-48043,ORD-18043,Delhivery Direct,TRK908043,2,2,150,SLA Met
SHP-48044,ORD-18044,Delhivery Direct,TRK908044,2,2,90,SLA Met
SHP-48045,ORD-18045,XpressBees Surface,TRK908045,2,2,180,SLA Met
SHP-48047,ORD-18047,XpressBees Surface,TRK908047,3,3,120,SLA Met
SHP-48048,ORD-18048,BlueDart Express,TRK908048,5,5,180,SLA Met
SHP-48049,ORD-18049,Shadowfax Surface,TRK908049,3,5,120,SLA Breached
SHP-48051,ORD-18051,XpressBees Surface,TRK908051,4,7,120,SLA Breached
SHP-48052,ORD-18052,XpressBees Surface,TRK908052,5,5,60,SLA Met
SHP-48054,ORD-18054,Ecom Express,TRK908054,3,3,120,SLA Met
SHP-48056,ORD-18056,Ecom Express,TRK908056,2,2,150,SLA Met
SHP-48057,ORD-18057,Delhivery Direct,TRK908057,2,2,150,SLA Met
SHP-48058,ORD-18058,Shadowfax Surface,TRK908058,2,2,90,SLA Met
SHP-48059,ORD-18059,BlueDart Express,TRK908059,5,5,120,SLA Met
SHP-48060,ORD-18060,XpressBees Surface,TRK908060,2,5,150,SLA Breached
SHP-48062,ORD-18062,Delhivery Direct,TRK908062,3,3,90,SLA Met
SHP-48064,ORD-18064,Ecom Express,TRK908064,3,3,60,SLA Met
SHP-48067,ORD-18067,Ecom Express,TRK908067,2,6,150,SLA Breached
SHP-48068,ORD-18068,Shadowfax Surface,TRK908068,3,3,120,SLA Met
SHP-48069,ORD-18069,Shadowfax Surface,TRK908069,4,6,60,SLA Breached
SHP-48071,ORD-18071,Delhivery Direct,TRK908071,3,7,120,SLA Breached
SHP-48072,ORD-18072,BlueDart Express,TRK908072,5,5,60,SLA Met
SHP-48073,ORD-18073,Shadowfax Surface,TRK908073,5,5,60,SLA Met
SHP-48074,ORD-18074,Delhivery Direct,TRK908074,5,5,180,SLA Met
SHP-48075,ORD-18075,XpressBees Surface,TRK908075,2,2,90,SLA Met
SHP-48076,ORD-18076,BlueDart Express,TRK908076,4,4,60,SLA Met
SHP-48077,ORD-18077,Ecom Express,TRK908077,3,5,150,SLA Breached
SHP-48078,ORD-18078,Shadowfax Surface,TRK908078,5,5,180,SLA Met
SHP-48079,ORD-18079,Shadowfax Surface,TRK908079,2,2,120,SLA Met
SHP-48080,ORD-18080,Shadowfax Surface,TRK908080,4,4,180,SLA Met
SHP-48081,ORD-18081,Shadowfax Surface,TRK908081,4,4,180,SLA Met
SHP-48082,ORD-18082,XpressBees Surface,TRK908082,2,2,180,SLA Met
SHP-48083,ORD-18083,BlueDart Express,TRK908083,2,2,180,SLA Met
SHP-48084,ORD-18084,Delhivery Direct,TRK908084,5,7,60,SLA Breached
SHP-48085,ORD-18085,BlueDart Express,TRK908085,2,2,60,SLA Met
SHP-48086,ORD-18086,Ecom Express,TRK908086,2,2,60,SLA Met
SHP-48088,ORD-18088,BlueDart Express,TRK908088,4,4,90,SLA Met
SHP-48089,ORD-18089,Shadowfax Surface,TRK908089,4,4,120,SLA Met
SHP-48090,ORD-18090,Delhivery Direct,TRK908090,5,5,180,SLA Met
SHP-48091,ORD-18091,XpressBees Surface,TRK908091,2,2,90,SLA Met
SHP-48092,ORD-18092,XpressBees Surface,TRK908092,5,5,120,SLA Met
SHP-48093,ORD-18093,Ecom Express,TRK908093,2,3,150,SLA Breached
SHP-48094,ORD-18094,BlueDart Express,TRK908094,2,4,90,SLA Breached
SHP-48095,ORD-18095,Shadowfax Surface,TRK908095,3,3,120,SLA Met
SHP-48096,ORD-18096,Shadowfax Surface,TRK908096,4,4,60,SLA Met
SHP-48097,ORD-18097,Shadowfax Surface,TRK908097,5,5,120,SLA Met
SHP-48099,ORD-18099,Ecom Express,TRK908099,4,4,150,SLA Met
SHP-48100,ORD-18100,XpressBees Surface,TRK908100,2,2,90,SLA Met
SHP-48101,ORD-18101,Delhivery Direct,TRK908101,3,7,60,SLA Breached
SHP-48102,ORD-18102,XpressBees Surface,TRK908102,3,7,60,SLA Breached
SHP-48103,ORD-18103,Delhivery Direct,TRK908103,3,3,90,SLA Met
SHP-48104,ORD-18104,XpressBees Surface,TRK908104,2,2,150,SLA Met
SHP-48105,ORD-18105,Delhivery Direct,TRK908105,2,3,150,SLA Breached
SHP-48106,ORD-18106,XpressBees Surface,TRK908106,2,2,180,SLA Met
SHP-48107,ORD-18107,Shadowfax Surface,TRK908107,4,4,120,SLA Met
SHP-48108,ORD-18108,Shadowfax Surface,TRK908108,5,5,60,SLA Met
SHP-48109,ORD-18109,XpressBees Surface,TRK908109,2,4,180,SLA Breached
SHP-48110,ORD-18110,Ecom Express,TRK908110,5,5,150,SLA Met
SHP-48111,ORD-18111,XpressBees Surface,TRK908111,3,3,150,SLA Met
SHP-48112,ORD-18112,Ecom Express,TRK908112,2,2,90,SLA Met
SHP-48113,ORD-18113,Shadowfax Surface,TRK908113,4,4,150,SLA Met
SHP-48114,ORD-18114,Shadowfax Surface,TRK908114,5,5,180,SLA Met
SHP-48115,ORD-18115,XpressBees Surface,TRK908115,5,5,150,SLA Met
SHP-48116,ORD-18116,Delhivery Direct,TRK908116,5,5,90,SLA Met
SHP-48117,ORD-18117,Delhivery Direct,TRK908117,5,9,150,SLA Breached
SHP-48118,ORD-18118,XpressBees Surface,TRK908118,2,2,180,SLA Met
SHP-48119,ORD-18119,Shadowfax Surface,TRK908119,3,3,90,SLA Met
SHP-48120,ORD-18120,BlueDart Express,TRK908120,5,6,180,SLA Breached
SHP-48121,ORD-18121,Delhivery Direct,TRK908121,5,5,150,SLA Met
SHP-48122,ORD-18122,Ecom Express,TRK908122,2,2,120,SLA Met
SHP-48123,ORD-18123,BlueDart Express,TRK908123,3,3,120,SLA Met
SHP-48124,ORD-18124,XpressBees Surface,TRK908124,3,3,120,SLA Met
SHP-48125,ORD-18125,XpressBees Surface,TRK908125,3,3,90,SLA Met
SHP-48126,ORD-18126,Delhivery Direct,TRK908126,4,4,90,SLA Met
SHP-48127,ORD-18127,Shadowfax Surface,TRK908127,2,2,180,SLA Met
SHP-48128,ORD-18128,Ecom Express,TRK908128,4,4,60,SLA Met
SHP-48129,ORD-18129,Delhivery Direct,TRK908129,3,3,90,SLA Met
SHP-48130,ORD-18130,Ecom Express,TRK908130,3,3,150,SLA Met
SHP-48131,ORD-18131,Shadowfax Surface,TRK908131,2,2,90,SLA Met
SHP-48132,ORD-18132,Shadowfax Surface,TRK908132,3,3,90,SLA Met
SHP-48133,ORD-18133,BlueDart Express,TRK908133,4,4,180,SLA Met
SHP-48134,ORD-18134,XpressBees Surface,TRK908134,4,4,180,SLA Met
SHP-48135,ORD-18135,Shadowfax Surface,TRK908135,2,2,180,SLA Met
SHP-48136,ORD-18136,BlueDart Express,TRK908136,3,3,150,SLA Met
SHP-48137,ORD-18137,Shadowfax Surface,TRK908137,2,2,150,SLA Met
SHP-48138,ORD-18138,Ecom Express,TRK908138,5,5,150,SLA Met
SHP-48139,ORD-18139,Shadowfax Surface,TRK908139,4,4,150,SLA Met
SHP-48140,ORD-18140,XpressBees Surface,TRK908140,5,5,60,SLA Met
SHP-48142,ORD-18142,XpressBees Surface,TRK908142,2,2,180,SLA Met
SHP-48143,ORD-18143,XpressBees Surface,TRK908143,5,5,150,SLA Met
SHP-48144,ORD-18144,BlueDart Express,TRK908144,3,3,180,SLA Met
SHP-48146,ORD-18146,Ecom Express,TRK908146,5,5,90,SLA Met
SHP-48148,ORD-18148,Delhivery Direct,TRK908148,5,5,150,SLA Met
SHP-48149,ORD-18149,Ecom Express,TRK908149,4,4,120,SLA Met
SHP-48150,ORD-18150,Shadowfax Surface,TRK908150,2,2,150,SLA Met
SHP-48151,ORD-18151,Delhivery Direct,TRK908151,4,7,60,SLA Breached
SHP-48152,ORD-18152,XpressBees Surface,TRK908152,2,2,60,SLA Met
SHP-48153,ORD-18153,Delhivery Direct,TRK908153,3,3,120,SLA Met
SHP-48154,ORD-18154,Ecom Express,TRK908154,5,5,120,SLA Met
SHP-48155,ORD-18155,BlueDart Express,TRK908155,4,4,60,SLA Met
SHP-48156,ORD-18156,BlueDart Express,TRK908156,2,2,180,SLA Met
SHP-48158,ORD-18158,Ecom Express,TRK908158,2,2,120,SLA Met
SHP-48159,ORD-18159,Delhivery Direct,TRK908159,3,3,90,SLA Met
SHP-48160,ORD-18160,Delhivery Direct,TRK908160,2,2,60,SLA Met
SHP-48161,ORD-18161,XpressBees Surface,TRK908161,2,2,150,SLA Met
SHP-48162,ORD-18162,BlueDart Express,TRK908162,5,5,60,SLA Met
SHP-48163,ORD-18163,Shadowfax Surface,TRK908163,5,5,120,SLA Met
SHP-48164,ORD-18164,BlueDart Express,TRK908164,5,5,120,SLA Met
SHP-48165,ORD-18165,XpressBees Surface,TRK908165,4,4,180,SLA Met
SHP-48166,ORD-18166,Shadowfax Surface,TRK908166,4,6,180,SLA Breached
SHP-48167,ORD-18167,Shadowfax Surface,TRK908167,4,4,180,SLA Met
SHP-48168,ORD-18168,Delhivery Direct,TRK908168,5,5,120,SLA Met
SHP-48169,ORD-18169,BlueDart Express,TRK908169,4,8,120,SLA Breached
SHP-48171,ORD-18171,BlueDart Express,TRK908171,5,5,90,SLA Met
SHP-48172,ORD-18172,Delhivery Direct,TRK908172,4,4,150,SLA Met
SHP-48173,ORD-18173,Delhivery Direct,TRK908173,3,3,90,SLA Met
SHP-48174,ORD-18174,XpressBees Surface,TRK908174,2,2,180,SLA Met
SHP-48175,ORD-18175,BlueDart Express,TRK908175,5,8,180,SLA Breached
SHP-48176,ORD-18176,Ecom Express,TRK908176,5,5,150,SLA Met
SHP-48177,ORD-18177,XpressBees Surface,TRK908177,3,3,180,SLA Met
SHP-48178,ORD-18178,XpressBees Surface,TRK908178,4,4,60,SLA Met
SHP-48179,ORD-18179,XpressBees Surface,TRK908179,2,2,60,SLA Met
SHP-48180,ORD-18180,Ecom Express,TRK908180,3,3,90,SLA Met
SHP-48182,ORD-18182,Ecom Express,TRK908182,5,7,60,SLA Breached
SHP-48183,ORD-18183,Delhivery Direct,TRK908183,3,3,180,SLA Met
SHP-48184,ORD-18184,XpressBees Surface,TRK908184,5,5,180,SLA Met
SHP-48186,ORD-18186,XpressBees Surface,TRK908186,3,3,90,SLA Met
SHP-48189,ORD-18189,Ecom Express,TRK908189,5,5,60,SLA Met
SHP-48190,ORD-18190,Delhivery Direct,TRK908190,4,4,120,SLA Met
SHP-48191,ORD-18191,BlueDart Express,TRK908191,3,6,60,SLA Breached
SHP-48192,ORD-18192,XpressBees Surface,TRK908192,4,4,90,SLA Met
SHP-48193,ORD-18193,Ecom Express,TRK908193,3,3,180,SLA Met
SHP-48194,ORD-18194,XpressBees Surface,TRK908194,3,3,180,SLA Met
SHP-48196,ORD-18196,Shadowfax Surface,TRK908196,4,4,60,SLA Met
SHP-48197,ORD-18197,XpressBees Surface,TRK908197,4,4,90,SLA Met
SHP-48198,ORD-18198,XpressBees Surface,TRK908198,5,5,60,SLA Met
SHP-48199,ORD-18199,XpressBees Surface,TRK908199,3,3,60,SLA Met
SHP-48200,ORD-18200,Ecom Express,TRK908200,5,5,180,SLA Met
SHP-48201,ORD-18201,Ecom Express,TRK908201,3,6,180,SLA Breached
SHP-48202,ORD-18202,Shadowfax Surface,TRK908202,4,6,90,SLA Breached
SHP-48203,ORD-18203,Ecom Express,TRK908203,3,3,120,SLA Met
SHP-48204,ORD-18204,Delhivery Direct,TRK908204,2,2,60,SLA Met
SHP-48205,ORD-18205,BlueDart Express,TRK908205,3,3,180,SLA Met
SHP-48208,ORD-18208,XpressBees Surface,TRK908208,5,5,150,SLA Met
SHP-48209,ORD-18209,Shadowfax Surface,TRK908209,2,2,90,SLA Met
SHP-48210,ORD-18210,Shadowfax Surface,TRK908210,2,2,60,SLA Met
SHP-48211,ORD-18211,Shadowfax Surface,TRK908211,5,5,150,SLA Met
SHP-48213,ORD-18213,BlueDart Express,TRK908213,4,4,90,SLA Met
SHP-48214,ORD-18214,Shadowfax Surface,TRK908214,3,3,60,SLA Met
SHP-48215,ORD-18215,Ecom Express,TRK908215,2,2,60,SLA Met
SHP-48216,ORD-18216,Delhivery Direct,TRK908216,3,3,60,SLA Met
SHP-48217,ORD-18217,BlueDart Express,TRK908217,2,2,90,SLA Met
SHP-48218,ORD-18218,Ecom Express,TRK908218,2,5,60,SLA Breached
SHP-48219,ORD-18219,BlueDart Express,TRK908219,3,3,180,SLA Met
SHP-48220,ORD-18220,Shadowfax Surface,TRK908220,4,4,150,SLA Met
SHP-48223,ORD-18223,XpressBees Surface,TRK908223,2,2,150,SLA Met
SHP-48225,ORD-18225,Ecom Express,TRK908225,5,5,60,SLA Met
SHP-48226,ORD-18226,Shadowfax Surface,TRK908226,4,4,90,SLA Met
SHP-48227,ORD-18227,Ecom Express,TRK908227,4,4,60,SLA Met
SHP-48228,ORD-18228,Shadowfax Surface,TRK908228,5,5,150,SLA Met
SHP-48229,ORD-18229,Shadowfax Surface,TRK908229,3,5,90,SLA Breached
SHP-48230,ORD-18230,BlueDart Express,TRK908230,5,5,120,SLA Met
SHP-48231,ORD-18231,XpressBees Surface,TRK908231,2,5,120,SLA Breached
SHP-48232,ORD-18232,Shadowfax Surface,TRK908232,5,5,90,SLA Met
SHP-48233,ORD-18233,Ecom Express,TRK908233,2,2,120,SLA Met
SHP-48234,ORD-18234,XpressBees Surface,TRK908234,5,5,60,SLA Met
SHP-48235,ORD-18235,XpressBees Surface,TRK908235,2,5,60,SLA Breached
SHP-48236,ORD-18236,XpressBees Surface,TRK908236,5,5,120,SLA Met
SHP-48239,ORD-18239,Delhivery Direct,TRK908239,2,2,60,SLA Met
SHP-48240,ORD-18240,BlueDart Express,TRK908240,5,5,150,SLA Met
SHP-48241,ORD-18241,BlueDart Express,TRK908241,3,3,120,SLA Met
SHP-48243,ORD-18243,Ecom Express,TRK908243,4,4,90,SLA Met
SHP-48244,ORD-18244,BlueDart Express,TRK908244,5,5,90,SLA Met
SHP-48245,ORD-18245,Ecom Express,TRK908245,2,2,60,SLA Met
SHP-48246,ORD-18246,XpressBees Surface,TRK908246,3,3,120,SLA Met
SHP-48247,ORD-18247,XpressBees Surface,TRK908247,5,7,90,SLA Breached
SHP-48248,ORD-18248,XpressBees Surface,TRK908248,2,2,90,SLA Met
SHP-48250,ORD-18250,Shadowfax Surface,TRK908250,2,2,150,SLA Met
SHP-48251,ORD-18251,XpressBees Surface,TRK908251,4,4,150,SLA Met
SHP-48252,ORD-18252,BlueDart Express,TRK908252,2,2,180,SLA Met
SHP-48253,ORD-18253,BlueDart Express,TRK908253,3,3,120,SLA Met
SHP-48254,ORD-18254,Delhivery Direct,TRK908254,4,4,90,SLA Met
SHP-48255,ORD-18255,Shadowfax Surface,TRK908255,5,5,150,SLA Met
SHP-48256,ORD-18256,Ecom Express,TRK908256,2,2,120,SLA Met
SHP-48257,ORD-18257,Delhivery Direct,TRK908257,5,5,60,SLA Met
SHP-48258,ORD-18258,Shadowfax Surface,TRK908258,5,5,180,SLA Met
SHP-48259,ORD-18259,BlueDart Express,TRK908259,5,5,120,SLA Met
SHP-48260,ORD-18260,Ecom Express,TRK908260,2,2,150,SLA Met
SHP-48261,ORD-18261,Shadowfax Surface,TRK908261,3,3,150,SLA Met
SHP-48262,ORD-18262,Delhivery Direct,TRK908262,3,3,60,SLA Met
SHP-48264,ORD-18264,BlueDart Express,TRK908264,5,5,60,SLA Met
SHP-48265,ORD-18265,Ecom Express,TRK908265,5,5,150,SLA Met
SHP-48266,ORD-18266,BlueDart Express,TRK908266,3,3,180,SLA Met
SHP-48267,ORD-18267,Ecom Express,TRK908267,5,5,180,SLA Met
SHP-48268,ORD-18268,XpressBees Surface,TRK908268,4,4,60,SLA Met
SHP-48270,ORD-18270,XpressBees Surface,TRK908270,5,5,60,SLA Met
SHP-48271,ORD-18271,Shadowfax Surface,TRK908271,2,2,150,SLA Met
SHP-48272,ORD-18272,Delhivery Direct,TRK908272,4,4,60,SLA Met
SHP-48273,ORD-18273,Shadowfax Surface,TRK908273,5,5,90,SLA Met
SHP-48274,ORD-18274,Ecom Express,TRK908274,2,2,120,SLA Met
SHP-48275,ORD-18275,XpressBees Surface,TRK908275,2,2,120,SLA Met
SHP-48276,ORD-18276,Delhivery Direct,TRK908276,5,8,150,SLA Breached
SHP-48277,ORD-18277,Ecom Express,TRK908277,4,4,90,SLA Met
SHP-48278,ORD-18278,Shadowfax Surface,TRK908278,2,2,120,SLA Met
SHP-48279,ORD-18279,XpressBees Surface,TRK908279,4,4,120,SLA Met
SHP-48280,ORD-18280,XpressBees Surface,TRK908280,5,5,120,SLA Met
SHP-48281,ORD-18281,Shadowfax Surface,TRK908281,5,5,150,SLA Met
SHP-48282,ORD-18282,Shadowfax Surface,TRK908282,4,4,150,SLA Met
SHP-48283,ORD-18283,BlueDart Express,TRK908283,5,5,90,SLA Met
SHP-48284,ORD-18284,Delhivery Direct,TRK908284,2,2,180,SLA Met
SHP-48285,ORD-18285,Ecom Express,TRK908285,3,3,150,SLA Met
SHP-48286,ORD-18286,BlueDart Express,TRK908286,4,4,90,SLA Met
SHP-48287,ORD-18287,XpressBees Surface,TRK908287,4,4,120,SLA Met
SHP-48288,ORD-18288,BlueDart Express,TRK908288,5,5,150,SLA Met
SHP-48289,ORD-18289,XpressBees Surface,TRK908289,3,3,120,SLA Met
SHP-48290,ORD-18290,XpressBees Surface,TRK908290,5,5,120,SLA Met
SHP-48291,ORD-18291,Ecom Express,TRK908291,4,4,120,SLA Met
SHP-48292,ORD-18292,Delhivery Direct,TRK908292,5,5,120,SLA Met
SHP-48293,ORD-18293,Delhivery Direct,TRK908293,5,9,180,SLA Breached
SHP-48294,ORD-18294,BlueDart Express,TRK908294,5,5,180,SLA Met
SHP-48295,ORD-18295,Shadowfax Surface,TRK908295,3,3,90,SLA Met
SHP-48296,ORD-18296,Shadowfax Surface,TRK908296,3,3,60,SLA Met
SHP-48297,ORD-18297,BlueDart Express,TRK908297,3,3,150,SLA Met
SHP-48298,ORD-18298,Shadowfax Surface,TRK908298,5,5,60,SLA Met
SHP-48299,ORD-18299,BlueDart Express,TRK908299,2,2,150,SLA Met
SHP-48301,ORD-18301,Delhivery Direct,TRK908301,5,8,90,SLA Breached
SHP-48302,ORD-18302,XpressBees Surface,TRK908302,4,4,90,SLA Met
SHP-48303,ORD-18303,BlueDart Express,TRK908303,3,3,120,SLA Met
SHP-48304,ORD-18304,BlueDart Express,TRK908304,3,3,180,SLA Met
SHP-48305,ORD-18305,BlueDart Express,TRK908305,4,6,180,SLA Breached
SHP-48306,ORD-18306,XpressBees Surface,TRK908306,3,3,60,SLA Met
SHP-48309,ORD-18309,Delhivery Direct,TRK908309,2,3,180,SLA Breached
SHP-48310,ORD-18310,XpressBees Surface,TRK908310,4,4,120,SLA Met
SHP-48311,ORD-18311,XpressBees Surface,TRK908311,2,2,60,SLA Met
SHP-48312,ORD-18312,Shadowfax Surface,TRK908312,3,3,150,SLA Met
SHP-48313,ORD-18313,Delhivery Direct,TRK908313,3,3,180,SLA Met
SHP-48316,ORD-18316,Delhivery Direct,TRK908316,2,2,90,SLA Met
SHP-48317,ORD-18317,Delhivery Direct,TRK908317,4,4,180,SLA Met
SHP-48318,ORD-18318,BlueDart Express,TRK908318,3,3,180,SLA Met
SHP-48319,ORD-18319,Delhivery Direct,TRK908319,2,2,120,SLA Met
SHP-48320,ORD-18320,BlueDart Express,TRK908320,5,5,60,SLA Met
SHP-48322,ORD-18322,Shadowfax Surface,TRK908322,2,2,180,SLA Met
SHP-48323,ORD-18323,Delhivery Direct,TRK908323,5,6,120,SLA Breached
SHP-48325,ORD-18325,BlueDart Express,TRK908325,2,2,60,SLA Met
SHP-48326,ORD-18326,Ecom Express,TRK908326,5,5,120,SLA Met
SHP-48327,ORD-18327,Ecom Express,TRK908327,4,4,180,SLA Met
SHP-48328,ORD-18328,BlueDart Express,TRK908328,3,4,180,SLA Breached
SHP-48329,ORD-18329,Shadowfax Surface,TRK908329,5,5,180,SLA Met
SHP-48330,ORD-18330,BlueDart Express,TRK908330,5,5,90,SLA Met
SHP-48331,ORD-18331,XpressBees Surface,TRK908331,5,5,150,SLA Met
SHP-48333,ORD-18333,XpressBees Surface,TRK908333,4,4,180,SLA Met
SHP-48334,ORD-18334,XpressBees Surface,TRK908334,4,4,120,SLA Met
SHP-48335,ORD-18335,XpressBees Surface,TRK908335,2,2,180,SLA Met
SHP-48336,ORD-18336,Shadowfax Surface,TRK908336,5,5,60,SLA Met
SHP-48338,ORD-18338,Shadowfax Surface,TRK908338,4,5,120,SLA Breached
SHP-48339,ORD-18339,Delhivery Direct,TRK908339,4,8,60,SLA Breached
SHP-48341,ORD-18341,Delhivery Direct,TRK908341,3,3,150,SLA Met
SHP-48342,ORD-18342,Shadowfax Surface,TRK908342,5,6,150,SLA Breached
SHP-48343,ORD-18343,Delhivery Direct,TRK908343,3,3,120,SLA Met
SHP-48344,ORD-18344,XpressBees Surface,TRK908344,3,3,90,SLA Met
SHP-48346,ORD-18346,Shadowfax Surface,TRK908346,4,4,120,SLA Met
SHP-48347,ORD-18347,XpressBees Surface,TRK908347,5,5,60,SLA Met
SHP-48348,ORD-18348,Delhivery Direct,TRK908348,5,5,150,SLA Met
SHP-48349,ORD-18349,BlueDart Express,TRK908349,2,2,150,SLA Met
SHP-48350,ORD-18350,BlueDart Express,TRK908350,3,3,180,SLA Met
SHP-48351,ORD-18351,Ecom Express,TRK908351,5,5,180,SLA Met
SHP-48352,ORD-18352,Shadowfax Surface,TRK908352,2,2,180,SLA Met
SHP-48353,ORD-18353,XpressBees Surface,TRK908353,2,3,60,SLA Breached
SHP-48354,ORD-18354,Delhivery Direct,TRK908354,4,4,150,SLA Met
SHP-48355,ORD-18355,Shadowfax Surface,TRK908355,3,4,180,SLA Breached
SHP-48356,ORD-18356,BlueDart Express,TRK908356,5,5,90,SLA Met
SHP-48357,ORD-18357,Ecom Express,TRK908357,5,5,120,SLA Met
SHP-48358,ORD-18358,Ecom Express,TRK908358,3,3,60,SLA Met
SHP-48359,ORD-18359,Ecom Express,TRK908359,2,2,60,SLA Met
SHP-48360,ORD-18360,Ecom Express,TRK908360,5,5,120,SLA Met
SHP-48361,ORD-18361,BlueDart Express,TRK908361,2,2,60,SLA Met
SHP-48362,ORD-18362,BlueDart Express,TRK908362,5,5,90,SLA Met
SHP-48363,ORD-18363,XpressBees Surface,TRK908363,4,4,150,SLA Met
SHP-48364,ORD-18364,Delhivery Direct,TRK908364,2,2,90,SLA Met
SHP-48365,ORD-18365,XpressBees Surface,TRK908365,4,7,120,SLA Breached
SHP-48367,ORD-18367,Ecom Express,TRK908367,3,3,150,SLA Met
SHP-48368,ORD-18368,Shadowfax Surface,TRK908368,4,4,180,SLA Met
SHP-48370,ORD-18370,Delhivery Direct,TRK908370,5,5,180,SLA Met
SHP-48371,ORD-18371,Shadowfax Surface,TRK908371,3,3,150,SLA Met
SHP-48372,ORD-18372,BlueDart Express,TRK908372,2,2,180,SLA Met
SHP-48373,ORD-18373,BlueDart Express,TRK908373,3,3,180,SLA Met
SHP-48374,ORD-18374,Delhivery Direct,TRK908374,5,5,90,SLA Met
SHP-48375,ORD-18375,XpressBees Surface,TRK908375,3,3,60,SLA Met
SHP-48376,ORD-18376,XpressBees Surface,TRK908376,3,3,120,SLA Met
SHP-48377,ORD-18377,Shadowfax Surface,TRK908377,4,4,180,SLA Met
SHP-48378,ORD-18378,XpressBees Surface,TRK908378,3,5,90,SLA Breached
SHP-48379,ORD-18379,XpressBees Surface,TRK908379,4,8,60,SLA Breached
SHP-48381,ORD-18381,Ecom Express,TRK908381,3,5,180,SLA Breached
SHP-48382,ORD-18382,XpressBees Surface,TRK908382,3,6,120,SLA Breached
SHP-48383,ORD-18383,Shadowfax Surface,TRK908383,4,4,180,SLA Met
SHP-48384,ORD-18384,BlueDart Express,TRK908384,5,6,180,SLA Breached
SHP-48385,ORD-18385,XpressBees Surface,TRK908385,3,3,180,SLA Met
SHP-48386,ORD-18386,XpressBees Surface,TRK908386,4,5,180,SLA Breached
SHP-48387,ORD-18387,Delhivery Direct,TRK908387,2,3,90,SLA Breached
SHP-48389,ORD-18389,Delhivery Direct,TRK908389,2,2,60,SLA Met
SHP-48390,ORD-18390,Ecom Express,TRK908390,4,4,90,SLA Met
SHP-48391,ORD-18391,Ecom Express,TRK908391,5,5,180,SLA Met
SHP-48392,ORD-18392,Shadowfax Surface,TRK908392,4,7,60,SLA Breached
SHP-48393,ORD-18393,Shadowfax Surface,TRK908393,4,4,60,SLA Met
SHP-48394,ORD-18394,Delhivery Direct,TRK908394,2,2,180,SLA Met
SHP-48395,ORD-18395,Shadowfax Surface,TRK908395,4,4,120,SLA Met
SHP-48396,ORD-18396,BlueDart Express,TRK908396,4,4,120,SLA Met
SHP-48399,ORD-18399,Delhivery Direct,TRK908399,4,4,60,SLA Met
SHP-48400,ORD-18400,Ecom Express,TRK908400,5,5,120,SLA Met
SHP-48402,ORD-18402,XpressBees Surface,TRK908402,3,3,120,SLA Met
SHP-48403,ORD-18403,Ecom Express,TRK908403,2,2,120,SLA Met
SHP-48404,ORD-18404,Delhivery Direct,TRK908404,5,9,180,SLA Breached
SHP-48405,ORD-18405,Delhivery Direct,TRK908405,3,3,120,SLA Met
SHP-48406,ORD-18406,Shadowfax Surface,TRK908406,5,5,120,SLA Met
SHP-48407,ORD-18407,XpressBees Surface,TRK908407,3,6,150,SLA Breached
SHP-48410,ORD-18410,XpressBees Surface,TRK908410,5,5,180,SLA Met
SHP-48411,ORD-18411,Ecom Express,TRK908411,4,4,120,SLA Met
SHP-48413,ORD-18413,Shadowfax Surface,TRK908413,5,5,60,SLA Met
SHP-48415,ORD-18415,Ecom Express,TRK908415,2,2,120,SLA Met
SHP-48416,ORD-18416,BlueDart Express,TRK908416,3,3,150,SLA Met
SHP-48417,ORD-18417,Shadowfax Surface,TRK908417,2,2,120,SLA Met
SHP-48418,ORD-18418,BlueDart Express,TRK908418,3,3,180,SLA Met
SHP-48419,ORD-18419,XpressBees Surface,TRK908419,2,2,150,SLA Met
SHP-48420,ORD-18420,Shadowfax Surface,TRK908420,3,3,90,SLA Met
SHP-48421,ORD-18421,Delhivery Direct,TRK908421,3,3,60,SLA Met
SHP-48422,ORD-18422,BlueDart Express,TRK908422,3,3,60,SLA Met
SHP-48423,ORD-18423,Delhivery Direct,TRK908423,2,6,150,SLA Breached
SHP-48424,ORD-18424,Delhivery Direct,TRK908424,5,5,150,SLA Met
SHP-48425,ORD-18425,Delhivery Direct,TRK908425,2,2,120,SLA Met
SHP-48426,ORD-18426,Delhivery Direct,TRK908426,4,4,90,SLA Met
SHP-48427,ORD-18427,Shadowfax Surface,TRK908427,5,5,150,SLA Met
SHP-48428,ORD-18428,XpressBees Surface,TRK908428,3,3,60,SLA Met
SHP-48429,ORD-18429,Delhivery Direct,TRK908429,4,4,120,SLA Met
SHP-48431,ORD-18431,Ecom Express,TRK908431,5,5,90,SLA Met
SHP-48432,ORD-18432,XpressBees Surface,TRK908432,2,2,60,SLA Met
SHP-48434,ORD-18434,Shadowfax Surface,TRK908434,2,2,180,SLA Met
SHP-48436,ORD-18436,Shadowfax Surface,TRK908436,5,7,150,SLA Breached
SHP-48437,ORD-18437,Shadowfax Surface,TRK908437,5,5,120,SLA Met
SHP-48439,ORD-18439,XpressBees Surface,TRK908439,4,4,150,SLA Met
SHP-48440,ORD-18440,Delhivery Direct,TRK908440,4,4,120,SLA Met
SHP-48442,ORD-18442,XpressBees Surface,TRK908442,4,4,60,SLA Met
SHP-48443,ORD-18443,XpressBees Surface,TRK908443,2,2,180,SLA Met
SHP-48444,ORD-18444,Shadowfax Surface,TRK908444,5,5,90,SLA Met
SHP-48445,ORD-18445,XpressBees Surface,TRK908445,3,3,60,SLA Met
SHP-48446,ORD-18446,Ecom Express,TRK908446,5,5,150,SLA Met
SHP-48447,ORD-18447,Shadowfax Surface,TRK908447,2,2,150,SLA Met
SHP-48448,ORD-18448,Shadowfax Surface,TRK908448,4,7,90,SLA Breached
SHP-48449,ORD-18449,Ecom Express,TRK908449,4,8,60,SLA Breached
SHP-48450,ORD-18450,BlueDart Express,TRK908450,4,4,60,SLA Met
SHP-48451,ORD-18451,Shadowfax Surface,TRK908451,5,5,90,SLA Met
SHP-48452,ORD-18452,Ecom Express,TRK908452,5,5,150,SLA Met
SHP-48453,ORD-18453,XpressBees Surface,TRK908453,5,5,60,SLA Met
SHP-48454,ORD-18454,Delhivery Direct,TRK908454,3,3,60,SLA Met
SHP-48455,ORD-18455,Shadowfax Surface,TRK908455,5,5,90,SLA Met
SHP-48456,ORD-18456,Delhivery Direct,TRK908456,2,2,150,SLA Met
SHP-48457,ORD-18457,XpressBees Surface,TRK908457,4,4,60,SLA Met
SHP-48459,ORD-18459,BlueDart Express,TRK908459,3,5,180,SLA Breached
SHP-48460,ORD-18460,Shadowfax Surface,TRK908460,2,2,180,SLA Met
SHP-48461,ORD-18461,Ecom Express,TRK908461,4,4,120,SLA Met
SHP-48462,ORD-18462,Delhivery Direct,TRK908462,4,4,90,SLA Met
SHP-48463,ORD-18463,XpressBees Surface,TRK908463,4,4,150,SLA Met
SHP-48464,ORD-18464,Delhivery Direct,TRK908464,2,2,90,SLA Met
SHP-48465,ORD-18465,Shadowfax Surface,TRK908465,2,2,60,SLA Met
SHP-48466,ORD-18466,Shadowfax Surface,TRK908466,3,3,120,SLA Met
SHP-48467,ORD-18467,Ecom Express,TRK908467,5,5,120,SLA Met
SHP-48468,ORD-18468,Ecom Express,TRK908468,5,8,90,SLA Breached
SHP-48469,ORD-18469,Shadowfax Surface,TRK908469,4,4,150,SLA Met
SHP-48470,ORD-18470,Ecom Express,TRK908470,3,3,180,SLA Met
SHP-48471,ORD-18471,Ecom Express,TRK908471,2,2,120,SLA Met
SHP-48472,ORD-18472,Ecom Express,TRK908472,3,3,90,SLA Met
SHP-48475,ORD-18475,BlueDart Express,TRK908475,5,5,90,SLA Met
SHP-48477,ORD-18477,Ecom Express,TRK908477,2,4,120,SLA Breached
SHP-48478,ORD-18478,Delhivery Direct,TRK908478,5,5,90,SLA Met
SHP-48479,ORD-18479,Ecom Express,TRK908479,3,3,60,SLA Met
SHP-48480,ORD-18480,Shadowfax Surface,TRK908480,5,5,60,SLA Met
SHP-48481,ORD-18481,Delhivery Direct,TRK908481,2,2,120,SLA Met
SHP-48482,ORD-18482,BlueDart Express,TRK908482,4,4,180,SLA Met
SHP-48483,ORD-18483,Delhivery Direct,TRK908483,4,4,180,SLA Met
SHP-48484,ORD-18484,Delhivery Direct,TRK908484,2,2,120,SLA Met
SHP-48485,ORD-18485,Delhivery Direct,TRK908485,3,3,60,SLA Met
SHP-48486,ORD-18486,Ecom Express,TRK908486,4,4,90,SLA Met
SHP-48487,ORD-18487,BlueDart Express,TRK908487,2,2,150,SLA Met
SHP-48488,ORD-18488,Delhivery Direct,TRK908488,5,5,120,SLA Met
SHP-48489,ORD-18489,Delhivery Direct,TRK908489,4,4,60,SLA Met
SHP-48490,ORD-18490,XpressBees Surface,TRK908490,4,4,150,SLA Met
SHP-48491,ORD-18491,Shadowfax Surface,TRK908491,4,8,90,SLA Breached
SHP-48492,ORD-18492,Delhivery Direct,TRK908492,5,5,180,SLA Met
SHP-48493,ORD-18493,Delhivery Direct,TRK908493,5,5,180,SLA Met
SHP-48494,ORD-18494,BlueDart Express,TRK908494,4,4,180,SLA Met
SHP-48495,ORD-18495,Ecom Express,TRK908495,4,4,180,SLA Met
SHP-48496,ORD-18496,XpressBees Surface,TRK908496,4,4,90,SLA Met
SHP-48497,ORD-18497,BlueDart Express,TRK908497,4,4,150,SLA Met
SHP-48498,ORD-18498,BlueDart Express,TRK908498,4,6,90,SLA Breached
SHP-48499,ORD-18499,Shadowfax Surface,TRK908499,2,2,60,SLA Met
SHP-48500,ORD-18500,XpressBees Surface,TRK908500,3,3,180,SLA Met
SHP-48501,ORD-18501,Ecom Express,TRK908501,5,5,180,SLA Met
SHP-48502,ORD-18502,Shadowfax Surface,TRK908502,2,2,150,SLA Met
SHP-48503,ORD-18503,Delhivery Direct,TRK908503,5,5,60,SLA Met
SHP-48505,ORD-18505,Delhivery Direct,TRK908505,5,5,120,SLA Met
SHP-48506,ORD-18506,XpressBees Surface,TRK908506,4,4,90,SLA Met
SHP-48507,ORD-18507,Shadowfax Surface,TRK908507,3,3,90,SLA Met
SHP-48508,ORD-18508,Ecom Express,TRK908508,3,4,120,SLA Breached
SHP-48509,ORD-18509,BlueDart Express,TRK908509,3,3,180,SLA Met
SHP-48510,ORD-18510,Ecom Express,TRK908510,4,4,150,SLA Met
SHP-48511,ORD-18511,Ecom Express,TRK908511,5,5,150,SLA Met
SHP-48512,ORD-18512,XpressBees Surface,TRK908512,3,3,60,SLA Met
SHP-48513,ORD-18513,Ecom Express,TRK908513,4,4,180,SLA Met
SHP-48514,ORD-18514,XpressBees Surface,TRK908514,4,4,60,SLA Met
SHP-48515,ORD-18515,Shadowfax Surface,TRK908515,4,4,180,SLA Met
SHP-48516,ORD-18516,Shadowfax Surface,TRK908516,4,4,180,SLA Met
SHP-48517,ORD-18517,BlueDart Express,TRK908517,2,2,60,SLA Met
SHP-48518,ORD-18518,XpressBees Surface,TRK908518,3,3,150,SLA Met
SHP-48519,ORD-18519,Shadowfax Surface,TRK908519,5,5,60,SLA Met
SHP-48520,ORD-18520,Ecom Express,TRK908520,3,3,180,SLA Met
SHP-48521,ORD-18521,Ecom Express,TRK908521,5,5,60,SLA Met
SHP-48522,ORD-18522,Delhivery Direct,TRK908522,5,5,180,SLA Met
SHP-48524,ORD-18524,XpressBees Surface,TRK908524,2,2,90,SLA Met
SHP-48525,ORD-18525,BlueDart Express,TRK908525,3,3,60,SLA Met
SHP-48526,ORD-18526,Delhivery Direct,TRK908526,3,3,180,SLA Met
SHP-48527,ORD-18527,XpressBees Surface,TRK908527,3,5,180,SLA Breached
SHP-48528,ORD-18528,BlueDart Express,TRK908528,3,4,90,SLA Breached
SHP-48529,ORD-18529,XpressBees Surface,TRK908529,4,4,60,SLA Met
SHP-48530,ORD-18530,BlueDart Express,TRK908530,4,4,120,SLA Met
SHP-48531,ORD-18531,Delhivery Direct,TRK908531,3,3,180,SLA Met
SHP-48534,ORD-18534,Shadowfax Surface,TRK908534,4,4,180,SLA Met
SHP-48535,ORD-18535,Shadowfax Surface,TRK908535,4,4,120,SLA Met
SHP-48538,ORD-18538,Shadowfax Surface,TRK908538,3,3,180,SLA Met
SHP-48539,ORD-18539,BlueDart Express,TRK908539,2,2,180,SLA Met
SHP-48541,ORD-18541,Ecom Express,TRK908541,2,2,60,SLA Met
SHP-48542,ORD-18542,Ecom Express,TRK908542,2,2,180,SLA Met
SHP-48543,ORD-18543,Delhivery Direct,TRK908543,3,3,60,SLA Met
SHP-48544,ORD-18544,XpressBees Surface,TRK908544,5,5,180,SLA Met
SHP-48546,ORD-18546,XpressBees Surface,TRK908546,2,2,90,SLA Met
SHP-48547,ORD-18547,Delhivery Direct,TRK908547,2,2,150,SLA Met
SHP-48548,ORD-18548,Ecom Express,TRK908548,3,3,90,SLA Met
SHP-48550,ORD-18550,Delhivery Direct,TRK908550,2,2,90,SLA Met
SHP-48551,ORD-18551,XpressBees Surface,TRK908551,5,5,60,SLA Met
SHP-48552,ORD-18552,XpressBees Surface,TRK908552,2,2,60,SLA Met
SHP-48553,ORD-18553,Delhivery Direct,TRK908553,4,8,60,SLA Breached
SHP-48554,ORD-18554,BlueDart Express,TRK908554,4,4,180,SLA Met
SHP-48555,ORD-18555,XpressBees Surface,TRK908555,2,2,150,SLA Met
SHP-48557,ORD-18557,Ecom Express,TRK908557,5,5,180,SLA Met
SHP-48558,ORD-18558,Delhivery Direct,TRK908558,5,5,180,SLA Met
SHP-48559,ORD-18559,BlueDart Express,TRK908559,3,3,60,SLA Met
SHP-48560,ORD-18560,BlueDart Express,TRK908560,2,2,150,SLA Met
SHP-48562,ORD-18562,XpressBees Surface,TRK908562,4,4,180,SLA Met
SHP-48564,ORD-18564,Shadowfax Surface,TRK908564,5,6,150,SLA Breached
SHP-48565,ORD-18565,BlueDart Express,TRK908565,2,4,60,SLA Breached
SHP-48566,ORD-18566,BlueDart Express,TRK908566,5,5,90,SLA Met
SHP-48567,ORD-18567,Shadowfax Surface,TRK908567,3,3,60,SLA Met
SHP-48568,ORD-18568,Ecom Express,TRK908568,2,2,120,SLA Met
SHP-48569,ORD-18569,BlueDart Express,TRK908569,4,4,150,SLA Met
SHP-48570,ORD-18570,Delhivery Direct,TRK908570,2,2,120,SLA Met
SHP-48571,ORD-18571,Shadowfax Surface,TRK908571,2,2,90,SLA Met
SHP-48573,ORD-18573,Shadowfax Surface,TRK908573,5,6,180,SLA Breached
SHP-48574,ORD-18574,BlueDart Express,TRK908574,2,2,60,SLA Met
SHP-48575,ORD-18575,Shadowfax Surface,TRK908575,2,4,60,SLA Breached
SHP-48577,ORD-18577,Ecom Express,TRK908577,3,3,60,SLA Met
SHP-48578,ORD-18578,XpressBees Surface,TRK908578,5,5,180,SLA Met
SHP-48579,ORD-18579,XpressBees Surface,TRK908579,2,2,90,SLA Met
SHP-48582,ORD-18582,XpressBees Surface,TRK908582,5,5,180,SLA Met
SHP-48583,ORD-18583,Delhivery Direct,TRK908583,4,4,180,SLA Met
SHP-48584,ORD-18584,Delhivery Direct,TRK908584,3,3,180,SLA Met
SHP-48585,ORD-18585,Ecom Express,TRK908585,3,3,150,SLA Met
SHP-48586,ORD-18586,Ecom Express,TRK908586,2,2,60,SLA Met
SHP-48587,ORD-18587,XpressBees Surface,TRK908587,3,3,180,SLA Met
SHP-48588,ORD-18588,Ecom Express,TRK908588,2,2,120,SLA Met
SHP-48590,ORD-18590,Shadowfax Surface,TRK908590,5,5,120,SLA Met
SHP-48591,ORD-18591,Ecom Express,TRK908591,5,5,150,SLA Met
SHP-48592,ORD-18592,BlueDart Express,TRK908592,3,4,90,SLA Breached
SHP-48593,ORD-18593,Delhivery Direct,TRK908593,5,5,180,SLA Met
SHP-48594,ORD-18594,Ecom Express,TRK908594,3,3,180,SLA Met
SHP-48595,ORD-18595,XpressBees Surface,TRK908595,2,2,90,SLA Met
SHP-48596,ORD-18596,XpressBees Surface,TRK908596,5,5,150,SLA Met
SHP-48597,ORD-18597,Delhivery Direct,TRK908597,4,4,120,SLA Met
SHP-48598,ORD-18598,BlueDart Express,TRK908598,4,4,120,SLA Met
SHP-48599,ORD-18599,Shadowfax Surface,TRK908599,4,4,60,SLA Met
SHP-48600,ORD-18600,XpressBees Surface,TRK908600,5,5,60,SLA Met
SHP-48601,ORD-18601,XpressBees Surface,TRK908601,4,4,90,SLA Met
SHP-48603,ORD-18603,Ecom Express,TRK908603,2,2,60,SLA Met
SHP-48604,ORD-18604,Ecom Express,TRK908604,4,4,120,SLA Met
SHP-48605,ORD-18605,XpressBees Surface,TRK908605,4,4,180,SLA Met
SHP-48606,ORD-18606,Shadowfax Surface,TRK908606,3,3,90,SLA Met
SHP-48607,ORD-18607,XpressBees Surface,TRK908607,4,4,60,SLA Met
SHP-48608,ORD-18608,Delhivery Direct,TRK908608,3,3,60,SLA Met
SHP-48609,ORD-18609,Ecom Express,TRK908609,5,5,60,SLA Met
SHP-48610,ORD-18610,BlueDart Express,TRK908610,4,4,60,SLA Met
SHP-48611,ORD-18611,Ecom Express,TRK908611,2,2,150,SLA Met
SHP-48612,ORD-18612,BlueDart Express,TRK908612,4,4,90,SLA Met
SHP-48613,ORD-18613,Delhivery Direct,TRK908613,3,3,180,SLA Met
SHP-48614,ORD-18614,Shadowfax Surface,TRK908614,4,4,120,SLA Met
SHP-48615,ORD-18615,Ecom Express,TRK908615,5,8,180,SLA Breached
SHP-48616,ORD-18616,BlueDart Express,TRK908616,3,6,90,SLA Breached
SHP-48617,ORD-18617,Shadowfax Surface,TRK908617,2,2,150,SLA Met
SHP-48618,ORD-18618,XpressBees Surface,TRK908618,4,5,150,SLA Breached
SHP-48619,ORD-18619,Shadowfax Surface,TRK908619,3,3,120,SLA Met
SHP-48620,ORD-18620,Shadowfax Surface,TRK908620,4,4,150,SLA Met
SHP-48621,ORD-18621,Delhivery Direct,TRK908621,5,6,120,SLA Breached
SHP-48622,ORD-18622,Shadowfax Surface,TRK908622,3,3,180,SLA Met
SHP-48623,ORD-18623,Shadowfax Surface,TRK908623,2,2,120,SLA Met
SHP-48624,ORD-18624,XpressBees Surface,TRK908624,2,2,90,SLA Met
SHP-48625,ORD-18625,BlueDart Express,TRK908625,3,3,90,SLA Met
SHP-48626,ORD-18626,Delhivery Direct,TRK908626,3,3,120,SLA Met
SHP-48627,ORD-18627,Shadowfax Surface,TRK908627,2,2,120,SLA Met
SHP-48628,ORD-18628,Ecom Express,TRK908628,4,7,60,SLA Breached
SHP-48629,ORD-18629,XpressBees Surface,TRK908629,4,6,150,SLA Breached
SHP-48630,ORD-18630,XpressBees Surface,TRK908630,2,2,60,SLA Met
SHP-48631,ORD-18631,XpressBees Surface,TRK908631,5,5,180,SLA Met
SHP-48632,ORD-18632,XpressBees Surface,TRK908632,4,4,60,SLA Met
SHP-48635,ORD-18635,Delhivery Direct,TRK908635,5,5,180,SLA Met
SHP-48636,ORD-18636,Delhivery Direct,TRK908636,4,4,60,SLA Met
SHP-48638,ORD-18638,Ecom Express,TRK908638,4,4,120,SLA Met
SHP-48640,ORD-18640,Shadowfax Surface,TRK908640,4,4,180,SLA Met
SHP-48641,ORD-18641,XpressBees Surface,TRK908641,5,5,180,SLA Met
SHP-48642,ORD-18642,Ecom Express,TRK908642,2,3,90,SLA Breached
SHP-48643,ORD-18643,Shadowfax Surface,TRK908643,5,5,180,SLA Met
SHP-48644,ORD-18644,Shadowfax Surface,TRK908644,4,4,60,SLA Met
SHP-48645,ORD-18645,Ecom Express,TRK908645,3,3,120,SLA Met
SHP-48646,ORD-18646,Shadowfax Surface,TRK908646,2,5,60,SLA Breached
SHP-48647,ORD-18647,Shadowfax Surface,TRK908647,2,2,180,SLA Met
SHP-48648,ORD-18648,Shadowfax Surface,TRK908648,5,5,150,SLA Met
SHP-48649,ORD-18649,Shadowfax Surface,TRK908649,5,5,60,SLA Met
SHP-48650,ORD-18650,Delhivery Direct,TRK908650,4,4,180,SLA Met
SHP-48651,ORD-18651,Shadowfax Surface,TRK908651,2,2,120,SLA Met
SHP-48652,ORD-18652,Delhivery Direct,TRK908652,5,5,60,SLA Met
SHP-48653,ORD-18653,BlueDart Express,TRK908653,2,4,180,SLA Breached
SHP-48654,ORD-18654,XpressBees Surface,TRK908654,2,5,60,SLA Breached
SHP-48655,ORD-18655,XpressBees Surface,TRK908655,4,4,150,SLA Met
SHP-48656,ORD-18656,Delhivery Direct,TRK908656,4,4,60,SLA Met
SHP-48657,ORD-18657,Shadowfax Surface,TRK908657,3,3,120,SLA Met
SHP-48658,ORD-18658,XpressBees Surface,TRK908658,3,3,180,SLA Met
SHP-48659,ORD-18659,BlueDart Express,TRK908659,5,6,150,SLA Breached
SHP-48660,ORD-18660,Shadowfax Surface,TRK908660,2,2,90,SLA Met
SHP-48662,ORD-18662,XpressBees Surface,TRK908662,4,4,60,SLA Met
SHP-48663,ORD-18663,Ecom Express,TRK908663,4,4,120,SLA Met
SHP-48664,ORD-18664,BlueDart Express,TRK908664,5,5,90,SLA Met
SHP-48665,ORD-18665,Shadowfax Surface,TRK908665,4,4,150,SLA Met
SHP-48666,ORD-18666,Shadowfax Surface,TRK908666,2,2,150,SLA Met
SHP-48667,ORD-18667,Shadowfax Surface,TRK908667,5,5,120,SLA Met
SHP-48668,ORD-18668,BlueDart Express,TRK908668,4,6,150,SLA Breached
SHP-48669,ORD-18669,XpressBees Surface,TRK908669,5,5,180,SLA Met
SHP-48670,ORD-18670,BlueDart Express,TRK908670,5,5,120,SLA Met
SHP-48671,ORD-18671,XpressBees Surface,TRK908671,3,3,60,SLA Met
SHP-48672,ORD-18672,Ecom Express,TRK908672,3,3,90,SLA Met
SHP-48673,ORD-18673,Ecom Express,TRK908673,4,4,90,SLA Met
SHP-48674,ORD-18674,Delhivery Direct,TRK908674,3,4,180,SLA Breached
SHP-48675,ORD-18675,Delhivery Direct,TRK908675,5,5,150,SLA Met
SHP-48676,ORD-18676,BlueDart Express,TRK908676,3,3,180,SLA Met
SHP-48677,ORD-18677,XpressBees Surface,TRK908677,4,4,90,SLA Met
SHP-48678,ORD-18678,Ecom Express,TRK908678,2,2,120,SLA Met
SHP-48679,ORD-18679,Delhivery Direct,TRK908679,5,5,60,SLA Met
SHP-48680,ORD-18680,Ecom Express,TRK908680,5,5,150,SLA Met
SHP-48681,ORD-18681,Delhivery Direct,TRK908681,4,4,60,SLA Met
SHP-48682,ORD-18682,XpressBees Surface,TRK908682,4,4,90,SLA Met
SHP-48684,ORD-18684,BlueDart Express,TRK908684,2,2,90,SLA Met
SHP-48685,ORD-18685,Ecom Express,TRK908685,3,7,180,SLA Breached
SHP-48687,ORD-18687,Delhivery Direct,TRK908687,4,4,90,SLA Met
SHP-48688,ORD-18688,Shadowfax Surface,TRK908688,3,3,120,SLA Met
SHP-48689,ORD-18689,BlueDart Express,TRK908689,2,2,60,SLA Met
SHP-48690,ORD-18690,Shadowfax Surface,TRK908690,2,2,120,SLA Met
SHP-48691,ORD-18691,Shadowfax Surface,TRK908691,2,2,90,SLA Met
SHP-48692,ORD-18692,Shadowfax Surface,TRK908692,3,3,120,SLA Met
SHP-48694,ORD-18694,BlueDart Express,TRK908694,3,3,150,SLA Met
SHP-48695,ORD-18695,Ecom Express,TRK908695,4,4,180,SLA Met
SHP-48696,ORD-18696,XpressBees Surface,TRK908696,5,9,180,SLA Breached
SHP-48697,ORD-18697,Ecom Express,TRK908697,5,5,180,SLA Met
SHP-48698,ORD-18698,BlueDart Express,TRK908698,2,2,90,SLA Met
SHP-48699,ORD-18699,XpressBees Surface,TRK908699,2,2,150,SLA Met
SHP-48700,ORD-18700,XpressBees Surface,TRK908700,3,3,90,SLA Met
SHP-48703,ORD-18703,Delhivery Direct,TRK908703,5,5,60,SLA Met
SHP-48704,ORD-18704,Ecom Express,TRK908704,5,5,120,SLA Met
SHP-48706,ORD-18706,Delhivery Direct,TRK908706,3,3,90,SLA Met
SHP-48707,ORD-18707,Shadowfax Surface,TRK908707,5,5,120,SLA Met
SHP-48708,ORD-18708,Shadowfax Surface,TRK908708,5,5,90,SLA Met
SHP-48709,ORD-18709,XpressBees Surface,TRK908709,4,4,180,SLA Met
SHP-48710,ORD-18710,BlueDart Express,TRK908710,5,5,180,SLA Met
SHP-48711,ORD-18711,BlueDart Express,TRK908711,4,4,180,SLA Met
SHP-48713,ORD-18713,BlueDart Express,TRK908713,3,3,90,SLA Met
SHP-48714,ORD-18714,Delhivery Direct,TRK908714,4,4,90,SLA Met
SHP-48715,ORD-18715,XpressBees Surface,TRK908715,5,5,150,SLA Met
SHP-48716,ORD-18716,Shadowfax Surface,TRK908716,3,6,180,SLA Breached
SHP-48717,ORD-18717,Delhivery Direct,TRK908717,5,5,90,SLA Met
SHP-48718,ORD-18718,Delhivery Direct,TRK908718,4,4,60,SLA Met
SHP-48720,ORD-18720,Delhivery Direct,TRK908720,5,5,120,SLA Met
SHP-48721,ORD-18721,XpressBees Surface,TRK908721,3,3,60,SLA Met
SHP-48722,ORD-18722,BlueDart Express,TRK908722,3,3,180,SLA Met
SHP-48723,ORD-18723,Ecom Express,TRK908723,4,4,60,SLA Met
SHP-48728,ORD-18728,Shadowfax Surface,TRK908728,4,5,120,SLA Breached
SHP-48729,ORD-18729,Shadowfax Surface,TRK908729,3,3,90,SLA Met
SHP-48730,ORD-18730,XpressBees Surface,TRK908730,4,4,120,SLA Met
SHP-48731,ORD-18731,Ecom Express,TRK908731,5,7,60,SLA Breached
SHP-48734,ORD-18734,BlueDart Express,TRK908734,2,2,120,SLA Met
SHP-48736,ORD-18736,Ecom Express,TRK908736,3,3,120,SLA Met
SHP-48738,ORD-18738,XpressBees Surface,TRK908738,2,3,90,SLA Breached
SHP-48740,ORD-18740,BlueDart Express,TRK908740,2,2,90,SLA Met
SHP-48741,ORD-18741,Ecom Express,TRK908741,2,2,120,SLA Met
SHP-48742,ORD-18742,Shadowfax Surface,TRK908742,3,3,120,SLA Met
SHP-48743,ORD-18743,Delhivery Direct,TRK908743,3,3,120,SLA Met
SHP-48744,ORD-18744,BlueDart Express,TRK908744,2,6,90,SLA Breached
SHP-48745,ORD-18745,Ecom Express,TRK908745,3,3,60,SLA Met
SHP-48746,ORD-18746,Ecom Express,TRK908746,4,4,150,SLA Met
SHP-48747,ORD-18747,Shadowfax Surface,TRK908747,5,5,60,SLA Met
SHP-48749,ORD-18749,Shadowfax Surface,TRK908749,4,4,150,SLA Met
SHP-48750,ORD-18750,Delhivery Direct,TRK908750,4,4,180,SLA Met
SHP-48752,ORD-18752,Delhivery Direct,TRK908752,3,3,180,SLA Met
SHP-48753,ORD-18753,BlueDart Express,TRK908753,5,5,90,SLA Met
SHP-48754,ORD-18754,BlueDart Express,TRK908754,4,4,120,SLA Met
SHP-48756,ORD-18756,Ecom Express,TRK908756,4,4,120,SLA Met
SHP-48757,ORD-18757,Shadowfax Surface,TRK908757,3,3,150,SLA Met
SHP-48758,ORD-18758,BlueDart Express,TRK908758,3,3,90,SLA Met
SHP-48759,ORD-18759,XpressBees Surface,TRK908759,5,5,60,SLA Met
SHP-48760,ORD-18760,XpressBees Surface,TRK908760,5,5,90,SLA Met
SHP-48761,ORD-18761,BlueDart Express,TRK908761,5,5,120,SLA Met
SHP-48762,ORD-18762,XpressBees Surface,TRK908762,2,2,90,SLA Met
SHP-48765,ORD-18765,Ecom Express,TRK908765,3,3,60,SLA Met
SHP-48769,ORD-18769,XpressBees Surface,TRK908769,3,3,180,SLA Met
SHP-48770,ORD-18770,Shadowfax Surface,TRK908770,5,5,120,SLA Met
SHP-48771,ORD-18771,BlueDart Express,TRK908771,3,3,180,SLA Met
SHP-48772,ORD-18772,BlueDart Express,TRK908772,2,2,120,SLA Met
SHP-48773,ORD-18773,Shadowfax Surface,TRK908773,2,2,180,SLA Met
SHP-48774,ORD-18774,Ecom Express,TRK908774,2,5,120,SLA Breached
SHP-48775,ORD-18775,XpressBees Surface,TRK908775,4,4,60,SLA Met
SHP-48776,ORD-18776,BlueDart Express,TRK908776,5,5,150,SLA Met
SHP-48777,ORD-18777,BlueDart Express,TRK908777,2,2,120,SLA Met
SHP-48778,ORD-18778,XpressBees Surface,TRK908778,5,5,150,SLA Met
SHP-48779,ORD-18779,BlueDart Express,TRK908779,4,4,60,SLA Met
SHP-48780,ORD-18780,Ecom Express,TRK908780,5,5,60,SLA Met
SHP-48781,ORD-18781,Ecom Express,TRK908781,4,4,180,SLA Met
SHP-48782,ORD-18782,Ecom Express,TRK908782,4,4,150,SLA Met
SHP-48783,ORD-18783,BlueDart Express,TRK908783,2,2,120,SLA Met
SHP-48784,ORD-18784,Delhivery Direct,TRK908784,2,2,120,SLA Met
SHP-48786,ORD-18786,Ecom Express,TRK908786,5,5,180,SLA Met
SHP-48787,ORD-18787,BlueDart Express,TRK908787,2,4,60,SLA Breached
SHP-48788,ORD-18788,Delhivery Direct,TRK908788,3,3,60,SLA Met
SHP-48789,ORD-18789,Delhivery Direct,TRK908789,5,9,60,SLA Breached
SHP-48790,ORD-18790,Delhivery Direct,TRK908790,3,3,90,SLA Met
SHP-48791,ORD-18791,Ecom Express,TRK908791,2,3,60,SLA Breached
SHP-48792,ORD-18792,BlueDart Express,TRK908792,4,4,60,SLA Met
SHP-48793,ORD-18793,XpressBees Surface,TRK908793,2,4,150,SLA Breached
SHP-48794,ORD-18794,Delhivery Direct,TRK908794,5,5,90,SLA Met
SHP-48797,ORD-18797,XpressBees Surface,TRK908797,5,5,180,SLA Met
SHP-48798,ORD-18798,XpressBees Surface,TRK908798,5,5,120,SLA Met
SHP-48799,ORD-18799,XpressBees Surface,TRK908799,5,5,150,SLA Met
SHP-48800,ORD-18800,XpressBees Surface,TRK908800,4,4,150,SLA Met
SHP-48801,ORD-18801,Shadowfax Surface,TRK908801,3,3,90,SLA Met
SHP-48802,ORD-18802,Ecom Express,TRK908802,5,5,60,SLA Met
SHP-48803,ORD-18803,Ecom Express,TRK908803,4,4,180,SLA Met
SHP-48804,ORD-18804,Ecom Express,TRK908804,5,5,90,SLA Met
SHP-48805,ORD-18805,Ecom Express,TRK908805,4,4,60,SLA Met
SHP-48806,ORD-18806,Ecom Express,TRK908806,5,5,90,SLA Met
SHP-48807,ORD-18807,XpressBees Surface,TRK908807,4,4,180,SLA Met
SHP-48808,ORD-18808,BlueDart Express,TRK908808,5,8,150,SLA Breached
SHP-48809,ORD-18809,Ecom Express,TRK908809,5,5,90,SLA Met
SHP-48810,ORD-18810,Shadowfax Surface,TRK908810,5,5,150,SLA Met
SHP-48811,ORD-18811,XpressBees Surface,TRK908811,5,5,150,SLA Met
SHP-48812,ORD-18812,Shadowfax Surface,TRK908812,4,4,60,SLA Met
SHP-48813,ORD-18813,Shadowfax Surface,TRK908813,4,6,60,SLA Breached
SHP-48814,ORD-18814,BlueDart Express,TRK908814,3,3,180,SLA Met
SHP-48815,ORD-18815,Shadowfax Surface,TRK908815,2,2,150,SLA Met
SHP-48816,ORD-18816,Delhivery Direct,TRK908816,2,4,90,SLA Breached
SHP-48817,ORD-18817,Shadowfax Surface,TRK908817,5,5,60,SLA Met
SHP-48818,ORD-18818,Shadowfax Surface,TRK908818,5,8,180,SLA Breached
SHP-48819,ORD-18819,Shadowfax Surface,TRK908819,2,2,60,SLA Met
SHP-48820,ORD-18820,Ecom Express,TRK908820,3,3,120,SLA Met
SHP-48821,ORD-18821,Ecom Express,TRK908821,3,3,60,SLA Met
SHP-48822,ORD-18822,Ecom Express,TRK908822,2,2,180,SLA Met
SHP-48823,ORD-18823,Ecom Express,TRK908823,4,4,150,SLA Met
SHP-48824,ORD-18824,BlueDart Express,TRK908824,2,2,60,SLA Met
SHP-48825,ORD-18825,Ecom Express,TRK908825,3,3,120,SLA Met
SHP-48826,ORD-18826,Ecom Express,TRK908826,4,4,90,SLA Met
SHP-48827,ORD-18827,Ecom Express,TRK908827,3,3,120,SLA Met
SHP-48828,ORD-18828,BlueDart Express,TRK908828,5,5,90,SLA Met
SHP-48829,ORD-18829,BlueDart Express,TRK908829,4,4,180,SLA Met
SHP-48830,ORD-18830,Delhivery Direct,TRK908830,2,2,180,SLA Met
SHP-48831,ORD-18831,BlueDart Express,TRK908831,2,2,90,SLA Met
SHP-48832,ORD-18832,XpressBees Surface,TRK908832,3,3,180,SLA Met
SHP-48833,ORD-18833,XpressBees Surface,TRK908833,4,4,120,SLA Met
SHP-48834,ORD-18834,XpressBees Surface,TRK908834,5,9,90,SLA Breached
SHP-48835,ORD-18835,XpressBees Surface,TRK908835,2,5,180,SLA Breached
SHP-48838,ORD-18838,Ecom Express,TRK908838,5,5,180,SLA Met
SHP-48839,ORD-18839,BlueDart Express,TRK908839,5,5,90,SLA Met
SHP-48840,ORD-18840,Ecom Express,TRK908840,5,5,120,SLA Met
SHP-48841,ORD-18841,Shadowfax Surface,TRK908841,3,3,60,SLA Met
SHP-48842,ORD-18842,BlueDart Express,TRK908842,3,3,150,SLA Met
SHP-48843,ORD-18843,Shadowfax Surface,TRK908843,3,3,60,SLA Met
SHP-48844,ORD-18844,XpressBees Surface,TRK908844,3,3,120,SLA Met
SHP-48845,ORD-18845,Ecom Express,TRK908845,2,2,60,SLA Met
SHP-48847,ORD-18847,Delhivery Direct,TRK908847,3,3,60,SLA Met
SHP-48848,ORD-18848,Ecom Express,TRK908848,5,5,180,SLA Met
SHP-48849,ORD-18849,Shadowfax Surface,TRK908849,4,4,120,SLA Met
SHP-48850,ORD-18850,XpressBees Surface,TRK908850,5,5,150,SLA Met
SHP-48852,ORD-18852,BlueDart Express,TRK908852,3,3,180,SLA Met
SHP-48853,ORD-18853,Shadowfax Surface,TRK908853,3,3,90,SLA Met
SHP-48854,ORD-18854,BlueDart Express,TRK908854,4,4,60,SLA Met
SHP-48855,ORD-18855,Shadowfax Surface,TRK908855,3,3,180,SLA Met
SHP-48856,ORD-18856,Shadowfax Surface,TRK908856,3,3,180,SLA Met
SHP-48857,ORD-18857,Shadowfax Surface,TRK908857,5,8,180,SLA Breached
SHP-48859,ORD-18859,Shadowfax Surface,TRK908859,5,5,150,SLA Met
SHP-48860,ORD-18860,Delhivery Direct,TRK908860,2,6,90,SLA Breached
SHP-48861,ORD-18861,BlueDart Express,TRK908861,4,4,120,SLA Met
SHP-48862,ORD-18862,BlueDart Express,TRK908862,2,2,90,SLA Met
SHP-48863,ORD-18863,Ecom Express,TRK908863,5,5,90,SLA Met
SHP-48864,ORD-18864,Ecom Express,TRK908864,5,8,150,SLA Breached
SHP-48865,ORD-18865,XpressBees Surface,TRK908865,3,3,90,SLA Met
SHP-48866,ORD-18866,BlueDart Express,TRK908866,3,3,120,SLA Met
SHP-48867,ORD-18867,Shadowfax Surface,TRK908867,4,4,120,SLA Met
SHP-48868,ORD-18868,Ecom Express,TRK908868,4,4,60,SLA Met
SHP-48869,ORD-18869,Shadowfax Surface,TRK908869,4,8,150,SLA Breached
SHP-48870,ORD-18870,BlueDart Express,TRK908870,2,5,150,SLA Breached
SHP-48871,ORD-18871,BlueDart Express,TRK908871,5,5,150,SLA Met
SHP-48872,ORD-18872,Shadowfax Surface,TRK908872,5,5,60,SLA Met
SHP-48873,ORD-18873,Delhivery Direct,TRK908873,2,2,180,SLA Met
SHP-48874,ORD-18874,Delhivery Direct,TRK908874,2,2,90,SLA Met
SHP-48875,ORD-18875,Shadowfax Surface,TRK908875,5,6,120,SLA Breached
SHP-48877,ORD-18877,Ecom Express,TRK908877,3,3,120,SLA Met
SHP-48878,ORD-18878,Ecom Express,TRK908878,3,7,180,SLA Breached
SHP-48881,ORD-18881,Delhivery Direct,TRK908881,4,4,90,SLA Met
SHP-48882,ORD-18882,Shadowfax Surface,TRK908882,4,4,180,SLA Met
SHP-48885,ORD-18885,Ecom Express,TRK908885,4,4,150,SLA Met
SHP-48886,ORD-18886,BlueDart Express,TRK908886,3,3,150,SLA Met
SHP-48887,ORD-18887,Delhivery Direct,TRK908887,5,5,120,SLA Met
SHP-48888,ORD-18888,Shadowfax Surface,TRK908888,3,3,60,SLA Met
SHP-48889,ORD-18889,XpressBees Surface,TRK908889,2,2,60,SLA Met
SHP-48890,ORD-18890,XpressBees Surface,TRK908890,4,4,60,SLA Met
SHP-48891,ORD-18891,Ecom Express,TRK908891,4,6,180,SLA Breached
SHP-48893,ORD-18893,BlueDart Express,TRK908893,4,4,180,SLA Met
SHP-48894,ORD-18894,Ecom Express,TRK908894,2,2,150,SLA Met
SHP-48895,ORD-18895,Delhivery Direct,TRK908895,2,2,90,SLA Met
SHP-48896,ORD-18896,BlueDart Express,TRK908896,4,5,180,SLA Breached
SHP-48898,ORD-18898,Shadowfax Surface,TRK908898,5,5,180,SLA Met
SHP-48899,ORD-18899,XpressBees Surface,TRK908899,2,2,180,SLA Met
SHP-48900,ORD-18900,Shadowfax Surface,TRK908900,2,2,90,SLA Met
SHP-48901,ORD-18901,Shadowfax Surface,TRK908901,5,5,120,SLA Met
SHP-48904,ORD-18904,BlueDart Express,TRK908904,5,9,120,SLA Breached
SHP-48905,ORD-18905,Delhivery Direct,TRK908905,5,5,90,SLA Met
SHP-48906,ORD-18906,Shadowfax Surface,TRK908906,3,3,150,SLA Met
SHP-48907,ORD-18907,Ecom Express,TRK908907,3,3,90,SLA Met
SHP-48908,ORD-18908,Delhivery Direct,TRK908908,2,6,60,SLA Breached
SHP-48909,ORD-18909,Delhivery Direct,TRK908909,2,3,150,SLA Breached
SHP-48910,ORD-18910,XpressBees Surface,TRK908910,5,5,120,SLA Met
SHP-48911,ORD-18911,Ecom Express,TRK908911,4,4,180,SLA Met
SHP-48912,ORD-18912,BlueDart Express,TRK908912,4,4,60,SLA Met
SHP-48913,ORD-18913,Ecom Express,TRK908913,3,3,60,SLA Met
SHP-48915,ORD-18915,BlueDart Express,TRK908915,3,3,90,SLA Met
SHP-48916,ORD-18916,Ecom Express,TRK908916,2,2,150,SLA Met
SHP-48917,ORD-18917,Delhivery Direct,TRK908917,2,2,150,SLA Met
SHP-48918,ORD-18918,Ecom Express,TRK908918,5,5,180,SLA Met
SHP-48919,ORD-18919,XpressBees Surface,TRK908919,2,2,150,SLA Met
SHP-48920,ORD-18920,Delhivery Direct,TRK908920,4,6,180,SLA Breached
SHP-48921,ORD-18921,XpressBees Surface,TRK908921,4,4,120,SLA Met
SHP-48922,ORD-18922,XpressBees Surface,TRK908922,5,8,180,SLA Breached
SHP-48923,ORD-18923,Delhivery Direct,TRK908923,2,2,90,SLA Met
SHP-48924,ORD-18924,XpressBees Surface,TRK908924,3,3,180,SLA Met
SHP-48925,ORD-18925,BlueDart Express,TRK908925,2,2,60,SLA Met
SHP-48926,ORD-18926,XpressBees Surface,TRK908926,2,4,180,SLA Breached
SHP-48927,ORD-18927,Delhivery Direct,TRK908927,5,8,60,SLA Breached
SHP-48928,ORD-18928,Ecom Express,TRK908928,3,7,90,SLA Breached
SHP-48929,ORD-18929,Ecom Express,TRK908929,4,4,60,SLA Met
SHP-48930,ORD-18930,Delhivery Direct,TRK908930,5,5,180,SLA Met
SHP-48931,ORD-18931,Ecom Express,TRK908931,3,4,90,SLA Breached
SHP-48933,ORD-18933,BlueDart Express,TRK908933,2,2,180,SLA Met
SHP-48934,ORD-18934,Delhivery Direct,TRK908934,2,2,90,SLA Met
SHP-48935,ORD-18935,Ecom Express,TRK908935,5,5,150,SLA Met
SHP-48936,ORD-18936,Ecom Express,TRK908936,3,3,180,SLA Met
SHP-48937,ORD-18937,Shadowfax Surface,TRK908937,3,3,90,SLA Met
SHP-48938,ORD-18938,XpressBees Surface,TRK908938,5,7,90,SLA Breached
SHP-48939,ORD-18939,XpressBees Surface,TRK908939,4,4,120,SLA Met
SHP-48940,ORD-18940,Shadowfax Surface,TRK908940,4,4,90,SLA Met
SHP-48941,ORD-18941,Shadowfax Surface,TRK908941,4,4,120,SLA Met
SHP-48942,ORD-18942,XpressBees Surface,TRK908942,4,4,150,SLA Met
SHP-48943,ORD-18943,XpressBees Surface,TRK908943,2,2,180,SLA Met
SHP-48944,ORD-18944,Delhivery Direct,TRK908944,3,3,90,SLA Met
SHP-48945,ORD-18945,BlueDart Express,TRK908945,5,5,60,SLA Met
SHP-48946,ORD-18946,XpressBees Surface,TRK908946,2,2,180,SLA Met
SHP-48947,ORD-18947,Shadowfax Surface,TRK908947,3,5,90,SLA Breached
SHP-48948,ORD-18948,Ecom Express,TRK908948,5,5,150,SLA Met
SHP-48949,ORD-18949,Delhivery Direct,TRK908949,4,4,90,SLA Met
SHP-48950,ORD-18950,BlueDart Express,TRK908950,4,4,60,SLA Met
SHP-48951,ORD-18951,BlueDart Express,TRK908951,2,2,60,SLA Met
SHP-48952,ORD-18952,Shadowfax Surface,TRK908952,4,4,90,SLA Met
SHP-48953,ORD-18953,XpressBees Surface,TRK908953,2,4,180,SLA Breached
SHP-48954,ORD-18954,Ecom Express,TRK908954,4,4,180,SLA Met
SHP-48956,ORD-18956,BlueDart Express,TRK908956,5,5,180,SLA Met
SHP-48957,ORD-18957,XpressBees Surface,TRK908957,5,5,60,SLA Met
SHP-48958,ORD-18958,Ecom Express,TRK908958,5,5,90,SLA Met
SHP-48959,ORD-18959,BlueDart Express,TRK908959,5,5,60,SLA Met
SHP-48960,ORD-18960,Shadowfax Surface,TRK908960,2,2,180,SLA Met
SHP-48961,ORD-18961,BlueDart Express,TRK908961,2,2,60,SLA Met
SHP-48962,ORD-18962,Delhivery Direct,TRK908962,4,4,120,SLA Met
SHP-48963,ORD-18963,Shadowfax Surface,TRK908963,3,3,150,SLA Met
SHP-48964,ORD-18964,BlueDart Express,TRK908964,5,5,150,SLA Met
SHP-48965,ORD-18965,XpressBees Surface,TRK908965,3,3,60,SLA Met
SHP-48967,ORD-18967,BlueDart Express,TRK908967,2,2,120,SLA Met
SHP-48968,ORD-18968,Ecom Express,TRK908968,4,4,150,SLA Met
SHP-48970,ORD-18970,XpressBees Surface,TRK908970,2,2,90,SLA Met
SHP-48971,ORD-18971,BlueDart Express,TRK908971,4,4,150,SLA Met
SHP-48972,ORD-18972,Delhivery Direct,TRK908972,5,5,180,SLA Met
SHP-48973,ORD-18973,XpressBees Surface,TRK908973,2,2,60,SLA Met
SHP-48974,ORD-18974,BlueDart Express,TRK908974,3,3,90,SLA Met
SHP-48975,ORD-18975,Shadowfax Surface,TRK908975,4,4,90,SLA Met
SHP-48978,ORD-18978,BlueDart Express,TRK908978,4,5,60,SLA Breached
SHP-48979,ORD-18979,Delhivery Direct,TRK908979,2,4,180,SLA Breached
SHP-48980,ORD-18980,Shadowfax Surface,TRK908980,3,3,120,SLA Met
SHP-48981,ORD-18981,Delhivery Direct,TRK908981,4,4,90,SLA Met
SHP-48982,ORD-18982,XpressBees Surface,TRK908982,2,2,120,SLA Met
SHP-48983,ORD-18983,XpressBees Surface,TRK908983,5,5,150,SLA Met
SHP-48984,ORD-18984,BlueDart Express,TRK908984,4,4,150,SLA Met
SHP-48986,ORD-18986,BlueDart Express,TRK908986,5,5,60,SLA Met
SHP-48987,ORD-18987,BlueDart Express,TRK908987,2,2,60,SLA Met
SHP-48988,ORD-18988,BlueDart Express,TRK908988,3,3,120,SLA Met
SHP-48990,ORD-18990,Ecom Express,TRK908990,3,3,120,SLA Met
SHP-48991,ORD-18991,BlueDart Express,TRK908991,4,4,60,SLA Met
SHP-48993,ORD-18993,Shadowfax Surface,TRK908993,4,4,90,SLA Met
SHP-48994,ORD-18994,Shadowfax Surface,TRK908994,5,5,150,SLA Met
SHP-48995,ORD-18995,Ecom Express,TRK908995,2,2,60,SLA Met
SHP-48996,ORD-18996,XpressBees Surface,TRK908996,3,3,120,SLA Met
SHP-48997,ORD-18997,BlueDart Express,TRK908997,4,4,120,SLA Met
SHP-48998,ORD-18998,Ecom Express,TRK908998,3,3,150,SLA Met
SHP-48999,ORD-18999,Ecom Express,TRK908999,3,3,60,SLA Met
SHP-49001,ORD-19001,BlueDart Express,TRK909001,5,7,180,SLA Breached
SHP-49003,ORD-19003,BlueDart Express,TRK909003,4,4,150,SLA Met
SHP-49004,ORD-19004,Shadowfax Surface,TRK909004,5,5,60,SLA Met
SHP-49006,ORD-19006,BlueDart Express,TRK909006,5,7,120,SLA Breached
SHP-49007,ORD-19007,Delhivery Direct,TRK909007,5,5,150,SLA Met
SHP-49008,ORD-19008,BlueDart Express,TRK909008,5,6,150,SLA Breached
SHP-49009,ORD-19009,Delhivery Direct,TRK909009,3,3,60,SLA Met
SHP-49010,ORD-19010,BlueDart Express,TRK909010,3,3,60,SLA Met
SHP-49013,ORD-19013,Ecom Express,TRK909013,4,4,90,SLA Met
SHP-49015,ORD-19015,Shadowfax Surface,TRK909015,5,5,90,SLA Met
SHP-49017,ORD-19017,Shadowfax Surface,TRK909017,5,8,60,SLA Breached
SHP-49018,ORD-19018,BlueDart Express,TRK909018,5,5,150,SLA Met
SHP-49019,ORD-19019,BlueDart Express,TRK909019,3,7,180,SLA Breached
SHP-49020,ORD-19020,Ecom Express,TRK909020,5,8,120,SLA Breached
SHP-49021,ORD-19021,Delhivery Direct,TRK909021,5,5,60,SLA Met
SHP-49022,ORD-19022,BlueDart Express,TRK909022,4,4,150,SLA Met
SHP-49023,ORD-19023,Shadowfax Surface,TRK909023,2,5,150,SLA Breached
SHP-49024,ORD-19024,XpressBees Surface,TRK909024,3,3,180,SLA Met
SHP-49026,ORD-19026,BlueDart Express,TRK909026,4,4,60,SLA Met
SHP-49027,ORD-19027,Delhivery Direct,TRK909027,2,2,180,SLA Met
SHP-49029,ORD-19029,BlueDart Express,TRK909029,4,4,120,SLA Met
SHP-49031,ORD-19031,Delhivery Direct,TRK909031,2,2,150,SLA Met
SHP-49033,ORD-19033,BlueDart Express,TRK909033,5,9,180,SLA Breached
SHP-49034,ORD-19034,BlueDart Express,TRK909034,5,5,60,SLA Met
SHP-49035,ORD-19035,BlueDart Express,TRK909035,5,7,90,SLA Breached
SHP-49036,ORD-19036,Ecom Express,TRK909036,4,4,120,SLA Met
SHP-49037,ORD-19037,BlueDart Express,TRK909037,2,4,120,SLA Breached
SHP-49038,ORD-19038,XpressBees Surface,TRK909038,4,7,90,SLA Breached
SHP-49040,ORD-19040,Delhivery Direct,TRK909040,4,4,90,SLA Met
SHP-49042,ORD-19042,Shadowfax Surface,TRK909042,5,6,60,SLA Breached
SHP-49043,ORD-19043,Shadowfax Surface,TRK909043,2,2,180,SLA Met
SHP-49044,ORD-19044,BlueDart Express,TRK909044,2,2,180,SLA Met
SHP-49045,ORD-19045,Ecom Express,TRK909045,3,3,90,SLA Met
SHP-49046,ORD-19046,Shadowfax Surface,TRK909046,2,2,90,SLA Met
SHP-49047,ORD-19047,Ecom Express,TRK909047,2,2,150,SLA Met
SHP-49048,ORD-19048,Ecom Express,TRK909048,3,3,150,SLA Met
SHP-49049,ORD-19049,XpressBees Surface,TRK909049,3,3,90,SLA Met
SHP-49050,ORD-19050,Delhivery Direct,TRK909050,5,5,90,SLA Met
SHP-49051,ORD-19051,BlueDart Express,TRK909051,3,3,120,SLA Met
SHP-49052,ORD-19052,XpressBees Surface,TRK909052,5,5,180,SLA Met
SHP-49053,ORD-19053,Shadowfax Surface,TRK909053,3,5,90,SLA Breached
SHP-49054,ORD-19054,BlueDart Express,TRK909054,5,5,90,SLA Met
SHP-49056,ORD-19056,XpressBees Surface,TRK909056,4,4,180,SLA Met
SHP-49059,ORD-19059,XpressBees Surface,TRK909059,3,3,90,SLA Met
SHP-49060,ORD-19060,Delhivery Direct,TRK909060,5,5,150,SLA Met
SHP-49061,ORD-19061,XpressBees Surface,TRK909061,5,5,150,SLA Met
SHP-49063,ORD-19063,Shadowfax Surface,TRK909063,5,5,120,SLA Met
SHP-49064,ORD-19064,Shadowfax Surface,TRK909064,2,2,180,SLA Met
SHP-49067,ORD-19067,Delhivery Direct,TRK909067,4,4,60,SLA Met
SHP-49068,ORD-19068,Shadowfax Surface,TRK909068,2,6,60,SLA Breached
SHP-49069,ORD-19069,Delhivery Direct,TRK909069,3,3,60,SLA Met
SHP-49070,ORD-19070,BlueDart Express,TRK909070,5,8,90,SLA Breached
SHP-49071,ORD-19071,Delhivery Direct,TRK909071,3,3,90,SLA Met
SHP-49072,ORD-19072,BlueDart Express,TRK909072,3,3,120,SLA Met
SHP-49073,ORD-19073,BlueDart Express,TRK909073,5,5,180,SLA Met
SHP-49074,ORD-19074,XpressBees Surface,TRK909074,2,2,90,SLA Met
SHP-49075,ORD-19075,XpressBees Surface,TRK909075,2,2,120,SLA Met
SHP-49076,ORD-19076,XpressBees Surface,TRK909076,4,4,120,SLA Met
SHP-49078,ORD-19078,Ecom Express,TRK909078,2,5,180,SLA Breached
SHP-49079,ORD-19079,BlueDart Express,TRK909079,2,2,150,SLA Met
SHP-49080,ORD-19080,BlueDart Express,TRK909080,5,5,180,SLA Met
SHP-49081,ORD-19081,Shadowfax Surface,TRK909081,3,4,90,SLA Breached
SHP-49082,ORD-19082,Shadowfax Surface,TRK909082,4,4,120,SLA Met
SHP-49083,ORD-19083,Shadowfax Surface,TRK909083,2,2,120,SLA Met
SHP-49084,ORD-19084,Ecom Express,TRK909084,5,5,60,SLA Met
SHP-49085,ORD-19085,BlueDart Express,TRK909085,2,2,60,SLA Met
SHP-49086,ORD-19086,Delhivery Direct,TRK909086,4,4,90,SLA Met
SHP-49087,ORD-19087,Delhivery Direct,TRK909087,5,5,180,SLA Met
SHP-49088,ORD-19088,Delhivery Direct,TRK909088,3,3,150,SLA Met
SHP-49089,ORD-19089,Delhivery Direct,TRK909089,4,4,90,SLA Met
SHP-49090,ORD-19090,Delhivery Direct,TRK909090,5,5,60,SLA Met
SHP-49091,ORD-19091,Delhivery Direct,TRK909091,5,5,90,SLA Met
SHP-49092,ORD-19092,Shadowfax Surface,TRK909092,3,3,90,SLA Met
SHP-49094,ORD-19094,BlueDart Express,TRK909094,5,5,90,SLA Met
SHP-49096,ORD-19096,Ecom Express,TRK909096,3,3,180,SLA Met
SHP-49097,ORD-19097,BlueDart Express,TRK909097,3,7,120,SLA Breached
SHP-49098,ORD-19098,BlueDart Express,TRK909098,3,3,180,SLA Met
SHP-49099,ORD-19099,Delhivery Direct,TRK909099,2,2,180,SLA Met
SHP-49100,ORD-19100,Ecom Express,TRK909100,4,4,90,SLA Met
SHP-49101,ORD-19101,Delhivery Direct,TRK909101,3,3,60,SLA Met
SHP-49102,ORD-19102,Ecom Express,TRK909102,2,2,90,SLA Met
SHP-49103,ORD-19103,BlueDart Express,TRK909103,2,2,90,SLA Met
SHP-49104,ORD-19104,Shadowfax Surface,TRK909104,3,3,60,SLA Met
SHP-49105,ORD-19105,Ecom Express,TRK909105,2,2,60,SLA Met
SHP-49106,ORD-19106,Shadowfax Surface,TRK909106,4,4,180,SLA Met
SHP-49109,ORD-19109,Ecom Express,TRK909109,4,4,120,SLA Met
SHP-49110,ORD-19110,Shadowfax Surface,TRK909110,4,4,90,SLA Met
SHP-49113,ORD-19113,Ecom Express,TRK909113,3,3,60,SLA Met
SHP-49114,ORD-19114,XpressBees Surface,TRK909114,5,5,90,SLA Met
SHP-49115,ORD-19115,Ecom Express,TRK909115,4,5,60,SLA Breached
SHP-49116,ORD-19116,Delhivery Direct,TRK909116,4,4,180,SLA Met
SHP-49118,ORD-19118,Delhivery Direct,TRK909118,2,6,120,SLA Breached
SHP-49119,ORD-19119,XpressBees Surface,TRK909119,3,3,60,SLA Met
SHP-49121,ORD-19121,Delhivery Direct,TRK909121,5,5,150,SLA Met
SHP-49123,ORD-19123,XpressBees Surface,TRK909123,4,4,150,SLA Met
SHP-49124,ORD-19124,XpressBees Surface,TRK909124,5,8,60,SLA Breached
SHP-49125,ORD-19125,Ecom Express,TRK909125,3,3,60,SLA Met
SHP-49127,ORD-19127,Delhivery Direct,TRK909127,4,4,60,SLA Met
SHP-49128,ORD-19128,Delhivery Direct,TRK909128,5,5,60,SLA Met
SHP-49129,ORD-19129,Ecom Express,TRK909129,3,3,90,SLA Met
SHP-49130,ORD-19130,Ecom Express,TRK909130,4,4,180,SLA Met
SHP-49131,ORD-19131,Shadowfax Surface,TRK909131,2,2,150,SLA Met
SHP-49132,ORD-19132,Ecom Express,TRK909132,3,7,150,SLA Breached
SHP-49133,ORD-19133,Shadowfax Surface,TRK909133,5,5,150,SLA Met
SHP-49135,ORD-19135,Ecom Express,TRK909135,2,6,90,SLA Breached
SHP-49136,ORD-19136,Shadowfax Surface,TRK909136,5,8,180,SLA Breached
SHP-49137,ORD-19137,Shadowfax Surface,TRK909137,5,5,180,SLA Met
SHP-49138,ORD-19138,BlueDart Express,TRK909138,3,3,180,SLA Met
SHP-49139,ORD-19139,Ecom Express,TRK909139,3,3,90,SLA Met
SHP-49140,ORD-19140,Delhivery Direct,TRK909140,3,3,90,SLA Met
SHP-49141,ORD-19141,Shadowfax Surface,TRK909141,3,3,150,SLA Met
SHP-49143,ORD-19143,Delhivery Direct,TRK909143,3,3,150,SLA Met
SHP-49144,ORD-19144,Shadowfax Surface,TRK909144,3,3,90,SLA Met
SHP-49147,ORD-19147,BlueDart Express,TRK909147,2,2,60,SLA Met
SHP-49148,ORD-19148,Ecom Express,TRK909148,3,3,60,SLA Met
SHP-49149,ORD-19149,Delhivery Direct,TRK909149,3,3,150,SLA Met
SHP-49150,ORD-19150,XpressBees Surface,TRK909150,3,3,90,SLA Met
SHP-49151,ORD-19151,Shadowfax Surface,TRK909151,4,4,60,SLA Met
SHP-49153,ORD-19153,Delhivery Direct,TRK909153,2,2,180,SLA Met
SHP-49154,ORD-19154,Delhivery Direct,TRK909154,2,2,120,SLA Met
SHP-49155,ORD-19155,Ecom Express,TRK909155,2,2,150,SLA Met
SHP-49156,ORD-19156,Ecom Express,TRK909156,5,5,90,SLA Met
SHP-49157,ORD-19157,BlueDart Express,TRK909157,5,5,120,SLA Met
SHP-49158,ORD-19158,Shadowfax Surface,TRK909158,5,5,120,SLA Met
SHP-49159,ORD-19159,Delhivery Direct,TRK909159,5,5,120,SLA Met
SHP-49160,ORD-19160,XpressBees Surface,TRK909160,3,3,90,SLA Met
SHP-49161,ORD-19161,XpressBees Surface,TRK909161,2,2,180,SLA Met
SHP-49162,ORD-19162,Shadowfax Surface,TRK909162,3,6,90,SLA Breached
SHP-49163,ORD-19163,BlueDart Express,TRK909163,2,2,150,SLA Met
SHP-49164,ORD-19164,Delhivery Direct,TRK909164,4,4,90,SLA Met
SHP-49166,ORD-19166,XpressBees Surface,TRK909166,2,3,90,SLA Breached
SHP-49167,ORD-19167,Delhivery Direct,TRK909167,2,2,120,SLA Met
SHP-49168,ORD-19168,XpressBees Surface,TRK909168,4,4,180,SLA Met
SHP-49169,ORD-19169,Delhivery Direct,TRK909169,5,5,180,SLA Met
SHP-49170,ORD-19170,XpressBees Surface,TRK909170,2,2,90,SLA Met
SHP-49171,ORD-19171,BlueDart Express,TRK909171,4,6,180,SLA Breached
SHP-49172,ORD-19172,BlueDart Express,TRK909172,4,4,120,SLA Met
SHP-49173,ORD-19173,Shadowfax Surface,TRK909173,4,8,120,SLA Breached
SHP-49175,ORD-19175,Shadowfax Surface,TRK909175,5,5,120,SLA Met
SHP-49176,ORD-19176,BlueDart Express,TRK909176,3,4,120,SLA Breached
SHP-49177,ORD-19177,Ecom Express,TRK909177,2,2,180,SLA Met
SHP-49178,ORD-19178,BlueDart Express,TRK909178,2,6,180,SLA Breached
SHP-49180,ORD-19180,Ecom Express,TRK909180,2,2,120,SLA Met
SHP-49181,ORD-19181,Delhivery Direct,TRK909181,5,5,90,SLA Met
SHP-49182,ORD-19182,XpressBees Surface,TRK909182,4,4,120,SLA Met
SHP-49183,ORD-19183,Ecom Express,TRK909183,4,4,60,SLA Met
SHP-49184,ORD-19184,BlueDart Express,TRK909184,5,5,60,SLA Met
SHP-49186,ORD-19186,BlueDart Express,TRK909186,2,2,150,SLA Met
SHP-49187,ORD-19187,Ecom Express,TRK909187,3,6,90,SLA Breached
SHP-49188,ORD-19188,BlueDart Express,TRK909188,5,5,120,SLA Met
SHP-49190,ORD-19190,Delhivery Direct,TRK909190,5,5,120,SLA Met
SHP-49191,ORD-19191,XpressBees Surface,TRK909191,3,3,120,SLA Met
SHP-49192,ORD-19192,XpressBees Surface,TRK909192,2,2,150,SLA Met
SHP-49193,ORD-19193,Shadowfax Surface,TRK909193,3,6,150,SLA Breached
SHP-49194,ORD-19194,Ecom Express,TRK909194,4,5,180,SLA Breached
SHP-49195,ORD-19195,Delhivery Direct,TRK909195,3,3,120,SLA Met
SHP-49196,ORD-19196,XpressBees Surface,TRK909196,2,2,120,SLA Met
SHP-49197,ORD-19197,Shadowfax Surface,TRK909197,5,5,180,SLA Met
SHP-49198,ORD-19198,Delhivery Direct,TRK909198,4,4,120,SLA Met
SHP-49199,ORD-19199,XpressBees Surface,TRK909199,5,5,90,SLA Met
SHP-49200,ORD-19200,BlueDart Express,TRK909200,4,4,90,SLA Met
SHP-49201,ORD-19201,XpressBees Surface,TRK909201,4,4,90,SLA Met
SHP-49202,ORD-19202,Delhivery Direct,TRK909202,4,4,150,SLA Met
SHP-49203,ORD-19203,Shadowfax Surface,TRK909203,3,3,120,SLA Met
SHP-49206,ORD-19206,Delhivery Direct,TRK909206,2,2,120,SLA Met
SHP-49208,ORD-19208,BlueDart Express,TRK909208,3,3,60,SLA Met
SHP-49209,ORD-19209,BlueDart Express,TRK909209,3,3,90,SLA Met
SHP-49210,ORD-19210,Shadowfax Surface,TRK909210,4,5,60,SLA Breached
SHP-49212,ORD-19212,Ecom Express,TRK909212,2,2,180,SLA Met
SHP-49213,ORD-19213,XpressBees Surface,TRK909213,4,4,60,SLA Met
SHP-49214,ORD-19214,Shadowfax Surface,TRK909214,5,5,150,SLA Met
SHP-49215,ORD-19215,BlueDart Express,TRK909215,5,5,120,SLA Met
SHP-49218,ORD-19218,XpressBees Surface,TRK909218,5,5,120,SLA Met
SHP-49219,ORD-19219,XpressBees Surface,TRK909219,5,5,90,SLA Met
SHP-49220,ORD-19220,Delhivery Direct,TRK909220,4,4,150,SLA Met
SHP-49221,ORD-19221,XpressBees Surface,TRK909221,2,2,90,SLA Met
SHP-49222,ORD-19222,Ecom Express,TRK909222,3,3,180,SLA Met
SHP-49225,ORD-19225,Delhivery Direct,TRK909225,3,3,90,SLA Met
SHP-49227,ORD-19227,Ecom Express,TRK909227,2,2,180,SLA Met
SHP-49229,ORD-19229,XpressBees Surface,TRK909229,5,7,180,SLA Breached
SHP-49230,ORD-19230,Delhivery Direct,TRK909230,5,5,150,SLA Met
SHP-49232,ORD-19232,Delhivery Direct,TRK909232,4,4,90,SLA Met
SHP-49233,ORD-19233,Ecom Express,TRK909233,3,3,120,SLA Met
SHP-49234,ORD-19234,BlueDart Express,TRK909234,5,6,180,SLA Breached
SHP-49235,ORD-19235,Ecom Express,TRK909235,3,3,180,SLA Met
SHP-49236,ORD-19236,Shadowfax Surface,TRK909236,3,3,60,SLA Met
SHP-49237,ORD-19237,XpressBees Surface,TRK909237,3,3,150,SLA Met
SHP-49238,ORD-19238,XpressBees Surface,TRK909238,4,4,120,SLA Met
SHP-49239,ORD-19239,Delhivery Direct,TRK909239,4,4,90,SLA Met
SHP-49240,ORD-19240,Shadowfax Surface,TRK909240,3,3,120,SLA Met
SHP-49241,ORD-19241,Shadowfax Surface,TRK909241,3,3,150,SLA Met
SHP-49243,ORD-19243,Ecom Express,TRK909243,5,5,180,SLA Met
SHP-49244,ORD-19244,Shadowfax Surface,TRK909244,5,5,120,SLA Met
SHP-49245,ORD-19245,Shadowfax Surface,TRK909245,4,4,180,SLA Met
SHP-49246,ORD-19246,Shadowfax Surface,TRK909246,2,2,120,SLA Met
SHP-49247,ORD-19247,XpressBees Surface,TRK909247,4,6,150,SLA Breached
SHP-49249,ORD-19249,BlueDart Express,TRK909249,4,4,180,SLA Met
SHP-49250,ORD-19250,XpressBees Surface,TRK909250,5,5,150,SLA Met
SHP-49252,ORD-19252,Ecom Express,TRK909252,3,3,150,SLA Met
SHP-49254,ORD-19254,Ecom Express,TRK909254,5,5,90,SLA Met
SHP-49255,ORD-19255,Shadowfax Surface,TRK909255,3,3,150,SLA Met
SHP-49256,ORD-19256,BlueDart Express,TRK909256,5,5,60,SLA Met
SHP-49257,ORD-19257,Shadowfax Surface,TRK909257,3,3,150,SLA Met
SHP-49258,ORD-19258,Ecom Express,TRK909258,2,2,60,SLA Met
SHP-49259,ORD-19259,Delhivery Direct,TRK909259,2,2,120,SLA Met
SHP-49261,ORD-19261,Shadowfax Surface,TRK909261,2,2,120,SLA Met
SHP-49262,ORD-19262,Delhivery Direct,TRK909262,3,3,150,SLA Met
SHP-49264,ORD-19264,Delhivery Direct,TRK909264,4,4,120,SLA Met
SHP-49265,ORD-19265,Delhivery Direct,TRK909265,3,3,90,SLA Met
SHP-49266,ORD-19266,Ecom Express,TRK909266,5,8,180,SLA Breached
SHP-49267,ORD-19267,BlueDart Express,TRK909267,5,5,90,SLA Met
SHP-49268,ORD-19268,XpressBees Surface,TRK909268,3,3,90,SLA Met
SHP-49269,ORD-19269,XpressBees Surface,TRK909269,5,5,180,SLA Met
SHP-49270,ORD-19270,Shadowfax Surface,TRK909270,5,5,90,SLA Met
SHP-49271,ORD-19271,Ecom Express,TRK909271,3,3,150,SLA Met
SHP-49272,ORD-19272,Shadowfax Surface,TRK909272,3,4,90,SLA Breached
SHP-49273,ORD-19273,XpressBees Surface,TRK909273,3,3,180,SLA Met
SHP-49274,ORD-19274,Delhivery Direct,TRK909274,2,4,90,SLA Breached
SHP-49275,ORD-19275,BlueDart Express,TRK909275,4,4,150,SLA Met
SHP-49277,ORD-19277,Shadowfax Surface,TRK909277,2,2,90,SLA Met
SHP-49279,ORD-19279,XpressBees Surface,TRK909279,4,4,120,SLA Met
SHP-49280,ORD-19280,XpressBees Surface,TRK909280,5,5,120,SLA Met
SHP-49281,ORD-19281,Shadowfax Surface,TRK909281,4,4,60,SLA Met
SHP-49283,ORD-19283,BlueDart Express,TRK909283,3,3,90,SLA Met
SHP-49284,ORD-19284,Ecom Express,TRK909284,4,4,150,SLA Met
SHP-49285,ORD-19285,Ecom Express,TRK909285,5,8,90,SLA Breached
SHP-49286,ORD-19286,Ecom Express,TRK909286,4,4,180,SLA Met
SHP-49287,ORD-19287,Shadowfax Surface,TRK909287,5,7,60,SLA Breached
SHP-49288,ORD-19288,XpressBees Surface,TRK909288,5,6,150,SLA Breached
SHP-49289,ORD-19289,Shadowfax Surface,TRK909289,2,2,150,SLA Met
SHP-49290,ORD-19290,Delhivery Direct,TRK909290,4,6,60,SLA Breached
SHP-49291,ORD-19291,BlueDart Express,TRK909291,2,2,180,SLA Met
SHP-49292,ORD-19292,Delhivery Direct,TRK909292,4,8,120,SLA Breached
SHP-49293,ORD-19293,XpressBees Surface,TRK909293,2,3,150,SLA Breached
SHP-49294,ORD-19294,BlueDart Express,TRK909294,3,3,120,SLA Met
SHP-49295,ORD-19295,Ecom Express,TRK909295,3,3,120,SLA Met
SHP-49296,ORD-19296,Delhivery Direct,TRK909296,3,3,120,SLA Met
SHP-49297,ORD-19297,Shadowfax Surface,TRK909297,4,4,120,SLA Met
SHP-49298,ORD-19298,Shadowfax Surface,TRK909298,3,6,90,SLA Breached
SHP-49299,ORD-19299,Ecom Express,TRK909299,2,2,90,SLA Met
SHP-49300,ORD-19300,Delhivery Direct,TRK909300,2,2,120,SLA Met
SHP-49302,ORD-19302,Delhivery Direct,TRK909302,2,2,60,SLA Met
SHP-49303,ORD-19303,Ecom Express,TRK909303,4,4,60,SLA Met
SHP-49304,ORD-19304,BlueDart Express,TRK909304,2,2,150,SLA Met
SHP-49305,ORD-19305,Shadowfax Surface,TRK909305,5,5,60,SLA Met
SHP-49306,ORD-19306,BlueDart Express,TRK909306,5,5,150,SLA Met
SHP-49307,ORD-19307,Delhivery Direct,TRK909307,2,2,180,SLA Met
SHP-49308,ORD-19308,Shadowfax Surface,TRK909308,5,5,150,SLA Met
SHP-49310,ORD-19310,XpressBees Surface,TRK909310,5,5,150,SLA Met
SHP-49311,ORD-19311,Delhivery Direct,TRK909311,3,3,150,SLA Met
SHP-49312,ORD-19312,Shadowfax Surface,TRK909312,3,3,60,SLA Met
SHP-49313,ORD-19313,Delhivery Direct,TRK909313,5,5,180,SLA Met
SHP-49314,ORD-19314,Ecom Express,TRK909314,5,7,150,SLA Breached
SHP-49315,ORD-19315,Ecom Express,TRK909315,3,3,60,SLA Met
SHP-49316,ORD-19316,BlueDart Express,TRK909316,2,2,60,SLA Met
SHP-49317,ORD-19317,Ecom Express,TRK909317,3,3,150,SLA Met
SHP-49318,ORD-19318,Delhivery Direct,TRK909318,3,3,60,SLA Met
SHP-49320,ORD-19320,Delhivery Direct,TRK909320,5,5,120,SLA Met
SHP-49321,ORD-19321,Delhivery Direct,TRK909321,3,7,180,SLA Breached
SHP-49324,ORD-19324,BlueDart Express,TRK909324,2,2,150,SLA Met
SHP-49325,ORD-19325,Shadowfax Surface,TRK909325,5,5,90,SLA Met
SHP-49326,ORD-19326,BlueDart Express,TRK909326,3,3,180,SLA Met
SHP-49327,ORD-19327,XpressBees Surface,TRK909327,5,5,150,SLA Met
SHP-49328,ORD-19328,Shadowfax Surface,TRK909328,2,6,120,SLA Breached
SHP-49329,ORD-19329,Ecom Express,TRK909329,4,6,180,SLA Breached
SHP-49330,ORD-19330,BlueDart Express,TRK909330,5,5,60,SLA Met
SHP-49331,ORD-19331,BlueDart Express,TRK909331,5,5,180,SLA Met
SHP-49332,ORD-19332,Delhivery Direct,TRK909332,5,5,60,SLA Met
SHP-49333,ORD-19333,XpressBees Surface,TRK909333,2,2,90,SLA Met
SHP-49334,ORD-19334,XpressBees Surface,TRK909334,4,4,180,SLA Met
SHP-49335,ORD-19335,Ecom Express,TRK909335,2,4,60,SLA Breached
SHP-49336,ORD-19336,XpressBees Surface,TRK909336,3,3,120,SLA Met
SHP-49337,ORD-19337,Delhivery Direct,TRK909337,2,2,150,SLA Met
SHP-49339,ORD-19339,BlueDart Express,TRK909339,2,2,60,SLA Met
SHP-49341,ORD-19341,BlueDart Express,TRK909341,5,5,150,SLA Met
SHP-49342,ORD-19342,Delhivery Direct,TRK909342,3,3,180,SLA Met
SHP-49344,ORD-19344,Shadowfax Surface,TRK909344,3,3,150,SLA Met
SHP-49345,ORD-19345,Delhivery Direct,TRK909345,4,4,150,SLA Met
SHP-49346,ORD-19346,Ecom Express,TRK909346,2,2,90,SLA Met
SHP-49347,ORD-19347,Ecom Express,TRK909347,4,4,150,SLA Met
SHP-49348,ORD-19348,Delhivery Direct,TRK909348,4,4,90,SLA Met
SHP-49350,ORD-19350,XpressBees Surface,TRK909350,5,5,60,SLA Met
SHP-49351,ORD-19351,Shadowfax Surface,TRK909351,2,2,150,SLA Met
SHP-49352,ORD-19352,Ecom Express,TRK909352,4,4,150,SLA Met
SHP-49353,ORD-19353,Delhivery Direct,TRK909353,2,6,120,SLA Breached
SHP-49354,ORD-19354,BlueDart Express,TRK909354,5,9,90,SLA Breached
SHP-49355,ORD-19355,BlueDart Express,TRK909355,2,2,180,SLA Met
SHP-49356,ORD-19356,Shadowfax Surface,TRK909356,3,3,120,SLA Met
SHP-49357,ORD-19357,Ecom Express,TRK909357,3,3,120,SLA Met
SHP-49358,ORD-19358,Shadowfax Surface,TRK909358,2,2,120,SLA Met
SHP-49359,ORD-19359,XpressBees Surface,TRK909359,5,5,60,SLA Met
SHP-49360,ORD-19360,Delhivery Direct,TRK909360,3,4,150,SLA Breached
SHP-49361,ORD-19361,Delhivery Direct,TRK909361,2,2,150,SLA Met
SHP-49362,ORD-19362,Shadowfax Surface,TRK909362,3,3,180,SLA Met
SHP-49364,ORD-19364,Ecom Express,TRK909364,3,3,180,SLA Met
SHP-49365,ORD-19365,Ecom Express,TRK909365,5,5,180,SLA Met
SHP-49366,ORD-19366,Delhivery Direct,TRK909366,5,5,180,SLA Met
SHP-49367,ORD-19367,Delhivery Direct,TRK909367,2,2,60,SLA Met
SHP-49368,ORD-19368,XpressBees Surface,TRK909368,3,3,150,SLA Met
SHP-49369,ORD-19369,XpressBees Surface,TRK909369,3,3,90,SLA Met
SHP-49370,ORD-19370,Delhivery Direct,TRK909370,4,7,150,SLA Breached
SHP-49371,ORD-19371,Ecom Express,TRK909371,2,2,180,SLA Met
SHP-49372,ORD-19372,Shadowfax Surface,TRK909372,2,2,90,SLA Met
SHP-49373,ORD-19373,Ecom Express,TRK909373,4,4,150,SLA Met
SHP-49375,ORD-19375,Ecom Express,TRK909375,4,4,120,SLA Met
SHP-49376,ORD-19376,BlueDart Express,TRK909376,5,5,120,SLA Met
SHP-49377,ORD-19377,XpressBees Surface,TRK909377,3,3,180,SLA Met
SHP-49378,ORD-19378,Delhivery Direct,TRK909378,4,4,120,SLA Met
SHP-49379,ORD-19379,Shadowfax Surface,TRK909379,4,4,90,SLA Met
SHP-49380,ORD-19380,Shadowfax Surface,TRK909380,3,4,150,SLA Breached
SHP-49381,ORD-19381,Shadowfax Surface,TRK909381,4,4,180,SLA Met
SHP-49384,ORD-19384,Shadowfax Surface,TRK909384,2,2,150,SLA Met
SHP-49386,ORD-19386,XpressBees Surface,TRK909386,5,5,180,SLA Met
SHP-49388,ORD-19388,XpressBees Surface,TRK909388,2,2,60,SLA Met
SHP-49389,ORD-19389,Ecom Express,TRK909389,5,7,180,SLA Breached
SHP-49390,ORD-19390,Ecom Express,TRK909390,4,4,90,SLA Met
SHP-49391,ORD-19391,Ecom Express,TRK909391,5,5,120,SLA Met
SHP-49393,ORD-19393,Shadowfax Surface,TRK909393,4,7,60,SLA Breached
SHP-49395,ORD-19395,XpressBees Surface,TRK909395,2,6,90,SLA Breached
SHP-49396,ORD-19396,Shadowfax Surface,TRK909396,4,4,90,SLA Met
SHP-49397,ORD-19397,Delhivery Direct,TRK909397,3,5,120,SLA Breached
SHP-49399,ORD-19399,Ecom Express,TRK909399,5,5,180,SLA Met
SHP-49401,ORD-19401,BlueDart Express,TRK909401,5,5,180,SLA Met
SHP-49402,ORD-19402,Delhivery Direct,TRK909402,2,2,90,SLA Met
SHP-49403,ORD-19403,Shadowfax Surface,TRK909403,4,4,150,SLA Met
SHP-49404,ORD-19404,Ecom Express,TRK909404,2,2,60,SLA Met
SHP-49405,ORD-19405,Shadowfax Surface,TRK909405,2,2,150,SLA Met
SHP-49406,ORD-19406,XpressBees Surface,TRK909406,3,3,60,SLA Met
SHP-49407,ORD-19407,Ecom Express,TRK909407,4,4,120,SLA Met
SHP-49408,ORD-19408,Shadowfax Surface,TRK909408,3,3,60,SLA Met
SHP-49409,ORD-19409,Delhivery Direct,TRK909409,4,4,120,SLA Met
SHP-49410,ORD-19410,Delhivery Direct,TRK909410,3,3,60,SLA Met
SHP-49411,ORD-19411,Shadowfax Surface,TRK909411,5,5,180,SLA Met
SHP-49413,ORD-19413,Shadowfax Surface,TRK909413,5,5,90,SLA Met
SHP-49414,ORD-19414,Shadowfax Surface,TRK909414,3,3,150,SLA Met
SHP-49415,ORD-19415,Delhivery Direct,TRK909415,4,4,90,SLA Met
SHP-49417,ORD-19417,Shadowfax Surface,TRK909417,4,4,60,SLA Met
SHP-49418,ORD-19418,Delhivery Direct,TRK909418,4,4,120,SLA Met
SHP-49419,ORD-19419,BlueDart Express,TRK909419,2,6,120,SLA Breached
SHP-49420,ORD-19420,Ecom Express,TRK909420,4,8,60,SLA Breached
SHP-49421,ORD-19421,Shadowfax Surface,TRK909421,4,4,60,SLA Met
SHP-49422,ORD-19422,Delhivery Direct,TRK909422,2,2,120,SLA Met
SHP-49423,ORD-19423,XpressBees Surface,TRK909423,4,6,60,SLA Breached
SHP-49424,ORD-19424,BlueDart Express,TRK909424,4,4,150,SLA Met
SHP-49425,ORD-19425,BlueDart Express,TRK909425,3,3,90,SLA Met
SHP-49426,ORD-19426,BlueDart Express,TRK909426,3,3,120,SLA Met
SHP-49427,ORD-19427,BlueDart Express,TRK909427,2,2,90,SLA Met
SHP-49429,ORD-19429,BlueDart Express,TRK909429,2,2,120,SLA Met
SHP-49432,ORD-19432,XpressBees Surface,TRK909432,2,4,180,SLA Breached
SHP-49434,ORD-19434,Delhivery Direct,TRK909434,2,5,60,SLA Breached
SHP-49435,ORD-19435,XpressBees Surface,TRK909435,2,2,90,SLA Met
SHP-49436,ORD-19436,BlueDart Express,TRK909436,4,4,90,SLA Met
SHP-49438,ORD-19438,Delhivery Direct,TRK909438,4,4,150,SLA Met
SHP-49440,ORD-19440,Ecom Express,TRK909440,2,2,150,SLA Met
SHP-49441,ORD-19441,Ecom Express,TRK909441,5,5,60,SLA Met
SHP-49442,ORD-19442,Shadowfax Surface,TRK909442,5,5,120,SLA Met
SHP-49443,ORD-19443,XpressBees Surface,TRK909443,5,5,180,SLA Met
SHP-49445,ORD-19445,XpressBees Surface,TRK909445,3,3,60,SLA Met
SHP-49447,ORD-19447,Shadowfax Surface,TRK909447,5,5,150,SLA Met
SHP-49448,ORD-19448,XpressBees Surface,TRK909448,3,4,90,SLA Breached
SHP-49449,ORD-19449,Shadowfax Surface,TRK909449,5,5,120,SLA Met
SHP-49450,ORD-19450,Ecom Express,TRK909450,3,3,90,SLA Met
SHP-49451,ORD-19451,Shadowfax Surface,TRK909451,3,3,60,SLA Met
SHP-49452,ORD-19452,Delhivery Direct,TRK909452,5,5,120,SLA Met
SHP-49453,ORD-19453,BlueDart Express,TRK909453,2,2,120,SLA Met
SHP-49454,ORD-19454,BlueDart Express,TRK909454,4,4,90,SLA Met
SHP-49455,ORD-19455,XpressBees Surface,TRK909455,5,5,90,SLA Met
SHP-49456,ORD-19456,BlueDart Express,TRK909456,3,3,60,SLA Met
SHP-49457,ORD-19457,Delhivery Direct,TRK909457,5,5,120,SLA Met
SHP-49458,ORD-19458,Delhivery Direct,TRK909458,4,4,150,SLA Met
SHP-49459,ORD-19459,Delhivery Direct,TRK909459,4,4,90,SLA Met
SHP-49461,ORD-19461,Delhivery Direct,TRK909461,2,2,90,SLA Met
SHP-49462,ORD-19462,Ecom Express,TRK909462,3,6,180,SLA Breached
SHP-49463,ORD-19463,Delhivery Direct,TRK909463,3,3,180,SLA Met
SHP-49464,ORD-19464,Ecom Express,TRK909464,4,4,180,SLA Met
SHP-49465,ORD-19465,XpressBees Surface,TRK909465,4,4,60,SLA Met
SHP-49466,ORD-19466,Ecom Express,TRK909466,2,3,150,SLA Breached
SHP-49468,ORD-19468,BlueDart Express,TRK909468,3,3,90,SLA Met
SHP-49469,ORD-19469,BlueDart Express,TRK909469,4,4,60,SLA Met
SHP-49470,ORD-19470,XpressBees Surface,TRK909470,5,5,90,SLA Met
SHP-49471,ORD-19471,XpressBees Surface,TRK909471,2,6,90,SLA Breached
SHP-49472,ORD-19472,BlueDart Express,TRK909472,5,5,150,SLA Met
SHP-49473,ORD-19473,XpressBees Surface,TRK909473,2,2,60,SLA Met
SHP-49474,ORD-19474,Ecom Express,TRK909474,5,7,150,SLA Breached
SHP-49477,ORD-19477,Delhivery Direct,TRK909477,3,4,90,SLA Breached
SHP-49478,ORD-19478,XpressBees Surface,TRK909478,2,2,120,SLA Met
SHP-49479,ORD-19479,Shadowfax Surface,TRK909479,5,8,120,SLA Breached
SHP-49480,ORD-19480,Ecom Express,TRK909480,3,3,60,SLA Met
SHP-49481,ORD-19481,Shadowfax Surface,TRK909481,2,2,60,SLA Met
SHP-49482,ORD-19482,BlueDart Express,TRK909482,5,5,120,SLA Met
SHP-49483,ORD-19483,Shadowfax Surface,TRK909483,4,4,60,SLA Met
SHP-49484,ORD-19484,BlueDart Express,TRK909484,3,3,60,SLA Met
SHP-49485,ORD-19485,Ecom Express,TRK909485,5,5,150,SLA Met
SHP-49486,ORD-19486,Delhivery Direct,TRK909486,4,4,150,SLA Met
SHP-49487,ORD-19487,XpressBees Surface,TRK909487,2,2,150,SLA Met
SHP-49488,ORD-19488,Ecom Express,TRK909488,2,4,150,SLA Breached
SHP-49489,ORD-19489,BlueDart Express,TRK909489,4,4,120,SLA Met
SHP-49490,ORD-19490,XpressBees Surface,TRK909490,4,4,120,SLA Met
SHP-49491,ORD-19491,BlueDart Express,TRK909491,2,2,60,SLA Met
SHP-49492,ORD-19492,BlueDart Express,TRK909492,2,6,180,SLA Breached
SHP-49494,ORD-19494,Delhivery Direct,TRK909494,3,3,60,SLA Met
SHP-49495,ORD-19495,Delhivery Direct,TRK909495,2,2,90,SLA Met
SHP-49497,ORD-19497,BlueDart Express,TRK909497,2,5,180,SLA Breached
SHP-49499,ORD-19499,Delhivery Direct,TRK909499,4,4,180,SLA Met
SHP-49500,ORD-19500,Ecom Express,TRK909500,3,3,150,SLA Met
SHP-49502,ORD-19502,BlueDart Express,TRK909502,3,3,90,SLA Met
SHP-49504,ORD-19504,BlueDart Express,TRK909504,2,2,150,SLA Met
SHP-49505,ORD-19505,XpressBees Surface,TRK909505,4,4,60,SLA Met
SHP-49506,ORD-19506,Shadowfax Surface,TRK909506,2,2,120,SLA Met
SHP-49507,ORD-19507,BlueDart Express,TRK909507,2,2,120,SLA Met
SHP-49508,ORD-19508,XpressBees Surface,TRK909508,4,8,120,SLA Breached
SHP-49509,ORD-19509,Shadowfax Surface,TRK909509,2,2,150,SLA Met
SHP-49510,ORD-19510,Delhivery Direct,TRK909510,4,8,180,SLA Breached
SHP-49512,ORD-19512,Ecom Express,TRK909512,3,3,120,SLA Met
SHP-49513,ORD-19513,Shadowfax Surface,TRK909513,4,4,90,SLA Met
SHP-49514,ORD-19514,Delhivery Direct,TRK909514,4,4,150,SLA Met
SHP-49515,ORD-19515,XpressBees Surface,TRK909515,4,4,90,SLA Met
SHP-49516,ORD-19516,XpressBees Surface,TRK909516,5,5,150,SLA Met
SHP-49517,ORD-19517,Shadowfax Surface,TRK909517,5,6,150,SLA Breached
SHP-49518,ORD-19518,Shadowfax Surface,TRK909518,2,2,120,SLA Met
SHP-49519,ORD-19519,XpressBees Surface,TRK909519,3,3,150,SLA Met
SHP-49520,ORD-19520,Delhivery Direct,TRK909520,5,8,120,SLA Breached
SHP-49521,ORD-19521,BlueDart Express,TRK909521,4,4,60,SLA Met
SHP-49523,ORD-19523,BlueDart Express,TRK909523,2,2,120,SLA Met
SHP-49525,ORD-19525,Ecom Express,TRK909525,2,2,120,SLA Met
SHP-49528,ORD-19528,BlueDart Express,TRK909528,3,3,90,SLA Met
SHP-49529,ORD-19529,Ecom Express,TRK909529,5,5,90,SLA Met
SHP-49531,ORD-19531,Ecom Express,TRK909531,4,4,60,SLA Met
SHP-49532,ORD-19532,Delhivery Direct,TRK909532,2,2,180,SLA Met
SHP-49533,ORD-19533,XpressBees Surface,TRK909533,2,2,180,SLA Met
SHP-49534,ORD-19534,XpressBees Surface,TRK909534,2,2,120,SLA Met
SHP-49535,ORD-19535,Delhivery Direct,TRK909535,2,2,90,SLA Met
SHP-49536,ORD-19536,BlueDart Express,TRK909536,4,4,180,SLA Met
SHP-49537,ORD-19537,Delhivery Direct,TRK909537,2,2,150,SLA Met
SHP-49538,ORD-19538,Shadowfax Surface,TRK909538,5,5,60,SLA Met
SHP-49540,ORD-19540,Shadowfax Surface,TRK909540,5,5,60,SLA Met
SHP-49541,ORD-19541,Shadowfax Surface,TRK909541,2,5,120,SLA Breached
SHP-49543,ORD-19543,Shadowfax Surface,TRK909543,2,2,120,SLA Met
SHP-49544,ORD-19544,Ecom Express,TRK909544,5,5,60,SLA Met
SHP-49545,ORD-19545,Shadowfax Surface,TRK909545,5,5,150,SLA Met
SHP-49546,ORD-19546,Ecom Express,TRK909546,2,2,90,SLA Met
SHP-49547,ORD-19547,BlueDart Express,TRK909547,5,5,180,SLA Met
SHP-49548,ORD-19548,BlueDart Express,TRK909548,3,3,180,SLA Met
SHP-49550,ORD-19550,Ecom Express,TRK909550,3,3,120,SLA Met
SHP-49551,ORD-19551,Shadowfax Surface,TRK909551,3,3,180,SLA Met
SHP-49552,ORD-19552,XpressBees Surface,TRK909552,3,3,120,SLA Met
SHP-49553,ORD-19553,Shadowfax Surface,TRK909553,5,5,180,SLA Met
SHP-49554,ORD-19554,XpressBees Surface,TRK909554,4,4,60,SLA Met
SHP-49555,ORD-19555,XpressBees Surface,TRK909555,3,7,60,SLA Breached
SHP-49556,ORD-19556,BlueDart Express,TRK909556,2,6,120,SLA Breached
SHP-49557,ORD-19557,Ecom Express,TRK909557,4,4,120,SLA Met
SHP-49558,ORD-19558,Ecom Express,TRK909558,4,8,180,SLA Breached
SHP-49559,ORD-19559,Shadowfax Surface,TRK909559,3,4,180,SLA Breached
SHP-49560,ORD-19560,BlueDart Express,TRK909560,4,4,60,SLA Met
SHP-49561,ORD-19561,XpressBees Surface,TRK909561,4,4,60,SLA Met
SHP-49562,ORD-19562,Delhivery Direct,TRK909562,4,6,180,SLA Breached
SHP-49563,ORD-19563,Ecom Express,TRK909563,5,5,120,SLA Met
SHP-49566,ORD-19566,Delhivery Direct,TRK909566,4,5,180,SLA Breached
SHP-49567,ORD-19567,Delhivery Direct,TRK909567,3,3,90,SLA Met
SHP-49568,ORD-19568,Delhivery Direct,TRK909568,3,6,120,SLA Breached
SHP-49569,ORD-19569,XpressBees Surface,TRK909569,3,3,60,SLA Met
SHP-49570,ORD-19570,Delhivery Direct,TRK909570,4,4,150,SLA Met
SHP-49572,ORD-19572,BlueDart Express,TRK909572,5,9,60,SLA Breached
SHP-49573,ORD-19573,XpressBees Surface,TRK909573,2,2,150,SLA Met
SHP-49574,ORD-19574,Delhivery Direct,TRK909574,2,2,120,SLA Met
SHP-49576,ORD-19576,BlueDart Express,TRK909576,5,7,150,SLA Breached
SHP-49577,ORD-19577,XpressBees Surface,TRK909577,5,5,60,SLA Met
SHP-49580,ORD-19580,Ecom Express,TRK909580,4,4,90,SLA Met
SHP-49581,ORD-19581,Shadowfax Surface,TRK909581,3,3,150,SLA Met
SHP-49582,ORD-19582,XpressBees Surface,TRK909582,5,5,150,SLA Met
SHP-49583,ORD-19583,Shadowfax Surface,TRK909583,4,4,90,SLA Met
SHP-49584,ORD-19584,Ecom Express,TRK909584,2,2,180,SLA Met
SHP-49585,ORD-19585,Shadowfax Surface,TRK909585,2,6,120,SLA Breached
SHP-49586,ORD-19586,Delhivery Direct,TRK909586,5,5,90,SLA Met
SHP-49587,ORD-19587,Ecom Express,TRK909587,4,4,180,SLA Met
SHP-49588,ORD-19588,XpressBees Surface,TRK909588,2,2,120,SLA Met
SHP-49589,ORD-19589,BlueDart Express,TRK909589,3,3,150,SLA Met
SHP-49590,ORD-19590,Delhivery Direct,TRK909590,3,3,150,SLA Met
SHP-49591,ORD-19591,Delhivery Direct,TRK909591,4,4,180,SLA Met
SHP-49593,ORD-19593,Ecom Express,TRK909593,4,4,150,SLA Met
SHP-49594,ORD-19594,Delhivery Direct,TRK909594,2,2,180,SLA Met
SHP-49596,ORD-19596,Shadowfax Surface,TRK909596,2,5,90,SLA Breached
SHP-49597,ORD-19597,Shadowfax Surface,TRK909597,4,4,60,SLA Met
SHP-49598,ORD-19598,BlueDart Express,TRK909598,3,3,150,SLA Met
SHP-49599,ORD-19599,BlueDart Express,TRK909599,3,3,180,SLA Met
SHP-49600,ORD-19600,Delhivery Direct,TRK909600,2,2,180,SLA Met
SHP-49601,ORD-19601,Ecom Express,TRK909601,4,4,150,SLA Met
SHP-49603,ORD-19603,Shadowfax Surface,TRK909603,3,3,90,SLA Met
SHP-49604,ORD-19604,BlueDart Express,TRK909604,5,5,120,SLA Met
SHP-49605,ORD-19605,BlueDart Express,TRK909605,5,5,60,SLA Met
SHP-49606,ORD-19606,Ecom Express,TRK909606,4,4,120,SLA Met
SHP-49608,ORD-19608,BlueDart Express,TRK909608,2,2,60,SLA Met
SHP-49610,ORD-19610,Ecom Express,TRK909610,5,5,60,SLA Met
SHP-49611,ORD-19611,Shadowfax Surface,TRK909611,2,5,90,SLA Breached
SHP-49612,ORD-19612,Delhivery Direct,TRK909612,4,4,90,SLA Met
SHP-49613,ORD-19613,BlueDart Express,TRK909613,2,6,180,SLA Breached
SHP-49614,ORD-19614,Ecom Express,TRK909614,4,7,180,SLA Breached
SHP-49615,ORD-19615,BlueDart Express,TRK909615,4,4,150,SLA Met
SHP-49616,ORD-19616,XpressBees Surface,TRK909616,4,7,180,SLA Breached
SHP-49617,ORD-19617,BlueDart Express,TRK909617,5,5,180,SLA Met
SHP-49618,ORD-19618,Ecom Express,TRK909618,4,4,90,SLA Met
SHP-49619,ORD-19619,Ecom Express,TRK909619,4,4,180,SLA Met
SHP-49620,ORD-19620,Ecom Express,TRK909620,5,6,150,SLA Breached
SHP-49621,ORD-19621,Shadowfax Surface,TRK909621,3,3,120,SLA Met
SHP-49622,ORD-19622,Delhivery Direct,TRK909622,3,3,90,SLA Met
SHP-49624,ORD-19624,XpressBees Surface,TRK909624,5,5,120,SLA Met
SHP-49626,ORD-19626,Ecom Express,TRK909626,2,2,90,SLA Met
SHP-49627,ORD-19627,BlueDart Express,TRK909627,5,8,120,SLA Breached
SHP-49628,ORD-19628,BlueDart Express,TRK909628,3,3,150,SLA Met
SHP-49629,ORD-19629,Ecom Express,TRK909629,5,5,120,SLA Met
SHP-49630,ORD-19630,Shadowfax Surface,TRK909630,3,3,180,SLA Met
SHP-49632,ORD-19632,XpressBees Surface,TRK909632,2,2,120,SLA Met
SHP-49635,ORD-19635,Shadowfax Surface,TRK909635,3,3,90,SLA Met
SHP-49636,ORD-19636,Ecom Express,TRK909636,4,4,180,SLA Met
SHP-49637,ORD-19637,BlueDart Express,TRK909637,5,5,150,SLA Met
SHP-49638,ORD-19638,BlueDart Express,TRK909638,2,2,90,SLA Met
SHP-49639,ORD-19639,Delhivery Direct,TRK909639,4,4,120,SLA Met
SHP-49640,ORD-19640,BlueDart Express,TRK909640,4,4,180,SLA Met
SHP-49641,ORD-19641,XpressBees Surface,TRK909641,3,3,60,SLA Met
SHP-49643,ORD-19643,Ecom Express,TRK909643,2,2,90,SLA Met
SHP-49644,ORD-19644,Ecom Express,TRK909644,3,3,120,SLA Met
SHP-49645,ORD-19645,BlueDart Express,TRK909645,5,5,90,SLA Met
SHP-49646,ORD-19646,Shadowfax Surface,TRK909646,2,2,120,SLA Met
SHP-49647,ORD-19647,Shadowfax Surface,TRK909647,4,7,180,SLA Breached
SHP-49648,ORD-19648,Ecom Express,TRK909648,2,6,180,SLA Breached
SHP-49649,ORD-19649,Shadowfax Surface,TRK909649,5,5,120,SLA Met
SHP-49650,ORD-19650,BlueDart Express,TRK909650,5,5,90,SLA Met
SHP-49651,ORD-19651,Delhivery Direct,TRK909651,5,5,60,SLA Met
SHP-49652,ORD-19652,XpressBees Surface,TRK909652,3,3,120,SLA Met
SHP-49653,ORD-19653,Delhivery Direct,TRK909653,4,4,90,SLA Met
SHP-49655,ORD-19655,XpressBees Surface,TRK909655,5,5,180,SLA Met
SHP-49657,ORD-19657,BlueDart Express,TRK909657,3,6,60,SLA Breached
SHP-49658,ORD-19658,XpressBees Surface,TRK909658,3,3,150,SLA Met
SHP-49659,ORD-19659,BlueDart Express,TRK909659,4,4,180,SLA Met
SHP-49661,ORD-19661,Shadowfax Surface,TRK909661,2,2,90,SLA Met
SHP-49662,ORD-19662,BlueDart Express,TRK909662,5,5,60,SLA Met
SHP-49663,ORD-19663,XpressBees Surface,TRK909663,2,2,60,SLA Met
SHP-49664,ORD-19664,Delhivery Direct,TRK909664,5,5,180,SLA Met
SHP-49665,ORD-19665,XpressBees Surface,TRK909665,3,3,180,SLA Met
SHP-49666,ORD-19666,BlueDart Express,TRK909666,2,2,180,SLA Met
SHP-49667,ORD-19667,XpressBees Surface,TRK909667,3,3,180,SLA Met
SHP-49668,ORD-19668,Ecom Express,TRK909668,2,2,180,SLA Met
SHP-49669,ORD-19669,Ecom Express,TRK909669,2,2,150,SLA Met
SHP-49670,ORD-19670,Ecom Express,TRK909670,4,4,150,SLA Met
SHP-49671,ORD-19671,Shadowfax Surface,TRK909671,5,5,180,SLA Met
SHP-49672,ORD-19672,Delhivery Direct,TRK909672,3,3,90,SLA Met
SHP-49673,ORD-19673,Ecom Express,TRK909673,5,5,150,SLA Met
SHP-49674,ORD-19674,BlueDart Express,TRK909674,2,2,90,SLA Met
SHP-49675,ORD-19675,Ecom Express,TRK909675,4,4,180,SLA Met
SHP-49676,ORD-19676,BlueDart Express,TRK909676,4,4,120,SLA Met
SHP-49677,ORD-19677,Ecom Express,TRK909677,5,5,60,SLA Met
SHP-49678,ORD-19678,Ecom Express,TRK909678,5,5,150,SLA Met
SHP-49679,ORD-19679,BlueDart Express,TRK909679,4,4,90,SLA Met
SHP-49680,ORD-19680,Delhivery Direct,TRK909680,2,6,180,SLA Breached
SHP-49681,ORD-19681,Delhivery Direct,TRK909681,4,4,60,SLA Met
SHP-49683,ORD-19683,Ecom Express,TRK909683,2,2,180,SLA Met
SHP-49685,ORD-19685,Delhivery Direct,TRK909685,3,6,180,SLA Breached
SHP-49686,ORD-19686,Shadowfax Surface,TRK909686,4,4,60,SLA Met
SHP-49687,ORD-19687,Shadowfax Surface,TRK909687,5,5,180,SLA Met
SHP-49689,ORD-19689,Ecom Express,TRK909689,3,3,150,SLA Met
SHP-49691,ORD-19691,Shadowfax Surface,TRK909691,5,5,150,SLA Met
SHP-49692,ORD-19692,XpressBees Surface,TRK909692,4,4,120,SLA Met
SHP-49693,ORD-19693,BlueDart Express,TRK909693,2,2,150,SLA Met
SHP-49694,ORD-19694,Shadowfax Surface,TRK909694,4,4,120,SLA Met
SHP-49695,ORD-19695,XpressBees Surface,TRK909695,4,4,60,SLA Met
SHP-49696,ORD-19696,Ecom Express,TRK909696,3,3,150,SLA Met
SHP-49699,ORD-19699,Ecom Express,TRK909699,4,8,60,SLA Breached
SHP-49702,ORD-19702,Shadowfax Surface,TRK909702,3,3,120,SLA Met
SHP-49703,ORD-19703,XpressBees Surface,TRK909703,5,5,120,SLA Met
SHP-49704,ORD-19704,Ecom Express,TRK909704,3,4,60,SLA Breached
SHP-49705,ORD-19705,XpressBees Surface,TRK909705,2,2,90,SLA Met
SHP-49706,ORD-19706,XpressBees Surface,TRK909706,4,4,180,SLA Met
SHP-49707,ORD-19707,Shadowfax Surface,TRK909707,2,2,180,SLA Met
SHP-49708,ORD-19708,Ecom Express,TRK909708,3,3,60,SLA Met
SHP-49709,ORD-19709,Shadowfax Surface,TRK909709,4,4,60,SLA Met
SHP-49710,ORD-19710,Ecom Express,TRK909710,2,3,90,SLA Breached
SHP-49711,ORD-19711,Delhivery Direct,TRK909711,4,4,90,SLA Met
SHP-49712,ORD-19712,Delhivery Direct,TRK909712,3,3,180,SLA Met
SHP-49714,ORD-19714,BlueDart Express,TRK909714,2,2,180,SLA Met
SHP-49715,ORD-19715,XpressBees Surface,TRK909715,5,5,180,SLA Met
SHP-49717,ORD-19717,Ecom Express,TRK909717,4,4,90,SLA Met
SHP-49718,ORD-19718,Delhivery Direct,TRK909718,3,3,90,SLA Met
SHP-49719,ORD-19719,Ecom Express,TRK909719,2,2,90,SLA Met
SHP-49720,ORD-19720,XpressBees Surface,TRK909720,4,4,180,SLA Met
SHP-49722,ORD-19722,XpressBees Surface,TRK909722,4,4,60,SLA Met
SHP-49723,ORD-19723,Ecom Express,TRK909723,4,4,90,SLA Met
SHP-49724,ORD-19724,Ecom Express,TRK909724,3,7,90,SLA Breached
SHP-49725,ORD-19725,Shadowfax Surface,TRK909725,3,3,120,SLA Met
SHP-49726,ORD-19726,Ecom Express,TRK909726,4,4,60,SLA Met
SHP-49727,ORD-19727,BlueDart Express,TRK909727,2,2,90,SLA Met
SHP-49728,ORD-19728,Ecom Express,TRK909728,4,4,120,SLA Met
SHP-49729,ORD-19729,Ecom Express,TRK909729,4,4,120,SLA Met
SHP-49730,ORD-19730,Ecom Express,TRK909730,5,5,120,SLA Met
SHP-49731,ORD-19731,XpressBees Surface,TRK909731,2,2,120,SLA Met
SHP-49733,ORD-19733,Ecom Express,TRK909733,4,4,120,SLA Met
SHP-49734,ORD-19734,Delhivery Direct,TRK909734,3,3,60,SLA Met
SHP-49735,ORD-19735,BlueDart Express,TRK909735,2,2,90,SLA Met
SHP-49736,ORD-19736,XpressBees Surface,TRK909736,2,2,60,SLA Met
SHP-49737,ORD-19737,Ecom Express,TRK909737,2,2,120,SLA Met
SHP-49738,ORD-19738,XpressBees Surface,TRK909738,3,3,60,SLA Met
SHP-49739,ORD-19739,Ecom Express,TRK909739,4,7,90,SLA Breached
SHP-49740,ORD-19740,Delhivery Direct,TRK909740,3,3,150,SLA Met
SHP-49741,ORD-19741,Shadowfax Surface,TRK909741,5,9,180,SLA Breached
SHP-49742,ORD-19742,Shadowfax Surface,TRK909742,2,2,90,SLA Met
SHP-49743,ORD-19743,BlueDart Express,TRK909743,5,5,150,SLA Met
SHP-49745,ORD-19745,Ecom Express,TRK909745,4,4,150,SLA Met
SHP-49746,ORD-19746,Ecom Express,TRK909746,3,3,90,SLA Met
SHP-49747,ORD-19747,Delhivery Direct,TRK909747,3,3,150,SLA Met
SHP-49748,ORD-19748,XpressBees Surface,TRK909748,5,8,60,SLA Breached
SHP-49749,ORD-19749,Ecom Express,TRK909749,4,4,180,SLA Met
SHP-49750,ORD-19750,BlueDart Express,TRK909750,5,5,90,SLA Met
SHP-49751,ORD-19751,Ecom Express,TRK909751,4,4,90,SLA Met
SHP-49752,ORD-19752,BlueDart Express,TRK909752,4,4,180,SLA Met
SHP-49753,ORD-19753,BlueDart Express,TRK909753,3,3,90,SLA Met
SHP-49754,ORD-19754,Shadowfax Surface,TRK909754,5,8,150,SLA Breached
SHP-49755,ORD-19755,Ecom Express,TRK909755,2,5,180,SLA Breached
SHP-49756,ORD-19756,XpressBees Surface,TRK909756,3,5,60,SLA Breached
SHP-49757,ORD-19757,BlueDart Express,TRK909757,3,3,180,SLA Met
SHP-49761,ORD-19761,Shadowfax Surface,TRK909761,3,3,150,SLA Met
SHP-49762,ORD-19762,XpressBees Surface,TRK909762,3,3,180,SLA Met
SHP-49763,ORD-19763,Delhivery Direct,TRK909763,4,8,60,SLA Breached
SHP-49764,ORD-19764,Shadowfax Surface,TRK909764,3,3,60,SLA Met
SHP-49765,ORD-19765,Shadowfax Surface,TRK909765,2,2,120,SLA Met
SHP-49766,ORD-19766,Shadowfax Surface,TRK909766,5,5,90,SLA Met
SHP-49767,ORD-19767,BlueDart Express,TRK909767,2,4,150,SLA Breached
SHP-49768,ORD-19768,XpressBees Surface,TRK909768,4,4,60,SLA Met
SHP-49769,ORD-19769,BlueDart Express,TRK909769,5,5,150,SLA Met
SHP-49771,ORD-19771,XpressBees Surface,TRK909771,3,3,180,SLA Met
SHP-49772,ORD-19772,XpressBees Surface,TRK909772,2,2,180,SLA Met
SHP-49773,ORD-19773,BlueDart Express,TRK909773,2,3,90,SLA Breached
SHP-49774,ORD-19774,BlueDart Express,TRK909774,2,2,90,SLA Met
SHP-49775,ORD-19775,Shadowfax Surface,TRK909775,2,2,90,SLA Met
SHP-49776,ORD-19776,BlueDart Express,TRK909776,2,2,120,SLA Met
SHP-49779,ORD-19779,XpressBees Surface,TRK909779,5,8,90,SLA Breached
SHP-49780,ORD-19780,Delhivery Direct,TRK909780,2,2,90,SLA Met
SHP-49781,ORD-19781,XpressBees Surface,TRK909781,5,5,120,SLA Met
SHP-49782,ORD-19782,Shadowfax Surface,TRK909782,2,2,90,SLA Met
SHP-49783,ORD-19783,Ecom Express,TRK909783,4,4,90,SLA Met
SHP-49784,ORD-19784,Delhivery Direct,TRK909784,4,4,60,SLA Met
SHP-49785,ORD-19785,Delhivery Direct,TRK909785,5,5,90,SLA Met
SHP-49786,ORD-19786,BlueDart Express,TRK909786,4,6,90,SLA Breached
SHP-49788,ORD-19788,BlueDart Express,TRK909788,4,8,150,SLA Breached
SHP-49789,ORD-19789,Shadowfax Surface,TRK909789,3,3,90,SLA Met
SHP-49790,ORD-19790,Delhivery Direct,TRK909790,4,4,90,SLA Met
SHP-49791,ORD-19791,Ecom Express,TRK909791,3,3,120,SLA Met
SHP-49792,ORD-19792,XpressBees Surface,TRK909792,3,4,60,SLA Breached
SHP-49793,ORD-19793,XpressBees Surface,TRK909793,2,2,150,SLA Met
SHP-49795,ORD-19795,BlueDart Express,TRK909795,3,3,150,SLA Met
SHP-49796,ORD-19796,BlueDart Express,TRK909796,3,3,90,SLA Met
SHP-49797,ORD-19797,Delhivery Direct,TRK909797,2,2,60,SLA Met
SHP-49798,ORD-19798,Shadowfax Surface,TRK909798,2,6,120,SLA Breached
SHP-49799,ORD-19799,XpressBees Surface,TRK909799,4,4,90,SLA Met
SHP-49800,ORD-19800,BlueDart Express,TRK909800,2,2,60,SLA Met
SHP-49801,ORD-19801,Ecom Express,TRK909801,2,2,180,SLA Met
SHP-49802,ORD-19802,XpressBees Surface,TRK909802,3,5,180,SLA Breached
SHP-49804,ORD-19804,Delhivery Direct,TRK909804,5,5,150,SLA Met
SHP-49805,ORD-19805,XpressBees Surface,TRK909805,4,4,90,SLA Met
SHP-49806,ORD-19806,BlueDart Express,TRK909806,2,2,180,SLA Met
SHP-49807,ORD-19807,Delhivery Direct,TRK909807,5,5,60,SLA Met
SHP-49808,ORD-19808,Shadowfax Surface,TRK909808,2,2,180,SLA Met
SHP-49809,ORD-19809,XpressBees Surface,TRK909809,4,4,150,SLA Met
SHP-49811,ORD-19811,Delhivery Direct,TRK909811,4,4,60,SLA Met
SHP-49812,ORD-19812,Delhivery Direct,TRK909812,4,4,180,SLA Met
SHP-49813,ORD-19813,Ecom Express,TRK909813,3,5,120,SLA Breached
SHP-49815,ORD-19815,XpressBees Surface,TRK909815,2,2,120,SLA Met
SHP-49816,ORD-19816,XpressBees Surface,TRK909816,3,6,120,SLA Breached
SHP-49818,ORD-19818,Delhivery Direct,TRK909818,5,5,90,SLA Met
SHP-49819,ORD-19819,XpressBees Surface,TRK909819,4,4,60,SLA Met
SHP-49821,ORD-19821,Shadowfax Surface,TRK909821,4,4,180,SLA Met
SHP-49823,ORD-19823,Ecom Express,TRK909823,4,4,120,SLA Met
SHP-49824,ORD-19824,BlueDart Express,TRK909824,3,6,60,SLA Breached
SHP-49825,ORD-19825,BlueDart Express,TRK909825,4,4,180,SLA Met
SHP-49826,ORD-19826,BlueDart Express,TRK909826,3,3,180,SLA Met
SHP-49827,ORD-19827,Delhivery Direct,TRK909827,4,7,180,SLA Breached
SHP-49830,ORD-19830,Shadowfax Surface,TRK909830,4,4,60,SLA Met
SHP-49832,ORD-19832,Delhivery Direct,TRK909832,3,3,150,SLA Met
SHP-49833,ORD-19833,Shadowfax Surface,TRK909833,5,5,60,SLA Met
SHP-49834,ORD-19834,Shadowfax Surface,TRK909834,5,5,150,SLA Met
SHP-49835,ORD-19835,XpressBees Surface,TRK909835,5,5,180,SLA Met
SHP-49836,ORD-19836,Shadowfax Surface,TRK909836,4,8,150,SLA Breached
SHP-49837,ORD-19837,Delhivery Direct,TRK909837,2,3,150,SLA Breached
SHP-49838,ORD-19838,Shadowfax Surface,TRK909838,4,4,90,SLA Met
SHP-49839,ORD-19839,XpressBees Surface,TRK909839,4,4,60,SLA Met
SHP-49840,ORD-19840,XpressBees Surface,TRK909840,5,5,90,SLA Met
SHP-49841,ORD-19841,Delhivery Direct,TRK909841,2,2,90,SLA Met
SHP-49842,ORD-19842,XpressBees Surface,TRK909842,3,3,150,SLA Met
SHP-49843,ORD-19843,Delhivery Direct,TRK909843,4,4,120,SLA Met
SHP-49845,ORD-19845,BlueDart Express,TRK909845,5,5,180,SLA Met
SHP-49847,ORD-19847,BlueDart Express,TRK909847,3,3,60,SLA Met
SHP-49848,ORD-19848,Ecom Express,TRK909848,3,3,120,SLA Met
SHP-49849,ORD-19849,Shadowfax Surface,TRK909849,2,2,180,SLA Met
SHP-49850,ORD-19850,Shadowfax Surface,TRK909850,3,3,60,SLA Met
SHP-49851,ORD-19851,XpressBees Surface,TRK909851,3,3,90,SLA Met
SHP-49852,ORD-19852,XpressBees Surface,TRK909852,3,3,150,SLA Met
SHP-49853,ORD-19853,Delhivery Direct,TRK909853,4,4,150,SLA Met
SHP-49854,ORD-19854,XpressBees Surface,TRK909854,2,2,180,SLA Met
SHP-49855,ORD-19855,Delhivery Direct,TRK909855,2,2,150,SLA Met
SHP-49857,ORD-19857,Shadowfax Surface,TRK909857,5,5,150,SLA Met
SHP-49858,ORD-19858,BlueDart Express,TRK909858,5,5,150,SLA Met
SHP-49859,ORD-19859,Ecom Express,TRK909859,2,2,90,SLA Met
SHP-49860,ORD-19860,XpressBees Surface,TRK909860,5,7,120,SLA Breached
SHP-49861,ORD-19861,Shadowfax Surface,TRK909861,4,4,90,SLA Met
SHP-49862,ORD-19862,BlueDart Express,TRK909862,3,3,60,SLA Met
SHP-49863,ORD-19863,Shadowfax Surface,TRK909863,4,4,60,SLA Met
SHP-49864,ORD-19864,BlueDart Express,TRK909864,5,5,90,SLA Met
SHP-49866,ORD-19866,BlueDart Express,TRK909866,3,3,120,SLA Met
SHP-49867,ORD-19867,Shadowfax Surface,TRK909867,4,4,60,SLA Met
SHP-49869,ORD-19869,Delhivery Direct,TRK909869,4,4,60,SLA Met
SHP-49870,ORD-19870,Shadowfax Surface,TRK909870,3,3,120,SLA Met
SHP-49874,ORD-19874,Ecom Express,TRK909874,4,4,150,SLA Met
SHP-49875,ORD-19875,Delhivery Direct,TRK909875,2,2,120,SLA Met
SHP-49876,ORD-19876,Shadowfax Surface,TRK909876,5,9,60,SLA Breached
SHP-49878,ORD-19878,Delhivery Direct,TRK909878,4,4,120,SLA Met
SHP-49879,ORD-19879,Shadowfax Surface,TRK909879,4,7,120,SLA Breached
SHP-49880,ORD-19880,BlueDart Express,TRK909880,4,4,60,SLA Met
SHP-49882,ORD-19882,XpressBees Surface,TRK909882,4,4,150,SLA Met
SHP-49883,ORD-19883,BlueDart Express,TRK909883,4,4,120,SLA Met
SHP-49884,ORD-19884,Delhivery Direct,TRK909884,3,3,180,SLA Met
SHP-49887,ORD-19887,Delhivery Direct,TRK909887,5,5,90,SLA Met
SHP-49888,ORD-19888,BlueDart Express,TRK909888,3,3,60,SLA Met
SHP-49889,ORD-19889,Shadowfax Surface,TRK909889,5,5,90,SLA Met
SHP-49890,ORD-19890,Ecom Express,TRK909890,4,4,150,SLA Met
SHP-49891,ORD-19891,Delhivery Direct,TRK909891,2,2,60,SLA Met
SHP-49892,ORD-19892,Shadowfax Surface,TRK909892,5,5,120,SLA Met
SHP-49893,ORD-19893,Ecom Express,TRK909893,5,8,150,SLA Breached
SHP-49894,ORD-19894,Delhivery Direct,TRK909894,4,4,90,SLA Met
SHP-49895,ORD-19895,XpressBees Surface,TRK909895,3,3,150,SLA Met
SHP-49896,ORD-19896,XpressBees Surface,TRK909896,4,4,180,SLA Met
SHP-49897,ORD-19897,Shadowfax Surface,TRK909897,4,4,180,SLA Met
SHP-49898,ORD-19898,XpressBees Surface,TRK909898,5,5,90,SLA Met
SHP-49901,ORD-19901,BlueDart Express,TRK909901,5,5,60,SLA Met
SHP-49902,ORD-19902,XpressBees Surface,TRK909902,3,3,120,SLA Met
SHP-49904,ORD-19904,Ecom Express,TRK909904,4,4,180,SLA Met
SHP-49905,ORD-19905,Shadowfax Surface,TRK909905,2,2,120,SLA Met
SHP-49906,ORD-19906,Shadowfax Surface,TRK909906,2,2,120,SLA Met
SHP-49907,ORD-19907,BlueDart Express,TRK909907,3,3,90,SLA Met
SHP-49908,ORD-19908,Ecom Express,TRK909908,2,2,90,SLA Met
SHP-49909,ORD-19909,Delhivery Direct,TRK909909,2,2,180,SLA Met
SHP-49911,ORD-19911,BlueDart Express,TRK909911,5,5,90,SLA Met
SHP-49912,ORD-19912,BlueDart Express,TRK909912,2,6,60,SLA Breached
SHP-49913,ORD-19913,BlueDart Express,TRK909913,4,4,150,SLA Met
SHP-49914,ORD-19914,XpressBees Surface,TRK909914,2,2,60,SLA Met
SHP-49915,ORD-19915,Shadowfax Surface,TRK909915,5,8,90,SLA Breached
SHP-49916,ORD-19916,XpressBees Surface,TRK909916,2,2,150,SLA Met
SHP-49917,ORD-19917,Delhivery Direct,TRK909917,5,5,150,SLA Met
SHP-49919,ORD-19919,XpressBees Surface,TRK909919,2,2,180,SLA Met
SHP-49921,ORD-19921,XpressBees Surface,TRK909921,2,2,60,SLA Met
SHP-49922,ORD-19922,BlueDart Express,TRK909922,4,5,90,SLA Breached
SHP-49923,ORD-19923,Delhivery Direct,TRK909923,2,2,60,SLA Met
SHP-49924,ORD-19924,Delhivery Direct,TRK909924,2,4,60,SLA Breached
SHP-49927,ORD-19927,Ecom Express,TRK909927,2,2,180,SLA Met
SHP-49928,ORD-19928,XpressBees Surface,TRK909928,3,3,60,SLA Met
SHP-49929,ORD-19929,Delhivery Direct,TRK909929,4,4,90,SLA Met
SHP-49931,ORD-19931,Shadowfax Surface,TRK909931,2,2,180,SLA Met
SHP-49932,ORD-19932,BlueDart Express,TRK909932,2,2,150,SLA Met
SHP-49933,ORD-19933,Shadowfax Surface,TRK909933,2,3,150,SLA Breached
SHP-49934,ORD-19934,BlueDart Express,TRK909934,3,3,150,SLA Met
SHP-49935,ORD-19935,XpressBees Surface,TRK909935,4,7,60,SLA Breached
SHP-49936,ORD-19936,Delhivery Direct,TRK909936,2,2,90,SLA Met
SHP-49937,ORD-19937,Delhivery Direct,TRK909937,5,5,120,SLA Met
SHP-49938,ORD-19938,Delhivery Direct,TRK909938,3,3,150,SLA Met
SHP-49939,ORD-19939,BlueDart Express,TRK909939,5,9,90,SLA Breached
SHP-49940,ORD-19940,Shadowfax Surface,TRK909940,3,3,60,SLA Met
SHP-49942,ORD-19942,Ecom Express,TRK909942,4,8,150,SLA Breached
SHP-49944,ORD-19944,XpressBees Surface,TRK909944,4,4,150,SLA Met
SHP-49945,ORD-19945,Ecom Express,TRK909945,2,2,90,SLA Met
SHP-49946,ORD-19946,Delhivery Direct,TRK909946,4,4,150,SLA Met
SHP-49947,ORD-19947,BlueDart Express,TRK909947,2,2,60,SLA Met
SHP-49948,ORD-19948,Ecom Express,TRK909948,2,2,90,SLA Met
SHP-49949,ORD-19949,Ecom Express,TRK909949,4,6,120,SLA Breached
SHP-49950,ORD-19950,Delhivery Direct,TRK909950,3,3,90,SLA Met
SHP-49952,ORD-19952,Ecom Express,TRK909952,2,2,120,SLA Met
SHP-49954,ORD-19954,BlueDart Express,TRK909954,5,5,180,SLA Met
SHP-49956,ORD-19956,Delhivery Direct,TRK909956,4,6,90,SLA Breached
SHP-49957,ORD-19957,BlueDart Express,TRK909957,3,3,60,SLA Met
SHP-49958,ORD-19958,Delhivery Direct,TRK909958,2,2,90,SLA Met
SHP-49959,ORD-19959,Ecom Express,TRK909959,2,2,90,SLA Met
SHP-49960,ORD-19960,Ecom Express,TRK909960,2,2,60,SLA Met
SHP-49961,ORD-19961,Delhivery Direct,TRK909961,3,5,180,SLA Breached
SHP-49963,ORD-19963,XpressBees Surface,TRK909963,4,4,90,SLA Met
SHP-49964,ORD-19964,XpressBees Surface,TRK909964,2,3,150,SLA Breached
SHP-49966,ORD-19966,Delhivery Direct,TRK909966,5,5,180,SLA Met
SHP-49967,ORD-19967,Shadowfax Surface,TRK909967,3,3,90,SLA Met
SHP-49968,ORD-19968,Ecom Express,TRK909968,5,5,90,SLA Met
SHP-49969,ORD-19969,Shadowfax Surface,TRK909969,2,2,150,SLA Met
SHP-49971,ORD-19971,Ecom Express,TRK909971,2,2,60,SLA Met
SHP-49972,ORD-19972,Shadowfax Surface,TRK909972,4,7,120,SLA Breached
SHP-49973,ORD-19973,Ecom Express,TRK909973,2,4,180,SLA Breached
SHP-49974,ORD-19974,BlueDart Express,TRK909974,5,5,120,SLA Met
SHP-49977,ORD-19977,XpressBees Surface,TRK909977,2,2,120,SLA Met
SHP-49978,ORD-19978,Ecom Express,TRK909978,3,3,90,SLA Met
SHP-49981,ORD-19981,BlueDart Express,TRK909981,3,5,150,SLA Breached
SHP-49982,ORD-19982,Shadowfax Surface,TRK909982,2,2,180,SLA Met
SHP-49983,ORD-19983,Shadowfax Surface,TRK909983,2,6,180,SLA Breached
SHP-49984,ORD-19984,Shadowfax Surface,TRK909984,2,2,180,SLA Met
SHP-49986,ORD-19986,BlueDart Express,TRK909986,2,2,90,SLA Met
SHP-49987,ORD-19987,XpressBees Surface,TRK909987,4,4,150,SLA Met
SHP-49988,ORD-19988,Shadowfax Surface,TRK909988,2,2,120,SLA Met
SHP-49989,ORD-19989,Ecom Express,TRK909989,2,2,90,SLA Met
SHP-49990,ORD-19990,Delhivery Direct,TRK909990,4,4,120,SLA Met
SHP-49991,ORD-19991,BlueDart Express,TRK909991,4,4,60,SLA Met
SHP-49992,ORD-19992,BlueDart Express,TRK909992,3,3,90,SLA Met
SHP-49993,ORD-19993,Ecom Express,TRK909993,3,5,120,SLA Breached
SHP-49995,ORD-19995,XpressBees Surface,TRK909995,5,5,120,SLA Met
SHP-49997,ORD-19997,Delhivery Direct,TRK909997,5,8,120,SLA Breached
SHP-49998,ORD-19998,Shadowfax Surface,TRK909998,5,5,150,SLA Met
SHP-49999,ORD-19999,Shadowfax Surface,TRK909999,2,2,150,SLA Met
SHP-50000,ORD-20000,Shadowfax Surface,TRK910000,2,2,150,SLA Met
SHP-50001,ORD-20001,XpressBees Surface,TRK910001,2,2,90,SLA Met
SHP-50002,ORD-20002,Ecom Express,TRK910002,3,3,60,SLA Met
SHP-50004,ORD-20004,Shadowfax Surface,TRK910004,5,5,90,SLA Met
SHP-50005,ORD-20005,BlueDart Express,TRK910005,2,2,150,SLA Met
SHP-50006,ORD-20006,Ecom Express,TRK910006,4,4,150,SLA Met
SHP-50007,ORD-20007,Ecom Express,TRK910007,3,3,120,SLA Met
SHP-50008,ORD-20008,Ecom Express,TRK910008,5,5,150,SLA Met
SHP-50009,ORD-20009,BlueDart Express,TRK910009,2,4,180,SLA Breached
SHP-50010,ORD-20010,XpressBees Surface,TRK910010,2,2,180,SLA Met
SHP-50011,ORD-20011,Shadowfax Surface,TRK910011,4,4,90,SLA Met
SHP-50013,ORD-20013,XpressBees Surface,TRK910013,4,8,60,SLA Breached
SHP-50014,ORD-20014,Delhivery Direct,TRK910014,3,3,90,SLA Met
SHP-50016,ORD-20016,Delhivery Direct,TRK910016,3,3,90,SLA Met
SHP-50018,ORD-20018,Delhivery Direct,TRK910018,5,5,60,SLA Met
SHP-50019,ORD-20019,BlueDart Express,TRK910019,3,6,180,SLA Breached
SHP-50020,ORD-20020,Ecom Express,TRK910020,2,2,180,SLA Met
SHP-50022,ORD-20022,Delhivery Direct,TRK910022,3,4,180,SLA Breached
SHP-50024,ORD-20024,BlueDart Express,TRK910024,2,6,90,SLA Breached
SHP-50025,ORD-20025,BlueDart Express,TRK910025,4,4,90,SLA Met
SHP-50026,ORD-20026,XpressBees Surface,TRK910026,3,3,90,SLA Met
SHP-50027,ORD-20027,BlueDart Express,TRK910027,3,3,90,SLA Met
SHP-50028,ORD-20028,XpressBees Surface,TRK910028,2,2,60,SLA Met
SHP-50029,ORD-20029,Delhivery Direct,TRK910029,4,4,180,SLA Met
SHP-50030,ORD-20030,Delhivery Direct,TRK910030,4,4,180,SLA Met
SHP-50031,ORD-20031,XpressBees Surface,TRK910031,4,4,120,SLA Met
SHP-50032,ORD-20032,XpressBees Surface,TRK910032,2,2,180,SLA Met
SHP-50033,ORD-20033,Ecom Express,TRK910033,4,4,180,SLA Met
SHP-50034,ORD-20034,XpressBees Surface,TRK910034,2,5,120,SLA Breached
SHP-50035,ORD-20035,Ecom Express,TRK910035,2,2,150,SLA Met
SHP-50037,ORD-20037,Delhivery Direct,TRK910037,5,5,180,SLA Met
SHP-50038,ORD-20038,BlueDart Express,TRK910038,2,2,120,SLA Met
SHP-50039,ORD-20039,XpressBees Surface,TRK910039,2,2,180,SLA Met
SHP-50041,ORD-20041,Delhivery Direct,TRK910041,2,2,90,SLA Met
SHP-50042,ORD-20042,XpressBees Surface,TRK910042,4,8,180,SLA Breached
SHP-50043,ORD-20043,Ecom Express,TRK910043,2,2,120,SLA Met
SHP-50044,ORD-20044,XpressBees Surface,TRK910044,3,3,90,SLA Met
SHP-50045,ORD-20045,Ecom Express,TRK910045,4,4,150,SLA Met
SHP-50046,ORD-20046,Ecom Express,TRK910046,3,3,90,SLA Met
SHP-50047,ORD-20047,Ecom Express,TRK910047,2,2,180,SLA Met
SHP-50048,ORD-20048,Shadowfax Surface,TRK910048,2,2,150,SLA Met
SHP-50049,ORD-20049,Shadowfax Surface,TRK910049,4,4,90,SLA Met
SHP-50050,ORD-20050,Shadowfax Surface,TRK910050,5,5,150,SLA Met
SHP-50051,ORD-20051,Delhivery Direct,TRK910051,5,5,150,SLA Met
SHP-50052,ORD-20052,Ecom Express,TRK910052,4,4,60,SLA Met
SHP-50053,ORD-20053,Delhivery Direct,TRK910053,4,4,60,SLA Met
SHP-50055,ORD-20055,Shadowfax Surface,TRK910055,3,3,90,SLA Met
SHP-50056,ORD-20056,Delhivery Direct,TRK910056,2,3,60,SLA Breached
SHP-50058,ORD-20058,Ecom Express,TRK910058,3,3,60,SLA Met
SHP-50060,ORD-20060,Shadowfax Surface,TRK910060,2,2,90,SLA Met
SHP-50061,ORD-20061,Ecom Express,TRK910061,3,4,120,SLA Breached
SHP-50062,ORD-20062,XpressBees Surface,TRK910062,4,5,180,SLA Breached
SHP-50063,ORD-20063,Ecom Express,TRK910063,4,4,120,SLA Met
SHP-50064,ORD-20064,Delhivery Direct,TRK910064,4,4,90,SLA Met
SHP-50065,ORD-20065,Shadowfax Surface,TRK910065,4,7,150,SLA Breached
SHP-50066,ORD-20066,XpressBees Surface,TRK910066,2,2,60,SLA Met
SHP-50067,ORD-20067,Shadowfax Surface,TRK910067,2,2,120,SLA Met
SHP-50068,ORD-20068,Delhivery Direct,TRK910068,2,6,180,SLA Breached
SHP-50070,ORD-20070,Delhivery Direct,TRK910070,5,5,90,SLA Met
SHP-50072,ORD-20072,BlueDart Express,TRK910072,5,5,120,SLA Met
SHP-50073,ORD-20073,Shadowfax Surface,TRK910073,5,5,60,SLA Met
SHP-50074,ORD-20074,Shadowfax Surface,TRK910074,4,4,120,SLA Met
SHP-50075,ORD-20075,Ecom Express,TRK910075,4,4,180,SLA Met
SHP-50076,ORD-20076,Shadowfax Surface,TRK910076,4,4,60,SLA Met
SHP-50077,ORD-20077,Delhivery Direct,TRK910077,4,4,90,SLA Met
SHP-50078,ORD-20078,Shadowfax Surface,TRK910078,2,2,180,SLA Met
SHP-50079,ORD-20079,Shadowfax Surface,TRK910079,5,5,90,SLA Met
SHP-50081,ORD-20081,Ecom Express,TRK910081,4,4,90,SLA Met
SHP-50082,ORD-20082,BlueDart Express,TRK910082,3,3,90,SLA Met
SHP-50083,ORD-20083,XpressBees Surface,TRK910083,3,3,90,SLA Met
SHP-50084,ORD-20084,BlueDart Express,TRK910084,2,2,180,SLA Met
SHP-50085,ORD-20085,Shadowfax Surface,TRK910085,2,2,150,SLA Met
SHP-50086,ORD-20086,XpressBees Surface,TRK910086,5,5,90,SLA Met
SHP-50087,ORD-20087,XpressBees Surface,TRK910087,4,4,60,SLA Met
SHP-50090,ORD-20090,Ecom Express,TRK910090,2,2,90,SLA Met
SHP-50091,ORD-20091,Delhivery Direct,TRK910091,4,4,150,SLA Met
SHP-50092,ORD-20092,XpressBees Surface,TRK910092,4,4,120,SLA Met
SHP-50093,ORD-20093,BlueDart Express,TRK910093,4,4,150,SLA Met
SHP-50094,ORD-20094,BlueDart Express,TRK910094,4,6,60,SLA Breached
SHP-50095,ORD-20095,XpressBees Surface,TRK910095,2,6,150,SLA Breached
SHP-50096,ORD-20096,Ecom Express,TRK910096,2,2,120,SLA Met
SHP-50097,ORD-20097,Shadowfax Surface,TRK910097,4,4,90,SLA Met
SHP-50098,ORD-20098,Shadowfax Surface,TRK910098,5,5,150,SLA Met
SHP-50099,ORD-20099,Ecom Express,TRK910099,3,3,90,SLA Met
SHP-50100,ORD-20100,BlueDart Express,TRK910100,3,3,120,SLA Met
SHP-50101,ORD-20101,XpressBees Surface,TRK910101,2,2,150,SLA Met
SHP-50102,ORD-20102,XpressBees Surface,TRK910102,4,4,180,SLA Met
SHP-50103,ORD-20103,Delhivery Direct,TRK910103,5,5,180,SLA Met
SHP-50104,ORD-20104,BlueDart Express,TRK910104,3,3,180,SLA Met
SHP-50105,ORD-20105,Shadowfax Surface,TRK910105,4,6,60,SLA Breached
SHP-50107,ORD-20107,Ecom Express,TRK910107,3,3,180,SLA Met
SHP-50108,ORD-20108,Delhivery Direct,TRK910108,5,5,90,SLA Met
SHP-50110,ORD-20110,Delhivery Direct,TRK910110,2,2,90,SLA Met
SHP-50111,ORD-20111,Shadowfax Surface,TRK910111,3,3,90,SLA Met
SHP-50113,ORD-20113,Shadowfax Surface,TRK910113,2,2,120,SLA Met
SHP-50115,ORD-20115,Ecom Express,TRK910115,4,4,180,SLA Met
SHP-50117,ORD-20117,Shadowfax Surface,TRK910117,2,2,120,SLA Met
SHP-50118,ORD-20118,Shadowfax Surface,TRK910118,2,2,180,SLA Met
SHP-50119,ORD-20119,XpressBees Surface,TRK910119,2,2,90,SLA Met
SHP-50120,ORD-20120,XpressBees Surface,TRK910120,3,3,60,SLA Met
SHP-50121,ORD-20121,Ecom Express,TRK910121,4,6,60,SLA Breached
SHP-50122,ORD-20122,BlueDart Express,TRK910122,3,7,150,SLA Breached
SHP-50123,ORD-20123,Ecom Express,TRK910123,2,2,90,SLA Met
SHP-50124,ORD-20124,BlueDart Express,TRK910124,5,8,180,SLA Breached
SHP-50125,ORD-20125,Delhivery Direct,TRK910125,4,8,120,SLA Breached
SHP-50126,ORD-20126,BlueDart Express,TRK910126,4,7,150,SLA Breached
SHP-50127,ORD-20127,XpressBees Surface,TRK910127,5,7,150,SLA Breached
SHP-50128,ORD-20128,BlueDart Express,TRK910128,4,8,180,SLA Breached
SHP-50132,ORD-20132,Ecom Express,TRK910132,2,2,120,SLA Met
SHP-50133,ORD-20133,Delhivery Direct,TRK910133,2,2,180,SLA Met
SHP-50134,ORD-20134,Shadowfax Surface,TRK910134,3,3,150,SLA Met
SHP-50135,ORD-20135,BlueDart Express,TRK910135,3,3,150,SLA Met
SHP-50136,ORD-20136,BlueDart Express,TRK910136,3,3,150,SLA Met
SHP-50138,ORD-20138,Ecom Express,TRK910138,5,6,60,SLA Breached
SHP-50139,ORD-20139,Delhivery Direct,TRK910139,5,5,120,SLA Met
SHP-50140,ORD-20140,Shadowfax Surface,TRK910140,5,9,150,SLA Breached
SHP-50141,ORD-20141,BlueDart Express,TRK910141,4,4,120,SLA Met
SHP-50142,ORD-20142,BlueDart Express,TRK910142,3,3,150,SLA Met
SHP-50144,ORD-20144,Shadowfax Surface,TRK910144,4,4,60,SLA Met
SHP-50146,ORD-20146,BlueDart Express,TRK910146,5,5,90,SLA Met
SHP-50147,ORD-20147,BlueDart Express,TRK910147,2,2,150,SLA Met
SHP-50148,ORD-20148,XpressBees Surface,TRK910148,3,3,60,SLA Met
SHP-50149,ORD-20149,Shadowfax Surface,TRK910149,2,2,60,SLA Met
SHP-50150,ORD-20150,Ecom Express,TRK910150,5,5,180,SLA Met
SHP-50151,ORD-20151,XpressBees Surface,TRK910151,3,3,120,SLA Met
SHP-50153,ORD-20153,XpressBees Surface,TRK910153,2,2,90,SLA Met
SHP-50154,ORD-20154,Delhivery Direct,TRK910154,5,5,180,SLA Met
SHP-50155,ORD-20155,BlueDart Express,TRK910155,2,2,150,SLA Met
SHP-50156,ORD-20156,Ecom Express,TRK910156,4,4,180,SLA Met
SHP-50158,ORD-20158,XpressBees Surface,TRK910158,5,5,180,SLA Met
SHP-50160,ORD-20160,Ecom Express,TRK910160,2,2,90,SLA Met
SHP-50161,ORD-20161,Ecom Express,TRK910161,3,3,180,SLA Met
SHP-50162,ORD-20162,Delhivery Direct,TRK910162,2,2,90,SLA Met
SHP-50163,ORD-20163,Delhivery Direct,TRK910163,5,5,150,SLA Met
SHP-50164,ORD-20164,Shadowfax Surface,TRK910164,3,5,90,SLA Breached
SHP-50165,ORD-20165,XpressBees Surface,TRK910165,4,4,60,SLA Met
SHP-50166,ORD-20166,Delhivery Direct,TRK910166,3,3,150,SLA Met
SHP-50167,ORD-20167,XpressBees Surface,TRK910167,4,4,150,SLA Met
SHP-50168,ORD-20168,Delhivery Direct,TRK910168,2,2,180,SLA Met
SHP-50169,ORD-20169,XpressBees Surface,TRK910169,2,2,150,SLA Met
SHP-50170,ORD-20170,Shadowfax Surface,TRK910170,4,4,150,SLA Met
SHP-50171,ORD-20171,XpressBees Surface,TRK910171,2,2,90,SLA Met
SHP-50172,ORD-20172,XpressBees Surface,TRK910172,3,3,150,SLA Met
SHP-50173,ORD-20173,Ecom Express,TRK910173,2,2,180,SLA Met
SHP-50174,ORD-20174,Ecom Express,TRK910174,2,6,90,SLA Breached
SHP-50175,ORD-20175,XpressBees Surface,TRK910175,2,2,90,SLA Met
SHP-50176,ORD-20176,Shadowfax Surface,TRK910176,3,3,150,SLA Met
SHP-50178,ORD-20178,BlueDart Express,TRK910178,4,4,90,SLA Met
SHP-50180,ORD-20180,BlueDart Express,TRK910180,2,2,60,SLA Met
SHP-50181,ORD-20181,Ecom Express,TRK910181,4,4,180,SLA Met
SHP-50182,ORD-20182,Shadowfax Surface,TRK910182,5,5,90,SLA Met
SHP-50185,ORD-20185,Shadowfax Surface,TRK910185,2,2,60,SLA Met
SHP-50186,ORD-20186,XpressBees Surface,TRK910186,3,3,180,SLA Met
SHP-50187,ORD-20187,Ecom Express,TRK910187,5,5,180,SLA Met
SHP-50188,ORD-20188,XpressBees Surface,TRK910188,5,5,180,SLA Met
SHP-50189,ORD-20189,Shadowfax Surface,TRK910189,4,6,120,SLA Breached
SHP-50190,ORD-20190,Ecom Express,TRK910190,5,5,60,SLA Met
SHP-50191,ORD-20191,BlueDart Express,TRK910191,3,3,90,SLA Met
SHP-50192,ORD-20192,Delhivery Direct,TRK910192,5,8,90,SLA Breached
SHP-50194,ORD-20194,BlueDart Express,TRK910194,4,4,180,SLA Met
SHP-50195,ORD-20195,Ecom Express,TRK910195,2,2,150,SLA Met
SHP-50196,ORD-20196,Delhivery Direct,TRK910196,2,2,60,SLA Met
SHP-50197,ORD-20197,Shadowfax Surface,TRK910197,4,4,180,SLA Met
SHP-50198,ORD-20198,Delhivery Direct,TRK910198,3,3,90,SLA Met
SHP-50199,ORD-20199,Shadowfax Surface,TRK910199,5,5,150,SLA Met
SHP-50200,ORD-20200,Delhivery Direct,TRK910200,5,5,180,SLA Met
SHP-50201,ORD-20201,XpressBees Surface,TRK910201,4,4,120,SLA Met
SHP-50203,ORD-20203,Shadowfax Surface,TRK910203,2,2,180,SLA Met
SHP-50204,ORD-20204,Shadowfax Surface,TRK910204,5,5,180,SLA Met
SHP-50205,ORD-20205,Ecom Express,TRK910205,5,7,90,SLA Breached
SHP-50207,ORD-20207,BlueDart Express,TRK910207,4,4,150,SLA Met
SHP-50208,ORD-20208,Delhivery Direct,TRK910208,2,2,60,SLA Met
SHP-50209,ORD-20209,BlueDart Express,TRK910209,2,3,90,SLA Breached
SHP-50210,ORD-20210,BlueDart Express,TRK910210,3,3,60,SLA Met
SHP-50211,ORD-20211,Ecom Express,TRK910211,5,5,150,SLA Met
SHP-50214,ORD-20214,Ecom Express,TRK910214,2,2,180,SLA Met
SHP-50215,ORD-20215,XpressBees Surface,TRK910215,3,3,180,SLA Met
SHP-50216,ORD-20216,XpressBees Surface,TRK910216,3,3,180,SLA Met
SHP-50218,ORD-20218,Shadowfax Surface,TRK910218,5,5,150,SLA Met
SHP-50219,ORD-20219,BlueDart Express,TRK910219,3,6,180,SLA Breached
SHP-50220,ORD-20220,Ecom Express,TRK910220,2,2,60,SLA Met
SHP-50222,ORD-20222,Delhivery Direct,TRK910222,4,4,120,SLA Met
SHP-50223,ORD-20223,Ecom Express,TRK910223,3,3,90,SLA Met
SHP-50224,ORD-20224,Delhivery Direct,TRK910224,4,4,120,SLA Met
SHP-50225,ORD-20225,XpressBees Surface,TRK910225,3,3,150,SLA Met
SHP-50227,ORD-20227,Delhivery Direct,TRK910227,5,5,150,SLA Met
SHP-50228,ORD-20228,Shadowfax Surface,TRK910228,2,2,60,SLA Met
SHP-50230,ORD-20230,Ecom Express,TRK910230,5,5,90,SLA Met
SHP-50231,ORD-20231,XpressBees Surface,TRK910231,5,5,150,SLA Met
SHP-50232,ORD-20232,Ecom Express,TRK910232,4,4,150,SLA Met
SHP-50233,ORD-20233,Ecom Express,TRK910233,3,3,90,SLA Met
SHP-50234,ORD-20234,BlueDart Express,TRK910234,2,2,120,SLA Met
SHP-50235,ORD-20235,Delhivery Direct,TRK910235,4,7,150,SLA Breached
SHP-50236,ORD-20236,BlueDart Express,TRK910236,3,4,90,SLA Breached
SHP-50237,ORD-20237,Shadowfax Surface,TRK910237,3,3,60,SLA Met
SHP-50238,ORD-20238,Shadowfax Surface,TRK910238,5,8,180,SLA Breached
SHP-50239,ORD-20239,Delhivery Direct,TRK910239,5,5,150,SLA Met
SHP-50240,ORD-20240,Delhivery Direct,TRK910240,3,3,90,SLA Met
SHP-50241,ORD-20241,XpressBees Surface,TRK910241,3,3,60,SLA Met
SHP-50242,ORD-20242,XpressBees Surface,TRK910242,2,2,90,SLA Met
SHP-50243,ORD-20243,XpressBees Surface,TRK910243,2,5,90,SLA Breached
SHP-50244,ORD-20244,Delhivery Direct,TRK910244,4,7,150,SLA Breached
SHP-50245,ORD-20245,BlueDart Express,TRK910245,3,3,180,SLA Met
SHP-50246,ORD-20246,BlueDart Express,TRK910246,5,9,180,SLA Breached
SHP-50247,ORD-20247,Delhivery Direct,TRK910247,4,4,60,SLA Met
SHP-50248,ORD-20248,Shadowfax Surface,TRK910248,5,5,150,SLA Met
SHP-50249,ORD-20249,Shadowfax Surface,TRK910249,3,3,90,SLA Met
SHP-50250,ORD-20250,Delhivery Direct,TRK910250,5,5,90,SLA Met
SHP-50251,ORD-20251,Ecom Express,TRK910251,2,2,90,SLA Met
SHP-50253,ORD-20253,XpressBees Surface,TRK910253,2,5,120,SLA Breached
SHP-50254,ORD-20254,XpressBees Surface,TRK910254,2,4,120,SLA Breached
SHP-50255,ORD-20255,Ecom Express,TRK910255,2,2,150,SLA Met
SHP-50256,ORD-20256,Delhivery Direct,TRK910256,2,2,120,SLA Met
SHP-50257,ORD-20257,Shadowfax Surface,TRK910257,3,3,90,SLA Met
SHP-50258,ORD-20258,Ecom Express,TRK910258,4,4,150,SLA Met
SHP-50259,ORD-20259,XpressBees Surface,TRK910259,4,6,180,SLA Breached
SHP-50260,ORD-20260,BlueDart Express,TRK910260,2,2,180,SLA Met
SHP-50261,ORD-20261,XpressBees Surface,TRK910261,5,7,90,SLA Breached
SHP-50262,ORD-20262,Ecom Express,TRK910262,4,5,90,SLA Breached
SHP-50263,ORD-20263,Ecom Express,TRK910263,4,6,90,SLA Breached
SHP-50264,ORD-20264,XpressBees Surface,TRK910264,2,2,180,SLA Met
SHP-50265,ORD-20265,XpressBees Surface,TRK910265,5,7,90,SLA Breached
SHP-50266,ORD-20266,XpressBees Surface,TRK910266,4,4,60,SLA Met
SHP-50267,ORD-20267,Ecom Express,TRK910267,5,5,60,SLA Met
SHP-50268,ORD-20268,Shadowfax Surface,TRK910268,3,3,60,SLA Met
SHP-50269,ORD-20269,Ecom Express,TRK910269,3,3,60,SLA Met
SHP-50270,ORD-20270,Ecom Express,TRK910270,5,8,90,SLA Breached
SHP-50272,ORD-20272,Shadowfax Surface,TRK910272,2,2,60,SLA Met
SHP-50273,ORD-20273,Shadowfax Surface,TRK910273,5,5,180,SLA Met
SHP-50274,ORD-20274,Delhivery Direct,TRK910274,5,7,60,SLA Breached
SHP-50275,ORD-20275,Ecom Express,TRK910275,2,2,60,SLA Met
SHP-50276,ORD-20276,Delhivery Direct,TRK910276,4,4,60,SLA Met
SHP-50277,ORD-20277,Delhivery Direct,TRK910277,3,3,60,SLA Met
SHP-50279,ORD-20279,XpressBees Surface,TRK910279,5,5,90,SLA Met
SHP-50280,ORD-20280,BlueDart Express,TRK910280,4,4,120,SLA Met
SHP-50282,ORD-20282,BlueDart Express,TRK910282,4,4,120,SLA Met
SHP-50283,ORD-20283,XpressBees Surface,TRK910283,4,4,180,SLA Met
SHP-50284,ORD-20284,Delhivery Direct,TRK910284,2,2,60,SLA Met
SHP-50285,ORD-20285,BlueDart Express,TRK910285,5,5,120,SLA Met
SHP-50286,ORD-20286,XpressBees Surface,TRK910286,2,2,90,SLA Met
SHP-50287,ORD-20287,Delhivery Direct,TRK910287,5,5,120,SLA Met
SHP-50288,ORD-20288,BlueDart Express,TRK910288,3,3,150,SLA Met
SHP-50289,ORD-20289,BlueDart Express,TRK910289,4,4,60,SLA Met
SHP-50290,ORD-20290,XpressBees Surface,TRK910290,2,3,150,SLA Breached
SHP-50291,ORD-20291,Shadowfax Surface,TRK910291,5,5,150,SLA Met
SHP-50292,ORD-20292,XpressBees Surface,TRK910292,3,3,180,SLA Met
SHP-50294,ORD-20294,Ecom Express,TRK910294,3,5,150,SLA Breached
SHP-50296,ORD-20296,BlueDart Express,TRK910296,5,5,90,SLA Met
SHP-50297,ORD-20297,Delhivery Direct,TRK910297,5,5,120,SLA Met
SHP-50298,ORD-20298,BlueDart Express,TRK910298,4,4,60,SLA Met
SHP-50299,ORD-20299,XpressBees Surface,TRK910299,3,7,120,SLA Breached
SHP-50300,ORD-20300,BlueDart Express,TRK910300,5,5,120,SLA Met
SHP-50301,ORD-20301,BlueDart Express,TRK910301,2,2,120,SLA Met
SHP-50302,ORD-20302,Delhivery Direct,TRK910302,5,5,60,SLA Met
SHP-50303,ORD-20303,Delhivery Direct,TRK910303,3,3,150,SLA Met
SHP-50304,ORD-20304,XpressBees Surface,TRK910304,2,2,90,SLA Met
SHP-50305,ORD-20305,Delhivery Direct,TRK910305,5,5,150,SLA Met
SHP-50306,ORD-20306,Shadowfax Surface,TRK910306,3,4,180,SLA Breached
SHP-50307,ORD-20307,Shadowfax Surface,TRK910307,4,4,180,SLA Met
SHP-50309,ORD-20309,Ecom Express,TRK910309,4,4,180,SLA Met
SHP-50310,ORD-20310,Ecom Express,TRK910310,3,3,120,SLA Met
SHP-50311,ORD-20311,Shadowfax Surface,TRK910311,5,5,60,SLA Met
SHP-50312,ORD-20312,XpressBees Surface,TRK910312,3,4,60,SLA Breached
SHP-50313,ORD-20313,Shadowfax Surface,TRK910313,3,3,60,SLA Met
SHP-50314,ORD-20314,Shadowfax Surface,TRK910314,2,2,120,SLA Met
SHP-50315,ORD-20315,Shadowfax Surface,TRK910315,4,4,180,SLA Met
SHP-50316,ORD-20316,XpressBees Surface,TRK910316,4,4,150,SLA Met
SHP-50317,ORD-20317,Delhivery Direct,TRK910317,4,4,150,SLA Met
SHP-50318,ORD-20318,BlueDart Express,TRK910318,4,4,60,SLA Met
SHP-50319,ORD-20319,Delhivery Direct,TRK910319,3,3,180,SLA Met
SHP-50320,ORD-20320,Shadowfax Surface,TRK910320,4,4,90,SLA Met
SHP-50323,ORD-20323,XpressBees Surface,TRK910323,4,4,180,SLA Met
SHP-50324,ORD-20324,Ecom Express,TRK910324,4,4,180,SLA Met
SHP-50325,ORD-20325,XpressBees Surface,TRK910325,3,3,60,SLA Met
SHP-50326,ORD-20326,Ecom Express,TRK910326,3,7,150,SLA Breached
SHP-50327,ORD-20327,Ecom Express,TRK910327,2,2,90,SLA Met
SHP-50328,ORD-20328,BlueDart Express,TRK910328,3,5,150,SLA Breached
SHP-50329,ORD-20329,Ecom Express,TRK910329,5,5,180,SLA Met
SHP-50330,ORD-20330,BlueDart Express,TRK910330,5,5,180,SLA Met
SHP-50331,ORD-20331,XpressBees Surface,TRK910331,2,2,90,SLA Met
SHP-50332,ORD-20332,Shadowfax Surface,TRK910332,2,6,120,SLA Breached
SHP-50333,ORD-20333,BlueDart Express,TRK910333,3,3,90,SLA Met
SHP-50335,ORD-20335,BlueDart Express,TRK910335,4,7,150,SLA Breached
SHP-50336,ORD-20336,Delhivery Direct,TRK910336,4,4,150,SLA Met
SHP-50337,ORD-20337,XpressBees Surface,TRK910337,5,5,180,SLA Met
SHP-50339,ORD-20339,Shadowfax Surface,TRK910339,3,3,90,SLA Met
SHP-50340,ORD-20340,BlueDart Express,TRK910340,2,2,180,SLA Met
SHP-50341,ORD-20341,Delhivery Direct,TRK910341,3,3,120,SLA Met
SHP-50343,ORD-20343,Ecom Express,TRK910343,3,3,150,SLA Met
SHP-50344,ORD-20344,BlueDart Express,TRK910344,4,8,120,SLA Breached
SHP-50345,ORD-20345,XpressBees Surface,TRK910345,3,3,60,SLA Met
SHP-50346,ORD-20346,Delhivery Direct,TRK910346,5,5,180,SLA Met
SHP-50347,ORD-20347,Ecom Express,TRK910347,4,4,120,SLA Met
SHP-50349,ORD-20349,Delhivery Direct,TRK910349,5,8,90,SLA Breached
SHP-50350,ORD-20350,Delhivery Direct,TRK910350,2,3,90,SLA Breached
SHP-50351,ORD-20351,Shadowfax Surface,TRK910351,3,3,150,SLA Met
SHP-50352,ORD-20352,Delhivery Direct,TRK910352,2,2,60,SLA Met
SHP-50353,ORD-20353,Ecom Express,TRK910353,2,2,150,SLA Met
SHP-50354,ORD-20354,Delhivery Direct,TRK910354,3,3,150,SLA Met
SHP-50355,ORD-20355,BlueDart Express,TRK910355,3,3,180,SLA Met
SHP-50357,ORD-20357,XpressBees Surface,TRK910357,5,5,150,SLA Met
SHP-50359,ORD-20359,Delhivery Direct,TRK910359,3,3,150,SLA Met
SHP-50360,ORD-20360,XpressBees Surface,TRK910360,3,3,150,SLA Met
SHP-50361,ORD-20361,XpressBees Surface,TRK910361,5,5,120,SLA Met
SHP-50362,ORD-20362,Ecom Express,TRK910362,2,4,60,SLA Breached
SHP-50363,ORD-20363,BlueDart Express,TRK910363,4,6,180,SLA Breached
SHP-50364,ORD-20364,Delhivery Direct,TRK910364,4,4,180,SLA Met
SHP-50365,ORD-20365,XpressBees Surface,TRK910365,4,4,150,SLA Met
SHP-50367,ORD-20367,Shadowfax Surface,TRK910367,5,5,180,SLA Met
SHP-50369,ORD-20369,Shadowfax Surface,TRK910369,5,5,150,SLA Met
SHP-50370,ORD-20370,BlueDart Express,TRK910370,5,5,60,SLA Met
SHP-50371,ORD-20371,Ecom Express,TRK910371,5,5,150,SLA Met
SHP-50372,ORD-20372,Delhivery Direct,TRK910372,5,7,180,SLA Breached
SHP-50373,ORD-20373,BlueDart Express,TRK910373,3,3,180,SLA Met
SHP-50375,ORD-20375,Ecom Express,TRK910375,5,5,180,SLA Met
SHP-50376,ORD-20376,Shadowfax Surface,TRK910376,5,9,60,SLA Breached
SHP-50377,ORD-20377,Ecom Express,TRK910377,5,5,180,SLA Met
SHP-50381,ORD-20381,Shadowfax Surface,TRK910381,2,6,120,SLA Breached
SHP-50383,ORD-20383,XpressBees Surface,TRK910383,4,4,180,SLA Met
SHP-50384,ORD-20384,BlueDart Express,TRK910384,5,5,90,SLA Met
SHP-50385,ORD-20385,BlueDart Express,TRK910385,2,5,150,SLA Breached
SHP-50386,ORD-20386,BlueDart Express,TRK910386,3,3,120,SLA Met
SHP-50387,ORD-20387,Delhivery Direct,TRK910387,3,5,60,SLA Breached
SHP-50389,ORD-20389,Ecom Express,TRK910389,3,3,120,SLA Met
SHP-50390,ORD-20390,Delhivery Direct,TRK910390,2,2,180,SLA Met
SHP-50391,ORD-20391,Shadowfax Surface,TRK910391,5,9,90,SLA Breached
SHP-50392,ORD-20392,Delhivery Direct,TRK910392,5,5,150,SLA Met
SHP-50393,ORD-20393,Delhivery Direct,TRK910393,5,5,180,SLA Met
SHP-50394,ORD-20394,Delhivery Direct,TRK910394,2,2,120,SLA Met
SHP-50395,ORD-20395,XpressBees Surface,TRK910395,2,3,120,SLA Breached
SHP-50397,ORD-20397,XpressBees Surface,TRK910397,2,2,90,SLA Met
SHP-50398,ORD-20398,XpressBees Surface,TRK910398,4,4,60,SLA Met
SHP-50400,ORD-20400,Shadowfax Surface,TRK910400,2,2,60,SLA Met
SHP-50401,ORD-20401,Delhivery Direct,TRK910401,4,7,90,SLA Breached
SHP-50402,ORD-20402,Delhivery Direct,TRK910402,4,4,60,SLA Met
SHP-50403,ORD-20403,Ecom Express,TRK910403,4,4,150,SLA Met
SHP-50404,ORD-20404,Delhivery Direct,TRK910404,3,3,60,SLA Met
SHP-50405,ORD-20405,Ecom Express,TRK910405,2,2,90,SLA Met
SHP-50407,ORD-20407,XpressBees Surface,TRK910407,4,4,150,SLA Met
SHP-50408,ORD-20408,XpressBees Surface,TRK910408,2,2,90,SLA Met
SHP-50409,ORD-20409,Shadowfax Surface,TRK910409,2,2,150,SLA Met
SHP-50411,ORD-20411,Delhivery Direct,TRK910411,2,2,60,SLA Met
SHP-50412,ORD-20412,XpressBees Surface,TRK910412,2,2,90,SLA Met
SHP-50413,ORD-20413,XpressBees Surface,TRK910413,5,5,150,SLA Met
SHP-50414,ORD-20414,Delhivery Direct,TRK910414,2,2,150,SLA Met
SHP-50415,ORD-20415,Delhivery Direct,TRK910415,5,5,150,SLA Met
SHP-50416,ORD-20416,XpressBees Surface,TRK910416,5,5,90,SLA Met
SHP-50417,ORD-20417,XpressBees Surface,TRK910417,2,2,120,SLA Met
SHP-50419,ORD-20419,BlueDart Express,TRK910419,2,2,150,SLA Met
SHP-50420,ORD-20420,BlueDart Express,TRK910420,2,2,120,SLA Met
SHP-50421,ORD-20421,XpressBees Surface,TRK910421,5,5,60,SLA Met
SHP-50423,ORD-20423,Ecom Express,TRK910423,4,4,180,SLA Met
SHP-50424,ORD-20424,Ecom Express,TRK910424,5,5,180,SLA Met
SHP-50425,ORD-20425,BlueDart Express,TRK910425,2,2,150,SLA Met
SHP-50426,ORD-20426,XpressBees Surface,TRK910426,4,6,150,SLA Breached
SHP-50427,ORD-20427,Ecom Express,TRK910427,3,3,180,SLA Met
SHP-50428,ORD-20428,Shadowfax Surface,TRK910428,5,5,180,SLA Met
SHP-50429,ORD-20429,XpressBees Surface,TRK910429,3,3,150,SLA Met
SHP-50431,ORD-20431,Delhivery Direct,TRK910431,2,2,180,SLA Met
SHP-50433,ORD-20433,Ecom Express,TRK910433,4,4,90,SLA Met
SHP-50434,ORD-20434,Delhivery Direct,TRK910434,3,3,180,SLA Met
SHP-50435,ORD-20435,XpressBees Surface,TRK910435,5,8,120,SLA Breached
SHP-50436,ORD-20436,Shadowfax Surface,TRK910436,4,4,150,SLA Met
SHP-50437,ORD-20437,XpressBees Surface,TRK910437,5,5,90,SLA Met
SHP-50438,ORD-20438,Ecom Express,TRK910438,5,7,120,SLA Breached
SHP-50440,ORD-20440,Ecom Express,TRK910440,2,3,180,SLA Breached
SHP-50441,ORD-20441,BlueDart Express,TRK910441,5,5,90,SLA Met
SHP-50442,ORD-20442,XpressBees Surface,TRK910442,2,2,180,SLA Met
SHP-50443,ORD-20443,XpressBees Surface,TRK910443,4,4,60,SLA Met
SHP-50444,ORD-20444,Delhivery Direct,TRK910444,3,3,180,SLA Met
SHP-50445,ORD-20445,BlueDart Express,TRK910445,2,2,120,SLA Met
SHP-50446,ORD-20446,Ecom Express,TRK910446,2,2,90,SLA Met
SHP-50447,ORD-20447,Ecom Express,TRK910447,3,3,180,SLA Met
SHP-50449,ORD-20449,Shadowfax Surface,TRK910449,4,7,60,SLA Breached
SHP-50450,ORD-20450,Ecom Express,TRK910450,3,3,150,SLA Met
SHP-50451,ORD-20451,Ecom Express,TRK910451,4,4,90,SLA Met
SHP-50452,ORD-20452,Shadowfax Surface,TRK910452,5,8,90,SLA Breached
SHP-50453,ORD-20453,Ecom Express,TRK910453,2,4,90,SLA Breached
SHP-50454,ORD-20454,Delhivery Direct,TRK910454,4,4,120,SLA Met
SHP-50455,ORD-20455,BlueDart Express,TRK910455,3,7,150,SLA Breached
SHP-50456,ORD-20456,Ecom Express,TRK910456,5,7,120,SLA Breached
SHP-50458,ORD-20458,Ecom Express,TRK910458,4,4,180,SLA Met
SHP-50459,ORD-20459,Ecom Express,TRK910459,3,3,120,SLA Met
SHP-50460,ORD-20460,Ecom Express,TRK910460,2,2,90,SLA Met
SHP-50461,ORD-20461,Ecom Express,TRK910461,5,5,180,SLA Met
SHP-50462,ORD-20462,Shadowfax Surface,TRK910462,3,3,90,SLA Met
SHP-50464,ORD-20464,Ecom Express,TRK910464,4,4,90,SLA Met
SHP-50465,ORD-20465,Delhivery Direct,TRK910465,5,5,180,SLA Met
SHP-50466,ORD-20466,Shadowfax Surface,TRK910466,4,4,150,SLA Met
SHP-50468,ORD-20468,Delhivery Direct,TRK910468,2,2,120,SLA Met
SHP-50469,ORD-20469,Ecom Express,TRK910469,2,2,90,SLA Met
SHP-50470,ORD-20470,XpressBees Surface,TRK910470,4,4,90,SLA Met
SHP-50472,ORD-20472,Delhivery Direct,TRK910472,5,5,180,SLA Met
SHP-50473,ORD-20473,Shadowfax Surface,TRK910473,4,4,180,SLA Met
SHP-50474,ORD-20474,XpressBees Surface,TRK910474,3,3,60,SLA Met
SHP-50475,ORD-20475,Shadowfax Surface,TRK910475,3,3,120,SLA Met
SHP-50476,ORD-20476,BlueDart Express,TRK910476,4,4,60,SLA Met
SHP-50477,ORD-20477,Delhivery Direct,TRK910477,4,4,180,SLA Met
SHP-50478,ORD-20478,Ecom Express,TRK910478,2,2,120,SLA Met
SHP-50480,ORD-20480,Delhivery Direct,TRK910480,4,6,90,SLA Breached
SHP-50481,ORD-20481,Ecom Express,TRK910481,2,2,60,SLA Met
SHP-50483,ORD-20483,Delhivery Direct,TRK910483,5,5,90,SLA Met
SHP-50484,ORD-20484,Delhivery Direct,TRK910484,4,4,120,SLA Met
SHP-50485,ORD-20485,BlueDart Express,TRK910485,5,5,150,SLA Met
SHP-50486,ORD-20486,XpressBees Surface,TRK910486,3,3,120,SLA Met
SHP-50487,ORD-20487,Shadowfax Surface,TRK910487,2,2,60,SLA Met
SHP-50489,ORD-20489,Delhivery Direct,TRK910489,5,5,90,SLA Met
SHP-50490,ORD-20490,BlueDart Express,TRK910490,3,3,90,SLA Met
SHP-50491,ORD-20491,Ecom Express,TRK910491,5,9,120,SLA Breached
SHP-50492,ORD-20492,Ecom Express,TRK910492,4,4,90,SLA Met
SHP-50493,ORD-20493,BlueDart Express,TRK910493,5,5,120,SLA Met
SHP-50494,ORD-20494,Delhivery Direct,TRK910494,4,4,60,SLA Met
SHP-50496,ORD-20496,Ecom Express,TRK910496,4,4,180,SLA Met
SHP-50497,ORD-20497,BlueDart Express,TRK910497,2,2,180,SLA Met
SHP-50498,ORD-20498,Shadowfax Surface,TRK910498,5,5,150,SLA Met
SHP-50499,ORD-20499,BlueDart Express,TRK910499,3,3,60,SLA Met
SHP-50500,ORD-20500,XpressBees Surface,TRK910500,2,2,180,SLA Met
SHP-50501,ORD-20501,XpressBees Surface,TRK910501,4,4,150,SLA Met
SHP-50502,ORD-20502,Delhivery Direct,TRK910502,4,4,120,SLA Met
SHP-50503,ORD-20503,BlueDart Express,TRK910503,4,4,180,SLA Met
SHP-50504,ORD-20504,Ecom Express,TRK910504,3,7,150,SLA Breached
SHP-50505,ORD-20505,Delhivery Direct,TRK910505,4,4,120,SLA Met
SHP-50506,ORD-20506,XpressBees Surface,TRK910506,2,3,150,SLA Breached
SHP-50508,ORD-20508,Delhivery Direct,TRK910508,5,5,90,SLA Met
SHP-50509,ORD-20509,XpressBees Surface,TRK910509,4,8,180,SLA Breached
SHP-50511,ORD-20511,Delhivery Direct,TRK910511,3,3,120,SLA Met
SHP-50512,ORD-20512,Shadowfax Surface,TRK910512,5,5,120,SLA Met
SHP-50513,ORD-20513,Shadowfax Surface,TRK910513,4,4,180,SLA Met
SHP-50514,ORD-20514,Shadowfax Surface,TRK910514,5,6,120,SLA Breached
SHP-50515,ORD-20515,BlueDart Express,TRK910515,4,4,90,SLA Met
SHP-50516,ORD-20516,Delhivery Direct,TRK910516,3,5,180,SLA Breached
SHP-50517,ORD-20517,Shadowfax Surface,TRK910517,3,3,120,SLA Met
SHP-50518,ORD-20518,Ecom Express,TRK910518,2,2,120,SLA Met
SHP-50519,ORD-20519,XpressBees Surface,TRK910519,3,3,180,SLA Met
SHP-50520,ORD-20520,XpressBees Surface,TRK910520,5,5,180,SLA Met
SHP-50521,ORD-20521,BlueDart Express,TRK910521,3,3,180,SLA Met
SHP-50522,ORD-20522,XpressBees Surface,TRK910522,4,4,150,SLA Met
SHP-50523,ORD-20523,Ecom Express,TRK910523,2,2,180,SLA Met
SHP-50525,ORD-20525,Delhivery Direct,TRK910525,3,3,120,SLA Met
SHP-50526,ORD-20526,Shadowfax Surface,TRK910526,2,2,180,SLA Met
SHP-50527,ORD-20527,XpressBees Surface,TRK910527,5,5,120,SLA Met
SHP-50528,ORD-20528,Delhivery Direct,TRK910528,5,5,90,SLA Met
SHP-50529,ORD-20529,Shadowfax Surface,TRK910529,3,3,120,SLA Met
SHP-50531,ORD-20531,Delhivery Direct,TRK910531,3,7,60,SLA Breached
SHP-50532,ORD-20532,Shadowfax Surface,TRK910532,4,4,120,SLA Met
SHP-50533,ORD-20533,Delhivery Direct,TRK910533,5,5,150,SLA Met
SHP-50534,ORD-20534,Shadowfax Surface,TRK910534,4,4,60,SLA Met
SHP-50535,ORD-20535,XpressBees Surface,TRK910535,4,4,180,SLA Met
SHP-50536,ORD-20536,Delhivery Direct,TRK910536,5,5,90,SLA Met
SHP-50538,ORD-20538,Ecom Express,TRK910538,2,2,180,SLA Met
SHP-50539,ORD-20539,BlueDart Express,TRK910539,5,5,60,SLA Met
SHP-50541,ORD-20541,XpressBees Surface,TRK910541,5,5,120,SLA Met
SHP-50542,ORD-20542,BlueDart Express,TRK910542,5,5,180,SLA Met
SHP-50545,ORD-20545,Ecom Express,TRK910545,5,5,150,SLA Met
SHP-50546,ORD-20546,BlueDart Express,TRK910546,3,3,60,SLA Met
SHP-50547,ORD-20547,Ecom Express,TRK910547,2,2,150,SLA Met
SHP-50548,ORD-20548,Shadowfax Surface,TRK910548,4,4,150,SLA Met
SHP-50549,ORD-20549,Ecom Express,TRK910549,3,7,120,SLA Breached
SHP-50550,ORD-20550,Delhivery Direct,TRK910550,4,4,180,SLA Met
SHP-50551,ORD-20551,XpressBees Surface,TRK910551,2,2,120,SLA Met
SHP-50553,ORD-20553,Shadowfax Surface,TRK910553,3,3,60,SLA Met
SHP-50554,ORD-20554,Shadowfax Surface,TRK910554,4,4,150,SLA Met
SHP-50555,ORD-20555,Delhivery Direct,TRK910555,5,5,120,SLA Met
SHP-50556,ORD-20556,XpressBees Surface,TRK910556,2,2,90,SLA Met
SHP-50557,ORD-20557,Ecom Express,TRK910557,5,8,180,SLA Breached
SHP-50558,ORD-20558,BlueDart Express,TRK910558,3,3,150,SLA Met
SHP-50559,ORD-20559,Shadowfax Surface,TRK910559,3,3,120,SLA Met
SHP-50560,ORD-20560,Shadowfax Surface,TRK910560,5,7,120,SLA Breached
SHP-50561,ORD-20561,XpressBees Surface,TRK910561,4,5,150,SLA Breached
SHP-50562,ORD-20562,XpressBees Surface,TRK910562,2,2,90,SLA Met
SHP-50563,ORD-20563,Shadowfax Surface,TRK910563,2,5,90,SLA Breached
SHP-50565,ORD-20565,BlueDart Express,TRK910565,4,5,150,SLA Breached
SHP-50566,ORD-20566,Ecom Express,TRK910566,2,2,180,SLA Met
SHP-50567,ORD-20567,Shadowfax Surface,TRK910567,3,6,90,SLA Breached
SHP-50568,ORD-20568,Delhivery Direct,TRK910568,2,2,180,SLA Met
SHP-50569,ORD-20569,Shadowfax Surface,TRK910569,2,2,60,SLA Met
SHP-50570,ORD-20570,Delhivery Direct,TRK910570,4,7,90,SLA Breached
SHP-50571,ORD-20571,Delhivery Direct,TRK910571,3,3,60,SLA Met
SHP-50572,ORD-20572,Delhivery Direct,TRK910572,5,5,150,SLA Met
SHP-50573,ORD-20573,XpressBees Surface,TRK910573,4,4,90,SLA Met
SHP-50574,ORD-20574,XpressBees Surface,TRK910574,2,2,90,SLA Met
SHP-50576,ORD-20576,Ecom Express,TRK910576,3,3,180,SLA Met
SHP-50577,ORD-20577,Shadowfax Surface,TRK910577,5,5,150,SLA Met
SHP-50579,ORD-20579,XpressBees Surface,TRK910579,4,4,90,SLA Met
SHP-50580,ORD-20580,XpressBees Surface,TRK910580,4,4,150,SLA Met
SHP-50581,ORD-20581,XpressBees Surface,TRK910581,3,3,120,SLA Met
SHP-50582,ORD-20582,Ecom Express,TRK910582,2,2,120,SLA Met
SHP-50583,ORD-20583,BlueDart Express,TRK910583,4,4,90,SLA Met
SHP-50584,ORD-20584,Ecom Express,TRK910584,4,4,60,SLA Met
SHP-50585,ORD-20585,XpressBees Surface,TRK910585,3,3,90,SLA Met
SHP-50587,ORD-20587,BlueDart Express,TRK910587,5,5,180,SLA Met
SHP-50588,ORD-20588,Ecom Express,TRK910588,3,3,180,SLA Met
SHP-50589,ORD-20589,Ecom Express,TRK910589,5,5,180,SLA Met
SHP-50590,ORD-20590,Shadowfax Surface,TRK910590,2,2,90,SLA Met
SHP-50591,ORD-20591,XpressBees Surface,TRK910591,4,4,180,SLA Met
SHP-50592,ORD-20592,Delhivery Direct,TRK910592,4,4,150,SLA Met
SHP-50593,ORD-20593,BlueDart Express,TRK910593,5,5,180,SLA Met
SHP-50594,ORD-20594,Ecom Express,TRK910594,2,2,150,SLA Met
SHP-50596,ORD-20596,Shadowfax Surface,TRK910596,4,4,90,SLA Met
SHP-50597,ORD-20597,Ecom Express,TRK910597,2,4,150,SLA Breached
SHP-50598,ORD-20598,Shadowfax Surface,TRK910598,2,2,180,SLA Met
SHP-50599,ORD-20599,Shadowfax Surface,TRK910599,4,8,90,SLA Breached
SHP-50600,ORD-20600,Shadowfax Surface,TRK910600,4,4,150,SLA Met
SHP-50601,ORD-20601,XpressBees Surface,TRK910601,3,3,60,SLA Met
SHP-50602,ORD-20602,XpressBees Surface,TRK910602,3,3,90,SLA Met
SHP-50605,ORD-20605,Ecom Express,TRK910605,4,4,60,SLA Met
SHP-50606,ORD-20606,Shadowfax Surface,TRK910606,2,2,150,SLA Met
SHP-50607,ORD-20607,Ecom Express,TRK910607,5,5,120,SLA Met
SHP-50608,ORD-20608,Shadowfax Surface,TRK910608,3,3,180,SLA Met
SHP-50609,ORD-20609,BlueDart Express,TRK910609,5,5,90,SLA Met
SHP-50610,ORD-20610,XpressBees Surface,TRK910610,2,2,150,SLA Met
SHP-50611,ORD-20611,XpressBees Surface,TRK910611,5,6,60,SLA Breached
SHP-50612,ORD-20612,XpressBees Surface,TRK910612,4,4,180,SLA Met
SHP-50613,ORD-20613,Shadowfax Surface,TRK910613,2,6,90,SLA Breached
SHP-50614,ORD-20614,BlueDart Express,TRK910614,2,2,90,SLA Met
SHP-50615,ORD-20615,Delhivery Direct,TRK910615,2,5,90,SLA Breached
SHP-50616,ORD-20616,Delhivery Direct,TRK910616,4,4,60,SLA Met
SHP-50617,ORD-20617,Ecom Express,TRK910617,5,5,90,SLA Met
SHP-50618,ORD-20618,Ecom Express,TRK910618,3,6,90,SLA Breached
SHP-50619,ORD-20619,Delhivery Direct,TRK910619,5,5,90,SLA Met
SHP-50620,ORD-20620,Ecom Express,TRK910620,5,5,90,SLA Met
SHP-50621,ORD-20621,Delhivery Direct,TRK910621,5,5,150,SLA Met
SHP-50622,ORD-20622,BlueDart Express,TRK910622,3,3,120,SLA Met
SHP-50623,ORD-20623,Delhivery Direct,TRK910623,4,4,180,SLA Met
SHP-50624,ORD-20624,Delhivery Direct,TRK910624,5,5,180,SLA Met
SHP-50625,ORD-20625,BlueDart Express,TRK910625,4,7,120,SLA Breached
SHP-50626,ORD-20626,XpressBees Surface,TRK910626,2,3,150,SLA Breached
SHP-50627,ORD-20627,Ecom Express,TRK910627,5,5,90,SLA Met
SHP-50628,ORD-20628,XpressBees Surface,TRK910628,5,5,60,SLA Met
SHP-50629,ORD-20629,Shadowfax Surface,TRK910629,2,6,90,SLA Breached
SHP-50631,ORD-20631,XpressBees Surface,TRK910631,2,2,120,SLA Met
SHP-50632,ORD-20632,Ecom Express,TRK910632,5,5,60,SLA Met
SHP-50633,ORD-20633,Shadowfax Surface,TRK910633,5,5,180,SLA Met
SHP-50634,ORD-20634,Shadowfax Surface,TRK910634,5,5,180,SLA Met
SHP-50635,ORD-20635,XpressBees Surface,TRK910635,5,7,150,SLA Breached
SHP-50636,ORD-20636,BlueDart Express,TRK910636,5,5,150,SLA Met
SHP-50637,ORD-20637,BlueDart Express,TRK910637,4,4,120,SLA Met
SHP-50638,ORD-20638,XpressBees Surface,TRK910638,5,5,150,SLA Met
SHP-50639,ORD-20639,Ecom Express,TRK910639,2,2,150,SLA Met
SHP-50640,ORD-20640,Delhivery Direct,TRK910640,2,2,180,SLA Met
SHP-50641,ORD-20641,Shadowfax Surface,TRK910641,3,3,150,SLA Met
SHP-50642,ORD-20642,Shadowfax Surface,TRK910642,2,2,180,SLA Met
SHP-50643,ORD-20643,Ecom Express,TRK910643,3,3,180,SLA Met
SHP-50644,ORD-20644,Delhivery Direct,TRK910644,4,4,60,SLA Met
SHP-50645,ORD-20645,Shadowfax Surface,TRK910645,2,2,150,SLA Met
SHP-50647,ORD-20647,Delhivery Direct,TRK910647,3,3,180,SLA Met
SHP-50648,ORD-20648,Shadowfax Surface,TRK910648,2,6,120,SLA Breached
SHP-50649,ORD-20649,Shadowfax Surface,TRK910649,4,4,180,SLA Met
SHP-50650,ORD-20650,Ecom Express,TRK910650,3,3,150,SLA Met
SHP-50651,ORD-20651,BlueDart Express,TRK910651,2,2,60,SLA Met
SHP-50652,ORD-20652,Delhivery Direct,TRK910652,5,5,180,SLA Met
SHP-50653,ORD-20653,Shadowfax Surface,TRK910653,4,4,150,SLA Met
SHP-50654,ORD-20654,Ecom Express,TRK910654,4,4,120,SLA Met
SHP-50655,ORD-20655,XpressBees Surface,TRK910655,3,3,90,SLA Met
SHP-50657,ORD-20657,Shadowfax Surface,TRK910657,3,3,180,SLA Met
SHP-50659,ORD-20659,BlueDart Express,TRK910659,4,4,150,SLA Met
SHP-50660,ORD-20660,Shadowfax Surface,TRK910660,5,5,90,SLA Met
SHP-50664,ORD-20664,BlueDart Express,TRK910664,4,4,90,SLA Met
SHP-50665,ORD-20665,Shadowfax Surface,TRK910665,2,2,180,SLA Met
SHP-50666,ORD-20666,Ecom Express,TRK910666,2,2,120,SLA Met
SHP-50667,ORD-20667,XpressBees Surface,TRK910667,5,5,180,SLA Met
SHP-50669,ORD-20669,XpressBees Surface,TRK910669,4,4,120,SLA Met
SHP-50670,ORD-20670,XpressBees Surface,TRK910670,2,3,120,SLA Breached
SHP-50672,ORD-20672,XpressBees Surface,TRK910672,3,3,90,SLA Met
SHP-50673,ORD-20673,XpressBees Surface,TRK910673,2,2,120,SLA Met
SHP-50674,ORD-20674,Ecom Express,TRK910674,3,3,60,SLA Met
SHP-50676,ORD-20676,Ecom Express,TRK910676,4,4,150,SLA Met
SHP-50677,ORD-20677,XpressBees Surface,TRK910677,2,2,120,SLA Met
SHP-50678,ORD-20678,Ecom Express,TRK910678,4,4,120,SLA Met
SHP-50679,ORD-20679,Shadowfax Surface,TRK910679,3,5,150,SLA Breached
SHP-50680,ORD-20680,BlueDart Express,TRK910680,5,5,60,SLA Met
SHP-50681,ORD-20681,BlueDart Express,TRK910681,2,2,180,SLA Met
SHP-50682,ORD-20682,BlueDart Express,TRK910682,5,5,120,SLA Met
SHP-50683,ORD-20683,Ecom Express,TRK910683,3,3,180,SLA Met
SHP-50684,ORD-20684,BlueDart Express,TRK910684,3,3,150,SLA Met
SHP-50686,ORD-20686,Ecom Express,TRK910686,4,4,90,SLA Met
SHP-50688,ORD-20688,XpressBees Surface,TRK910688,5,5,90,SLA Met
SHP-50689,ORD-20689,Delhivery Direct,TRK910689,5,5,120,SLA Met
SHP-50692,ORD-20692,Shadowfax Surface,TRK910692,3,3,150,SLA Met
SHP-50693,ORD-20693,Ecom Express,TRK910693,3,3,60,SLA Met
SHP-50694,ORD-20694,Ecom Express,TRK910694,4,8,180,SLA Breached
SHP-50695,ORD-20695,XpressBees Surface,TRK910695,5,9,90,SLA Breached
SHP-50696,ORD-20696,XpressBees Surface,TRK910696,3,3,120,SLA Met
SHP-50697,ORD-20697,BlueDart Express,TRK910697,5,5,60,SLA Met
SHP-50698,ORD-20698,Ecom Express,TRK910698,4,6,90,SLA Breached
SHP-50699,ORD-20699,BlueDart Express,TRK910699,4,4,180,SLA Met
SHP-50700,ORD-20700,Ecom Express,TRK910700,4,4,60,SLA Met
SHP-50701,ORD-20701,BlueDart Express,TRK910701,5,7,150,SLA Breached
SHP-50702,ORD-20702,XpressBees Surface,TRK910702,4,4,150,SLA Met
SHP-50703,ORD-20703,BlueDart Express,TRK910703,3,3,60,SLA Met
SHP-50704,ORD-20704,XpressBees Surface,TRK910704,2,2,60,SLA Met
SHP-50707,ORD-20707,BlueDart Express,TRK910707,5,5,150,SLA Met
SHP-50708,ORD-20708,Delhivery Direct,TRK910708,3,4,120,SLA Breached
SHP-50710,ORD-20710,XpressBees Surface,TRK910710,2,2,120,SLA Met
SHP-50711,ORD-20711,Ecom Express,TRK910711,4,4,150,SLA Met
SHP-50712,ORD-20712,Ecom Express,TRK910712,4,4,90,SLA Met
SHP-50713,ORD-20713,BlueDart Express,TRK910713,4,6,120,SLA Breached
SHP-50715,ORD-20715,Ecom Express,TRK910715,5,5,150,SLA Met
SHP-50716,ORD-20716,BlueDart Express,TRK910716,3,3,60,SLA Met
SHP-50717,ORD-20717,BlueDart Express,TRK910717,4,4,60,SLA Met
SHP-50718,ORD-20718,BlueDart Express,TRK910718,5,5,150,SLA Met
SHP-50720,ORD-20720,XpressBees Surface,TRK910720,2,2,180,SLA Met
SHP-50721,ORD-20721,XpressBees Surface,TRK910721,2,2,150,SLA Met
SHP-50722,ORD-20722,Ecom Express,TRK910722,2,2,60,SLA Met
SHP-50723,ORD-20723,BlueDart Express,TRK910723,4,4,60,SLA Met
SHP-50724,ORD-20724,Shadowfax Surface,TRK910724,3,3,120,SLA Met
SHP-50725,ORD-20725,Ecom Express,TRK910725,3,3,120,SLA Met
SHP-50726,ORD-20726,Delhivery Direct,TRK910726,3,3,60,SLA Met
SHP-50727,ORD-20727,XpressBees Surface,TRK910727,4,4,90,SLA Met
SHP-50729,ORD-20729,Delhivery Direct,TRK910729,3,3,90,SLA Met
SHP-50730,ORD-20730,BlueDart Express,TRK910730,3,3,90,SLA Met
SHP-50731,ORD-20731,Ecom Express,TRK910731,2,2,120,SLA Met
SHP-50732,ORD-20732,XpressBees Surface,TRK910732,3,3,90,SLA Met
SHP-50733,ORD-20733,XpressBees Surface,TRK910733,2,2,180,SLA Met
SHP-50734,ORD-20734,Ecom Express,TRK910734,2,2,180,SLA Met
SHP-50736,ORD-20736,BlueDart Express,TRK910736,3,3,60,SLA Met
SHP-50737,ORD-20737,Delhivery Direct,TRK910737,4,4,60,SLA Met
SHP-50738,ORD-20738,Ecom Express,TRK910738,3,3,60,SLA Met
SHP-50739,ORD-20739,XpressBees Surface,TRK910739,2,2,60,SLA Met
SHP-50740,ORD-20740,BlueDart Express,TRK910740,4,4,150,SLA Met
SHP-50741,ORD-20741,Shadowfax Surface,TRK910741,4,4,120,SLA Met
SHP-50742,ORD-20742,Delhivery Direct,TRK910742,2,2,120,SLA Met
SHP-50743,ORD-20743,XpressBees Surface,TRK910743,2,2,60,SLA Met
SHP-50744,ORD-20744,Delhivery Direct,TRK910744,2,2,60,SLA Met
SHP-50745,ORD-20745,XpressBees Surface,TRK910745,3,3,120,SLA Met
SHP-50746,ORD-20746,BlueDart Express,TRK910746,5,8,120,SLA Breached
SHP-50747,ORD-20747,Delhivery Direct,TRK910747,3,3,90,SLA Met
SHP-50749,ORD-20749,Ecom Express,TRK910749,5,5,120,SLA Met
SHP-50750,ORD-20750,Delhivery Direct,TRK910750,2,2,120,SLA Met
SHP-50751,ORD-20751,BlueDart Express,TRK910751,3,5,150,SLA Breached
SHP-50752,ORD-20752,XpressBees Surface,TRK910752,5,5,60,SLA Met
SHP-50753,ORD-20753,Shadowfax Surface,TRK910753,4,7,60,SLA Breached
SHP-50754,ORD-20754,Shadowfax Surface,TRK910754,3,3,180,SLA Met
SHP-50755,ORD-20755,Delhivery Direct,TRK910755,4,4,150,SLA Met
SHP-50757,ORD-20757,Ecom Express,TRK910757,3,3,60,SLA Met
SHP-50758,ORD-20758,Ecom Express,TRK910758,3,3,180,SLA Met
SHP-50759,ORD-20759,XpressBees Surface,TRK910759,4,4,90,SLA Met
SHP-50760,ORD-20760,Ecom Express,TRK910760,2,2,150,SLA Met
SHP-50761,ORD-20761,XpressBees Surface,TRK910761,2,3,120,SLA Breached
SHP-50762,ORD-20762,Delhivery Direct,TRK910762,5,9,150,SLA Breached
SHP-50763,ORD-20763,XpressBees Surface,TRK910763,5,5,60,SLA Met
SHP-50764,ORD-20764,BlueDart Express,TRK910764,2,5,150,SLA Breached
SHP-50765,ORD-20765,BlueDart Express,TRK910765,3,3,120,SLA Met
SHP-50766,ORD-20766,Ecom Express,TRK910766,2,2,180,SLA Met
SHP-50768,ORD-20768,Shadowfax Surface,TRK910768,4,4,180,SLA Met
SHP-50769,ORD-20769,Shadowfax Surface,TRK910769,2,2,90,SLA Met
SHP-50771,ORD-20771,Delhivery Direct,TRK910771,4,4,120,SLA Met
SHP-50774,ORD-20774,Delhivery Direct,TRK910774,4,4,90,SLA Met
SHP-50775,ORD-20775,BlueDart Express,TRK910775,5,5,120,SLA Met
SHP-50776,ORD-20776,Delhivery Direct,TRK910776,5,5,90,SLA Met
SHP-50777,ORD-20777,Delhivery Direct,TRK910777,2,2,150,SLA Met
SHP-50778,ORD-20778,BlueDart Express,TRK910778,2,2,120,SLA Met
SHP-50779,ORD-20779,Ecom Express,TRK910779,5,5,120,SLA Met
SHP-50780,ORD-20780,Shadowfax Surface,TRK910780,5,5,120,SLA Met
SHP-50781,ORD-20781,Ecom Express,TRK910781,4,4,180,SLA Met
SHP-50783,ORD-20783,Delhivery Direct,TRK910783,4,8,120,SLA Breached
SHP-50784,ORD-20784,XpressBees Surface,TRK910784,5,5,90,SLA Met
SHP-50785,ORD-20785,Shadowfax Surface,TRK910785,2,2,120,SLA Met
SHP-50786,ORD-20786,Delhivery Direct,TRK910786,5,5,120,SLA Met
SHP-50789,ORD-20789,Shadowfax Surface,TRK910789,2,2,150,SLA Met
SHP-50790,ORD-20790,Ecom Express,TRK910790,3,3,180,SLA Met
SHP-50791,ORD-20791,BlueDart Express,TRK910791,4,4,150,SLA Met
SHP-50793,ORD-20793,Ecom Express,TRK910793,3,3,150,SLA Met
SHP-50795,ORD-20795,Ecom Express,TRK910795,4,4,150,SLA Met
SHP-50797,ORD-20797,BlueDart Express,TRK910797,4,4,180,SLA Met
SHP-50798,ORD-20798,Shadowfax Surface,TRK910798,2,4,180,SLA Breached
SHP-50799,ORD-20799,Shadowfax Surface,TRK910799,4,4,180,SLA Met
SHP-50800,ORD-20800,Shadowfax Surface,TRK910800,5,5,120,SLA Met
SHP-50801,ORD-20801,BlueDart Express,TRK910801,3,3,60,SLA Met
SHP-50802,ORD-20802,XpressBees Surface,TRK910802,4,4,60,SLA Met
SHP-50803,ORD-20803,Shadowfax Surface,TRK910803,5,5,90,SLA Met
SHP-50804,ORD-20804,Delhivery Direct,TRK910804,3,3,150,SLA Met
SHP-50805,ORD-20805,Shadowfax Surface,TRK910805,3,3,60,SLA Met
SHP-50806,ORD-20806,XpressBees Surface,TRK910806,4,4,180,SLA Met
SHP-50807,ORD-20807,Shadowfax Surface,TRK910807,4,4,150,SLA Met
SHP-50808,ORD-20808,Shadowfax Surface,TRK910808,4,8,150,SLA Breached
SHP-50809,ORD-20809,Shadowfax Surface,TRK910809,5,5,60,SLA Met
SHP-50810,ORD-20810,Shadowfax Surface,TRK910810,5,5,60,SLA Met
SHP-50811,ORD-20811,Delhivery Direct,TRK910811,5,6,180,SLA Breached
SHP-50812,ORD-20812,Delhivery Direct,TRK910812,4,5,180,SLA Breached
SHP-50814,ORD-20814,BlueDart Express,TRK910814,5,5,120,SLA Met
SHP-50815,ORD-20815,BlueDart Express,TRK910815,2,2,60,SLA Met
SHP-50816,ORD-20816,Shadowfax Surface,TRK910816,3,5,150,SLA Breached
SHP-50817,ORD-20817,Delhivery Direct,TRK910817,4,4,60,SLA Met
SHP-50818,ORD-20818,XpressBees Surface,TRK910818,4,4,150,SLA Met
SHP-50819,ORD-20819,Shadowfax Surface,TRK910819,2,2,60,SLA Met
SHP-50821,ORD-20821,Shadowfax Surface,TRK910821,4,4,120,SLA Met
SHP-50822,ORD-20822,Shadowfax Surface,TRK910822,3,3,120,SLA Met
SHP-50823,ORD-20823,XpressBees Surface,TRK910823,3,3,180,SLA Met
SHP-50824,ORD-20824,BlueDart Express,TRK910824,2,2,120,SLA Met
SHP-50825,ORD-20825,Shadowfax Surface,TRK910825,5,5,120,SLA Met
SHP-50826,ORD-20826,Delhivery Direct,TRK910826,2,2,60,SLA Met
SHP-50827,ORD-20827,Delhivery Direct,TRK910827,5,5,90,SLA Met
SHP-50828,ORD-20828,XpressBees Surface,TRK910828,2,2,120,SLA Met
SHP-50829,ORD-20829,BlueDart Express,TRK910829,2,2,120,SLA Met
SHP-50830,ORD-20830,Shadowfax Surface,TRK910830,5,5,180,SLA Met
SHP-50832,ORD-20832,BlueDart Express,TRK910832,3,3,90,SLA Met
SHP-50833,ORD-20833,Delhivery Direct,TRK910833,5,5,150,SLA Met
SHP-50834,ORD-20834,BlueDart Express,TRK910834,3,3,120,SLA Met
SHP-50835,ORD-20835,Shadowfax Surface,TRK910835,5,5,150,SLA Met
SHP-50837,ORD-20837,Shadowfax Surface,TRK910837,2,2,180,SLA Met
SHP-50838,ORD-20838,BlueDart Express,TRK910838,4,4,120,SLA Met
SHP-50839,ORD-20839,Ecom Express,TRK910839,4,6,60,SLA Breached
SHP-50841,ORD-20841,Shadowfax Surface,TRK910841,5,9,90,SLA Breached
SHP-50842,ORD-20842,Delhivery Direct,TRK910842,4,4,180,SLA Met
SHP-50843,ORD-20843,Shadowfax Surface,TRK910843,2,2,60,SLA Met
SHP-50844,ORD-20844,Delhivery Direct,TRK910844,5,5,150,SLA Met
SHP-50845,ORD-20845,Ecom Express,TRK910845,3,3,180,SLA Met
SHP-50846,ORD-20846,Shadowfax Surface,TRK910846,3,3,60,SLA Met
SHP-50847,ORD-20847,Delhivery Direct,TRK910847,4,8,120,SLA Breached
SHP-50848,ORD-20848,Ecom Express,TRK910848,2,2,180,SLA Met
SHP-50849,ORD-20849,BlueDart Express,TRK910849,3,3,60,SLA Met
SHP-50850,ORD-20850,BlueDart Express,TRK910850,4,4,120,SLA Met
SHP-50851,ORD-20851,Shadowfax Surface,TRK910851,2,2,90,SLA Met
SHP-50852,ORD-20852,Ecom Express,TRK910852,4,5,120,SLA Breached
SHP-50853,ORD-20853,Shadowfax Surface,TRK910853,5,5,180,SLA Met
SHP-50854,ORD-20854,Ecom Express,TRK910854,2,2,150,SLA Met
SHP-50855,ORD-20855,Shadowfax Surface,TRK910855,2,2,60,SLA Met
SHP-50856,ORD-20856,XpressBees Surface,TRK910856,5,5,90,SLA Met
SHP-50857,ORD-20857,Shadowfax Surface,TRK910857,5,5,120,SLA Met
SHP-50858,ORD-20858,Delhivery Direct,TRK910858,3,3,60,SLA Met
SHP-50859,ORD-20859,XpressBees Surface,TRK910859,3,3,150,SLA Met
SHP-50860,ORD-20860,Delhivery Direct,TRK910860,2,5,60,SLA Breached
SHP-50861,ORD-20861,XpressBees Surface,TRK910861,4,4,60,SLA Met
SHP-50862,ORD-20862,BlueDart Express,TRK910862,5,7,90,SLA Breached
SHP-50863,ORD-20863,Delhivery Direct,TRK910863,4,4,150,SLA Met
SHP-50864,ORD-20864,XpressBees Surface,TRK910864,3,3,180,SLA Met
SHP-50865,ORD-20865,Shadowfax Surface,TRK910865,3,6,60,SLA Breached
SHP-50866,ORD-20866,Delhivery Direct,TRK910866,4,4,90,SLA Met
SHP-50867,ORD-20867,Shadowfax Surface,TRK910867,5,5,180,SLA Met
SHP-50869,ORD-20869,Ecom Express,TRK910869,3,5,150,SLA Breached
SHP-50870,ORD-20870,XpressBees Surface,TRK910870,3,3,60,SLA Met
SHP-50872,ORD-20872,Ecom Express,TRK910872,5,5,120,SLA Met
SHP-50873,ORD-20873,Delhivery Direct,TRK910873,5,5,60,SLA Met
SHP-50874,ORD-20874,Ecom Express,TRK910874,3,3,150,SLA Met
SHP-50875,ORD-20875,XpressBees Surface,TRK910875,4,4,60,SLA Met
SHP-50876,ORD-20876,BlueDart Express,TRK910876,5,5,60,SLA Met
SHP-50877,ORD-20877,BlueDart Express,TRK910877,5,5,150,SLA Met
SHP-50878,ORD-20878,Shadowfax Surface,TRK910878,4,7,120,SLA Breached
SHP-50879,ORD-20879,XpressBees Surface,TRK910879,5,5,180,SLA Met
SHP-50882,ORD-20882,Delhivery Direct,TRK910882,3,3,180,SLA Met
SHP-50883,ORD-20883,Ecom Express,TRK910883,5,5,90,SLA Met
SHP-50884,ORD-20884,Shadowfax Surface,TRK910884,5,5,120,SLA Met
SHP-50885,ORD-20885,XpressBees Surface,TRK910885,2,2,180,SLA Met
SHP-50886,ORD-20886,XpressBees Surface,TRK910886,3,3,180,SLA Met
SHP-50887,ORD-20887,BlueDart Express,TRK910887,4,4,150,SLA Met
SHP-50888,ORD-20888,BlueDart Express,TRK910888,3,3,60,SLA Met
SHP-50889,ORD-20889,Shadowfax Surface,TRK910889,2,2,180,SLA Met
SHP-50890,ORD-20890,Delhivery Direct,TRK910890,2,2,90,SLA Met
SHP-50891,ORD-20891,XpressBees Surface,TRK910891,2,2,90,SLA Met
SHP-50892,ORD-20892,XpressBees Surface,TRK910892,3,3,90,SLA Met
SHP-50893,ORD-20893,Shadowfax Surface,TRK910893,4,4,150,SLA Met
SHP-50895,ORD-20895,XpressBees Surface,TRK910895,2,2,90,SLA Met
SHP-50896,ORD-20896,XpressBees Surface,TRK910896,2,2,150,SLA Met
SHP-50898,ORD-20898,Delhivery Direct,TRK910898,3,3,150,SLA Met
SHP-50899,ORD-20899,Ecom Express,TRK910899,3,3,90,SLA Met
SHP-50900,ORD-20900,Shadowfax Surface,TRK910900,3,3,90,SLA Met
SHP-50901,ORD-20901,Ecom Express,TRK910901,4,4,150,SLA Met
SHP-50902,ORD-20902,Delhivery Direct,TRK910902,4,7,150,SLA Breached
SHP-50903,ORD-20903,Shadowfax Surface,TRK910903,2,2,90,SLA Met
SHP-50904,ORD-20904,Shadowfax Surface,TRK910904,2,2,150,SLA Met
SHP-50905,ORD-20905,Shadowfax Surface,TRK910905,5,5,180,SLA Met
SHP-50908,ORD-20908,Delhivery Direct,TRK910908,4,4,120,SLA Met
SHP-50909,ORD-20909,BlueDart Express,TRK910909,4,4,90,SLA Met
SHP-50910,ORD-20910,Delhivery Direct,TRK910910,4,4,90,SLA Met
SHP-50911,ORD-20911,Shadowfax Surface,TRK910911,3,3,60,SLA Met
SHP-50912,ORD-20912,BlueDart Express,TRK910912,4,4,150,SLA Met
SHP-50914,ORD-20914,Delhivery Direct,TRK910914,5,5,90,SLA Met
SHP-50915,ORD-20915,Ecom Express,TRK910915,3,3,120,SLA Met
SHP-50916,ORD-20916,Delhivery Direct,TRK910916,5,5,90,SLA Met
SHP-50917,ORD-20917,Ecom Express,TRK910917,5,5,60,SLA Met
SHP-50919,ORD-20919,Shadowfax Surface,TRK910919,2,5,60,SLA Breached
SHP-50921,ORD-20921,Ecom Express,TRK910921,3,3,60,SLA Met
SHP-50922,ORD-20922,XpressBees Surface,TRK910922,4,4,60,SLA Met
SHP-50924,ORD-20924,BlueDart Express,TRK910924,2,2,120,SLA Met
SHP-50927,ORD-20927,Shadowfax Surface,TRK910927,3,3,60,SLA Met
SHP-50928,ORD-20928,BlueDart Express,TRK910928,5,5,60,SLA Met
SHP-50929,ORD-20929,Delhivery Direct,TRK910929,4,8,180,SLA Breached
SHP-50930,ORD-20930,BlueDart Express,TRK910930,3,3,90,SLA Met
SHP-50931,ORD-20931,Ecom Express,TRK910931,3,3,180,SLA Met
SHP-50932,ORD-20932,XpressBees Surface,TRK910932,2,2,180,SLA Met
SHP-50933,ORD-20933,Delhivery Direct,TRK910933,3,3,150,SLA Met
SHP-50934,ORD-20934,Shadowfax Surface,TRK910934,4,4,180,SLA Met
SHP-50936,ORD-20936,Delhivery Direct,TRK910936,4,5,90,SLA Breached
SHP-50937,ORD-20937,Shadowfax Surface,TRK910937,3,3,180,SLA Met
SHP-50938,ORD-20938,Shadowfax Surface,TRK910938,2,2,60,SLA Met
SHP-50939,ORD-20939,XpressBees Surface,TRK910939,3,3,90,SLA Met
SHP-50940,ORD-20940,Ecom Express,TRK910940,5,5,90,SLA Met
SHP-50941,ORD-20941,Delhivery Direct,TRK910941,2,2,180,SLA Met
SHP-50942,ORD-20942,Delhivery Direct,TRK910942,3,4,90,SLA Breached
SHP-50943,ORD-20943,Ecom Express,TRK910943,3,3,120,SLA Met
SHP-50944,ORD-20944,XpressBees Surface,TRK910944,4,4,180,SLA Met
SHP-50945,ORD-20945,Shadowfax Surface,TRK910945,4,4,150,SLA Met
SHP-50946,ORD-20946,Shadowfax Surface,TRK910946,2,2,60,SLA Met
SHP-50947,ORD-20947,Ecom Express,TRK910947,5,5,150,SLA Met
SHP-50948,ORD-20948,Delhivery Direct,TRK910948,5,6,90,SLA Breached
SHP-50949,ORD-20949,BlueDart Express,TRK910949,2,2,150,SLA Met
SHP-50950,ORD-20950,Delhivery Direct,TRK910950,5,5,120,SLA Met
SHP-50952,ORD-20952,Ecom Express,TRK910952,4,4,90,SLA Met
SHP-50953,ORD-20953,Delhivery Direct,TRK910953,5,5,180,SLA Met
SHP-50954,ORD-20954,Shadowfax Surface,TRK910954,2,2,60,SLA Met
SHP-50955,ORD-20955,Delhivery Direct,TRK910955,3,3,60,SLA Met
SHP-50956,ORD-20956,BlueDart Express,TRK910956,2,2,150,SLA Met
SHP-50957,ORD-20957,Shadowfax Surface,TRK910957,2,2,60,SLA Met
SHP-50958,ORD-20958,Shadowfax Surface,TRK910958,4,4,120,SLA Met
SHP-50959,ORD-20959,BlueDart Express,TRK910959,5,9,180,SLA Breached
SHP-50960,ORD-20960,XpressBees Surface,TRK910960,4,4,150,SLA Met
SHP-50961,ORD-20961,Shadowfax Surface,TRK910961,2,2,60,SLA Met
SHP-50962,ORD-20962,XpressBees Surface,TRK910962,5,5,180,SLA Met
SHP-50963,ORD-20963,XpressBees Surface,TRK910963,4,4,180,SLA Met
SHP-50964,ORD-20964,BlueDart Express,TRK910964,3,3,60,SLA Met
SHP-50965,ORD-20965,Delhivery Direct,TRK910965,5,5,180,SLA Met
SHP-50966,ORD-20966,Shadowfax Surface,TRK910966,2,4,120,SLA Breached
SHP-50967,ORD-20967,Delhivery Direct,TRK910967,4,4,180,SLA Met
SHP-50968,ORD-20968,Delhivery Direct,TRK910968,3,3,150,SLA Met
SHP-50969,ORD-20969,Ecom Express,TRK910969,5,5,60,SLA Met
SHP-50970,ORD-20970,XpressBees Surface,TRK910970,3,4,150,SLA Breached
SHP-50971,ORD-20971,Delhivery Direct,TRK910971,5,6,150,SLA Breached
SHP-50972,ORD-20972,Shadowfax Surface,TRK910972,2,2,150,SLA Met
SHP-50973,ORD-20973,XpressBees Surface,TRK910973,4,4,150,SLA Met
SHP-50974,ORD-20974,Shadowfax Surface,TRK910974,2,3,120,SLA Breached
SHP-50975,ORD-20975,Shadowfax Surface,TRK910975,4,4,120,SLA Met
SHP-50976,ORD-20976,Shadowfax Surface,TRK910976,4,4,180,SLA Met
SHP-50977,ORD-20977,Ecom Express,TRK910977,4,4,60,SLA Met
SHP-50978,ORD-20978,Ecom Express,TRK910978,3,5,150,SLA Breached
SHP-50979,ORD-20979,Delhivery Direct,TRK910979,4,6,150,SLA Breached
SHP-50982,ORD-20982,Shadowfax Surface,TRK910982,4,5,180,SLA Breached
SHP-50983,ORD-20983,XpressBees Surface,TRK910983,2,2,90,SLA Met
SHP-50984,ORD-20984,Delhivery Direct,TRK910984,3,6,90,SLA Breached
SHP-50985,ORD-20985,Ecom Express,TRK910985,2,2,90,SLA Met
SHP-50986,ORD-20986,Shadowfax Surface,TRK910986,5,9,150,SLA Breached
SHP-50987,ORD-20987,XpressBees Surface,TRK910987,2,3,60,SLA Breached
SHP-50988,ORD-20988,BlueDart Express,TRK910988,3,3,60,SLA Met
SHP-50989,ORD-20989,Delhivery Direct,TRK910989,2,2,120,SLA Met
SHP-50990,ORD-20990,Ecom Express,TRK910990,5,5,150,SLA Met
SHP-50992,ORD-20992,Ecom Express,TRK910992,2,2,120,SLA Met
SHP-50993,ORD-20993,Delhivery Direct,TRK910993,5,5,120,SLA Met
SHP-50994,ORD-20994,Ecom Express,TRK910994,4,4,180,SLA Met
SHP-50995,ORD-20995,BlueDart Express,TRK910995,4,4,60,SLA Met
SHP-50996,ORD-20996,Delhivery Direct,TRK910996,5,6,120,SLA Breached
SHP-50997,ORD-20997,XpressBees Surface,TRK910997,2,2,120,SLA Met
SHP-50998,ORD-20998,Delhivery Direct,TRK910998,5,6,180,SLA Breached
SHP-50999,ORD-20999,Ecom Express,TRK910999,3,3,120,SLA Met
SHP-51000,ORD-21000,Ecom Express,TRK911000,2,2,90,SLA Met
SHP-51001,ORD-21001,Shadowfax Surface,TRK911001,5,5,60,SLA Met
SHP-51002,ORD-21002,XpressBees Surface,TRK911002,2,2,150,SLA Met
SHP-51003,ORD-21003,Delhivery Direct,TRK911003,5,5,60,SLA Met
SHP-51004,ORD-21004,BlueDart Express,TRK911004,2,2,60,SLA Met
SHP-51005,ORD-21005,Ecom Express,TRK911005,2,2,180,SLA Met
SHP-51006,ORD-21006,XpressBees Surface,TRK911006,3,4,150,SLA Breached
SHP-51007,ORD-21007,Shadowfax Surface,TRK911007,4,4,60,SLA Met
SHP-51008,ORD-21008,Delhivery Direct,TRK911008,3,3,180,SLA Met
SHP-51009,ORD-21009,Delhivery Direct,TRK911009,3,3,120,SLA Met
SHP-51010,ORD-21010,Ecom Express,TRK911010,4,4,120,SLA Met
SHP-51011,ORD-21011,Ecom Express,TRK911011,4,4,120,SLA Met
SHP-51012,ORD-21012,XpressBees Surface,TRK911012,3,3,60,SLA Met
SHP-51013,ORD-21013,Ecom Express,TRK911013,5,5,150,SLA Met
SHP-51015,ORD-21015,XpressBees Surface,TRK911015,3,5,180,SLA Breached
SHP-51016,ORD-21016,BlueDart Express,TRK911016,3,3,180,SLA Met
SHP-51017,ORD-21017,Shadowfax Surface,TRK911017,5,7,150,SLA Breached
SHP-51019,ORD-21019,BlueDart Express,TRK911019,5,5,120,SLA Met
SHP-51020,ORD-21020,BlueDart Express,TRK911020,3,3,90,SLA Met
SHP-51021,ORD-21021,XpressBees Surface,TRK911021,3,3,150,SLA Met
SHP-51022,ORD-21022,Shadowfax Surface,TRK911022,2,2,150,SLA Met
SHP-51023,ORD-21023,BlueDart Express,TRK911023,5,5,60,SLA Met
SHP-51024,ORD-21024,Delhivery Direct,TRK911024,5,5,60,SLA Met
SHP-51025,ORD-21025,Ecom Express,TRK911025,2,2,180,SLA Met
SHP-51026,ORD-21026,Delhivery Direct,TRK911026,4,7,60,SLA Breached
SHP-51027,ORD-21027,BlueDart Express,TRK911027,4,8,150,SLA Breached
SHP-51028,ORD-21028,Shadowfax Surface,TRK911028,2,4,180,SLA Breached
SHP-51029,ORD-21029,BlueDart Express,TRK911029,5,5,120,SLA Met
SHP-51030,ORD-21030,Ecom Express,TRK911030,5,5,150,SLA Met
SHP-51031,ORD-21031,Delhivery Direct,TRK911031,5,5,60,SLA Met
SHP-51032,ORD-21032,BlueDart Express,TRK911032,2,4,60,SLA Breached
SHP-51033,ORD-21033,Shadowfax Surface,TRK911033,2,2,60,SLA Met
SHP-51034,ORD-21034,XpressBees Surface,TRK911034,2,2,120,SLA Met
SHP-51035,ORD-21035,Shadowfax Surface,TRK911035,3,6,180,SLA Breached
SHP-51036,ORD-21036,Shadowfax Surface,TRK911036,4,4,180,SLA Met
SHP-51037,ORD-21037,Shadowfax Surface,TRK911037,2,2,180,SLA Met
SHP-51038,ORD-21038,XpressBees Surface,TRK911038,4,4,120,SLA Met
SHP-51039,ORD-21039,Delhivery Direct,TRK911039,4,4,120,SLA Met
SHP-51040,ORD-21040,BlueDart Express,TRK911040,4,4,120,SLA Met
SHP-51042,ORD-21042,Delhivery Direct,TRK911042,3,3,150,SLA Met
SHP-51043,ORD-21043,BlueDart Express,TRK911043,4,5,150,SLA Breached
SHP-51044,ORD-21044,BlueDart Express,TRK911044,3,3,60,SLA Met
SHP-51045,ORD-21045,Shadowfax Surface,TRK911045,4,4,90,SLA Met
SHP-51046,ORD-21046,XpressBees Surface,TRK911046,3,3,90,SLA Met
SHP-51048,ORD-21048,Shadowfax Surface,TRK911048,4,4,150,SLA Met
SHP-51049,ORD-21049,Delhivery Direct,TRK911049,5,8,120,SLA Breached
SHP-51050,ORD-21050,Delhivery Direct,TRK911050,5,5,60,SLA Met
SHP-51051,ORD-21051,Shadowfax Surface,TRK911051,3,3,120,SLA Met
SHP-51053,ORD-21053,XpressBees Surface,TRK911053,3,3,120,SLA Met
SHP-51054,ORD-21054,XpressBees Surface,TRK911054,4,5,90,SLA Breached
SHP-51056,ORD-21056,Delhivery Direct,TRK911056,2,2,90,SLA Met
SHP-51058,ORD-21058,Delhivery Direct,TRK911058,3,3,180,SLA Met
SHP-51059,ORD-21059,Delhivery Direct,TRK911059,5,5,60,SLA Met
SHP-51060,ORD-21060,Shadowfax Surface,TRK911060,4,4,120,SLA Met
SHP-51061,ORD-21061,Delhivery Direct,TRK911061,4,4,90,SLA Met
SHP-51062,ORD-21062,Ecom Express,TRK911062,3,3,90,SLA Met
SHP-51063,ORD-21063,XpressBees Surface,TRK911063,3,3,90,SLA Met
SHP-51064,ORD-21064,Shadowfax Surface,TRK911064,3,5,150,SLA Breached
SHP-51065,ORD-21065,Delhivery Direct,TRK911065,5,5,180,SLA Met
SHP-51066,ORD-21066,Ecom Express,TRK911066,4,4,90,SLA Met
SHP-51067,ORD-21067,Shadowfax Surface,TRK911067,2,2,90,SLA Met
SHP-51069,ORD-21069,BlueDart Express,TRK911069,5,5,90,SLA Met
SHP-51070,ORD-21070,XpressBees Surface,TRK911070,3,3,90,SLA Met
SHP-51071,ORD-21071,XpressBees Surface,TRK911071,4,4,120,SLA Met
SHP-51072,ORD-21072,Delhivery Direct,TRK911072,4,4,120,SLA Met
SHP-51073,ORD-21073,Ecom Express,TRK911073,3,3,150,SLA Met
SHP-51074,ORD-21074,Ecom Express,TRK911074,4,4,120,SLA Met
SHP-51075,ORD-21075,Shadowfax Surface,TRK911075,5,9,120,SLA Breached
SHP-51077,ORD-21077,BlueDart Express,TRK911077,5,5,60,SLA Met
SHP-51078,ORD-21078,XpressBees Surface,TRK911078,3,3,150,SLA Met
SHP-51079,ORD-21079,XpressBees Surface,TRK911079,5,5,120,SLA Met
SHP-51080,ORD-21080,Delhivery Direct,TRK911080,4,4,120,SLA Met
SHP-51081,ORD-21081,Ecom Express,TRK911081,4,4,60,SLA Met
SHP-51082,ORD-21082,Delhivery Direct,TRK911082,5,5,150,SLA Met
SHP-51084,ORD-21084,BlueDart Express,TRK911084,5,5,60,SLA Met
SHP-51085,ORD-21085,XpressBees Surface,TRK911085,2,2,60,SLA Met
SHP-51087,ORD-21087,Shadowfax Surface,TRK911087,3,3,90,SLA Met
SHP-51088,ORD-21088,XpressBees Surface,TRK911088,4,8,180,SLA Breached
SHP-51089,ORD-21089,BlueDart Express,TRK911089,5,5,90,SLA Met
SHP-51090,ORD-21090,Ecom Express,TRK911090,3,3,90,SLA Met
SHP-51092,ORD-21092,XpressBees Surface,TRK911092,5,8,90,SLA Breached
SHP-51094,ORD-21094,Ecom Express,TRK911094,4,6,90,SLA Breached
SHP-51095,ORD-21095,XpressBees Surface,TRK911095,4,4,90,SLA Met
SHP-51096,ORD-21096,Shadowfax Surface,TRK911096,3,3,180,SLA Met
SHP-51098,ORD-21098,Ecom Express,TRK911098,4,4,90,SLA Met
SHP-51099,ORD-21099,Ecom Express,TRK911099,3,6,180,SLA Breached
SHP-51100,ORD-21100,BlueDart Express,TRK911100,3,3,60,SLA Met
SHP-51101,ORD-21101,Delhivery Direct,TRK911101,4,7,120,SLA Breached
SHP-51102,ORD-21102,BlueDart Express,TRK911102,5,5,150,SLA Met
SHP-51103,ORD-21103,BlueDart Express,TRK911103,5,5,120,SLA Met
SHP-51105,ORD-21105,Delhivery Direct,TRK911105,5,5,150,SLA Met
SHP-51106,ORD-21106,BlueDart Express,TRK911106,5,5,120,SLA Met
SHP-51107,ORD-21107,Shadowfax Surface,TRK911107,2,2,60,SLA Met
SHP-51108,ORD-21108,Ecom Express,TRK911108,2,2,180,SLA Met
SHP-51109,ORD-21109,XpressBees Surface,TRK911109,2,2,120,SLA Met
SHP-51110,ORD-21110,Ecom Express,TRK911110,5,5,90,SLA Met
SHP-51111,ORD-21111,BlueDart Express,TRK911111,2,2,90,SLA Met
SHP-51112,ORD-21112,Delhivery Direct,TRK911112,5,5,90,SLA Met
SHP-51113,ORD-21113,Ecom Express,TRK911113,3,3,180,SLA Met
SHP-51114,ORD-21114,BlueDart Express,TRK911114,4,4,60,SLA Met
SHP-51115,ORD-21115,XpressBees Surface,TRK911115,5,5,120,SLA Met
SHP-51116,ORD-21116,BlueDart Express,TRK911116,2,2,120,SLA Met
SHP-51117,ORD-21117,XpressBees Surface,TRK911117,3,4,150,SLA Breached
SHP-51118,ORD-21118,BlueDart Express,TRK911118,3,7,180,SLA Breached
SHP-51119,ORD-21119,Ecom Express,TRK911119,4,8,180,SLA Breached
SHP-51121,ORD-21121,XpressBees Surface,TRK911121,5,5,180,SLA Met
SHP-51123,ORD-21123,Ecom Express,TRK911123,3,3,150,SLA Met
SHP-51124,ORD-21124,Shadowfax Surface,TRK911124,2,2,90,SLA Met
SHP-51125,ORD-21125,XpressBees Surface,TRK911125,5,5,60,SLA Met
SHP-51126,ORD-21126,Ecom Express,TRK911126,4,4,150,SLA Met
SHP-51127,ORD-21127,Shadowfax Surface,TRK911127,4,7,120,SLA Breached
SHP-51128,ORD-21128,Delhivery Direct,TRK911128,5,9,120,SLA Breached
SHP-51129,ORD-21129,Ecom Express,TRK911129,5,5,150,SLA Met
SHP-51130,ORD-21130,Delhivery Direct,TRK911130,2,2,90,SLA Met
SHP-51131,ORD-21131,XpressBees Surface,TRK911131,5,5,120,SLA Met
SHP-51132,ORD-21132,Ecom Express,TRK911132,5,5,120,SLA Met
SHP-51133,ORD-21133,Shadowfax Surface,TRK911133,5,5,180,SLA Met
SHP-51134,ORD-21134,Delhivery Direct,TRK911134,4,4,90,SLA Met
SHP-51135,ORD-21135,Ecom Express,TRK911135,4,4,60,SLA Met
SHP-51136,ORD-21136,BlueDart Express,TRK911136,5,5,150,SLA Met
SHP-51137,ORD-21137,Delhivery Direct,TRK911137,3,5,90,SLA Breached
SHP-51138,ORD-21138,BlueDart Express,TRK911138,4,5,90,SLA Breached
SHP-51139,ORD-21139,XpressBees Surface,TRK911139,4,4,120,SLA Met
SHP-51142,ORD-21142,Shadowfax Surface,TRK911142,5,5,60,SLA Met
SHP-51144,ORD-21144,XpressBees Surface,TRK911144,3,3,180,SLA Met
SHP-51145,ORD-21145,Shadowfax Surface,TRK911145,2,2,60,SLA Met
SHP-51146,ORD-21146,Ecom Express,TRK911146,4,4,60,SLA Met
SHP-51147,ORD-21147,BlueDart Express,TRK911147,2,2,150,SLA Met
SHP-51148,ORD-21148,Shadowfax Surface,TRK911148,4,4,90,SLA Met
SHP-51150,ORD-21150,Ecom Express,TRK911150,5,5,60,SLA Met
SHP-51151,ORD-21151,Ecom Express,TRK911151,4,4,90,SLA Met
SHP-51152,ORD-21152,XpressBees Surface,TRK911152,3,3,60,SLA Met
SHP-51153,ORD-21153,XpressBees Surface,TRK911153,4,4,60,SLA Met
SHP-51156,ORD-21156,Delhivery Direct,TRK911156,3,3,180,SLA Met
SHP-51157,ORD-21157,XpressBees Surface,TRK911157,3,4,120,SLA Breached
SHP-51159,ORD-21159,Ecom Express,TRK911159,2,2,180,SLA Met
SHP-51160,ORD-21160,Ecom Express,TRK911160,5,9,60,SLA Breached
SHP-51162,ORD-21162,Ecom Express,TRK911162,4,6,60,SLA Breached
SHP-51163,ORD-21163,Delhivery Direct,TRK911163,3,3,150,SLA Met
SHP-51165,ORD-21165,XpressBees Surface,TRK911165,4,4,150,SLA Met
SHP-51166,ORD-21166,Shadowfax Surface,TRK911166,2,2,120,SLA Met
SHP-51167,ORD-21167,Delhivery Direct,TRK911167,2,2,150,SLA Met
SHP-51168,ORD-21168,Delhivery Direct,TRK911168,3,3,90,SLA Met
SHP-51169,ORD-21169,BlueDart Express,TRK911169,2,2,120,SLA Met
SHP-51170,ORD-21170,XpressBees Surface,TRK911170,5,5,120,SLA Met
SHP-51171,ORD-21171,Ecom Express,TRK911171,5,5,90,SLA Met
SHP-51172,ORD-21172,Delhivery Direct,TRK911172,2,3,150,SLA Breached
SHP-51174,ORD-21174,XpressBees Surface,TRK911174,3,3,120,SLA Met
SHP-51175,ORD-21175,Shadowfax Surface,TRK911175,3,3,150,SLA Met
SHP-51176,ORD-21176,Delhivery Direct,TRK911176,5,5,180,SLA Met
SHP-51177,ORD-21177,BlueDart Express,TRK911177,4,4,180,SLA Met
SHP-51180,ORD-21180,XpressBees Surface,TRK911180,2,5,120,SLA Breached
SHP-51181,ORD-21181,Ecom Express,TRK911181,2,2,150,SLA Met
SHP-51182,ORD-21182,Delhivery Direct,TRK911182,2,2,90,SLA Met
SHP-51183,ORD-21183,Delhivery Direct,TRK911183,2,2,60,SLA Met
SHP-51184,ORD-21184,XpressBees Surface,TRK911184,4,4,120,SLA Met
SHP-51185,ORD-21185,Delhivery Direct,TRK911185,5,5,60,SLA Met
SHP-51186,ORD-21186,Ecom Express,TRK911186,4,4,150,SLA Met
SHP-51187,ORD-21187,Delhivery Direct,TRK911187,4,4,120,SLA Met
SHP-51188,ORD-21188,XpressBees Surface,TRK911188,4,4,90,SLA Met
SHP-51190,ORD-21190,Delhivery Direct,TRK911190,5,5,90,SLA Met
SHP-51191,ORD-21191,Shadowfax Surface,TRK911191,3,3,180,SLA Met
SHP-51192,ORD-21192,Ecom Express,TRK911192,2,2,150,SLA Met
SHP-51193,ORD-21193,Delhivery Direct,TRK911193,4,4,90,SLA Met
SHP-51194,ORD-21194,XpressBees Surface,TRK911194,3,3,60,SLA Met
SHP-51195,ORD-21195,Shadowfax Surface,TRK911195,2,2,120,SLA Met
SHP-51197,ORD-21197,XpressBees Surface,TRK911197,2,2,60,SLA Met
SHP-51198,ORD-21198,Shadowfax Surface,TRK911198,5,8,120,SLA Breached
SHP-51199,ORD-21199,Shadowfax Surface,TRK911199,4,7,180,SLA Breached
SHP-51203,ORD-21203,Delhivery Direct,TRK911203,2,4,120,SLA Breached
SHP-51204,ORD-21204,Shadowfax Surface,TRK911204,4,4,90,SLA Met
SHP-51205,ORD-21205,Ecom Express,TRK911205,3,3,180,SLA Met
SHP-51206,ORD-21206,Ecom Express,TRK911206,3,3,120,SLA Met
SHP-51207,ORD-21207,XpressBees Surface,TRK911207,2,2,60,SLA Met
SHP-51208,ORD-21208,BlueDart Express,TRK911208,3,3,60,SLA Met
SHP-51209,ORD-21209,Shadowfax Surface,TRK911209,3,3,180,SLA Met
SHP-51210,ORD-21210,Ecom Express,TRK911210,2,2,150,SLA Met
SHP-51211,ORD-21211,Ecom Express,TRK911211,4,4,150,SLA Met
SHP-51212,ORD-21212,Delhivery Direct,TRK911212,2,2,150,SLA Met
SHP-51213,ORD-21213,Shadowfax Surface,TRK911213,3,7,180,SLA Breached
SHP-51214,ORD-21214,Delhivery Direct,TRK911214,4,4,90,SLA Met
SHP-51215,ORD-21215,Ecom Express,TRK911215,2,2,120,SLA Met
SHP-51217,ORD-21217,Shadowfax Surface,TRK911217,3,3,60,SLA Met
SHP-51218,ORD-21218,BlueDart Express,TRK911218,5,5,180,SLA Met
SHP-51219,ORD-21219,BlueDart Express,TRK911219,3,3,180,SLA Met
SHP-51220,ORD-21220,Ecom Express,TRK911220,5,5,120,SLA Met
SHP-51222,ORD-21222,BlueDart Express,TRK911222,4,4,90,SLA Met
SHP-51224,ORD-21224,XpressBees Surface,TRK911224,5,5,120,SLA Met
SHP-51225,ORD-21225,Delhivery Direct,TRK911225,5,5,90,SLA Met
SHP-51226,ORD-21226,Delhivery Direct,TRK911226,4,4,150,SLA Met
SHP-51227,ORD-21227,XpressBees Surface,TRK911227,3,3,60,SLA Met
SHP-51228,ORD-21228,Delhivery Direct,TRK911228,5,5,150,SLA Met
SHP-51229,ORD-21229,Delhivery Direct,TRK911229,4,4,60,SLA Met
SHP-51230,ORD-21230,Delhivery Direct,TRK911230,5,6,90,SLA Breached
SHP-51231,ORD-21231,BlueDart Express,TRK911231,4,4,90,SLA Met
SHP-51232,ORD-21232,Ecom Express,TRK911232,5,5,180,SLA Met
SHP-51233,ORD-21233,Shadowfax Surface,TRK911233,2,6,60,SLA Breached
SHP-51234,ORD-21234,BlueDart Express,TRK911234,4,7,120,SLA Breached
SHP-51235,ORD-21235,Shadowfax Surface,TRK911235,2,2,60,SLA Met
SHP-51236,ORD-21236,Delhivery Direct,TRK911236,3,3,180,SLA Met
SHP-51237,ORD-21237,Ecom Express,TRK911237,5,5,120,SLA Met
SHP-51238,ORD-21238,Shadowfax Surface,TRK911238,3,3,180,SLA Met
SHP-51241,ORD-21241,BlueDart Express,TRK911241,4,4,60,SLA Met
SHP-51242,ORD-21242,BlueDart Express,TRK911242,3,3,120,SLA Met
SHP-51243,ORD-21243,Ecom Express,TRK911243,3,3,120,SLA Met
SHP-51244,ORD-21244,Shadowfax Surface,TRK911244,4,4,60,SLA Met
SHP-51245,ORD-21245,BlueDart Express,TRK911245,2,2,120,SLA Met
SHP-51246,ORD-21246,Delhivery Direct,TRK911246,3,3,120,SLA Met
SHP-51247,ORD-21247,Delhivery Direct,TRK911247,3,3,90,SLA Met
SHP-51248,ORD-21248,Shadowfax Surface,TRK911248,2,2,90,SLA Met
SHP-51249,ORD-21249,Ecom Express,TRK911249,5,5,90,SLA Met
SHP-51250,ORD-21250,BlueDart Express,TRK911250,2,2,120,SLA Met
SHP-51251,ORD-21251,Delhivery Direct,TRK911251,4,4,180,SLA Met
SHP-51253,ORD-21253,Shadowfax Surface,TRK911253,3,3,120,SLA Met
SHP-51254,ORD-21254,Ecom Express,TRK911254,5,8,90,SLA Breached
SHP-51255,ORD-21255,Ecom Express,TRK911255,2,3,90,SLA Breached
SHP-51256,ORD-21256,XpressBees Surface,TRK911256,5,5,150,SLA Met
SHP-51257,ORD-21257,Ecom Express,TRK911257,5,7,150,SLA Breached
SHP-51258,ORD-21258,XpressBees Surface,TRK911258,5,5,60,SLA Met
SHP-51259,ORD-21259,Ecom Express,TRK911259,3,3,120,SLA Met
SHP-51260,ORD-21260,BlueDart Express,TRK911260,3,3,60,SLA Met
SHP-51261,ORD-21261,XpressBees Surface,TRK911261,4,4,120,SLA Met
SHP-51263,ORD-21263,BlueDart Express,TRK911263,2,2,120,SLA Met
SHP-51265,ORD-21265,Delhivery Direct,TRK911265,3,3,120,SLA Met
SHP-51266,ORD-21266,XpressBees Surface,TRK911266,2,2,180,SLA Met
SHP-51267,ORD-21267,Ecom Express,TRK911267,5,5,180,SLA Met
SHP-51268,ORD-21268,Ecom Express,TRK911268,3,3,180,SLA Met
SHP-51269,ORD-21269,Delhivery Direct,TRK911269,4,4,180,SLA Met
SHP-51270,ORD-21270,Delhivery Direct,TRK911270,4,4,180,SLA Met
SHP-51272,ORD-21272,Shadowfax Surface,TRK911272,3,3,90,SLA Met
SHP-51273,ORD-21273,Delhivery Direct,TRK911273,3,3,60,SLA Met
SHP-51274,ORD-21274,Shadowfax Surface,TRK911274,4,4,150,SLA Met
SHP-51275,ORD-21275,BlueDart Express,TRK911275,5,5,90,SLA Met
SHP-51276,ORD-21276,XpressBees Surface,TRK911276,4,4,180,SLA Met
SHP-51278,ORD-21278,BlueDart Express,TRK911278,3,3,60,SLA Met
SHP-51279,ORD-21279,Shadowfax Surface,TRK911279,3,5,120,SLA Breached
SHP-51280,ORD-21280,Shadowfax Surface,TRK911280,4,4,150,SLA Met
SHP-51281,ORD-21281,Shadowfax Surface,TRK911281,5,5,120,SLA Met
SHP-51282,ORD-21282,Delhivery Direct,TRK911282,4,4,150,SLA Met
SHP-51283,ORD-21283,Delhivery Direct,TRK911283,4,4,120,SLA Met
SHP-51284,ORD-21284,Ecom Express,TRK911284,4,6,150,SLA Breached
SHP-51285,ORD-21285,Delhivery Direct,TRK911285,5,5,90,SLA Met
SHP-51286,ORD-21286,Shadowfax Surface,TRK911286,2,2,120,SLA Met
SHP-51287,ORD-21287,Ecom Express,TRK911287,4,4,150,SLA Met
SHP-51288,ORD-21288,Delhivery Direct,TRK911288,4,4,150,SLA Met
SHP-51289,ORD-21289,Ecom Express,TRK911289,5,5,120,SLA Met
SHP-51290,ORD-21290,BlueDart Express,TRK911290,3,3,150,SLA Met
SHP-51291,ORD-21291,XpressBees Surface,TRK911291,4,4,180,SLA Met
SHP-51292,ORD-21292,BlueDart Express,TRK911292,3,3,120,SLA Met
SHP-51293,ORD-21293,Ecom Express,TRK911293,5,9,120,SLA Breached
SHP-51294,ORD-21294,XpressBees Surface,TRK911294,3,3,60,SLA Met
SHP-51296,ORD-21296,Delhivery Direct,TRK911296,5,5,90,SLA Met
SHP-51297,ORD-21297,XpressBees Surface,TRK911297,5,5,60,SLA Met
SHP-51298,ORD-21298,Ecom Express,TRK911298,5,6,120,SLA Breached
SHP-51299,ORD-21299,Shadowfax Surface,TRK911299,2,2,60,SLA Met
SHP-51300,ORD-21300,Delhivery Direct,TRK911300,3,7,120,SLA Breached
SHP-51302,ORD-21302,Ecom Express,TRK911302,5,5,120,SLA Met
SHP-51303,ORD-21303,Shadowfax Surface,TRK911303,4,4,120,SLA Met
SHP-51305,ORD-21305,XpressBees Surface,TRK911305,3,7,150,SLA Breached
SHP-51306,ORD-21306,Delhivery Direct,TRK911306,4,4,180,SLA Met
SHP-51308,ORD-21308,XpressBees Surface,TRK911308,2,2,150,SLA Met
SHP-51309,ORD-21309,Shadowfax Surface,TRK911309,3,3,90,SLA Met
SHP-51310,ORD-21310,XpressBees Surface,TRK911310,3,3,180,SLA Met
SHP-51311,ORD-21311,Ecom Express,TRK911311,5,5,90,SLA Met
SHP-51312,ORD-21312,Shadowfax Surface,TRK911312,2,2,90,SLA Met
SHP-51313,ORD-21313,Delhivery Direct,TRK911313,2,2,150,SLA Met
SHP-51314,ORD-21314,Delhivery Direct,TRK911314,2,2,180,SLA Met
SHP-51315,ORD-21315,BlueDart Express,TRK911315,5,5,120,SLA Met
SHP-51316,ORD-21316,BlueDart Express,TRK911316,2,2,150,SLA Met
SHP-51318,ORD-21318,Delhivery Direct,TRK911318,5,5,150,SLA Met
SHP-51319,ORD-21319,XpressBees Surface,TRK911319,2,2,90,SLA Met
SHP-51320,ORD-21320,BlueDart Express,TRK911320,4,4,180,SLA Met
SHP-51323,ORD-21323,Ecom Express,TRK911323,5,5,120,SLA Met
SHP-51324,ORD-21324,Delhivery Direct,TRK911324,3,5,150,SLA Breached
SHP-51325,ORD-21325,Delhivery Direct,TRK911325,4,8,150,SLA Breached
SHP-51326,ORD-21326,Delhivery Direct,TRK911326,4,4,120,SLA Met
SHP-51328,ORD-21328,Shadowfax Surface,TRK911328,4,4,120,SLA Met
SHP-51329,ORD-21329,Delhivery Direct,TRK911329,4,4,90,SLA Met
SHP-51330,ORD-21330,Shadowfax Surface,TRK911330,3,3,150,SLA Met
SHP-51331,ORD-21331,Delhivery Direct,TRK911331,3,3,150,SLA Met
SHP-51332,ORD-21332,Shadowfax Surface,TRK911332,2,2,90,SLA Met
SHP-51333,ORD-21333,Delhivery Direct,TRK911333,5,5,150,SLA Met
SHP-51334,ORD-21334,Delhivery Direct,TRK911334,2,2,90,SLA Met
SHP-51335,ORD-21335,Delhivery Direct,TRK911335,4,4,60,SLA Met
SHP-51336,ORD-21336,Ecom Express,TRK911336,4,4,120,SLA Met
SHP-51337,ORD-21337,Ecom Express,TRK911337,5,5,60,SLA Met
SHP-51338,ORD-21338,Delhivery Direct,TRK911338,2,6,120,SLA Breached
SHP-51339,ORD-21339,Ecom Express,TRK911339,5,7,180,SLA Breached
SHP-51340,ORD-21340,XpressBees Surface,TRK911340,5,5,60,SLA Met
SHP-51341,ORD-21341,Shadowfax Surface,TRK911341,4,4,150,SLA Met
SHP-51342,ORD-21342,Shadowfax Surface,TRK911342,4,4,150,SLA Met
SHP-51343,ORD-21343,BlueDart Express,TRK911343,5,9,90,SLA Breached
SHP-51344,ORD-21344,Delhivery Direct,TRK911344,2,2,180,SLA Met
SHP-51345,ORD-21345,Shadowfax Surface,TRK911345,4,4,60,SLA Met
SHP-51346,ORD-21346,BlueDart Express,TRK911346,3,3,150,SLA Met
SHP-51347,ORD-21347,Shadowfax Surface,TRK911347,2,2,180,SLA Met
SHP-51348,ORD-21348,Ecom Express,TRK911348,3,4,90,SLA Breached
SHP-51349,ORD-21349,Ecom Express,TRK911349,2,2,60,SLA Met
SHP-51350,ORD-21350,XpressBees Surface,TRK911350,3,3,90,SLA Met
SHP-51352,ORD-21352,Ecom Express,TRK911352,3,7,150,SLA Breached
SHP-51353,ORD-21353,XpressBees Surface,TRK911353,3,3,60,SLA Met
SHP-51354,ORD-21354,BlueDart Express,TRK911354,4,4,60,SLA Met
SHP-51355,ORD-21355,BlueDart Express,TRK911355,5,5,120,SLA Met
SHP-51356,ORD-21356,BlueDart Express,TRK911356,5,9,180,SLA Breached
SHP-51357,ORD-21357,Delhivery Direct,TRK911357,4,4,60,SLA Met
SHP-51358,ORD-21358,XpressBees Surface,TRK911358,3,3,150,SLA Met
SHP-51359,ORD-21359,Ecom Express,TRK911359,3,6,150,SLA Breached
SHP-51360,ORD-21360,Ecom Express,TRK911360,3,3,150,SLA Met
SHP-51361,ORD-21361,Ecom Express,TRK911361,4,5,90,SLA Breached
SHP-51364,ORD-21364,XpressBees Surface,TRK911364,5,5,90,SLA Met
SHP-51365,ORD-21365,BlueDart Express,TRK911365,5,9,180,SLA Breached
SHP-51366,ORD-21366,Delhivery Direct,TRK911366,3,3,150,SLA Met
SHP-51367,ORD-21367,BlueDart Express,TRK911367,4,4,120,SLA Met
SHP-51368,ORD-21368,Delhivery Direct,TRK911368,2,2,120,SLA Met
SHP-51369,ORD-21369,Ecom Express,TRK911369,4,4,150,SLA Met
SHP-51370,ORD-21370,XpressBees Surface,TRK911370,3,3,180,SLA Met
SHP-51371,ORD-21371,BlueDart Express,TRK911371,2,2,150,SLA Met
SHP-51372,ORD-21372,Ecom Express,TRK911372,2,2,90,SLA Met
SHP-51373,ORD-21373,XpressBees Surface,TRK911373,4,7,180,SLA Breached
SHP-51374,ORD-21374,XpressBees Surface,TRK911374,3,7,60,SLA Breached
SHP-51375,ORD-21375,XpressBees Surface,TRK911375,2,2,180,SLA Met
SHP-51376,ORD-21376,XpressBees Surface,TRK911376,5,7,120,SLA Breached
SHP-51377,ORD-21377,BlueDart Express,TRK911377,3,3,180,SLA Met
SHP-51378,ORD-21378,Ecom Express,TRK911378,3,3,150,SLA Met
SHP-51379,ORD-21379,Delhivery Direct,TRK911379,4,4,180,SLA Met
SHP-51380,ORD-21380,Delhivery Direct,TRK911380,3,3,120,SLA Met
SHP-51381,ORD-21381,XpressBees Surface,TRK911381,3,3,150,SLA Met
SHP-51382,ORD-21382,Delhivery Direct,TRK911382,5,5,60,SLA Met
SHP-51383,ORD-21383,XpressBees Surface,TRK911383,4,4,180,SLA Met
SHP-51384,ORD-21384,XpressBees Surface,TRK911384,4,4,120,SLA Met
SHP-51385,ORD-21385,XpressBees Surface,TRK911385,4,4,150,SLA Met
SHP-51386,ORD-21386,XpressBees Surface,TRK911386,3,3,90,SLA Met
SHP-51387,ORD-21387,Ecom Express,TRK911387,2,2,150,SLA Met
SHP-51388,ORD-21388,Ecom Express,TRK911388,5,8,120,SLA Breached
SHP-51389,ORD-21389,Shadowfax Surface,TRK911389,3,3,120,SLA Met
SHP-51390,ORD-21390,XpressBees Surface,TRK911390,3,3,90,SLA Met
SHP-51391,ORD-21391,Ecom Express,TRK911391,3,5,150,SLA Breached
SHP-51393,ORD-21393,Delhivery Direct,TRK911393,4,5,180,SLA Breached
SHP-51394,ORD-21394,Delhivery Direct,TRK911394,5,5,90,SLA Met
SHP-51396,ORD-21396,Delhivery Direct,TRK911396,2,2,180,SLA Met
SHP-51397,ORD-21397,Ecom Express,TRK911397,2,2,180,SLA Met
SHP-51398,ORD-21398,Shadowfax Surface,TRK911398,4,4,120,SLA Met
SHP-51400,ORD-21400,Ecom Express,TRK911400,3,6,120,SLA Breached
SHP-51401,ORD-21401,XpressBees Surface,TRK911401,2,2,150,SLA Met
SHP-51402,ORD-21402,Delhivery Direct,TRK911402,2,2,60,SLA Met
SHP-51403,ORD-21403,BlueDart Express,TRK911403,2,2,180,SLA Met
SHP-51406,ORD-21406,XpressBees Surface,TRK911406,4,4,90,SLA Met
SHP-51407,ORD-21407,Delhivery Direct,TRK911407,2,2,60,SLA Met
SHP-51408,ORD-21408,Delhivery Direct,TRK911408,2,2,120,SLA Met
SHP-51409,ORD-21409,Delhivery Direct,TRK911409,5,5,90,SLA Met
SHP-51410,ORD-21410,Delhivery Direct,TRK911410,2,2,150,SLA Met
SHP-51411,ORD-21411,Shadowfax Surface,TRK911411,5,5,150,SLA Met
SHP-51412,ORD-21412,XpressBees Surface,TRK911412,5,6,90,SLA Breached
SHP-51413,ORD-21413,Ecom Express,TRK911413,5,5,150,SLA Met
SHP-51415,ORD-21415,Ecom Express,TRK911415,4,4,60,SLA Met
SHP-51417,ORD-21417,XpressBees Surface,TRK911417,5,5,150,SLA Met
SHP-51418,ORD-21418,Ecom Express,TRK911418,3,6,60,SLA Breached
SHP-51419,ORD-21419,BlueDart Express,TRK911419,2,2,180,SLA Met
SHP-51420,ORD-21420,BlueDart Express,TRK911420,4,4,90,SLA Met
SHP-51421,ORD-21421,Ecom Express,TRK911421,3,3,180,SLA Met
SHP-51422,ORD-21422,Ecom Express,TRK911422,3,3,120,SLA Met
SHP-51423,ORD-21423,Shadowfax Surface,TRK911423,2,5,120,SLA Breached
SHP-51424,ORD-21424,Shadowfax Surface,TRK911424,3,3,90,SLA Met
SHP-51426,ORD-21426,Delhivery Direct,TRK911426,4,4,90,SLA Met
SHP-51427,ORD-21427,Delhivery Direct,TRK911427,3,3,120,SLA Met
SHP-51428,ORD-21428,Ecom Express,TRK911428,4,4,180,SLA Met
SHP-51429,ORD-21429,Shadowfax Surface,TRK911429,5,5,180,SLA Met
SHP-51430,ORD-21430,Delhivery Direct,TRK911430,2,2,180,SLA Met
SHP-51434,ORD-21434,Shadowfax Surface,TRK911434,5,5,60,SLA Met
SHP-51436,ORD-21436,BlueDart Express,TRK911436,5,5,180,SLA Met
SHP-51437,ORD-21437,Ecom Express,TRK911437,2,5,180,SLA Breached
SHP-51438,ORD-21438,Delhivery Direct,TRK911438,5,5,90,SLA Met
SHP-51441,ORD-21441,BlueDart Express,TRK911441,3,3,150,SLA Met
SHP-51442,ORD-21442,XpressBees Surface,TRK911442,2,2,60,SLA Met
SHP-51443,ORD-21443,Ecom Express,TRK911443,5,5,150,SLA Met
SHP-51444,ORD-21444,Ecom Express,TRK911444,4,4,90,SLA Met
SHP-51445,ORD-21445,XpressBees Surface,TRK911445,2,2,180,SLA Met
SHP-51447,ORD-21447,Shadowfax Surface,TRK911447,2,6,90,SLA Breached
SHP-51448,ORD-21448,Ecom Express,TRK911448,4,4,120,SLA Met
SHP-51449,ORD-21449,Ecom Express,TRK911449,4,4,60,SLA Met
SHP-51450,ORD-21450,Ecom Express,TRK911450,2,5,150,SLA Breached
SHP-51452,ORD-21452,BlueDart Express,TRK911452,2,2,120,SLA Met
SHP-51453,ORD-21453,XpressBees Surface,TRK911453,2,2,180,SLA Met
SHP-51454,ORD-21454,Shadowfax Surface,TRK911454,2,6,120,SLA Breached
SHP-51455,ORD-21455,Shadowfax Surface,TRK911455,2,2,180,SLA Met
SHP-51457,ORD-21457,BlueDart Express,TRK911457,4,4,90,SLA Met
SHP-51458,ORD-21458,Ecom Express,TRK911458,5,7,150,SLA Breached
SHP-51460,ORD-21460,Shadowfax Surface,TRK911460,3,3,120,SLA Met
SHP-51461,ORD-21461,XpressBees Surface,TRK911461,5,7,60,SLA Breached
SHP-51462,ORD-21462,Shadowfax Surface,TRK911462,5,5,180,SLA Met
SHP-51463,ORD-21463,Ecom Express,TRK911463,3,3,90,SLA Met
SHP-51464,ORD-21464,Shadowfax Surface,TRK911464,5,6,60,SLA Breached
SHP-51465,ORD-21465,Ecom Express,TRK911465,4,4,120,SLA Met
SHP-51466,ORD-21466,XpressBees Surface,TRK911466,4,5,90,SLA Breached
SHP-51468,ORD-21468,Ecom Express,TRK911468,5,5,60,SLA Met
SHP-51469,ORD-21469,BlueDart Express,TRK911469,2,2,60,SLA Met
SHP-51470,ORD-21470,XpressBees Surface,TRK911470,2,2,60,SLA Met
SHP-51473,ORD-21473,XpressBees Surface,TRK911473,2,2,90,SLA Met
SHP-51474,ORD-21474,XpressBees Surface,TRK911474,3,3,120,SLA Met
SHP-51475,ORD-21475,Ecom Express,TRK911475,2,6,120,SLA Breached
SHP-51476,ORD-21476,Ecom Express,TRK911476,2,3,60,SLA Breached
SHP-51477,ORD-21477,XpressBees Surface,TRK911477,4,4,180,SLA Met
SHP-51478,ORD-21478,Ecom Express,TRK911478,4,4,150,SLA Met
SHP-51481,ORD-21481,Shadowfax Surface,TRK911481,2,5,180,SLA Breached
SHP-51484,ORD-21484,Shadowfax Surface,TRK911484,5,7,120,SLA Breached
SHP-51485,ORD-21485,BlueDart Express,TRK911485,3,3,180,SLA Met
SHP-51487,ORD-21487,Shadowfax Surface,TRK911487,2,2,120,SLA Met
SHP-51488,ORD-21488,Shadowfax Surface,TRK911488,5,8,180,SLA Breached
SHP-51489,ORD-21489,XpressBees Surface,TRK911489,4,4,180,SLA Met
SHP-51491,ORD-21491,XpressBees Surface,TRK911491,5,5,150,SLA Met
SHP-51492,ORD-21492,BlueDart Express,TRK911492,5,5,180,SLA Met
SHP-51494,ORD-21494,Delhivery Direct,TRK911494,3,3,60,SLA Met
SHP-51495,ORD-21495,XpressBees Surface,TRK911495,5,5,60,SLA Met
SHP-51496,ORD-21496,Ecom Express,TRK911496,5,6,120,SLA Breached
SHP-51497,ORD-21497,Shadowfax Surface,TRK911497,3,3,120,SLA Met
SHP-51498,ORD-21498,XpressBees Surface,TRK911498,2,2,120,SLA Met
SHP-51499,ORD-21499,Shadowfax Surface,TRK911499,5,5,150,SLA Met
SHP-51501,ORD-21501,Shadowfax Surface,TRK911501,3,3,90,SLA Met
SHP-51502,ORD-21502,BlueDart Express,TRK911502,5,5,120,SLA Met
SHP-51503,ORD-21503,Shadowfax Surface,TRK911503,4,4,90,SLA Met
SHP-51504,ORD-21504,Shadowfax Surface,TRK911504,4,4,180,SLA Met
SHP-51505,ORD-21505,Ecom Express,TRK911505,2,2,90,SLA Met
SHP-51506,ORD-21506,Delhivery Direct,TRK911506,3,4,120,SLA Breached
SHP-51509,ORD-21509,Shadowfax Surface,TRK911509,3,3,180,SLA Met
SHP-51510,ORD-21510,Shadowfax Surface,TRK911510,5,5,120,SLA Met
SHP-51511,ORD-21511,Ecom Express,TRK911511,4,4,60,SLA Met
SHP-51512,ORD-21512,BlueDart Express,TRK911512,4,4,120,SLA Met
SHP-51514,ORD-21514,XpressBees Surface,TRK911514,5,5,120,SLA Met
SHP-51515,ORD-21515,Delhivery Direct,TRK911515,5,5,150,SLA Met
SHP-51516,ORD-21516,Ecom Express,TRK911516,5,9,90,SLA Breached
SHP-51517,ORD-21517,XpressBees Surface,TRK911517,3,3,120,SLA Met
SHP-51518,ORD-21518,Delhivery Direct,TRK911518,4,4,150,SLA Met
SHP-51519,ORD-21519,Ecom Express,TRK911519,2,2,120,SLA Met
SHP-51520,ORD-21520,XpressBees Surface,TRK911520,4,4,60,SLA Met
SHP-51521,ORD-21521,BlueDart Express,TRK911521,2,2,180,SLA Met
SHP-51522,ORD-21522,Shadowfax Surface,TRK911522,3,3,150,SLA Met
SHP-51523,ORD-21523,XpressBees Surface,TRK911523,2,2,120,SLA Met
SHP-51524,ORD-21524,Shadowfax Surface,TRK911524,5,5,90,SLA Met
SHP-51526,ORD-21526,Delhivery Direct,TRK911526,4,4,120,SLA Met
SHP-51527,ORD-21527,BlueDart Express,TRK911527,3,5,90,SLA Breached
SHP-51528,ORD-21528,Shadowfax Surface,TRK911528,3,3,120,SLA Met
SHP-51529,ORD-21529,BlueDart Express,TRK911529,2,2,90,SLA Met
SHP-51530,ORD-21530,Delhivery Direct,TRK911530,4,4,90,SLA Met
SHP-51531,ORD-21531,BlueDart Express,TRK911531,3,5,60,SLA Breached
SHP-51532,ORD-21532,BlueDart Express,TRK911532,2,2,180,SLA Met
SHP-51534,ORD-21534,XpressBees Surface,TRK911534,2,2,60,SLA Met
SHP-51535,ORD-21535,Delhivery Direct,TRK911535,4,4,60,SLA Met
SHP-51537,ORD-21537,BlueDart Express,TRK911537,2,2,60,SLA Met
SHP-51538,ORD-21538,Ecom Express,TRK911538,3,3,60,SLA Met
SHP-51539,ORD-21539,Delhivery Direct,TRK911539,4,4,60,SLA Met
SHP-51540,ORD-21540,BlueDart Express,TRK911540,3,3,150,SLA Met
SHP-51541,ORD-21541,Delhivery Direct,TRK911541,2,2,150,SLA Met
SHP-51542,ORD-21542,Shadowfax Surface,TRK911542,2,2,150,SLA Met
SHP-51543,ORD-21543,Ecom Express,TRK911543,3,3,60,SLA Met
SHP-51544,ORD-21544,Delhivery Direct,TRK911544,2,3,150,SLA Breached
SHP-51545,ORD-21545,Ecom Express,TRK911545,5,5,180,SLA Met
SHP-51546,ORD-21546,Ecom Express,TRK911546,3,3,60,SLA Met
SHP-51547,ORD-21547,Delhivery Direct,TRK911547,4,4,180,SLA Met
SHP-51548,ORD-21548,Ecom Express,TRK911548,5,5,180,SLA Met
SHP-51549,ORD-21549,Shadowfax Surface,TRK911549,3,3,150,SLA Met
SHP-51550,ORD-21550,Shadowfax Surface,TRK911550,4,4,60,SLA Met
SHP-51551,ORD-21551,Delhivery Direct,TRK911551,2,5,90,SLA Breached
SHP-51554,ORD-21554,Shadowfax Surface,TRK911554,2,2,120,SLA Met
SHP-51556,ORD-21556,XpressBees Surface,TRK911556,5,5,120,SLA Met
SHP-51557,ORD-21557,XpressBees Surface,TRK911557,3,4,120,SLA Breached
SHP-51558,ORD-21558,Delhivery Direct,TRK911558,5,5,90,SLA Met
SHP-51559,ORD-21559,XpressBees Surface,TRK911559,4,4,120,SLA Met
SHP-51560,ORD-21560,Shadowfax Surface,TRK911560,3,3,150,SLA Met
SHP-51561,ORD-21561,Shadowfax Surface,TRK911561,3,3,180,SLA Met
SHP-51562,ORD-21562,Delhivery Direct,TRK911562,4,4,180,SLA Met
SHP-51563,ORD-21563,Shadowfax Surface,TRK911563,5,7,90,SLA Breached
SHP-51564,ORD-21564,Shadowfax Surface,TRK911564,2,3,150,SLA Breached
SHP-51566,ORD-21566,XpressBees Surface,TRK911566,5,5,180,SLA Met
SHP-51568,ORD-21568,BlueDart Express,TRK911568,4,4,90,SLA Met
SHP-51569,ORD-21569,Delhivery Direct,TRK911569,4,4,90,SLA Met
SHP-51570,ORD-21570,XpressBees Surface,TRK911570,5,5,90,SLA Met
SHP-51571,ORD-21571,BlueDart Express,TRK911571,2,5,90,SLA Breached
SHP-51572,ORD-21572,Ecom Express,TRK911572,5,5,180,SLA Met
SHP-51573,ORD-21573,Ecom Express,TRK911573,2,2,60,SLA Met
SHP-51574,ORD-21574,XpressBees Surface,TRK911574,5,9,180,SLA Breached
SHP-51575,ORD-21575,Ecom Express,TRK911575,3,3,60,SLA Met
SHP-51577,ORD-21577,Ecom Express,TRK911577,4,5,120,SLA Breached
SHP-51578,ORD-21578,XpressBees Surface,TRK911578,5,5,120,SLA Met
SHP-51580,ORD-21580,Ecom Express,TRK911580,5,5,60,SLA Met
SHP-51581,ORD-21581,Shadowfax Surface,TRK911581,2,2,120,SLA Met
SHP-51582,ORD-21582,Ecom Express,TRK911582,3,3,90,SLA Met
SHP-51583,ORD-21583,Shadowfax Surface,TRK911583,2,2,90,SLA Met
SHP-51584,ORD-21584,Delhivery Direct,TRK911584,4,4,60,SLA Met
SHP-51585,ORD-21585,Delhivery Direct,TRK911585,3,3,180,SLA Met
SHP-51586,ORD-21586,XpressBees Surface,TRK911586,5,5,90,SLA Met
SHP-51587,ORD-21587,Delhivery Direct,TRK911587,3,3,180,SLA Met
SHP-51588,ORD-21588,XpressBees Surface,TRK911588,4,4,180,SLA Met
SHP-51590,ORD-21590,XpressBees Surface,TRK911590,2,2,90,SLA Met
SHP-51591,ORD-21591,XpressBees Surface,TRK911591,2,2,180,SLA Met
SHP-51592,ORD-21592,Delhivery Direct,TRK911592,3,3,60,SLA Met
SHP-51593,ORD-21593,Shadowfax Surface,TRK911593,5,5,120,SLA Met
SHP-51594,ORD-21594,Shadowfax Surface,TRK911594,2,3,180,SLA Breached
SHP-51595,ORD-21595,Delhivery Direct,TRK911595,5,9,180,SLA Breached
SHP-51596,ORD-21596,Ecom Express,TRK911596,2,5,90,SLA Breached
SHP-51597,ORD-21597,Delhivery Direct,TRK911597,5,5,180,SLA Met
SHP-51598,ORD-21598,Shadowfax Surface,TRK911598,2,5,120,SLA Breached
SHP-51599,ORD-21599,XpressBees Surface,TRK911599,3,7,90,SLA Breached
SHP-51600,ORD-21600,BlueDart Express,TRK911600,4,7,120,SLA Breached
SHP-51601,ORD-21601,Shadowfax Surface,TRK911601,4,4,180,SLA Met
SHP-51602,ORD-21602,BlueDart Express,TRK911602,3,3,120,SLA Met
SHP-51603,ORD-21603,Shadowfax Surface,TRK911603,3,3,180,SLA Met
SHP-51604,ORD-21604,BlueDart Express,TRK911604,5,5,90,SLA Met
SHP-51605,ORD-21605,Shadowfax Surface,TRK911605,3,4,90,SLA Breached
SHP-51606,ORD-21606,Ecom Express,TRK911606,5,5,150,SLA Met
SHP-51607,ORD-21607,BlueDart Express,TRK911607,4,4,180,SLA Met
SHP-51610,ORD-21610,BlueDart Express,TRK911610,3,3,150,SLA Met
SHP-51611,ORD-21611,Shadowfax Surface,TRK911611,2,2,120,SLA Met
SHP-51612,ORD-21612,Delhivery Direct,TRK911612,5,5,180,SLA Met
SHP-51613,ORD-21613,Ecom Express,TRK911613,4,4,150,SLA Met
SHP-51615,ORD-21615,XpressBees Surface,TRK911615,3,3,60,SLA Met
SHP-51616,ORD-21616,Shadowfax Surface,TRK911616,4,4,180,SLA Met
SHP-51617,ORD-21617,Ecom Express,TRK911617,4,4,150,SLA Met
SHP-51619,ORD-21619,Ecom Express,TRK911619,2,6,180,SLA Breached
SHP-51620,ORD-21620,XpressBees Surface,TRK911620,2,2,120,SLA Met
SHP-51621,ORD-21621,Ecom Express,TRK911621,4,4,180,SLA Met
SHP-51623,ORD-21623,Ecom Express,TRK911623,5,5,150,SLA Met
SHP-51624,ORD-21624,Delhivery Direct,TRK911624,5,6,120,SLA Breached
SHP-51625,ORD-21625,Shadowfax Surface,TRK911625,2,2,150,SLA Met
SHP-51626,ORD-21626,Delhivery Direct,TRK911626,3,3,150,SLA Met
SHP-51627,ORD-21627,Ecom Express,TRK911627,2,2,90,SLA Met
SHP-51628,ORD-21628,Delhivery Direct,TRK911628,4,4,60,SLA Met
SHP-51629,ORD-21629,Ecom Express,TRK911629,5,5,150,SLA Met
SHP-51630,ORD-21630,Delhivery Direct,TRK911630,5,5,90,SLA Met
SHP-51631,ORD-21631,BlueDart Express,TRK911631,4,4,90,SLA Met
SHP-51632,ORD-21632,Ecom Express,TRK911632,2,2,60,SLA Met
SHP-51634,ORD-21634,Delhivery Direct,TRK911634,3,3,180,SLA Met
SHP-51636,ORD-21636,Ecom Express,TRK911636,3,3,120,SLA Met
SHP-51637,ORD-21637,Ecom Express,TRK911637,4,5,60,SLA Breached
SHP-51638,ORD-21638,Delhivery Direct,TRK911638,5,9,60,SLA Breached
SHP-51639,ORD-21639,BlueDart Express,TRK911639,4,8,60,SLA Breached
SHP-51640,ORD-21640,Delhivery Direct,TRK911640,2,2,150,SLA Met
SHP-51641,ORD-21641,XpressBees Surface,TRK911641,3,3,150,SLA Met
SHP-51643,ORD-21643,Shadowfax Surface,TRK911643,2,2,120,SLA Met
SHP-51644,ORD-21644,Shadowfax Surface,TRK911644,4,4,60,SLA Met
SHP-51645,ORD-21645,BlueDart Express,TRK911645,2,2,120,SLA Met
SHP-51646,ORD-21646,Shadowfax Surface,TRK911646,5,5,150,SLA Met
SHP-51647,ORD-21647,Shadowfax Surface,TRK911647,3,3,90,SLA Met
SHP-51648,ORD-21648,Shadowfax Surface,TRK911648,5,5,90,SLA Met
SHP-51649,ORD-21649,BlueDart Express,TRK911649,4,4,60,SLA Met
SHP-51650,ORD-21650,Ecom Express,TRK911650,2,2,180,SLA Met
SHP-51651,ORD-21651,Shadowfax Surface,TRK911651,3,7,60,SLA Breached
SHP-51652,ORD-21652,XpressBees Surface,TRK911652,2,2,90,SLA Met
SHP-51653,ORD-21653,XpressBees Surface,TRK911653,3,3,60,SLA Met
SHP-51654,ORD-21654,BlueDart Express,TRK911654,5,5,120,SLA Met
SHP-51655,ORD-21655,Ecom Express,TRK911655,4,4,180,SLA Met
SHP-51656,ORD-21656,BlueDart Express,TRK911656,4,4,180,SLA Met
SHP-51657,ORD-21657,BlueDart Express,TRK911657,2,2,150,SLA Met
SHP-51658,ORD-21658,Delhivery Direct,TRK911658,2,2,180,SLA Met
SHP-51660,ORD-21660,Delhivery Direct,TRK911660,4,4,180,SLA Met
SHP-51661,ORD-21661,Shadowfax Surface,TRK911661,2,4,120,SLA Breached
SHP-51662,ORD-21662,BlueDart Express,TRK911662,4,8,60,SLA Breached
SHP-51663,ORD-21663,Shadowfax Surface,TRK911663,2,2,180,SLA Met
SHP-51664,ORD-21664,Delhivery Direct,TRK911664,4,4,90,SLA Met
SHP-51665,ORD-21665,Delhivery Direct,TRK911665,3,3,120,SLA Met
SHP-51666,ORD-21666,Ecom Express,TRK911666,3,3,180,SLA Met
SHP-51668,ORD-21668,Ecom Express,TRK911668,2,5,180,SLA Breached
SHP-51669,ORD-21669,Delhivery Direct,TRK911669,4,4,180,SLA Met
SHP-51670,ORD-21670,Ecom Express,TRK911670,5,5,180,SLA Met
SHP-51671,ORD-21671,Ecom Express,TRK911671,4,4,150,SLA Met
SHP-51672,ORD-21672,BlueDart Express,TRK911672,5,5,120,SLA Met
SHP-51673,ORD-21673,Delhivery Direct,TRK911673,3,7,150,SLA Breached
SHP-51674,ORD-21674,Delhivery Direct,TRK911674,5,5,90,SLA Met
SHP-51676,ORD-21676,XpressBees Surface,TRK911676,3,3,60,SLA Met
SHP-51677,ORD-21677,BlueDart Express,TRK911677,5,5,120,SLA Met
SHP-51678,ORD-21678,Delhivery Direct,TRK911678,5,5,120,SLA Met
SHP-51679,ORD-21679,BlueDart Express,TRK911679,2,2,180,SLA Met
SHP-51680,ORD-21680,Ecom Express,TRK911680,2,3,180,SLA Breached
SHP-51681,ORD-21681,BlueDart Express,TRK911681,3,3,90,SLA Met
SHP-51683,ORD-21683,XpressBees Surface,TRK911683,2,5,180,SLA Breached
SHP-51684,ORD-21684,XpressBees Surface,TRK911684,3,3,150,SLA Met
SHP-51685,ORD-21685,Ecom Express,TRK911685,2,2,60,SLA Met
SHP-51686,ORD-21686,XpressBees Surface,TRK911686,4,4,60,SLA Met
SHP-51688,ORD-21688,XpressBees Surface,TRK911688,4,4,90,SLA Met
SHP-51689,ORD-21689,Delhivery Direct,TRK911689,5,5,180,SLA Met
SHP-51690,ORD-21690,XpressBees Surface,TRK911690,2,2,180,SLA Met
SHP-51691,ORD-21691,Shadowfax Surface,TRK911691,2,2,120,SLA Met
SHP-51692,ORD-21692,Ecom Express,TRK911692,4,4,60,SLA Met
SHP-51693,ORD-21693,Ecom Express,TRK911693,5,5,180,SLA Met
SHP-51694,ORD-21694,Shadowfax Surface,TRK911694,3,3,60,SLA Met
SHP-51695,ORD-21695,Shadowfax Surface,TRK911695,5,5,60,SLA Met
SHP-51696,ORD-21696,BlueDart Express,TRK911696,3,5,120,SLA Breached
SHP-51697,ORD-21697,XpressBees Surface,TRK911697,4,4,150,SLA Met
SHP-51698,ORD-21698,XpressBees Surface,TRK911698,2,2,180,SLA Met
SHP-51699,ORD-21699,Ecom Express,TRK911699,5,5,90,SLA Met
SHP-51700,ORD-21700,BlueDart Express,TRK911700,4,4,120,SLA Met
SHP-51701,ORD-21701,Delhivery Direct,TRK911701,2,4,120,SLA Breached
SHP-51702,ORD-21702,Shadowfax Surface,TRK911702,4,6,150,SLA Breached
SHP-51703,ORD-21703,XpressBees Surface,TRK911703,3,3,120,SLA Met
SHP-51704,ORD-21704,Ecom Express,TRK911704,2,2,60,SLA Met
SHP-51705,ORD-21705,Shadowfax Surface,TRK911705,4,4,90,SLA Met
SHP-51706,ORD-21706,Delhivery Direct,TRK911706,3,3,150,SLA Met
SHP-51707,ORD-21707,Shadowfax Surface,TRK911707,2,2,90,SLA Met
SHP-51708,ORD-21708,Ecom Express,TRK911708,5,5,90,SLA Met
SHP-51710,ORD-21710,Ecom Express,TRK911710,2,2,180,SLA Met
SHP-51711,ORD-21711,XpressBees Surface,TRK911711,4,4,60,SLA Met
SHP-51712,ORD-21712,Ecom Express,TRK911712,3,3,180,SLA Met
SHP-51714,ORD-21714,XpressBees Surface,TRK911714,4,4,180,SLA Met
SHP-51715,ORD-21715,BlueDart Express,TRK911715,2,2,60,SLA Met
SHP-51716,ORD-21716,Shadowfax Surface,TRK911716,4,4,180,SLA Met
SHP-51717,ORD-21717,XpressBees Surface,TRK911717,4,4,180,SLA Met
SHP-51718,ORD-21718,BlueDart Express,TRK911718,5,5,60,SLA Met
SHP-51719,ORD-21719,BlueDart Express,TRK911719,2,2,60,SLA Met
SHP-51721,ORD-21721,Shadowfax Surface,TRK911721,3,3,60,SLA Met
SHP-51722,ORD-21722,Ecom Express,TRK911722,3,3,120,SLA Met
SHP-51724,ORD-21724,XpressBees Surface,TRK911724,3,3,150,SLA Met
SHP-51726,ORD-21726,XpressBees Surface,TRK911726,3,3,150,SLA Met
SHP-51728,ORD-21728,XpressBees Surface,TRK911728,5,5,120,SLA Met
SHP-51729,ORD-21729,XpressBees Surface,TRK911729,2,2,150,SLA Met
SHP-51730,ORD-21730,Ecom Express,TRK911730,4,4,90,SLA Met
SHP-51731,ORD-21731,BlueDart Express,TRK911731,5,9,180,SLA Breached
SHP-51732,ORD-21732,Ecom Express,TRK911732,2,3,150,SLA Breached
SHP-51733,ORD-21733,XpressBees Surface,TRK911733,4,4,120,SLA Met
SHP-51734,ORD-21734,Ecom Express,TRK911734,4,4,90,SLA Met
SHP-51736,ORD-21736,Delhivery Direct,TRK911736,3,3,120,SLA Met
SHP-51738,ORD-21738,Shadowfax Surface,TRK911738,2,2,120,SLA Met
SHP-51739,ORD-21739,Ecom Express,TRK911739,3,3,120,SLA Met
SHP-51740,ORD-21740,Ecom Express,TRK911740,5,5,150,SLA Met
SHP-51742,ORD-21742,Shadowfax Surface,TRK911742,2,2,90,SLA Met
SHP-51743,ORD-21743,Shadowfax Surface,TRK911743,4,4,60,SLA Met
SHP-51746,ORD-21746,Delhivery Direct,TRK911746,3,3,60,SLA Met
SHP-51747,ORD-21747,BlueDart Express,TRK911747,3,4,120,SLA Breached
SHP-51748,ORD-21748,Ecom Express,TRK911748,4,4,90,SLA Met
SHP-51749,ORD-21749,XpressBees Surface,TRK911749,2,2,150,SLA Met
SHP-51750,ORD-21750,BlueDart Express,TRK911750,2,2,180,SLA Met
SHP-51752,ORD-21752,Ecom Express,TRK911752,5,6,150,SLA Breached
SHP-51753,ORD-21753,XpressBees Surface,TRK911753,5,5,180,SLA Met
SHP-51755,ORD-21755,XpressBees Surface,TRK911755,5,5,60,SLA Met
SHP-51756,ORD-21756,Delhivery Direct,TRK911756,5,5,150,SLA Met
SHP-51757,ORD-21757,XpressBees Surface,TRK911757,3,6,180,SLA Breached
SHP-51758,ORD-21758,Ecom Express,TRK911758,3,3,180,SLA Met
SHP-51759,ORD-21759,Delhivery Direct,TRK911759,4,6,90,SLA Breached
SHP-51760,ORD-21760,Ecom Express,TRK911760,3,5,90,SLA Breached
SHP-51761,ORD-21761,XpressBees Surface,TRK911761,2,2,90,SLA Met
SHP-51762,ORD-21762,Shadowfax Surface,TRK911762,3,3,120,SLA Met
SHP-51763,ORD-21763,Ecom Express,TRK911763,5,5,90,SLA Met
SHP-51765,ORD-21765,Shadowfax Surface,TRK911765,2,2,180,SLA Met
SHP-51766,ORD-21766,Shadowfax Surface,TRK911766,4,4,120,SLA Met
SHP-51769,ORD-21769,BlueDart Express,TRK911769,5,8,90,SLA Breached
SHP-51773,ORD-21773,BlueDart Express,TRK911773,3,4,150,SLA Breached
SHP-51774,ORD-21774,Shadowfax Surface,TRK911774,4,6,150,SLA Breached
SHP-51775,ORD-21775,XpressBees Surface,TRK911775,4,6,90,SLA Breached
SHP-51776,ORD-21776,Shadowfax Surface,TRK911776,2,2,150,SLA Met
SHP-51777,ORD-21777,Ecom Express,TRK911777,3,3,180,SLA Met
SHP-51779,ORD-21779,XpressBees Surface,TRK911779,4,4,90,SLA Met
SHP-51780,ORD-21780,Shadowfax Surface,TRK911780,4,4,150,SLA Met
SHP-51781,ORD-21781,XpressBees Surface,TRK911781,3,3,60,SLA Met
SHP-51782,ORD-21782,Ecom Express,TRK911782,3,4,150,SLA Breached
SHP-51784,ORD-21784,BlueDart Express,TRK911784,4,4,150,SLA Met
SHP-51785,ORD-21785,Shadowfax Surface,TRK911785,5,9,90,SLA Breached
SHP-51786,ORD-21786,BlueDart Express,TRK911786,3,4,180,SLA Breached
SHP-51787,ORD-21787,XpressBees Surface,TRK911787,5,5,90,SLA Met
SHP-51788,ORD-21788,Shadowfax Surface,TRK911788,3,3,150,SLA Met
SHP-51789,ORD-21789,Ecom Express,TRK911789,5,5,180,SLA Met
SHP-51790,ORD-21790,Delhivery Direct,TRK911790,4,4,180,SLA Met
SHP-51792,ORD-21792,Ecom Express,TRK911792,4,4,90,SLA Met
SHP-51793,ORD-21793,BlueDart Express,TRK911793,5,5,150,SLA Met
SHP-51794,ORD-21794,XpressBees Surface,TRK911794,4,5,60,SLA Breached
SHP-51796,ORD-21796,Ecom Express,TRK911796,2,2,150,SLA Met
SHP-51797,ORD-21797,BlueDart Express,TRK911797,4,5,120,SLA Breached
SHP-51798,ORD-21798,Delhivery Direct,TRK911798,3,3,120,SLA Met
SHP-51799,ORD-21799,BlueDart Express,TRK911799,4,4,90,SLA Met
SHP-51800,ORD-21800,Delhivery Direct,TRK911800,5,5,150,SLA Met
SHP-51802,ORD-21802,Delhivery Direct,TRK911802,3,3,60,SLA Met
SHP-51803,ORD-21803,XpressBees Surface,TRK911803,5,9,150,SLA Breached
SHP-51804,ORD-21804,XpressBees Surface,TRK911804,3,4,60,SLA Breached
SHP-51805,ORD-21805,Shadowfax Surface,TRK911805,3,3,90,SLA Met
SHP-51808,ORD-21808,Delhivery Direct,TRK911808,2,2,150,SLA Met
SHP-51809,ORD-21809,XpressBees Surface,TRK911809,2,2,60,SLA Met
SHP-51810,ORD-21810,Ecom Express,TRK911810,3,4,90,SLA Breached
SHP-51811,ORD-21811,XpressBees Surface,TRK911811,2,2,150,SLA Met
SHP-51812,ORD-21812,XpressBees Surface,TRK911812,4,4,90,SLA Met
SHP-51813,ORD-21813,Delhivery Direct,TRK911813,5,7,60,SLA Breached
SHP-51814,ORD-21814,Ecom Express,TRK911814,2,2,90,SLA Met
SHP-51815,ORD-21815,BlueDart Express,TRK911815,3,3,60,SLA Met
SHP-51816,ORD-21816,XpressBees Surface,TRK911816,4,4,60,SLA Met
SHP-51817,ORD-21817,Shadowfax Surface,TRK911817,4,4,60,SLA Met
SHP-51818,ORD-21818,Ecom Express,TRK911818,4,6,90,SLA Breached
SHP-51819,ORD-21819,Shadowfax Surface,TRK911819,2,2,60,SLA Met
SHP-51820,ORD-21820,BlueDart Express,TRK911820,5,5,150,SLA Met
SHP-51821,ORD-21821,BlueDart Express,TRK911821,2,6,120,SLA Breached
SHP-51822,ORD-21822,XpressBees Surface,TRK911822,5,5,90,SLA Met
SHP-51823,ORD-21823,Shadowfax Surface,TRK911823,4,4,90,SLA Met
SHP-51825,ORD-21825,XpressBees Surface,TRK911825,5,9,60,SLA Breached
SHP-51827,ORD-21827,Delhivery Direct,TRK911827,2,2,120,SLA Met
SHP-51828,ORD-21828,Ecom Express,TRK911828,3,3,180,SLA Met
SHP-51829,ORD-21829,BlueDart Express,TRK911829,5,5,90,SLA Met
SHP-51830,ORD-21830,Shadowfax Surface,TRK911830,5,7,90,SLA Breached
SHP-51832,ORD-21832,Ecom Express,TRK911832,4,4,120,SLA Met
SHP-51833,ORD-21833,XpressBees Surface,TRK911833,5,7,150,SLA Breached
SHP-51834,ORD-21834,Ecom Express,TRK911834,3,6,90,SLA Breached
SHP-51835,ORD-21835,Shadowfax Surface,TRK911835,5,9,150,SLA Breached
SHP-51838,ORD-21838,Ecom Express,TRK911838,2,2,150,SLA Met
SHP-51839,ORD-21839,BlueDart Express,TRK911839,4,4,90,SLA Met
SHP-51841,ORD-21841,Delhivery Direct,TRK911841,4,4,180,SLA Met
SHP-51842,ORD-21842,BlueDart Express,TRK911842,5,5,150,SLA Met
SHP-51844,ORD-21844,XpressBees Surface,TRK911844,4,4,90,SLA Met
SHP-51845,ORD-21845,XpressBees Surface,TRK911845,3,3,120,SLA Met
SHP-51846,ORD-21846,BlueDart Express,TRK911846,3,3,180,SLA Met
SHP-51848,ORD-21848,Ecom Express,TRK911848,4,4,150,SLA Met
SHP-51849,ORD-21849,BlueDart Express,TRK911849,5,5,120,SLA Met
SHP-51850,ORD-21850,BlueDart Express,TRK911850,2,2,90,SLA Met
SHP-51851,ORD-21851,Shadowfax Surface,TRK911851,3,3,120,SLA Met
SHP-51852,ORD-21852,Delhivery Direct,TRK911852,2,2,60,SLA Met
SHP-51853,ORD-21853,Shadowfax Surface,TRK911853,2,2,90,SLA Met
SHP-51854,ORD-21854,Delhivery Direct,TRK911854,5,7,90,SLA Breached
SHP-51855,ORD-21855,Delhivery Direct,TRK911855,4,4,90,SLA Met
SHP-51856,ORD-21856,BlueDart Express,TRK911856,5,8,90,SLA Breached
SHP-51857,ORD-21857,Delhivery Direct,TRK911857,5,5,120,SLA Met
SHP-51858,ORD-21858,XpressBees Surface,TRK911858,5,5,150,SLA Met
SHP-51859,ORD-21859,Delhivery Direct,TRK911859,5,5,60,SLA Met
SHP-51862,ORD-21862,Shadowfax Surface,TRK911862,4,4,120,SLA Met
SHP-51864,ORD-21864,Shadowfax Surface,TRK911864,5,5,90,SLA Met
SHP-51865,ORD-21865,XpressBees Surface,TRK911865,4,4,150,SLA Met
SHP-51866,ORD-21866,Shadowfax Surface,TRK911866,4,4,150,SLA Met
SHP-51867,ORD-21867,BlueDart Express,TRK911867,3,6,60,SLA Breached
SHP-51868,ORD-21868,BlueDart Express,TRK911868,3,3,60,SLA Met
SHP-51869,ORD-21869,BlueDart Express,TRK911869,2,2,120,SLA Met
SHP-51870,ORD-21870,XpressBees Surface,TRK911870,2,2,90,SLA Met
SHP-51871,ORD-21871,XpressBees Surface,TRK911871,3,3,120,SLA Met
SHP-51872,ORD-21872,XpressBees Surface,TRK911872,5,5,60,SLA Met
SHP-51873,ORD-21873,BlueDart Express,TRK911873,4,4,90,SLA Met
SHP-51874,ORD-21874,Shadowfax Surface,TRK911874,2,2,120,SLA Met
SHP-51876,ORD-21876,Delhivery Direct,TRK911876,2,2,180,SLA Met
SHP-51877,ORD-21877,XpressBees Surface,TRK911877,2,2,90,SLA Met
SHP-51878,ORD-21878,Ecom Express,TRK911878,5,7,180,SLA Breached
SHP-51880,ORD-21880,XpressBees Surface,TRK911880,3,3,150,SLA Met
SHP-51882,ORD-21882,Delhivery Direct,TRK911882,4,5,120,SLA Breached
SHP-51883,ORD-21883,Shadowfax Surface,TRK911883,2,2,180,SLA Met
SHP-51884,ORD-21884,BlueDart Express,TRK911884,5,5,180,SLA Met
SHP-51886,ORD-21886,Shadowfax Surface,TRK911886,2,6,180,SLA Breached
SHP-51887,ORD-21887,Delhivery Direct,TRK911887,2,2,180,SLA Met
SHP-51888,ORD-21888,Shadowfax Surface,TRK911888,5,5,150,SLA Met
SHP-51889,ORD-21889,Shadowfax Surface,TRK911889,5,5,180,SLA Met
SHP-51891,ORD-21891,BlueDart Express,TRK911891,3,7,120,SLA Breached
SHP-51892,ORD-21892,Shadowfax Surface,TRK911892,3,3,90,SLA Met
SHP-51893,ORD-21893,Shadowfax Surface,TRK911893,4,4,150,SLA Met
SHP-51894,ORD-21894,XpressBees Surface,TRK911894,4,4,120,SLA Met
SHP-51895,ORD-21895,Delhivery Direct,TRK911895,5,5,120,SLA Met
SHP-51896,ORD-21896,Shadowfax Surface,TRK911896,5,5,120,SLA Met
SHP-51897,ORD-21897,Shadowfax Surface,TRK911897,5,5,150,SLA Met
SHP-51899,ORD-21899,Ecom Express,TRK911899,2,2,90,SLA Met
SHP-51901,ORD-21901,Delhivery Direct,TRK911901,5,5,90,SLA Met
SHP-51902,ORD-21902,Ecom Express,TRK911902,3,3,120,SLA Met
SHP-51903,ORD-21903,Delhivery Direct,TRK911903,2,2,120,SLA Met
SHP-51904,ORD-21904,BlueDart Express,TRK911904,3,3,60,SLA Met
SHP-51905,ORD-21905,Ecom Express,TRK911905,3,3,120,SLA Met
SHP-51906,ORD-21906,Delhivery Direct,TRK911906,5,5,180,SLA Met
SHP-51907,ORD-21907,Ecom Express,TRK911907,2,2,180,SLA Met
SHP-51911,ORD-21911,Delhivery Direct,TRK911911,5,5,120,SLA Met
SHP-51912,ORD-21912,Shadowfax Surface,TRK911912,5,6,60,SLA Breached
SHP-51913,ORD-21913,BlueDart Express,TRK911913,2,2,90,SLA Met
SHP-51914,ORD-21914,BlueDart Express,TRK911914,4,5,120,SLA Breached
SHP-51915,ORD-21915,BlueDart Express,TRK911915,2,5,180,SLA Breached
SHP-51916,ORD-21916,XpressBees Surface,TRK911916,4,4,150,SLA Met
SHP-51917,ORD-21917,BlueDart Express,TRK911917,2,4,120,SLA Breached
SHP-51918,ORD-21918,BlueDart Express,TRK911918,5,5,120,SLA Met
SHP-51919,ORD-21919,Delhivery Direct,TRK911919,5,5,90,SLA Met
SHP-51920,ORD-21920,Ecom Express,TRK911920,3,5,90,SLA Breached
SHP-51921,ORD-21921,BlueDart Express,TRK911921,2,2,90,SLA Met
SHP-51922,ORD-21922,BlueDart Express,TRK911922,4,4,60,SLA Met
SHP-51923,ORD-21923,XpressBees Surface,TRK911923,4,6,150,SLA Breached
SHP-51924,ORD-21924,XpressBees Surface,TRK911924,3,3,60,SLA Met
SHP-51926,ORD-21926,XpressBees Surface,TRK911926,2,2,60,SLA Met
SHP-51927,ORD-21927,Delhivery Direct,TRK911927,3,3,60,SLA Met
SHP-51928,ORD-21928,BlueDart Express,TRK911928,4,4,150,SLA Met
SHP-51929,ORD-21929,Delhivery Direct,TRK911929,3,3,90,SLA Met
SHP-51930,ORD-21930,Shadowfax Surface,TRK911930,5,5,150,SLA Met
SHP-51931,ORD-21931,BlueDart Express,TRK911931,5,7,180,SLA Breached
SHP-51932,ORD-21932,Delhivery Direct,TRK911932,3,6,150,SLA Breached
SHP-51934,ORD-21934,BlueDart Express,TRK911934,2,2,180,SLA Met
SHP-51935,ORD-21935,Ecom Express,TRK911935,5,5,90,SLA Met
SHP-51936,ORD-21936,Shadowfax Surface,TRK911936,4,4,60,SLA Met
SHP-51937,ORD-21937,Ecom Express,TRK911937,4,4,60,SLA Met
SHP-51938,ORD-21938,Delhivery Direct,TRK911938,2,2,60,SLA Met
SHP-51939,ORD-21939,Ecom Express,TRK911939,5,5,60,SLA Met
SHP-51940,ORD-21940,Ecom Express,TRK911940,4,4,90,SLA Met
SHP-51941,ORD-21941,BlueDart Express,TRK911941,3,3,60,SLA Met
SHP-51943,ORD-21943,XpressBees Surface,TRK911943,3,3,120,SLA Met
SHP-51944,ORD-21944,XpressBees Surface,TRK911944,4,4,180,SLA Met
SHP-51946,ORD-21946,Ecom Express,TRK911946,2,2,180,SLA Met
SHP-51947,ORD-21947,XpressBees Surface,TRK911947,5,5,150,SLA Met
SHP-51948,ORD-21948,XpressBees Surface,TRK911948,2,2,60,SLA Met
SHP-51949,ORD-21949,Ecom Express,TRK911949,5,7,90,SLA Breached
SHP-51950,ORD-21950,BlueDart Express,TRK911950,2,2,120,SLA Met
SHP-51952,ORD-21952,Shadowfax Surface,TRK911952,3,3,90,SLA Met
SHP-51953,ORD-21953,Delhivery Direct,TRK911953,4,4,90,SLA Met
SHP-51954,ORD-21954,XpressBees Surface,TRK911954,3,3,90,SLA Met
SHP-51956,ORD-21956,XpressBees Surface,TRK911956,3,3,180,SLA Met
SHP-51957,ORD-21957,Ecom Express,TRK911957,5,5,150,SLA Met
SHP-51958,ORD-21958,XpressBees Surface,TRK911958,3,3,90,SLA Met
SHP-51959,ORD-21959,XpressBees Surface,TRK911959,4,4,90,SLA Met
SHP-51961,ORD-21961,BlueDart Express,TRK911961,2,2,90,SLA Met
SHP-51962,ORD-21962,BlueDart Express,TRK911962,5,5,180,SLA Met
SHP-51963,ORD-21963,BlueDart Express,TRK911963,3,3,150,SLA Met
SHP-51965,ORD-21965,XpressBees Surface,TRK911965,5,5,150,SLA Met
SHP-51967,ORD-21967,Delhivery Direct,TRK911967,5,5,120,SLA Met
SHP-51970,ORD-21970,Ecom Express,TRK911970,3,3,120,SLA Met
SHP-51971,ORD-21971,XpressBees Surface,TRK911971,4,4,60,SLA Met
SHP-51973,ORD-21973,Delhivery Direct,TRK911973,4,4,90,SLA Met
SHP-51974,ORD-21974,BlueDart Express,TRK911974,3,3,120,SLA Met
SHP-51975,ORD-21975,BlueDart Express,TRK911975,2,2,180,SLA Met
SHP-51977,ORD-21977,BlueDart Express,TRK911977,3,3,60,SLA Met
SHP-51978,ORD-21978,BlueDart Express,TRK911978,2,2,90,SLA Met
SHP-51979,ORD-21979,Delhivery Direct,TRK911979,5,5,90,SLA Met
SHP-51980,ORD-21980,BlueDart Express,TRK911980,3,3,150,SLA Met
SHP-51981,ORD-21981,BlueDart Express,TRK911981,3,3,90,SLA Met
SHP-51982,ORD-21982,Delhivery Direct,TRK911982,4,4,150,SLA Met
SHP-51983,ORD-21983,Ecom Express,TRK911983,3,4,150,SLA Breached
SHP-51984,ORD-21984,Delhivery Direct,TRK911984,5,5,180,SLA Met
SHP-51985,ORD-21985,BlueDart Express,TRK911985,3,3,180,SLA Met
SHP-51986,ORD-21986,Shadowfax Surface,TRK911986,5,6,150,SLA Breached
SHP-51987,ORD-21987,Delhivery Direct,TRK911987,5,5,90,SLA Met
SHP-51989,ORD-21989,Ecom Express,TRK911989,4,4,150,SLA Met
SHP-51990,ORD-21990,Delhivery Direct,TRK911990,3,3,90,SLA Met
SHP-51991,ORD-21991,Shadowfax Surface,TRK911991,2,2,90,SLA Met
SHP-51992,ORD-21992,Ecom Express,TRK911992,4,4,180,SLA Met
SHP-51993,ORD-21993,Shadowfax Surface,TRK911993,5,5,180,SLA Met
SHP-51994,ORD-21994,BlueDart Express,TRK911994,3,3,60,SLA Met
SHP-51995,ORD-21995,Delhivery Direct,TRK911995,4,4,90,SLA Met
SHP-51997,ORD-21997,XpressBees Surface,TRK911997,2,2,150,SLA Met
SHP-51998,ORD-21998,Delhivery Direct,TRK911998,5,5,120,SLA Met
SHP-51999,ORD-21999,Shadowfax Surface,TRK911999,4,4,90,SLA Met
SHP-52000,ORD-22000,Shadowfax Surface,TRK912000,2,2,120,SLA Met
