order_id,store_id,customer_id,product_id,quantity,unit_price_inr,total_amount_inr,order_date,status,payment_mode
ORD-5001,STR-2003,CUST-4852,PRD-3347,5,1987.78,9938.9,2026-02-08,Delivered,Credit Card
ORD-5002,STR-2027,CUST-4313,PRD-3234,8,1942.76,15542.08,2025-07-10,Cancelled,Escrow
ORD-5003,STR-2068,CUST-4819,PRD-3320,14,4410.18,61742.52,2025-02-03,Delivered,Escrow
ORD-5004,STR-2017,CUST-4814,PRD-3098,7,2732.89,19130.23,2025-12-22,Delivered,Credit Card
ORD-5005,STR-2077,CUST-4440,PRD-3326,8,4616.92,36935.36,2026-01-26,Processing,COD
ORD-5006,STR-2025,CUST-4875,PRD-3275,10,3979.5,39795.0,2025-06-17,Delivered,UPI
ORD-5007,STR-2081,CUST-4815,PRD-3144,5,4279.79,21398.95,2025-10-27,Shipped,Escrow
ORD-5008,STR-2094,CUST-4084,PRD-3402,16,3986.34,63781.44,2025-11-11,Delivered,Escrow
ORD-5009,STR-2066,CUST-4398,PRD-3385,21,3793.01,79653.21,2025-07-11,Shipped,COD
ORD-5010,STR-2060,CUST-4184,PRD-3165,23,1963.31,45156.13,2025-12-22,Shipped,Net Banking
ORD-5011,STR-2061,CUST-4275,PRD-3298,13,3244.81,42182.53,2026-02-09,Processing,UPI
ORD-5012,STR-2027,CUST-4225,PRD-3459,7,2342.59,16398.13,2025-05-01,Shipped,Escrow
ORD-5013,STR-2040,CUST-4436,PRD-3456,13,2921.15,37974.95,2026-03-08,Delivered,Credit Card
ORD-5014,STR-2071,CUST-4087,PRD-3069,25,557.54,13938.5,2025-08-16,Processing,Credit Card
ORD-5015,STR-2030,CUST-4598,PRD-3022,15,2634.47,39517.05,2025-06-22,Shipped,Net Banking
ORD-5016,STR-2060,CUST-4443,PRD-3210,12,4051.85,48622.2,2025-06-12,Delivered,Net Banking
ORD-5017,STR-2004,CUST-4184,PRD-3227,8,1438.28,11506.24,2025-02-08,Delivered,UPI
ORD-5018,STR-2038,CUST-4863,PRD-3257,17,2801.26,47621.42,2025-02-10,Returned,Credit Card
ORD-5019,STR-2030,CUST-4101,PRD-3061,3,1897.15,5691.45,2025-10-07,Delivered,Credit Card
ORD-5020,STR-2026,CUST-4692,PRD-3169,9,1618.17,14563.53,2026-02-22,Returned,Credit Card
ORD-5021,STR-2025,CUST-4723,PRD-3310,5,4992.26,24961.3,2026-01-21,Cancelled,COD
ORD-5022,STR-2034,CUST-4009,PRD-3395,10,1516.95,15169.5,2025-06-27,Returned,Net Banking
ORD-5023,STR-2052,CUST-4842,PRD-3297,25,3328.25,83206.25,2025-08-30,Cancelled,COD
ORD-5024,STR-2098,CUST-4975,PRD-3077,13,1253.76,16298.88,2026-01-06,Cancelled,Escrow
ORD-5025,STR-2061,CUST-4240,PRD-3265,19,3961.98,75277.62,2026-01-23,Shipped,Net Banking
ORD-5026,STR-2044,CUST-4811,PRD-3044,11,4252.14,46773.54,2025-08-08,Returned,Net Banking
ORD-5027,STR-2027,CUST-4450,PRD-3231,18,296.0,5328.0,2025-03-13,Processing,Escrow
ORD-5028,STR-2040,CUST-4966,PRD-3378,1,2574.03,2574.03,2025-12-04,Returned,Credit Card
ORD-5029,STR-2044,CUST-4231,PRD-3215,14,3475.95,48663.3,2025-07-26,Returned,COD
ORD-5030,STR-2039,CUST-4334,PRD-3301,1,2902.75,2902.75,2025-01-17,Delivered,Escrow
ORD-5031,STR-2043,CUST-4582,PRD-3323,20,4581.7,91634.0,2025-10-21,Returned,Net Banking
ORD-5032,STR-2049,CUST-4210,PRD-3486,13,458.99,5966.87,2025-07-17,Delivered,Net Banking
ORD-5033,STR-2014,CUST-4337,PRD-3292,15,3249.17,48737.55,2025-06-05,Delivered,Escrow
ORD-5034,STR-2014,CUST-4692,PRD-3284,6,305.49,1832.94,2025-12-19,Processing,Net Banking
ORD-5035,STR-2004,CUST-4192,PRD-3102,3,4570.02,13710.06,2025-07-17,Delivered,Escrow
ORD-5036,STR-2030,CUST-4299,PRD-3338,17,489.4,8319.8,2025-01-30,Delivered,COD
ORD-5037,STR-2002,CUST-4176,PRD-3168,14,2046.86,28656.04,2025-02-26,Delivered,COD
ORD-5038,STR-2054,CUST-4490,PRD-3381,3,2036.62,6109.86,2026-03-20,Delivered,Escrow
ORD-5039,STR-2027,CUST-4318,PRD-3222,23,3374.24,77607.52,2025-03-23,Processing,COD
ORD-5040,STR-2040,CUST-4602,PRD-3104,17,3626.34,61647.78,2025-08-23,Delivered,Escrow
ORD-5041,STR-2001,CUST-4147,PRD-3229,3,4149.23,12447.69,2025-11-06,Returned,Escrow
ORD-5042,STR-2068,CUST-4337,PRD-3467,19,4414.31,83871.89,2025-08-24,Shipped,COD
ORD-5043,STR-2006,CUST-4755,PRD-3047,10,3284.55,32845.5,2025-08-22,Delivered,Credit Card
ORD-5044,STR-2051,CUST-4628,PRD-3422,6,2163.01,12978.06,2025-04-02,Processing,Net Banking
ORD-5045,STR-2059,CUST-4394,PRD-3467,22,1039.7,22873.4,2025-10-19,Delivered,Net Banking
ORD-5046,STR-2090,CUST-4969,PRD-3023,8,4444.88,35559.04,2025-03-22,Delivered,COD
ORD-5047,STR-2038,CUST-4683,PRD-3470,3,3535.51,10606.53,2026-01-05,Delivered,Net Banking
ORD-5048,STR-2053,CUST-4781,PRD-3284,4,4977.28,19909.12,2025-02-09,Returned,UPI
ORD-5049,STR-2065,CUST-4785,PRD-3400,11,2138.97,23528.67,2025-03-26,Delivered,Escrow
ORD-5050,STR-2065,CUST-4046,PRD-3237,1,505.0,505.0,2025-12-22,Cancelled,Net Banking
ORD-5051,STR-2049,CUST-4352,PRD-3382,13,4300.5,55906.5,2025-07-23,Delivered,UPI
ORD-5052,STR-2033,CUST-4118,PRD-3364,5,1736.49,8682.45,2026-01-19,Shipped,Net Banking
ORD-5053,STR-2060,CUST-4070,PRD-3043,18,3336.56,60058.08,2026-01-01,Shipped,Escrow
ORD-5054,STR-2061,CUST-4841,PRD-3143,6,977.36,5864.16,2025-01-10,Processing,UPI
ORD-5055,STR-2023,CUST-4302,PRD-3064,18,3746.02,67428.36,2025-03-28,Delivered,UPI
ORD-5056,STR-2087,CUST-4280,PRD-3079,15,1886.72,28300.8,2025-04-21,Cancelled,UPI
ORD-5057,STR-2087,CUST-4546,PRD-3111,15,3529.2,52938.0,2026-03-05,Cancelled,COD
ORD-5058,STR-2083,CUST-4679,PRD-3367,22,4500.5,99011.0,2025-07-19,Cancelled,Credit Card
ORD-5059,STR-2057,CUST-4054,PRD-3307,1,386.02,386.02,2025-07-13,Returned,Escrow
ORD-5060,STR-2032,CUST-4384,PRD-3466,8,1119.93,8959.44,2025-01-09,Shipped,UPI
ORD-5061,STR-2002,CUST-4346,PRD-3421,7,3447.8,24134.6,2025-02-02,Delivered,UPI
ORD-5062,STR-2086,CUST-4172,PRD-3371,6,363.46,2180.76,2025-09-20,Delivered,Credit Card
ORD-5063,STR-2042,CUST-4576,PRD-3321,7,3179.67,22257.69,2025-10-05,Shipped,Net Banking
ORD-5064,STR-2016,CUST-4238,PRD-3110,4,1879.4,7517.6,2025-03-30,Delivered,Net Banking
ORD-5065,STR-2084,CUST-4324,PRD-3007,13,1181.92,15364.96,2025-04-23,Delivered,Credit Card
ORD-5066,STR-2084,CUST-4639,PRD-3189,2,476.56,953.12,2025-04-22,Shipped,Credit Card
ORD-5067,STR-2099,CUST-4614,PRD-3256,4,3605.78,14423.12,2026-02-10,Returned,COD
ORD-5068,STR-2022,CUST-4258,PRD-3492,4,3059.36,12237.44,2025-11-20,Cancelled,Net Banking
ORD-5069,STR-2087,CUST-4947,PRD-3498,25,3514.55,87863.75,2025-06-20,Delivered,Credit Card
ORD-5070,STR-2086,CUST-4494,PRD-3035,11,235.6,2591.6,2025-10-27,Shipped,Net Banking
ORD-5071,STR-2066,CUST-4656,PRD-3380,8,2591.59,20732.72,2025-12-27,Delivered,Escrow
ORD-5072,STR-2003,CUST-4632,PRD-3389,4,1647.92,6591.68,2026-01-13,Shipped,Escrow
ORD-5073,STR-2080,CUST-4082,PRD-3031,5,1966.44,9832.2,2025-06-01,Delivered,Escrow
ORD-5074,STR-2049,CUST-4210,PRD-3329,2,1304.61,2609.22,2026-01-07,Processing,Net Banking
ORD-5075,STR-2095,CUST-4899,PRD-3169,5,1498.91,7494.55,2025-11-26,Returned,UPI
ORD-5076,STR-2067,CUST-4811,PRD-3213,21,4091.65,85924.65,2026-01-20,Delivered,Escrow
ORD-5077,STR-2094,CUST-4340,PRD-3176,8,1148.21,9185.68,2025-01-28,Cancelled,Escrow
ORD-5078,STR-2088,CUST-4713,PRD-3369,8,3099.11,24792.88,2025-07-15,Processing,Credit Card
ORD-5079,STR-2024,CUST-4453,PRD-3323,1,463.39,463.39,2025-09-09,Delivered,Escrow
ORD-5080,STR-2007,CUST-4650,PRD-3073,7,758.97,5312.79,2025-03-30,Processing,COD
ORD-5081,STR-2027,CUST-4242,PRD-3260,3,2217.26,6651.78,2025-08-28,Delivered,Escrow
ORD-5082,STR-2093,CUST-4203,PRD-3126,14,1005.71,14079.94,2025-05-08,Delivered,Credit Card
ORD-5083,STR-2074,CUST-4460,PRD-3496,21,1126.79,23662.59,2026-03-18,Returned,Net Banking
ORD-5084,STR-2011,CUST-4974,PRD-3498,12,2081.49,24977.88,2025-03-27,Shipped,Net Banking
ORD-5085,STR-2055,CUST-4518,PRD-3313,24,2252.14,54051.36,2025-03-21,Returned,Net Banking
ORD-5086,STR-2003,CUST-4781,PRD-3196,14,4292.1,60089.4,2026-01-24,Delivered,COD
ORD-5087,STR-2069,CUST-4157,PRD-3284,24,1002.14,24051.36,2025-07-14,Shipped,Credit Card
ORD-5088,STR-2059,CUST-4291,PRD-3193,18,3089.22,55605.96,2025-02-06,Delivered,Escrow
ORD-5089,STR-2092,CUST-4481,PRD-3101,5,4593.24,22966.2,2025-01-03,Delivered,COD
ORD-5090,STR-2094,CUST-4743,PRD-3192,16,2112.09,33793.44,2025-08-01,Shipped,Credit Card
ORD-5091,STR-2050,CUST-4502,PRD-3158,21,4939.48,103729.08,2025-02-06,Shipped,UPI
ORD-5092,STR-2016,CUST-4395,PRD-3478,19,937.46,17811.74,2026-01-26,Shipped,Credit Card
ORD-5093,STR-2099,CUST-4936,PRD-3385,24,1840.61,44174.64,2025-12-30,Shipped,Credit Card
ORD-5094,STR-2090,CUST-4060,PRD-3334,13,4643.62,60367.06,2026-01-12,Delivered,Escrow
ORD-5095,STR-2062,CUST-4036,PRD-3472,12,3210.12,38521.44,2025-12-13,Delivered,Escrow
ORD-5096,STR-2034,CUST-4620,PRD-3234,22,864.73,19024.06,2025-05-07,Processing,COD
ORD-5097,STR-2085,CUST-4862,PRD-3083,1,716.14,716.14,2025-02-17,Cancelled,Net Banking
ORD-5098,STR-2051,CUST-4724,PRD-3301,3,2664.9,7994.7,2025-04-07,Shipped,Escrow
ORD-5099,STR-2055,CUST-4259,PRD-3355,10,2578.14,25781.4,2025-09-30,Cancelled,Net Banking
ORD-5100,STR-2076,CUST-4316,PRD-3376,14,3799.44,53192.16,2026-01-08,Returned,UPI
ORD-5101,STR-2014,CUST-4652,PRD-3294,25,4018.04,100451.0,2026-02-21,Delivered,Credit Card
ORD-5102,STR-2096,CUST-4215,PRD-3477,24,2080.16,49923.84,2025-06-07,Delivered,Escrow
ORD-5103,STR-2063,CUST-4002,PRD-3050,3,3902.66,11707.98,2025-08-02,Processing,Net Banking
ORD-5104,STR-2084,CUST-4296,PRD-3376,14,977.58,13686.12,2025-07-11,Delivered,Escrow
ORD-5105,STR-2026,CUST-4499,PRD-3094,17,4750.14,80752.38,2025-08-19,Processing,Escrow
ORD-5106,STR-2024,CUST-4206,PRD-3031,24,1036.24,24869.76,2026-01-24,Delivered,Credit Card
ORD-5107,STR-2053,CUST-4452,PRD-3321,20,679.6,13592.0,2025-11-22,Delivered,UPI
ORD-5108,STR-2038,CUST-4088,PRD-3194,4,1492.3,5969.2,2025-06-25,Delivered,COD
ORD-5109,STR-2031,CUST-4490,PRD-3249,22,3838.59,84448.98,2025-01-05,Delivered,Credit Card
ORD-5110,STR-2097,CUST-4979,PRD-3004,22,2974.86,65446.92,2025-01-22,Delivered,Escrow
ORD-5111,STR-2067,CUST-4811,PRD-3004,13,3074.48,39968.24,2026-01-25,Delivered,Net Banking
ORD-5112,STR-2061,CUST-4776,PRD-3173,20,2232.85,44657.0,2025-07-09,Cancelled,Credit Card
ORD-5113,STR-2041,CUST-4837,PRD-3123,12,3375.63,40507.56,2025-07-13,Processing,UPI
ORD-5114,STR-2046,CUST-4895,PRD-3170,4,164.96,659.84,2026-03-22,Cancelled,Net Banking
ORD-5115,STR-2093,CUST-4856,PRD-3455,5,274.55,1372.75,2025-03-04,Returned,COD
ORD-5116,STR-2036,CUST-4974,PRD-3359,25,4103.0,102575.0,2025-07-08,Shipped,COD
ORD-5117,STR-2088,CUST-4675,PRD-3446,16,2647.33,42357.28,2025-12-05,Delivered,UPI
ORD-5118,STR-2082,CUST-4981,PRD-3483,11,230.66,2537.26,2025-07-04,Returned,UPI
ORD-5119,STR-2095,CUST-4334,PRD-3348,15,1282.76,19241.4,2025-09-06,Shipped,COD
ORD-5120,STR-2011,CUST-4357,PRD-3220,16,4936.33,78981.28,2026-03-15,Cancelled,UPI
ORD-5121,STR-2094,CUST-4395,PRD-3151,20,1096.12,21922.4,2025-03-15,Returned,COD
ORD-5122,STR-2074,CUST-4804,PRD-3439,23,2597.49,59742.27,2025-03-07,Shipped,UPI
ORD-5123,STR-2039,CUST-4853,PRD-3345,18,4938.02,88884.36,2025-08-28,Delivered,Net Banking
ORD-5124,STR-2015,CUST-4494,PRD-3340,18,1318.37,23730.66,2025-04-19,Delivered,UPI
ORD-5125,STR-2014,CUST-4446,PRD-3367,1,927.14,927.14,2025-06-17,Shipped,Credit Card
ORD-5126,STR-2029,CUST-4737,PRD-3132,22,2460.07,54121.54,2025-12-10,Delivered,Escrow
ORD-5127,STR-2069,CUST-4649,PRD-3372,16,588.64,9418.24,2025-12-21,Delivered,Escrow
ORD-5128,STR-2074,CUST-4785,PRD-3474,20,463.64,9272.8,2025-06-25,Shipped,Net Banking
ORD-5129,STR-2084,CUST-4658,PRD-3402,18,4836.3,87053.4,2025-08-12,Returned,Escrow
ORD-5130,STR-2029,CUST-4266,PRD-3060,10,575.25,5752.5,2025-02-15,Delivered,COD
ORD-5131,STR-2025,CUST-4763,PRD-3483,4,2928.27,11713.08,2025-03-07,Returned,Credit Card
ORD-5132,STR-2049,CUST-4591,PRD-3378,1,1657.37,1657.37,2025-10-30,Processing,Escrow
ORD-5133,STR-2050,CUST-4434,PRD-3164,25,1920.37,48009.25,2025-12-14,Returned,Escrow
ORD-5134,STR-2067,CUST-4680,PRD-3309,19,1227.39,23320.41,2025-07-22,Delivered,COD
ORD-5135,STR-2059,CUST-4324,PRD-3075,10,4210.5,42105.0,2025-09-13,Cancelled,Net Banking
ORD-5136,STR-2019,CUST-4616,PRD-3146,5,3773.24,18866.2,2026-03-11,Returned,UPI
ORD-5137,STR-2077,CUST-4328,PRD-3159,17,4953.13,84203.21,2025-03-05,Delivered,COD
ORD-5138,STR-2062,CUST-4647,PRD-3425,7,2550.87,17856.09,2025-12-27,Shipped,UPI
ORD-5139,STR-2043,CUST-4157,PRD-3424,23,1171.47,26943.81,2026-01-11,Returned,Escrow
ORD-5140,STR-2090,CUST-4754,PRD-3027,25,1018.25,25456.25,2025-09-07,Cancelled,Net Banking
ORD-5141,STR-2039,CUST-4835,PRD-3338,6,4956.66,29739.96,2025-10-08,Shipped,Credit Card
ORD-5142,STR-2055,CUST-4695,PRD-3243,12,3824.91,45898.92,2025-07-20,Delivered,COD
ORD-5143,STR-2094,CUST-4290,PRD-3145,23,4626.86,106417.78,2025-12-25,Returned,COD
ORD-5144,STR-2051,CUST-4100,PRD-3068,11,3798.49,41783.39,2025-10-25,Returned,UPI
ORD-5145,STR-2091,CUST-4312,PRD-3235,21,943.92,19822.32,2025-03-12,Shipped,Net Banking
ORD-5146,STR-2038,CUST-4919,PRD-3075,7,1207.96,8455.72,2026-01-19,Delivered,UPI
ORD-5147,STR-2047,CUST-4744,PRD-3439,19,644.45,12244.55,2026-02-07,Returned,Escrow
ORD-5148,STR-2049,CUST-4974,PRD-3219,22,4232.05,93105.1,2025-01-29,Delivered,Credit Card
ORD-5149,STR-2061,CUST-4184,PRD-3484,2,719.13,1438.26,2025-09-21,Cancelled,Credit Card
ORD-5150,STR-2076,CUST-4445,PRD-3497,5,3190.82,15954.1,2025-07-26,Delivered,UPI
ORD-5151,STR-2016,CUST-4247,PRD-3204,16,1618.04,25888.64,2025-11-02,Delivered,Net Banking
ORD-5152,STR-2100,CUST-4709,PRD-3408,22,3343.82,73564.04,2026-02-03,Shipped,Net Banking
ORD-5153,STR-2036,CUST-4648,PRD-3335,15,1931.52,28972.8,2025-03-03,Delivered,UPI
ORD-5154,STR-2016,CUST-4501,PRD-3329,22,4556.12,100234.64,2025-04-26,Delivered,COD
ORD-5155,STR-2074,CUST-4587,PRD-3246,9,3514.57,31631.13,2025-02-18,Returned,COD
ORD-5156,STR-2024,CUST-4394,PRD-3248,21,3558.27,74723.67,2025-06-02,Processing,Escrow
ORD-5157,STR-2013,CUST-4334,PRD-3033,23,4558.07,104835.61,2026-02-12,Processing,Escrow
ORD-5158,STR-2052,CUST-4833,PRD-3359,1,2059.91,2059.91,2026-02-23,Processing,COD
ORD-5159,STR-2063,CUST-4066,PRD-3266,19,2764.06,52517.14,2026-02-24,Returned,UPI
ORD-5160,STR-2097,CUST-4772,PRD-3107,22,4503.37,99074.14,2025-04-03,Returned,COD
ORD-5161,STR-2089,CUST-4185,PRD-3003,18,2319.08,41743.44,2025-06-10,Delivered,UPI
ORD-5162,STR-2017,CUST-4589,PRD-3106,21,931.87,19569.27,2025-10-15,Delivered,UPI
ORD-5163,STR-2011,CUST-4128,PRD-3260,10,1913.26,19132.6,2025-10-06,Delivered,Net Banking
ORD-5164,STR-2085,CUST-4001,PRD-3128,10,373.91,3739.1,2025-09-23,Returned,Credit Card
ORD-5165,STR-2085,CUST-4547,PRD-3228,5,2948.8,14744.0,2025-12-22,Delivered,COD
ORD-5166,STR-2046,CUST-4621,PRD-3276,17,1167.72,19851.24,2025-02-20,Cancelled,UPI
ORD-5167,STR-2031,CUST-4038,PRD-3097,5,1603.59,8017.95,2026-03-03,Delivered,Escrow
ORD-5168,STR-2078,CUST-4566,PRD-3111,19,1891.47,35937.93,2025-03-07,Cancelled,COD
ORD-5169,STR-2055,CUST-4077,PRD-3282,9,1414.27,12728.43,2025-11-29,Delivered,Net Banking
ORD-5170,STR-2059,CUST-4086,PRD-3484,9,3431.15,30880.35,2025-12-22,Delivered,COD
ORD-5171,STR-2027,CUST-4073,PRD-3323,24,1456.59,34958.16,2025-11-21,Cancelled,Escrow
ORD-5172,STR-2092,CUST-4382,PRD-3289,22,3291.69,72417.18,2025-09-19,Processing,Escrow
ORD-5173,STR-2054,CUST-4842,PRD-3079,11,4963.38,54597.18,2025-08-11,Shipped,UPI
ORD-5174,STR-2078,CUST-4254,PRD-3040,9,754.41,6789.69,2025-02-26,Cancelled,COD
ORD-5175,STR-2053,CUST-4068,PRD-3169,21,581.52,12211.92,2025-06-20,Returned,Credit Card
ORD-5176,STR-2019,CUST-4890,PRD-3409,8,1477.19,11817.52,2025-02-20,Shipped,Escrow
ORD-5177,STR-2049,CUST-4975,PRD-3054,4,1002.3,4009.2,2026-01-08,Delivered,COD
ORD-5178,STR-2063,CUST-4098,PRD-3271,12,3547.21,42566.52,2026-03-20,Delivered,COD
ORD-5179,STR-2035,CUST-4623,PRD-3051,2,978.12,1956.24,2026-01-20,Shipped,Escrow
ORD-5180,STR-2045,CUST-4826,PRD-3380,22,4844.8,106585.6,2025-09-30,Processing,COD
ORD-5181,STR-2052,CUST-4489,PRD-3304,5,1406.45,7032.25,2025-12-18,Processing,Escrow
ORD-5182,STR-2085,CUST-4130,PRD-3074,13,2902.67,37734.71,2025-05-17,Delivered,Credit Card
ORD-5183,STR-2091,CUST-4797,PRD-3128,22,3102.21,68248.62,2025-12-28,Shipped,Escrow
ORD-5184,STR-2057,CUST-4363,PRD-3409,15,2585.81,38787.15,2025-05-22,Shipped,COD
ORD-5185,STR-2092,CUST-4903,PRD-3473,8,1630.16,13041.28,2026-03-16,Delivered,Credit Card
ORD-5186,STR-2053,CUST-4790,PRD-3161,3,3228.18,9684.54,2025-02-09,Cancelled,Escrow
ORD-5187,STR-2012,CUST-4170,PRD-3295,2,560.24,1120.48,2025-05-27,Processing,Net Banking
ORD-5188,STR-2002,CUST-4986,PRD-3486,14,3433.61,48070.54,2026-01-10,Delivered,Net Banking
ORD-5189,STR-2064,CUST-4528,PRD-3351,22,4457.19,98058.18,2025-12-24,Delivered,Net Banking
ORD-5190,STR-2002,CUST-4632,PRD-3098,24,185.36,4448.64,2025-08-06,Cancelled,COD
ORD-5191,STR-2096,CUST-4354,PRD-3126,24,3356.69,80560.56,2026-02-26,Processing,COD
ORD-5192,STR-2006,CUST-4622,PRD-3230,6,3421.43,20528.58,2026-01-27,Processing,Escrow
ORD-5193,STR-2023,CUST-4077,PRD-3188,5,2641.37,13206.85,2025-01-27,Shipped,Net Banking
ORD-5194,STR-2049,CUST-4175,PRD-3192,4,1789.1,7156.4,2025-12-14,Delivered,COD
ORD-5195,STR-2099,CUST-4879,PRD-3061,10,1601.01,16010.1,2025-05-31,Delivered,Escrow
ORD-5196,STR-2001,CUST-4756,PRD-3324,19,2059.06,39122.14,2025-06-06,Cancelled,COD
ORD-5197,STR-2005,CUST-4958,PRD-3238,20,4264.51,85290.2,2025-01-30,Delivered,UPI
ORD-5198,STR-2079,CUST-4472,PRD-3169,10,1866.38,18663.8,2025-01-03,Delivered,Escrow
ORD-5199,STR-2052,CUST-4364,PRD-3005,4,2239.4,8957.6,2025-04-12,Delivered,COD
ORD-5200,STR-2066,CUST-4921,PRD-3079,14,750.64,10508.96,2025-09-07,Delivered,Escrow
ORD-5201,STR-2099,CUST-4673,PRD-3129,8,2432.89,19463.12,2025-07-11,Delivered,Credit Card
ORD-5202,STR-2055,CUST-4914,PRD-3094,18,4085.99,73547.82,2025-02-25,Shipped,Net Banking
ORD-5203,STR-2021,CUST-4144,PRD-3182,24,2254.71,54113.04,2025-07-03,Returned,Escrow
ORD-5204,STR-2015,CUST-4195,PRD-3146,2,798.35,1596.7,2025-08-04,Cancelled,Credit Card
ORD-5205,STR-2005,CUST-4165,PRD-3342,7,4749.62,33247.34,2025-12-07,Delivered,UPI
ORD-5206,STR-2054,CUST-4501,PRD-3282,16,4029.13,64466.08,2026-01-01,Delivered,Credit Card
ORD-5207,STR-2097,CUST-4783,PRD-3400,13,2584.01,33592.13,2026-01-15,Returned,Net Banking
ORD-5208,STR-2017,CUST-4113,PRD-3491,4,3994.66,15978.64,2025-03-06,Delivered,Credit Card
ORD-5209,STR-2065,CUST-4014,PRD-3393,22,1297.05,28535.1,2025-12-14,Returned,Credit Card
ORD-5210,STR-2055,CUST-5000,PRD-3306,24,188.94,4534.56,2025-09-03,Delivered,Credit Card
ORD-5211,STR-2063,CUST-4085,PRD-3390,14,1351.57,18921.98,2025-03-20,Cancelled,COD
ORD-5212,STR-2024,CUST-4256,PRD-3144,25,707.85,17696.25,2025-05-15,Cancelled,Escrow
ORD-5213,STR-2086,CUST-4841,PRD-3220,7,2448.38,17138.66,2026-02-05,Returned,UPI
ORD-5214,STR-2090,CUST-4748,PRD-3258,20,1028.76,20575.2,2026-03-14,Processing,Escrow
ORD-5215,STR-2030,CUST-4124,PRD-3068,13,336.08,4369.04,2025-04-09,Delivered,Net Banking
ORD-5216,STR-2003,CUST-4632,PRD-3103,3,4342.1,13026.3,2025-07-14,Shipped,COD
ORD-5217,STR-2040,CUST-4717,PRD-3325,8,1225.61,9804.88,2025-08-07,Shipped,UPI
ORD-5218,STR-2066,CUST-4438,PRD-3330,2,1625.81,3251.62,2025-05-18,Delivered,Credit Card
ORD-5219,STR-2045,CUST-4729,PRD-3215,8,1701.23,13609.84,2025-01-25,Delivered,UPI
ORD-5220,STR-2001,CUST-4054,PRD-3339,24,1709.95,41038.8,2025-05-27,Shipped,Credit Card
ORD-5221,STR-2078,CUST-4104,PRD-3221,6,1373.48,8240.88,2025-09-09,Delivered,Credit Card
ORD-5222,STR-2039,CUST-4115,PRD-3050,22,216.26,4757.72,2025-10-10,Returned,Escrow
ORD-5223,STR-2043,CUST-4370,PRD-3380,12,3753.22,45038.64,2025-10-29,Processing,COD
ORD-5224,STR-2048,CUST-4244,PRD-3333,9,1168.66,10517.94,2025-07-16,Delivered,UPI
ORD-5225,STR-2017,CUST-4645,PRD-3381,20,733.72,14674.4,2025-10-28,Cancelled,Escrow
ORD-5226,STR-2025,CUST-4722,PRD-3229,4,513.17,2052.68,2025-10-07,Processing,Credit Card
ORD-5227,STR-2039,CUST-4743,PRD-3243,25,1129.7,28242.5,2026-01-05,Delivered,UPI
ORD-5228,STR-2017,CUST-4197,PRD-3215,18,3601.28,64823.04,2026-03-26,Returned,COD
ORD-5229,STR-2045,CUST-4917,PRD-3188,15,3204.84,48072.6,2025-03-02,Shipped,UPI
ORD-5230,STR-2062,CUST-4430,PRD-3269,17,3985.79,67758.43,2025-03-27,Processing,Credit Card
ORD-5231,STR-2090,CUST-4991,PRD-3067,10,370.41,3704.1,2025-10-17,Delivered,Escrow
ORD-5232,STR-2095,CUST-4835,PRD-3204,16,3470.77,55532.32,2026-03-22,Processing,UPI
ORD-5233,STR-2022,CUST-4449,PRD-3385,17,2013.13,34223.21,2026-02-04,Shipped,Net Banking
ORD-5234,STR-2078,CUST-4279,PRD-3106,6,167.46,1004.76,2025-10-20,Delivered,COD
ORD-5235,STR-2090,CUST-4010,PRD-3451,17,2358.89,40101.13,2025-12-29,Cancelled,COD
ORD-5236,STR-2034,CUST-4311,PRD-3437,8,1587.36,12698.88,2025-05-18,Processing,UPI
ORD-5237,STR-2022,CUST-4230,PRD-3024,18,1305.35,23496.3,2025-01-21,Cancelled,Escrow
ORD-5238,STR-2036,CUST-4950,PRD-3069,9,4385.91,39473.19,2025-01-27,Cancelled,Escrow
ORD-5239,STR-2027,CUST-4548,PRD-3060,1,3295.93,3295.93,2025-11-20,Processing,Credit Card
ORD-5240,STR-2042,CUST-4086,PRD-3485,23,4437.33,102058.59,2025-05-16,Cancelled,Escrow
ORD-5241,STR-2053,CUST-4920,PRD-3314,10,1724.48,17244.8,2025-01-30,Cancelled,UPI
ORD-5242,STR-2046,CUST-4225,PRD-3375,9,1007.17,9064.53,2025-01-09,Processing,COD
ORD-5243,STR-2014,CUST-4740,PRD-3382,23,2002.61,46060.03,2025-12-01,Delivered,COD
ORD-5244,STR-2071,CUST-4212,PRD-3419,15,1220.1,18301.5,2025-05-18,Delivered,COD
ORD-5245,STR-2081,CUST-4828,PRD-3440,25,2068.0,51700.0,2025-08-17,Delivered,Net Banking
ORD-5246,STR-2048,CUST-4152,PRD-3462,16,604.4,9670.4,2025-04-03,Shipped,Escrow
ORD-5247,STR-2023,CUST-4194,PRD-3292,16,4725.27,75604.32,2025-04-03,Cancelled,Credit Card
ORD-5248,STR-2003,CUST-4318,PRD-3084,6,4114.87,24689.22,2025-12-18,Processing,Escrow
ORD-5249,STR-2009,CUST-4147,PRD-3037,14,1339.48,18752.72,2025-11-27,Shipped,UPI
ORD-5250,STR-2093,CUST-4540,PRD-3071,24,3789.65,90951.6,2025-01-07,Processing,UPI
ORD-5251,STR-2049,CUST-4394,PRD-3011,4,4158.83,16635.32,2026-01-26,Returned,UPI
ORD-5252,STR-2017,CUST-4255,PRD-3395,3,1448.13,4344.39,2025-11-18,Processing,UPI
ORD-5253,STR-2002,CUST-4981,PRD-3406,4,2780.5,11122.0,2026-02-23,Delivered,UPI
ORD-5254,STR-2026,CUST-4143,PRD-3246,25,2879.83,71995.75,2025-08-16,Returned,Escrow
ORD-5255,STR-2040,CUST-4340,PRD-3246,5,1332.47,6662.35,2025-10-06,Cancelled,Credit Card
ORD-5256,STR-2081,CUST-4557,PRD-3064,1,4150.89,4150.89,2025-02-22,Processing,Credit Card
ORD-5257,STR-2014,CUST-4524,PRD-3454,14,837.9,11730.6,2025-04-25,Delivered,Escrow
ORD-5258,STR-2055,CUST-4395,PRD-3076,12,3328.52,39942.24,2025-04-26,Cancelled,Net Banking
ORD-5259,STR-2088,CUST-4906,PRD-3367,4,2535.33,10141.32,2025-02-26,Delivered,UPI
ORD-5260,STR-2037,CUST-4366,PRD-3040,20,1768.57,35371.4,2025-07-04,Delivered,UPI
ORD-5261,STR-2078,CUST-4155,PRD-3092,14,2722.83,38119.62,2025-11-04,Delivered,Net Banking
ORD-5262,STR-2020,CUST-4915,PRD-3342,22,1612.58,35476.76,2026-02-23,Delivered,Credit Card
ORD-5263,STR-2014,CUST-4278,PRD-3470,16,3359.4,53750.4,2025-05-16,Returned,UPI
ORD-5264,STR-2001,CUST-4883,PRD-3478,5,3922.25,19611.25,2025-03-17,Delivered,Escrow
ORD-5265,STR-2050,CUST-4458,PRD-3370,16,4101.05,65616.8,2025-02-27,Processing,Net Banking
ORD-5266,STR-2094,CUST-4286,PRD-3075,3,1716.81,5150.43,2025-03-07,Delivered,Net Banking
ORD-5267,STR-2046,CUST-4327,PRD-3254,14,2484.25,34779.5,2025-07-31,Processing,Credit Card
ORD-5268,STR-2018,CUST-4822,PRD-3484,21,4619.78,97015.38,2025-07-16,Shipped,COD
ORD-5269,STR-2064,CUST-4552,PRD-3274,16,2732.5,43720.0,2026-02-25,Delivered,Net Banking
ORD-5270,STR-2011,CUST-4595,PRD-3367,14,2705.69,37879.66,2026-02-02,Cancelled,Escrow
ORD-5271,STR-2090,CUST-4090,PRD-3121,12,163.9,1966.8,2026-03-12,Delivered,Credit Card
ORD-5272,STR-2072,CUST-4486,PRD-3491,5,4616.38,23081.9,2025-01-31,Delivered,Credit Card
ORD-5273,STR-2100,CUST-4839,PRD-3072,10,2382.88,23828.8,2026-03-04,Returned,COD
ORD-5274,STR-2054,CUST-4249,PRD-3108,8,420.95,3367.6,2025-03-12,Delivered,Escrow
ORD-5275,STR-2049,CUST-4751,PRD-3014,23,4829.83,111086.09,2025-07-10,Delivered,UPI
ORD-5276,STR-2085,CUST-4596,PRD-3038,16,4211.57,67385.12,2026-03-22,Delivered,UPI
ORD-5277,STR-2019,CUST-4375,PRD-3073,3,1338.47,4015.41,2025-01-07,Processing,Net Banking
ORD-5278,STR-2020,CUST-4784,PRD-3094,16,3756.26,60100.16,2026-01-19,Processing,Credit Card
ORD-5279,STR-2061,CUST-4422,PRD-3370,11,2303.27,25335.97,2025-11-27,Cancelled,UPI
ORD-5280,STR-2037,CUST-4114,PRD-3080,2,4423.61,8847.22,2025-01-17,Processing,Escrow
ORD-5281,STR-2065,CUST-4165,PRD-3006,13,4188.5,54450.5,2025-12-15,Shipped,COD
ORD-5282,STR-2092,CUST-4850,PRD-3133,19,2584.08,49097.52,2025-12-30,Delivered,Net Banking
ORD-5283,STR-2021,CUST-4279,PRD-3499,3,2679.28,8037.84,2025-03-06,Cancelled,Escrow
ORD-5284,STR-2052,CUST-4634,PRD-3029,8,2052.61,16420.88,2026-02-26,Cancelled,COD
ORD-5285,STR-2078,CUST-4862,PRD-3040,23,2421.92,55704.16,2025-06-10,Cancelled,Net Banking
ORD-5286,STR-2049,CUST-4169,PRD-3028,12,3286.24,39434.88,2025-04-10,Delivered,UPI
ORD-5287,STR-2014,CUST-4080,PRD-3186,20,3927.17,78543.4,2025-06-21,Delivered,Escrow
ORD-5288,STR-2037,CUST-4167,PRD-3278,4,466.8,1867.2,2025-11-02,Delivered,Credit Card
ORD-5289,STR-2025,CUST-4565,PRD-3104,21,4656.63,97789.23,2025-05-04,Delivered,UPI
ORD-5290,STR-2073,CUST-4579,PRD-3023,19,4934.5,93755.5,2025-09-05,Delivered,UPI
ORD-5291,STR-2041,CUST-4096,PRD-3484,10,191.12,1911.2,2025-07-02,Returned,Credit Card
ORD-5292,STR-2051,CUST-4513,PRD-3100,11,3796.44,41760.84,2026-01-07,Delivered,Escrow
ORD-5293,STR-2090,CUST-4691,PRD-3050,11,2125.34,23378.74,2026-01-15,Processing,UPI
ORD-5294,STR-2065,CUST-4827,PRD-3397,5,264.87,1324.35,2026-02-12,Shipped,Net Banking
ORD-5295,STR-2076,CUST-4890,PRD-3437,2,1557.08,3114.16,2025-03-19,Cancelled,Net Banking
ORD-5296,STR-2011,CUST-4907,PRD-3321,3,4771.17,14313.51,2025-04-29,Delivered,Escrow
ORD-5297,STR-2099,CUST-4736,PRD-3083,17,2654.06,45119.02,2026-01-09,Processing,COD
ORD-5298,STR-2099,CUST-4350,PRD-3230,5,1794.25,8971.25,2025-07-04,Processing,Net Banking
ORD-5299,STR-2006,CUST-4913,PRD-3365,25,3461.94,86548.5,2025-05-03,Delivered,COD
ORD-5300,STR-2078,CUST-4077,PRD-3491,5,2899.47,14497.35,2025-09-12,Delivered,UPI
ORD-5301,STR-2019,CUST-4785,PRD-3446,10,2803.61,28036.1,2026-02-13,Returned,UPI
ORD-5302,STR-2064,CUST-4097,PRD-3233,11,973.13,10704.43,2025-06-01,Delivered,UPI
ORD-5303,STR-2036,CUST-4591,PRD-3187,12,582.76,6993.12,2025-04-02,Cancelled,Net Banking
ORD-5304,STR-2034,CUST-4485,PRD-3132,25,4401.79,110044.75,2025-11-29,Delivered,UPI
ORD-5305,STR-2073,CUST-4500,PRD-3021,12,4316.17,51794.04,2025-07-25,Shipped,COD
ORD-5306,STR-2088,CUST-4133,PRD-3226,12,2635.52,31626.24,2025-11-16,Delivered,Credit Card
ORD-5307,STR-2011,CUST-4699,PRD-3212,17,2332.95,39660.15,2026-03-26,Cancelled,UPI
ORD-5308,STR-2080,CUST-4660,PRD-3030,24,3984.36,95624.64,2025-12-25,Returned,COD
ORD-5309,STR-2002,CUST-4159,PRD-3437,4,1559.7,6238.8,2025-03-23,Processing,Net Banking
ORD-5310,STR-2010,CUST-4229,PRD-3199,15,3395.38,50930.7,2025-06-28,Shipped,Net Banking
ORD-5311,STR-2083,CUST-4548,PRD-3461,15,679.23,10188.45,2025-04-03,Cancelled,UPI
ORD-5312,STR-2051,CUST-4787,PRD-3222,7,2097.37,14681.59,2025-02-03,Delivered,Credit Card
ORD-5313,STR-2078,CUST-4498,PRD-3109,23,3745.23,86140.29,2025-02-28,Delivered,Net Banking
ORD-5314,STR-2005,CUST-4559,PRD-3080,16,855.74,13691.84,2025-04-20,Delivered,COD
ORD-5315,STR-2005,CUST-4616,PRD-3397,13,452.64,5884.32,2026-02-18,Delivered,Net Banking
ORD-5316,STR-2061,CUST-4219,PRD-3028,7,4359.9,30519.3,2026-01-24,Cancelled,Net Banking
ORD-5317,STR-2035,CUST-4259,PRD-3326,6,555.42,3332.52,2025-02-05,Delivered,Net Banking
ORD-5318,STR-2011,CUST-4306,PRD-3448,23,2339.39,53805.97,2025-08-03,Processing,Escrow
ORD-5319,STR-2086,CUST-4915,PRD-3133,6,4178.16,25068.96,2025-02-17,Shipped,Credit Card
ORD-5320,STR-2097,CUST-4305,PRD-3085,7,1843.99,12907.93,2025-08-03,Shipped,Net Banking
ORD-5321,STR-2069,CUST-4706,PRD-3402,6,4833.11,28998.66,2025-08-12,Delivered,COD
ORD-5322,STR-2050,CUST-4843,PRD-3006,18,3947.9,71062.2,2025-11-02,Delivered,UPI
ORD-5323,STR-2093,CUST-4684,PRD-3297,20,851.39,17027.8,2025-12-07,Returned,Credit Card
ORD-5324,STR-2002,CUST-4155,PRD-3460,15,4679.02,70185.3,2025-09-13,Returned,Credit Card
ORD-5325,STR-2015,CUST-4812,PRD-3497,22,2120.98,46661.56,2025-09-24,Cancelled,UPI
ORD-5326,STR-2058,CUST-4966,PRD-3427,5,3226.32,16131.6,2025-11-24,Processing,UPI
ORD-5327,STR-2005,CUST-4224,PRD-3382,7,2187.85,15314.95,2025-10-07,Returned,Escrow
ORD-5328,STR-2077,CUST-4387,PRD-3111,12,1167.35,14008.2,2025-04-08,Cancelled,COD
ORD-5329,STR-2002,CUST-4380,PRD-3417,12,228.53,2742.36,2025-06-07,Processing,UPI
ORD-5330,STR-2090,CUST-4512,PRD-3333,15,2158.16,32372.4,2025-06-30,Delivered,COD
ORD-5331,STR-2055,CUST-4536,PRD-3499,25,1778.76,44469.0,2025-04-01,Shipped,Net Banking
ORD-5332,STR-2048,CUST-4182,PRD-3284,20,938.89,18777.8,2025-08-12,Shipped,Credit Card
ORD-5333,STR-2085,CUST-4706,PRD-3349,14,3225.42,45155.88,2025-12-26,Processing,UPI
ORD-5334,STR-2012,CUST-4826,PRD-3429,4,584.74,2338.96,2025-01-09,Processing,Net Banking
ORD-5335,STR-2014,CUST-4509,PRD-3384,25,3175.55,79388.75,2025-10-06,Delivered,Net Banking
ORD-5336,STR-2065,CUST-4596,PRD-3413,2,3388.39,6776.78,2026-03-13,Shipped,Escrow
ORD-5337,STR-2029,CUST-4796,PRD-3233,18,1998.24,35968.32,2025-04-11,Returned,Net Banking
ORD-5338,STR-2016,CUST-4360,PRD-3496,15,2152.73,32290.95,2026-02-25,Cancelled,Net Banking
ORD-5339,STR-2001,CUST-4963,PRD-3192,8,2611.67,20893.36,2025-05-18,Cancelled,Credit Card
ORD-5340,STR-2040,CUST-4859,PRD-3463,14,3415.51,47817.14,2025-01-03,Shipped,UPI
ORD-5341,STR-2002,CUST-4027,PRD-3079,12,4227.73,50732.76,2025-09-23,Returned,COD
ORD-5342,STR-2041,CUST-4344,PRD-3088,19,4965.22,94339.18,2025-05-04,Processing,Net Banking
ORD-5343,STR-2025,CUST-4632,PRD-3330,13,4168.47,54190.11,2026-02-15,Processing,Net Banking
ORD-5344,STR-2017,CUST-4962,PRD-3326,13,4890.17,63572.21,2025-03-30,Shipped,Credit Card
ORD-5345,STR-2067,CUST-4163,PRD-3224,8,632.95,5063.6,2026-02-15,Delivered,COD
ORD-5346,STR-2016,CUST-4647,PRD-3296,13,4238.7,55103.1,2025-11-18,Delivered,COD
ORD-5347,STR-2021,CUST-4972,PRD-3166,7,602.28,4215.96,2025-01-14,Shipped,UPI
ORD-5348,STR-2081,CUST-4789,PRD-3304,5,284.92,1424.6,2025-12-29,Processing,UPI
ORD-5349,STR-2074,CUST-4392,PRD-3013,24,3710.72,89057.28,2025-08-21,Cancelled,Credit Card
ORD-5350,STR-2024,CUST-4246,PRD-3335,8,1590.07,12720.56,2025-10-02,Returned,Escrow
ORD-5351,STR-2093,CUST-4799,PRD-3414,13,3886.4,50523.2,2025-12-04,Delivered,Credit Card
ORD-5352,STR-2011,CUST-4958,PRD-3074,21,262.23,5506.83,2025-10-24,Returned,UPI
ORD-5353,STR-2015,CUST-4471,PRD-3475,20,745.02,14900.4,2025-03-14,Delivered,Credit Card
ORD-5354,STR-2024,CUST-4096,PRD-3040,16,4246.42,67942.72,2026-03-06,Delivered,Net Banking
ORD-5355,STR-2013,CUST-4503,PRD-3408,1,2156.66,2156.66,2025-09-07,Cancelled,UPI
ORD-5356,STR-2027,CUST-4704,PRD-3215,13,4465.11,58046.43,2025-11-21,Shipped,Escrow
ORD-5357,STR-2024,CUST-4306,PRD-3006,6,3349.38,20096.28,2025-11-20,Processing,UPI
ORD-5358,STR-2016,CUST-5000,PRD-3176,12,2496.97,29963.64,2025-11-11,Processing,COD
ORD-5359,STR-2001,CUST-4163,PRD-3268,24,1384.33,33223.92,2025-03-04,Delivered,COD
ORD-5360,STR-2004,CUST-4549,PRD-3012,17,2631.96,44743.32,2025-03-20,Delivered,Credit Card
ORD-5361,STR-2015,CUST-4921,PRD-3112,1,1738.57,1738.57,2025-04-23,Delivered,Escrow
ORD-5362,STR-2035,CUST-4281,PRD-3247,7,4773.16,33412.12,2025-06-28,Cancelled,COD
ORD-5363,STR-2084,CUST-4302,PRD-3240,24,4073.71,97769.04,2025-08-12,Processing,Net Banking
ORD-5364,STR-2025,CUST-4257,PRD-3089,7,3482.23,24375.61,2026-01-03,Delivered,Net Banking
ORD-5365,STR-2014,CUST-4598,PRD-3407,25,2999.76,74994.0,2025-03-26,Returned,Escrow
ORD-5366,STR-2093,CUST-4500,PRD-3222,15,2205.13,33076.95,2026-01-18,Delivered,Credit Card
ORD-5367,STR-2080,CUST-4111,PRD-3311,13,2232.17,29018.21,2025-10-18,Delivered,Credit Card
ORD-5368,STR-2081,CUST-4840,PRD-3033,15,961.16,14417.4,2025-01-18,Processing,Credit Card
ORD-5369,STR-2076,CUST-4420,PRD-3151,20,4159.43,83188.6,2025-11-27,Processing,Credit Card
ORD-5370,STR-2051,CUST-4031,PRD-3059,6,4073.85,24443.1,2025-08-08,Returned,Escrow
ORD-5371,STR-2046,CUST-4252,PRD-3038,7,3336.23,23353.61,2025-07-10,Delivered,Credit Card
ORD-5372,STR-2016,CUST-4010,PRD-3164,23,202.87,4666.01,2025-06-18,Delivered,Net Banking
ORD-5373,STR-2073,CUST-4815,PRD-3165,8,2873.96,22991.68,2025-07-17,Delivered,COD
ORD-5374,STR-2028,CUST-4540,PRD-3112,4,2870.65,11482.6,2026-01-02,Processing,UPI
ORD-5375,STR-2074,CUST-4915,PRD-3331,14,3458.34,48416.76,2025-08-11,Delivered,Credit Card
ORD-5376,STR-2026,CUST-4202,PRD-3026,16,2568.46,41095.36,2025-05-21,Shipped,UPI
ORD-5377,STR-2016,CUST-4464,PRD-3088,20,1735.34,34706.8,2025-07-16,Delivered,COD
ORD-5378,STR-2003,CUST-4292,PRD-3010,21,3949.03,82929.63,2025-10-22,Delivered,Net Banking
ORD-5379,STR-2037,CUST-4135,PRD-3431,13,329.49,4283.37,2025-10-01,Processing,UPI
ORD-5380,STR-2044,CUST-4661,PRD-3009,3,2428.98,7286.94,2026-03-01,Returned,Net Banking
ORD-5381,STR-2093,CUST-4309,PRD-3141,11,3805.41,41859.51,2025-07-24,Delivered,COD
ORD-5382,STR-2100,CUST-4321,PRD-3253,20,378.3,7566.0,2025-06-02,Cancelled,Net Banking
ORD-5383,STR-2064,CUST-4870,PRD-3329,4,4238.92,16955.68,2025-11-13,Delivered,UPI
ORD-5384,STR-2029,CUST-4049,PRD-3423,1,822.86,822.86,2025-06-15,Returned,Net Banking
ORD-5385,STR-2029,CUST-4175,PRD-3046,7,3661.92,25633.44,2026-02-20,Delivered,COD
ORD-5386,STR-2001,CUST-4957,PRD-3353,2,1409.49,2818.98,2026-02-06,Delivered,UPI
ORD-5387,STR-2007,CUST-4970,PRD-3156,3,1429.08,4287.24,2025-12-19,Processing,Net Banking
ORD-5388,STR-2035,CUST-4716,PRD-3088,5,2979.75,14898.75,2025-03-03,Delivered,Credit Card
ORD-5389,STR-2019,CUST-4772,PRD-3300,14,3238.98,45345.72,2025-12-09,Delivered,COD
ORD-5390,STR-2068,CUST-4247,PRD-3296,16,3357.15,53714.4,2025-05-24,Delivered,Net Banking
ORD-5391,STR-2029,CUST-4095,PRD-3136,25,1586.74,39668.5,2025-02-12,Delivered,COD
ORD-5392,STR-2032,CUST-4676,PRD-3332,24,4300.94,103222.56,2025-12-22,Delivered,UPI
ORD-5393,STR-2064,CUST-4062,PRD-3109,1,3401.92,3401.92,2025-08-28,Returned,Net Banking
ORD-5394,STR-2025,CUST-4500,PRD-3054,11,1162.01,12782.11,2025-10-30,Returned,COD
ORD-5395,STR-2066,CUST-4880,PRD-3161,25,4730.25,118256.25,2025-12-29,Shipped,Escrow
ORD-5396,STR-2065,CUST-4109,PRD-3469,5,1211.11,6055.55,2025-07-06,Shipped,Net Banking
ORD-5397,STR-2080,CUST-4526,PRD-3104,25,2090.99,52274.75,2025-02-05,Delivered,Net Banking
ORD-5398,STR-2022,CUST-4703,PRD-3158,19,3294.66,62598.54,2025-03-17,Shipped,UPI
ORD-5399,STR-2096,CUST-4113,PRD-3124,1,4486.38,4486.38,2025-04-06,Delivered,UPI
ORD-5400,STR-2061,CUST-4678,PRD-3272,15,1856.99,27854.85,2025-03-02,Processing,UPI
ORD-5401,STR-2046,CUST-4442,PRD-3109,5,2075.1,10375.5,2025-08-09,Processing,Credit Card
ORD-5402,STR-2007,CUST-4452,PRD-3140,12,624.39,7492.68,2025-11-29,Shipped,Net Banking
ORD-5403,STR-2025,CUST-4302,PRD-3097,13,1006.73,13087.49,2025-05-22,Processing,COD
ORD-5404,STR-2064,CUST-4532,PRD-3222,4,3453.63,13814.52,2025-11-27,Delivered,UPI
ORD-5405,STR-2029,CUST-4118,PRD-3028,2,2939.87,5879.74,2025-05-03,Delivered,COD
ORD-5406,STR-2013,CUST-4283,PRD-3116,20,3542.63,70852.6,2025-07-27,Shipped,Net Banking
ORD-5407,STR-2013,CUST-4226,PRD-3376,23,1451.09,33375.07,2025-04-16,Delivered,Escrow
ORD-5408,STR-2045,CUST-4653,PRD-3148,23,3042.12,69968.76,2026-01-11,Delivered,UPI
ORD-5409,STR-2024,CUST-4516,PRD-3465,23,3167.27,72847.21,2026-01-14,Delivered,Escrow
ORD-5410,STR-2022,CUST-4323,PRD-3349,3,958.23,2874.69,2025-06-20,Shipped,Escrow
ORD-5411,STR-2002,CUST-4683,PRD-3243,14,1770.16,24782.24,2025-04-01,Delivered,UPI
ORD-5412,STR-2022,CUST-4696,PRD-3390,1,3030.93,3030.93,2025-08-31,Processing,UPI
ORD-5413,STR-2063,CUST-4895,PRD-3127,16,680.52,10888.32,2026-02-24,Delivered,COD
ORD-5414,STR-2088,CUST-4298,PRD-3428,8,2697.56,21580.48,2025-03-27,Returned,Escrow
ORD-5415,STR-2100,CUST-4097,PRD-3052,10,4048.88,40488.8,2025-06-21,Shipped,Net Banking
ORD-5416,STR-2095,CUST-4360,PRD-3280,9,3367.53,30307.77,2025-05-10,Delivered,Net Banking
ORD-5417,STR-2002,CUST-4848,PRD-3181,10,3594.26,35942.6,2025-09-23,Returned,COD
ORD-5418,STR-2062,CUST-4116,PRD-3139,22,2668.65,58710.3,2025-11-24,Delivered,Escrow
ORD-5419,STR-2053,CUST-4877,PRD-3113,22,4971.32,109369.04,2025-07-02,Shipped,UPI
ORD-5420,STR-2032,CUST-4592,PRD-3380,23,4870.46,112020.58,2025-07-04,Delivered,UPI
ORD-5421,STR-2025,CUST-4943,PRD-3489,13,3247.86,42222.18,2025-05-21,Cancelled,COD
ORD-5422,STR-2058,CUST-4982,PRD-3449,17,998.52,16974.84,2025-12-14,Delivered,Credit Card
ORD-5423,STR-2051,CUST-4604,PRD-3214,9,1650.22,14851.98,2025-01-22,Processing,COD
ORD-5424,STR-2090,CUST-4352,PRD-3428,20,746.36,14927.2,2026-02-12,Shipped,COD
ORD-5425,STR-2045,CUST-4296,PRD-3057,1,2569.8,2569.8,2025-12-17,Delivered,Net Banking
ORD-5426,STR-2088,CUST-4154,PRD-3268,10,3175.41,31754.1,2025-12-07,Delivered,Credit Card
ORD-5427,STR-2063,CUST-4296,PRD-3034,10,225.62,2256.2,2025-01-21,Delivered,Credit Card
ORD-5428,STR-2076,CUST-4127,PRD-3028,16,1633.23,26131.68,2025-08-09,Delivered,UPI
ORD-5429,STR-2007,CUST-4258,PRD-3071,12,4411.8,52941.6,2026-02-07,Returned,COD
ORD-5430,STR-2086,CUST-4982,PRD-3394,18,901.93,16234.74,2025-02-14,Cancelled,Credit Card
ORD-5431,STR-2019,CUST-4751,PRD-3101,14,2988.34,41836.76,2025-02-11,Delivered,Escrow
ORD-5432,STR-2005,CUST-4485,PRD-3478,12,1356.33,16275.96,2025-12-14,Cancelled,Net Banking
ORD-5433,STR-2055,CUST-4409,PRD-3496,4,4481.21,17924.84,2025-06-04,Processing,Credit Card
ORD-5434,STR-2023,CUST-4578,PRD-3224,22,4398.27,96761.94,2026-02-16,Processing,Escrow
ORD-5435,STR-2088,CUST-4787,PRD-3103,9,808.1,7272.9,2025-10-11,Delivered,Credit Card
ORD-5436,STR-2040,CUST-4088,PRD-3153,19,4646.53,88284.07,2025-08-25,Processing,Escrow
ORD-5437,STR-2049,CUST-4802,PRD-3449,14,615.81,8621.34,2025-09-27,Shipped,Credit Card
ORD-5438,STR-2065,CUST-4958,PRD-3351,23,1884.16,43335.68,2025-07-01,Shipped,Net Banking
ORD-5439,STR-2054,CUST-4985,PRD-3211,15,284.21,4263.15,2025-10-14,Delivered,Net Banking
ORD-5440,STR-2012,CUST-4774,PRD-3072,20,4548.22,90964.4,2026-02-07,Delivered,COD
ORD-5441,STR-2066,CUST-4383,PRD-3066,20,2784.86,55697.2,2025-10-17,Delivered,UPI
ORD-5442,STR-2097,CUST-4866,PRD-3202,5,2104.27,10521.35,2025-01-04,Shipped,COD
ORD-5443,STR-2059,CUST-4860,PRD-3028,3,415.26,1245.78,2026-03-01,Cancelled,UPI
ORD-5444,STR-2043,CUST-4609,PRD-3050,10,2892.4,28924.0,2025-12-20,Delivered,UPI
ORD-5445,STR-2016,CUST-4759,PRD-3300,22,2627.48,57804.56,2026-01-03,Delivered,Escrow
ORD-5446,STR-2067,CUST-4148,PRD-3288,24,4841.3,116191.2,2025-03-11,Delivered,Escrow
ORD-5447,STR-2039,CUST-4644,PRD-3160,24,4947.42,118738.08,2025-01-04,Returned,Net Banking
ORD-5448,STR-2080,CUST-4705,PRD-3103,4,475.64,1902.56,2025-03-20,Processing,UPI
ORD-5449,STR-2067,CUST-4100,PRD-3127,7,652.49,4567.43,2025-01-13,Returned,COD
ORD-5450,STR-2057,CUST-4401,PRD-3029,4,1604.63,6418.52,2025-09-05,Delivered,Escrow
ORD-5451,STR-2070,CUST-4267,PRD-3421,20,3454.4,69088.0,2026-03-16,Cancelled,COD
ORD-5452,STR-2016,CUST-4443,PRD-3075,21,255.04,5355.84,2025-03-14,Returned,Escrow
ORD-5453,STR-2022,CUST-4524,PRD-3380,23,2801.4,64432.2,2025-09-01,Shipped,Credit Card
ORD-5454,STR-2038,CUST-4684,PRD-3052,19,2540.88,48276.72,2025-12-08,Delivered,Net Banking
ORD-5455,STR-2050,CUST-4715,PRD-3410,4,2400.22,9600.88,2026-02-21,Shipped,Escrow
ORD-5456,STR-2004,CUST-4291,PRD-3235,4,2886.41,11545.64,2025-01-06,Processing,Credit Card
ORD-5457,STR-2005,CUST-4661,PRD-3334,22,3156.4,69440.8,2025-01-22,Delivered,Escrow
ORD-5458,STR-2060,CUST-4904,PRD-3371,15,1492.98,22394.7,2025-03-23,Delivered,COD
ORD-5459,STR-2065,CUST-4216,PRD-3179,23,2696.52,62019.96,2025-09-20,Delivered,Escrow
ORD-5460,STR-2084,CUST-4156,PRD-3181,21,3638.16,76401.36,2025-06-23,Shipped,Escrow
ORD-5461,STR-2036,CUST-4804,PRD-3391,22,1619.21,35622.62,2025-07-21,Delivered,Net Banking
ORD-5462,STR-2049,CUST-4986,PRD-3242,20,3346.01,66920.2,2025-10-22,Cancelled,COD
ORD-5463,STR-2100,CUST-4675,PRD-3270,9,777.7,6999.3,2025-06-15,Processing,COD
ORD-5464,STR-2045,CUST-4599,PRD-3317,13,477.71,6210.23,2025-01-16,Returned,Escrow
ORD-5465,STR-2030,CUST-4099,PRD-3341,4,2572.25,10289.0,2025-12-14,Shipped,Credit Card
ORD-5466,STR-2098,CUST-4238,PRD-3396,24,4008.68,96208.32,2025-02-23,Delivered,Net Banking
ORD-5467,STR-2097,CUST-4997,PRD-3216,3,450.34,1351.02,2025-05-09,Delivered,UPI
ORD-5468,STR-2096,CUST-4075,PRD-3227,25,1965.46,49136.5,2025-11-20,Returned,UPI
ORD-5469,STR-2023,CUST-4329,PRD-3056,23,2330.12,53592.76,2025-03-10,Cancelled,COD
ORD-5470,STR-2072,CUST-4205,PRD-3101,9,2531.85,22786.65,2025-12-14,Delivered,Escrow
ORD-5471,STR-2026,CUST-4760,PRD-3083,14,4097.11,57359.54,2026-02-19,Returned,Escrow
ORD-5472,STR-2012,CUST-4597,PRD-3013,21,4805.19,100908.99,2025-02-19,Delivered,UPI
ORD-5473,STR-2018,CUST-4915,PRD-3003,12,3905.77,46869.24,2025-10-18,Processing,UPI
ORD-5474,STR-2044,CUST-4190,PRD-3350,24,4795.06,115081.44,2026-01-08,Cancelled,COD
ORD-5475,STR-2064,CUST-4195,PRD-3427,7,2916.29,20414.03,2025-08-31,Processing,Credit Card
ORD-5476,STR-2046,CUST-4634,PRD-3461,18,4289.09,77203.62,2026-02-15,Delivered,Net Banking
ORD-5477,STR-2055,CUST-4641,PRD-3193,3,2910.39,8731.17,2025-03-07,Returned,COD
ORD-5478,STR-2039,CUST-4104,PRD-3061,16,1268.28,20292.48,2025-11-04,Processing,Credit Card
ORD-5479,STR-2003,CUST-4230,PRD-3421,10,4623.03,46230.3,2025-05-09,Shipped,Credit Card
ORD-5480,STR-2009,CUST-4894,PRD-3447,6,4845.36,29072.16,2025-02-08,Processing,COD
ORD-5481,STR-2031,CUST-4874,PRD-3266,20,2575.23,51504.6,2025-07-24,Processing,UPI
ORD-5482,STR-2070,CUST-4715,PRD-3457,4,2976.45,11905.8,2025-05-15,Cancelled,UPI
ORD-5483,STR-2005,CUST-4347,PRD-3216,9,1122.48,10102.32,2026-01-27,Delivered,Escrow
ORD-5484,STR-2027,CUST-4561,PRD-3419,24,1748.6,41966.4,2026-01-23,Cancelled,UPI
ORD-5485,STR-2031,CUST-4506,PRD-3038,19,4535.97,86183.43,2025-12-26,Returned,UPI
ORD-5486,STR-2045,CUST-4073,PRD-3487,14,3051.02,42714.28,2025-11-10,Delivered,COD
ORD-5487,STR-2062,CUST-4970,PRD-3067,9,3658.15,32923.35,2025-02-23,Delivered,Net Banking
ORD-5488,STR-2065,CUST-4231,PRD-3333,12,2242.85,26914.2,2025-06-05,Returned,Escrow
ORD-5489,STR-2003,CUST-4954,PRD-3029,1,3902.02,3902.02,2026-02-20,Delivered,COD
ORD-5490,STR-2078,CUST-4881,PRD-3195,22,3465.44,76239.68,2025-01-10,Processing,Net Banking
ORD-5491,STR-2007,CUST-4397,PRD-3393,13,3522.89,45797.57,2025-08-09,Cancelled,Net Banking
ORD-5492,STR-2071,CUST-4142,PRD-3060,15,722.26,10833.9,2025-11-12,Delivered,Credit Card
ORD-5493,STR-2025,CUST-4352,PRD-3224,2,1305.13,2610.26,2025-02-17,Processing,UPI
ORD-5494,STR-2030,CUST-4423,PRD-3383,25,4458.43,111460.75,2026-02-11,Processing,COD
ORD-5495,STR-2006,CUST-4822,PRD-3008,24,1362.12,32690.88,2025-01-30,Delivered,UPI
ORD-5496,STR-2017,CUST-4450,PRD-3093,10,362.04,3620.4,2025-06-29,Processing,Escrow
ORD-5497,STR-2038,CUST-4133,PRD-3311,13,2471.7,32132.1,2025-03-04,Cancelled,UPI
ORD-5498,STR-2010,CUST-4257,PRD-3481,18,1148.43,20671.74,2025-12-28,Cancelled,Credit Card
ORD-5499,STR-2029,CUST-4455,PRD-3366,10,4715.92,47159.2,2026-02-04,Processing,Credit Card
ORD-5500,STR-2084,CUST-4251,PRD-3270,9,1696.47,15268.23,2025-10-05,Processing,UPI
ORD-5501,STR-2007,CUST-4355,PRD-3462,14,3571.68,50003.52,2025-11-15,Shipped,Credit Card
ORD-5502,STR-2011,CUST-4209,PRD-3467,5,4230.91,21154.55,2025-09-24,Delivered,Credit Card
ORD-5503,STR-2095,CUST-4567,PRD-3108,4,1956.09,7824.36,2026-02-22,Returned,Escrow
ORD-5504,STR-2005,CUST-4241,PRD-3358,15,3302.05,49530.75,2025-08-21,Delivered,UPI
ORD-5505,STR-2064,CUST-4857,PRD-3018,9,1498.14,13483.26,2025-07-16,Delivered,UPI
ORD-5506,STR-2008,CUST-4286,PRD-3438,20,2012.09,40241.8,2025-01-10,Returned,Net Banking
ORD-5507,STR-2050,CUST-4455,PRD-3023,8,1147.79,9182.32,2025-04-05,Cancelled,Net Banking
ORD-5508,STR-2069,CUST-4054,PRD-3339,10,301.83,3018.3,2026-01-26,Delivered,UPI
ORD-5509,STR-2078,CUST-4773,PRD-3458,11,4625.09,50875.99,2025-05-15,Returned,COD
ORD-5510,STR-2028,CUST-4776,PRD-3015,11,3670.06,40370.66,2025-11-15,Shipped,Net Banking
ORD-5511,STR-2094,CUST-4951,PRD-3377,25,427.03,10675.75,2025-02-25,Processing,Net Banking
ORD-5512,STR-2093,CUST-4955,PRD-3348,10,4313.79,43137.9,2025-10-01,Shipped,Net Banking
ORD-5513,STR-2074,CUST-4737,PRD-3291,25,2666.73,66668.25,2025-03-25,Shipped,Net Banking
ORD-5514,STR-2096,CUST-4947,PRD-3122,5,4552.41,22762.05,2025-05-24,Returned,Credit Card
ORD-5515,STR-2011,CUST-4256,PRD-3395,18,1584.75,28525.5,2025-10-20,Shipped,UPI
ORD-5516,STR-2079,CUST-4281,PRD-3186,9,3347.27,30125.43,2026-02-05,Cancelled,COD
ORD-5517,STR-2002,CUST-4128,PRD-3158,19,3354.77,63740.63,2026-03-05,Delivered,Escrow
ORD-5518,STR-2057,CUST-4474,PRD-3009,15,193.02,2895.3,2025-01-19,Delivered,Net Banking
ORD-5519,STR-2082,CUST-4865,PRD-3285,7,2131.76,14922.32,2025-10-24,Delivered,Credit Card
ORD-5520,STR-2079,CUST-4565,PRD-3161,3,2286.13,6858.39,2025-05-13,Returned,Credit Card
ORD-5521,STR-2034,CUST-4890,PRD-3254,5,1252.98,6264.9,2025-03-31,Delivered,COD
ORD-5522,STR-2084,CUST-4051,PRD-3120,4,3324.81,13299.24,2025-04-05,Cancelled,COD
ORD-5523,STR-2057,CUST-4594,PRD-3163,2,2834.03,5668.06,2025-04-27,Delivered,Credit Card
ORD-5524,STR-2033,CUST-4017,PRD-3348,12,2771.14,33253.68,2025-01-23,Processing,Escrow
ORD-5525,STR-2045,CUST-4112,PRD-3040,17,2302.49,39142.33,2025-09-19,Delivered,Escrow
ORD-5526,STR-2027,CUST-4334,PRD-3293,12,4171.32,50055.84,2025-12-15,Shipped,UPI
ORD-5527,STR-2083,CUST-4437,PRD-3449,10,843.94,8439.4,2025-06-17,Processing,Credit Card
ORD-5528,STR-2043,CUST-4999,PRD-3209,21,1967.37,41314.77,2025-05-31,Processing,UPI
ORD-5529,STR-2021,CUST-4378,PRD-3023,10,4662.0,46620.0,2025-10-30,Delivered,UPI
ORD-5530,STR-2078,CUST-4217,PRD-3414,11,2627.36,28900.96,2026-02-04,Cancelled,COD
ORD-5531,STR-2075,CUST-4730,PRD-3177,7,1987.37,13911.59,2025-10-26,Delivered,Escrow
ORD-5532,STR-2049,CUST-4781,PRD-3333,3,4782.62,14347.86,2025-04-25,Processing,COD
ORD-5533,STR-2074,CUST-4646,PRD-3281,24,2177.69,52264.56,2026-01-11,Delivered,COD
ORD-5534,STR-2007,CUST-4622,PRD-3242,22,2693.57,59258.54,2025-08-14,Delivered,Credit Card
ORD-5535,STR-2025,CUST-4857,PRD-3295,10,4568.69,45686.9,2025-06-18,Delivered,Credit Card
ORD-5536,STR-2030,CUST-4467,PRD-3162,24,4866.12,116786.88,2025-12-21,Delivered,Net Banking
ORD-5537,STR-2094,CUST-4981,PRD-3451,14,1905.12,26671.68,2025-06-30,Processing,COD
ORD-5538,STR-2010,CUST-4937,PRD-3186,21,2498.15,52461.15,2025-04-28,Shipped,Net Banking
ORD-5539,STR-2030,CUST-4584,PRD-3424,5,4639.73,23198.65,2025-05-06,Returned,Net Banking
ORD-5540,STR-2087,CUST-4599,PRD-3341,5,3086.9,15434.5,2026-02-12,Delivered,Credit Card
ORD-5541,STR-2041,CUST-4121,PRD-3042,14,2191.96,30687.44,2025-03-17,Processing,Net Banking
ORD-5542,STR-2081,CUST-4903,PRD-3396,7,4514.38,31600.66,2026-03-25,Shipped,UPI
ORD-5543,STR-2022,CUST-4124,PRD-3215,9,3862.72,34764.48,2025-12-31,Shipped,UPI
ORD-5544,STR-2017,CUST-4891,PRD-3018,14,266.07,3724.98,2025-03-27,Delivered,Escrow
ORD-5545,STR-2066,CUST-4888,PRD-3272,13,4535.66,58963.58,2025-07-01,Delivered,Net Banking
ORD-5546,STR-2090,CUST-4571,PRD-3124,23,1572.95,36177.85,2025-06-22,Returned,Credit Card
ORD-5547,STR-2076,CUST-4624,PRD-3316,4,4971.55,19886.2,2025-01-24,Delivered,Credit Card
ORD-5548,STR-2058,CUST-4933,PRD-3210,21,2331.31,48957.51,2026-03-04,Shipped,Credit Card
ORD-5549,STR-2097,CUST-4489,PRD-3359,5,3707.2,18536.0,2026-01-06,Returned,COD
ORD-5550,STR-2066,CUST-4086,PRD-3078,1,3028.73,3028.73,2025-07-09,Cancelled,Net Banking
ORD-5551,STR-2049,CUST-4329,PRD-3225,6,2617.04,15702.24,2025-10-29,Delivered,UPI
ORD-5552,STR-2030,CUST-4305,PRD-3253,11,384.2,4226.2,2025-09-23,Processing,COD
ORD-5553,STR-2066,CUST-4865,PRD-3476,14,1533.5,21469.0,2025-07-16,Delivered,Escrow
ORD-5554,STR-2019,CUST-4043,PRD-3417,24,4429.56,106309.44,2026-01-10,Delivered,Net Banking
ORD-5555,STR-2067,CUST-4285,PRD-3295,20,1674.68,33493.6,2025-06-27,Delivered,Escrow
ORD-5556,STR-2016,CUST-4295,PRD-3141,16,2278.75,36460.0,2025-03-28,Delivered,Credit Card
ORD-5557,STR-2078,CUST-4772,PRD-3055,8,3382.2,27057.6,2025-03-14,Delivered,Escrow
ORD-5558,STR-2071,CUST-4859,PRD-3261,25,968.93,24223.25,2025-11-03,Delivered,COD
ORD-5559,STR-2069,CUST-4819,PRD-3100,1,2518.57,2518.57,2026-02-26,Delivered,Credit Card
ORD-5560,STR-2027,CUST-4289,PRD-3483,19,2218.54,42152.26,2025-08-16,Processing,Escrow
ORD-5561,STR-2059,CUST-4303,PRD-3471,4,3623.82,14495.28,2026-03-09,Delivered,Net Banking
ORD-5562,STR-2056,CUST-4506,PRD-3135,3,4342.84,13028.52,2025-05-23,Cancelled,UPI
ORD-5563,STR-2046,CUST-4823,PRD-3041,24,3997.6,95942.4,2026-01-08,Delivered,Credit Card
ORD-5564,STR-2021,CUST-4520,PRD-3172,9,2349.3,21143.7,2026-01-12,Processing,UPI
ORD-5565,STR-2091,CUST-4705,PRD-3162,2,2251.88,4503.76,2025-12-28,Returned,COD
ORD-5566,STR-2041,CUST-4195,PRD-3431,18,3356.48,60416.64,2026-03-26,Cancelled,UPI
ORD-5567,STR-2082,CUST-4643,PRD-3005,8,813.84,6510.72,2025-07-12,Returned,Escrow
ORD-5568,STR-2087,CUST-4201,PRD-3136,16,884.45,14151.2,2026-02-21,Delivered,Net Banking
ORD-5569,STR-2037,CUST-4135,PRD-3102,21,4397.94,92356.74,2025-09-22,Returned,Escrow
ORD-5570,STR-2001,CUST-4445,PRD-3035,16,2855.03,45680.48,2025-04-17,Cancelled,Escrow
ORD-5571,STR-2005,CUST-4429,PRD-3353,9,3124.88,28123.92,2025-11-20,Processing,Escrow
ORD-5572,STR-2082,CUST-4358,PRD-3248,17,3336.16,56714.72,2025-04-03,Delivered,Escrow
ORD-5573,STR-2038,CUST-4685,PRD-3249,16,4014.22,64227.52,2025-07-20,Processing,Credit Card
ORD-5574,STR-2070,CUST-4493,PRD-3152,4,1211.81,4847.24,2026-01-22,Returned,Credit Card
ORD-5575,STR-2054,CUST-4993,PRD-3229,11,1349.87,14848.57,2025-08-06,Delivered,Escrow
ORD-5576,STR-2060,CUST-4980,PRD-3164,22,700.65,15414.3,2025-12-23,Shipped,Escrow
ORD-5577,STR-2100,CUST-4904,PRD-3248,16,3065.14,49042.24,2025-12-18,Delivered,UPI
ORD-5578,STR-2038,CUST-4275,PRD-3260,7,4465.58,31259.06,2026-02-05,Shipped,UPI
ORD-5579,STR-2072,CUST-4791,PRD-3166,9,3423.7,30813.3,2025-07-30,Shipped,Net Banking
ORD-5580,STR-2055,CUST-4409,PRD-3134,2,1451.34,2902.68,2026-01-08,Delivered,Credit Card
ORD-5581,STR-2082,CUST-4839,PRD-3024,10,2321.04,23210.4,2025-04-24,Processing,Escrow
ORD-5582,STR-2069,CUST-4212,PRD-3400,21,685.03,14385.63,2025-11-11,Processing,Credit Card
ORD-5583,STR-2017,CUST-4620,PRD-3277,1,4758.85,4758.85,2025-01-11,Returned,Net Banking
ORD-5584,STR-2012,CUST-4800,PRD-3361,11,4574.31,50317.41,2026-01-28,Returned,COD
ORD-5585,STR-2009,CUST-4671,PRD-3026,17,1170.75,19902.75,2025-10-02,Delivered,Escrow
ORD-5586,STR-2069,CUST-4406,PRD-3441,23,1262.27,29032.21,2026-02-15,Delivered,Credit Card
ORD-5587,STR-2043,CUST-4424,PRD-3111,18,3706.67,66720.06,2025-01-07,Delivered,UPI
ORD-5588,STR-2097,CUST-4963,PRD-3270,4,2582.27,10329.08,2026-02-10,Shipped,UPI
ORD-5589,STR-2021,CUST-4290,PRD-3155,1,1265.53,1265.53,2026-01-31,Cancelled,Escrow
ORD-5590,STR-2005,CUST-4279,PRD-3384,4,4093.03,16372.12,2025-07-13,Cancelled,Net Banking
ORD-5591,STR-2017,CUST-4838,PRD-3380,9,4330.62,38975.58,2025-02-09,Delivered,COD
ORD-5592,STR-2093,CUST-4721,PRD-3391,24,2164.59,51950.16,2025-01-08,Cancelled,COD
ORD-5593,STR-2078,CUST-4942,PRD-3078,4,3718.99,14875.96,2026-02-10,Shipped,Escrow
ORD-5594,STR-2078,CUST-4880,PRD-3160,11,2211.99,24331.89,2026-01-16,Delivered,Credit Card
ORD-5595,STR-2036,CUST-4470,PRD-3104,4,1431.71,5726.84,2025-12-02,Processing,Net Banking
ORD-5596,STR-2049,CUST-4299,PRD-3220,3,1227.93,3683.79,2025-07-28,Processing,Credit Card
ORD-5597,STR-2062,CUST-4292,PRD-3465,23,2736.04,62928.92,2025-05-06,Shipped,UPI
ORD-5598,STR-2064,CUST-4746,PRD-3202,12,3849.1,46189.2,2026-01-01,Delivered,Net Banking
ORD-5599,STR-2029,CUST-4592,PRD-3500,1,2077.14,2077.14,2025-04-29,Shipped,Credit Card
ORD-5600,STR-2062,CUST-4577,PRD-3056,21,1656.46,34785.66,2025-03-15,Returned,UPI
ORD-5601,STR-2013,CUST-4575,PRD-3087,7,4344.41,30410.87,2025-09-08,Processing,Escrow
ORD-5602,STR-2011,CUST-4145,PRD-3207,20,4214.64,84292.8,2025-09-25,Cancelled,COD
ORD-5603,STR-2098,CUST-4239,PRD-3031,25,2543.08,63577.0,2025-07-30,Delivered,Credit Card
ORD-5604,STR-2020,CUST-4038,PRD-3165,23,2891.76,66510.48,2025-07-28,Returned,UPI
ORD-5605,STR-2035,CUST-4707,PRD-3108,25,2877.69,71942.25,2025-09-08,Processing,Net Banking
ORD-5606,STR-2041,CUST-4983,PRD-3334,8,1710.91,13687.28,2025-12-29,Shipped,COD
ORD-5607,STR-2072,CUST-4880,PRD-3379,24,544.96,13079.04,2025-02-23,Shipped,UPI
ORD-5608,STR-2049,CUST-4131,PRD-3388,1,936.15,936.15,2026-01-19,Delivered,Escrow
ORD-5609,STR-2026,CUST-4449,PRD-3446,4,339.45,1357.8,2025-08-06,Shipped,Escrow
ORD-5610,STR-2081,CUST-4823,PRD-3269,16,828.35,13253.6,2026-03-24,Processing,Net Banking
ORD-5611,STR-2052,CUST-4010,PRD-3152,4,2262.08,9048.32,2025-05-31,Cancelled,Credit Card
ORD-5612,STR-2067,CUST-4331,PRD-3315,12,2884.48,34613.76,2025-03-26,Delivered,Credit Card
ORD-5613,STR-2067,CUST-4702,PRD-3105,20,4767.18,95343.6,2025-07-10,Processing,COD
ORD-5614,STR-2033,CUST-4484,PRD-3237,7,4690.58,32834.06,2026-01-18,Cancelled,Escrow
ORD-5615,STR-2022,CUST-4537,PRD-3367,16,197.63,3162.08,2025-08-02,Delivered,Escrow
ORD-5616,STR-2061,CUST-4069,PRD-3003,10,3552.1,35521.0,2025-04-13,Cancelled,UPI
ORD-5617,STR-2069,CUST-4470,PRD-3170,4,446.37,1785.48,2025-08-28,Processing,Escrow
ORD-5618,STR-2009,CUST-4359,PRD-3326,18,4434.21,79815.78,2025-06-26,Cancelled,UPI
ORD-5619,STR-2025,CUST-4282,PRD-3146,14,2984.67,41785.38,2025-06-06,Delivered,COD
ORD-5620,STR-2099,CUST-4413,PRD-3479,9,2871.39,25842.51,2025-11-25,Cancelled,Escrow
ORD-5621,STR-2010,CUST-4607,PRD-3079,4,3693.69,14774.76,2025-05-24,Delivered,Credit Card
ORD-5622,STR-2073,CUST-4105,PRD-3065,17,2998.49,50974.33,2026-01-28,Shipped,Credit Card
ORD-5623,STR-2074,CUST-4791,PRD-3437,19,3083.16,58580.04,2026-02-18,Cancelled,COD
ORD-5624,STR-2086,CUST-4932,PRD-3243,7,965.28,6756.96,2026-02-06,Delivered,Escrow
ORD-5625,STR-2012,CUST-4952,PRD-3412,20,860.48,17209.6,2025-03-26,Shipped,UPI
ORD-5626,STR-2042,CUST-4080,PRD-3459,2,814.33,1628.66,2026-02-18,Shipped,Net Banking
ORD-5627,STR-2086,CUST-4484,PRD-3168,10,2576.82,25768.2,2025-03-02,Delivered,COD
ORD-5628,STR-2051,CUST-4387,PRD-3397,13,3575.29,46478.77,2025-07-01,Delivered,COD
ORD-5629,STR-2041,CUST-4544,PRD-3041,20,4234.63,84692.6,2025-03-27,Cancelled,Credit Card
ORD-5630,STR-2092,CUST-4147,PRD-3431,14,2868.36,40157.04,2025-09-08,Cancelled,Credit Card
ORD-5631,STR-2088,CUST-4124,PRD-3286,14,3312.65,46377.1,2025-04-02,Delivered,Credit Card
ORD-5632,STR-2060,CUST-4790,PRD-3344,12,3683.18,44198.16,2025-04-20,Processing,COD
ORD-5633,STR-2025,CUST-4392,PRD-3192,6,4675.98,28055.88,2025-01-06,Delivered,Net Banking
ORD-5634,STR-2047,CUST-4539,PRD-3100,1,2993.01,2993.01,2025-06-18,Delivered,Credit Card
ORD-5635,STR-2033,CUST-4515,PRD-3472,1,3092.86,3092.86,2025-01-18,Cancelled,Credit Card
ORD-5636,STR-2083,CUST-4491,PRD-3204,2,4979.33,9958.66,2025-12-27,Delivered,Credit Card
ORD-5637,STR-2081,CUST-4059,PRD-3498,19,4143.13,78719.47,2026-03-18,Cancelled,Net Banking
ORD-5638,STR-2078,CUST-4648,PRD-3233,16,992.79,15884.64,2026-01-19,Returned,COD
ORD-5639,STR-2014,CUST-4040,PRD-3190,1,3122.66,3122.66,2026-01-01,Delivered,Escrow
ORD-5640,STR-2017,CUST-4085,PRD-3215,4,421.83,1687.32,2025-11-23,Cancelled,UPI
ORD-5641,STR-2041,CUST-4100,PRD-3440,18,1495.77,26923.86,2026-03-13,Delivered,COD
ORD-5642,STR-2095,CUST-4018,PRD-3171,22,4263.92,93806.24,2025-06-12,Cancelled,Escrow
ORD-5643,STR-2076,CUST-4740,PRD-3484,12,2654.25,31851.0,2025-12-07,Shipped,Net Banking
ORD-5644,STR-2086,CUST-4686,PRD-3032,3,1085.76,3257.28,2026-01-25,Processing,Escrow
ORD-5645,STR-2094,CUST-4274,PRD-3043,6,2300.48,13802.88,2025-05-22,Processing,Escrow
ORD-5646,STR-2089,CUST-4518,PRD-3210,6,3231.2,19387.2,2026-03-08,Returned,UPI
ORD-5647,STR-2040,CUST-4281,PRD-3288,12,720.92,8651.04,2025-08-27,Processing,UPI
ORD-5648,STR-2073,CUST-4953,PRD-3238,3,713.87,2141.61,2025-02-16,Delivered,UPI
ORD-5649,STR-2024,CUST-4326,PRD-3303,21,4833.96,101513.16,2026-01-28,Delivered,UPI
ORD-5650,STR-2028,CUST-4654,PRD-3192,15,544.18,8162.7,2026-01-06,Delivered,Credit Card
ORD-5651,STR-2088,CUST-4658,PRD-3483,7,3774.93,26424.51,2026-01-13,Delivered,Credit Card
ORD-5652,STR-2007,CUST-4389,PRD-3362,10,1013.32,10133.2,2025-03-13,Processing,Credit Card
ORD-5653,STR-2053,CUST-4232,PRD-3428,7,1473.08,10311.56,2025-04-13,Delivered,Credit Card
ORD-5654,STR-2034,CUST-4715,PRD-3226,9,598.2,5383.8,2025-07-01,Processing,Credit Card
ORD-5655,STR-2045,CUST-4791,PRD-3329,17,2330.91,39625.47,2025-11-20,Cancelled,Escrow
ORD-5656,STR-2005,CUST-4973,PRD-3428,19,2020.55,38390.45,2025-10-03,Processing,Escrow
ORD-5657,STR-2090,CUST-4445,PRD-3178,21,4082.91,85741.11,2026-02-12,Delivered,Escrow
ORD-5658,STR-2044,CUST-4717,PRD-3496,17,2825.31,48030.27,2026-01-16,Returned,Credit Card
ORD-5659,STR-2012,CUST-4526,PRD-3396,7,1402.34,9816.38,2025-08-28,Delivered,UPI
ORD-5660,STR-2015,CUST-4530,PRD-3338,21,1054.16,22137.36,2025-03-13,Shipped,COD
ORD-5661,STR-2042,CUST-4382,PRD-3289,13,3342.78,43456.14,2025-01-18,Delivered,UPI
ORD-5662,STR-2081,CUST-4368,PRD-3446,1,919.94,919.94,2025-09-01,Delivered,Credit Card
ORD-5663,STR-2083,CUST-4925,PRD-3052,6,4578.77,27472.62,2025-06-06,Delivered,Net Banking
ORD-5664,STR-2070,CUST-4191,PRD-3386,1,2279.19,2279.19,2025-11-12,Shipped,COD
ORD-5665,STR-2074,CUST-4712,PRD-3223,24,2086.77,50082.48,2026-03-04,Delivered,Credit Card
ORD-5666,STR-2093,CUST-4383,PRD-3308,11,2490.4,27394.4,2025-07-25,Delivered,UPI
ORD-5667,STR-2030,CUST-4782,PRD-3479,17,673.1,11442.7,2025-08-07,Returned,Credit Card
ORD-5668,STR-2074,CUST-4411,PRD-3304,1,945.53,945.53,2025-03-27,Delivered,COD
ORD-5669,STR-2090,CUST-4966,PRD-3269,7,4764.75,33353.25,2025-10-18,Returned,Escrow
ORD-5670,STR-2017,CUST-4680,PRD-3171,2,4856.08,9712.16,2025-06-08,Returned,Escrow
ORD-5671,STR-2045,CUST-4470,PRD-3203,6,2383.85,14303.1,2025-12-04,Delivered,Escrow
ORD-5672,STR-2023,CUST-4309,PRD-3158,3,1045.28,3135.84,2026-03-16,Delivered,Net Banking
ORD-5673,STR-2012,CUST-4742,PRD-3126,5,3470.86,17354.3,2026-03-09,Returned,Credit Card
ORD-5674,STR-2001,CUST-4489,PRD-3082,12,634.58,7614.96,2025-10-09,Cancelled,Net Banking
ORD-5675,STR-2090,CUST-4218,PRD-3468,16,3391.92,54270.72,2026-03-02,Shipped,Escrow
ORD-5676,STR-2098,CUST-4939,PRD-3050,13,773.24,10052.12,2026-01-26,Delivered,Net Banking
ORD-5677,STR-2099,CUST-4335,PRD-3460,10,4125.99,41259.9,2026-01-09,Returned,Net Banking
ORD-5678,STR-2077,CUST-4404,PRD-3274,3,1832.31,5496.93,2025-12-09,Cancelled,COD
ORD-5679,STR-2004,CUST-4228,PRD-3454,20,1014.08,20281.6,2025-05-01,Delivered,Credit Card
ORD-5680,STR-2044,CUST-4514,PRD-3422,1,3111.25,3111.25,2026-01-20,Shipped,UPI
ORD-5681,STR-2083,CUST-4236,PRD-3071,16,1061.66,16986.56,2025-04-19,Delivered,Net Banking
ORD-5682,STR-2012,CUST-4348,PRD-3197,21,1022.4,21470.4,2025-03-19,Delivered,Credit Card
ORD-5683,STR-2050,CUST-4692,PRD-3421,16,318.91,5102.56,2025-08-04,Delivered,Escrow
ORD-5684,STR-2051,CUST-4699,PRD-3265,4,2404.88,9619.52,2025-02-12,Delivered,UPI
ORD-5685,STR-2084,CUST-4884,PRD-3208,1,930.29,930.29,2025-03-07,Processing,COD
ORD-5686,STR-2050,CUST-4703,PRD-3233,1,2507.78,2507.78,2025-12-10,Shipped,Net Banking
ORD-5687,STR-2099,CUST-4056,PRD-3156,14,1404.45,19662.3,2025-11-21,Delivered,COD
ORD-5688,STR-2058,CUST-4515,PRD-3191,25,2446.7,61167.5,2025-06-21,Returned,COD
ORD-5689,STR-2047,CUST-4115,PRD-3403,6,4906.56,29439.36,2025-09-30,Returned,Net Banking
ORD-5690,STR-2087,CUST-4082,PRD-3077,1,1785.01,1785.01,2025-12-29,Processing,Credit Card
ORD-5691,STR-2026,CUST-4528,PRD-3417,20,3679.0,73580.0,2025-08-21,Shipped,UPI
ORD-5692,STR-2060,CUST-4289,PRD-3021,4,4359.3,17437.2,2025-08-24,Delivered,UPI
ORD-5693,STR-2077,CUST-4703,PRD-3190,9,2214.66,19931.94,2025-12-12,Delivered,UPI
ORD-5694,STR-2070,CUST-4274,PRD-3092,10,1880.89,18808.9,2025-01-09,Shipped,Credit Card
ORD-5695,STR-2039,CUST-4652,PRD-3019,20,691.66,13833.2,2026-01-10,Delivered,COD
ORD-5696,STR-2095,CUST-4406,PRD-3128,6,557.63,3345.78,2025-02-18,Delivered,Escrow
ORD-5697,STR-2082,CUST-4506,PRD-3221,9,1825.12,16426.08,2025-08-23,Cancelled,COD
ORD-5698,STR-2032,CUST-4941,PRD-3423,24,4129.36,99104.64,2025-10-19,Shipped,UPI
ORD-5699,STR-2010,CUST-4335,PRD-3191,2,861.74,1723.48,2026-01-06,Cancelled,UPI
ORD-5700,STR-2049,CUST-4525,PRD-3372,3,1788.2,5364.6,2025-11-23,Cancelled,Credit Card
ORD-5701,STR-2055,CUST-4411,PRD-3012,6,4759.24,28555.44,2025-05-12,Cancelled,UPI
ORD-5702,STR-2056,CUST-4989,PRD-3060,7,2918.84,20431.88,2025-06-05,Processing,COD
ORD-5703,STR-2070,CUST-4875,PRD-3407,8,3517.15,28137.2,2025-01-26,Delivered,COD
ORD-5704,STR-2061,CUST-4221,PRD-3390,14,1482.72,20758.08,2025-12-19,Returned,Escrow
ORD-5705,STR-2036,CUST-4514,PRD-3344,2,3082.42,6164.84,2025-04-03,Cancelled,Credit Card
ORD-5706,STR-2035,CUST-4006,PRD-3209,7,240.79,1685.53,2025-08-01,Cancelled,Escrow
ORD-5707,STR-2036,CUST-4274,PRD-3237,20,3982.75,79655.0,2025-11-22,Delivered,UPI
ORD-5708,STR-2029,CUST-4231,PRD-3010,23,1724.35,39660.05,2025-02-02,Processing,Credit Card
ORD-5709,STR-2094,CUST-4730,PRD-3312,15,3001.38,45020.7,2025-11-22,Processing,Credit Card
ORD-5710,STR-2070,CUST-4399,PRD-3244,18,210.95,3797.1,2025-06-24,Delivered,Credit Card
ORD-5711,STR-2057,CUST-4156,PRD-3237,24,2570.03,61680.72,2025-09-30,Cancelled,Escrow
ORD-5712,STR-2087,CUST-4400,PRD-3131,13,306.49,3984.37,2026-03-13,Processing,UPI
ORD-5713,STR-2081,CUST-4499,PRD-3288,12,553.0,6636.0,2026-01-18,Processing,Credit Card
ORD-5714,STR-2039,CUST-4299,PRD-3385,11,2339.77,25737.47,2025-08-28,Delivered,Escrow
ORD-5715,STR-2080,CUST-4599,PRD-3086,20,1855.39,37107.8,2025-08-09,Shipped,UPI
ORD-5716,STR-2097,CUST-4997,PRD-3146,18,3758.65,67655.7,2025-05-01,Shipped,COD
ORD-5717,STR-2017,CUST-4388,PRD-3311,4,620.35,2481.4,2025-04-22,Delivered,UPI
ORD-5718,STR-2074,CUST-4297,PRD-3092,6,3869.34,23216.04,2026-01-12,Shipped,COD
ORD-5719,STR-2053,CUST-4361,PRD-3385,7,2178.17,15247.19,2025-11-03,Delivered,Credit Card
ORD-5720,STR-2099,CUST-4372,PRD-3323,4,3371.54,13486.16,2025-12-18,Cancelled,Credit Card
ORD-5721,STR-2065,CUST-4549,PRD-3273,13,1241.73,16142.49,2025-07-26,Shipped,Net Banking
ORD-5722,STR-2037,CUST-4846,PRD-3474,15,911.29,13669.35,2026-03-24,Delivered,Net Banking
ORD-5723,STR-2037,CUST-4004,PRD-3273,11,3850.23,42352.53,2025-12-02,Delivered,UPI
ORD-5724,STR-2050,CUST-4595,PRD-3335,14,4875.1,68251.4,2025-07-30,Delivered,UPI
ORD-5725,STR-2080,CUST-4230,PRD-3071,20,3156.61,63132.2,2025-02-11,Processing,COD
ORD-5726,STR-2094,CUST-4419,PRD-3485,1,1726.35,1726.35,2025-05-08,Delivered,COD
ORD-5727,STR-2081,CUST-4484,PRD-3351,3,4766.45,14299.35,2025-01-12,Cancelled,COD
ORD-5728,STR-2084,CUST-4399,PRD-3283,17,4337.68,73740.56,2026-03-12,Delivered,Net Banking
ORD-5729,STR-2048,CUST-4741,PRD-3448,8,999.77,7998.16,2025-12-31,Delivered,Credit Card
ORD-5730,STR-2017,CUST-4301,PRD-3034,1,1153.99,1153.99,2025-08-25,Shipped,Escrow
ORD-5731,STR-2088,CUST-4618,PRD-3228,8,4014.25,32114.0,2025-08-25,Processing,UPI
ORD-5732,STR-2078,CUST-4858,PRD-3170,6,1337.59,8025.54,2026-01-05,Delivered,UPI
ORD-5733,STR-2096,CUST-4034,PRD-3350,22,2120.78,46657.16,2025-09-24,Shipped,Net Banking
ORD-5734,STR-2010,CUST-4802,PRD-3214,9,4434.28,39908.52,2025-10-03,Delivered,COD
ORD-5735,STR-2083,CUST-4547,PRD-3366,1,2276.83,2276.83,2026-02-28,Cancelled,UPI
ORD-5736,STR-2038,CUST-4832,PRD-3204,24,3878.49,93083.76,2025-07-06,Shipped,COD
ORD-5737,STR-2081,CUST-4666,PRD-3226,14,3969.0,55566.0,2025-02-23,Delivered,Credit Card
ORD-5738,STR-2098,CUST-4846,PRD-3297,25,3989.35,99733.75,2026-01-05,Delivered,Credit Card
ORD-5739,STR-2053,CUST-4673,PRD-3174,5,4577.93,22889.65,2026-02-12,Shipped,Escrow
ORD-5740,STR-2034,CUST-4100,PRD-3169,21,3514.52,73804.92,2025-08-23,Cancelled,Net Banking
ORD-5741,STR-2097,CUST-4251,PRD-3388,9,1810.85,16297.65,2025-12-19,Shipped,Credit Card
ORD-5742,STR-2058,CUST-4717,PRD-3133,19,1485.2,28218.8,2025-01-19,Returned,Escrow
ORD-5743,STR-2019,CUST-4535,PRD-3148,1,1221.95,1221.95,2025-07-09,Processing,Credit Card
ORD-5744,STR-2092,CUST-4299,PRD-3158,23,917.77,21108.71,2025-11-21,Delivered,Net Banking
ORD-5745,STR-2092,CUST-4451,PRD-3345,10,899.04,8990.4,2026-02-17,Cancelled,Escrow
ORD-5746,STR-2019,CUST-4623,PRD-3150,13,1397.93,18173.09,2025-04-27,Delivered,Escrow
ORD-5747,STR-2075,CUST-4311,PRD-3076,19,208.52,3961.88,2025-07-06,Cancelled,COD
ORD-5748,STR-2096,CUST-4892,PRD-3265,13,2463.33,32023.29,2025-03-29,Delivered,Escrow
ORD-5749,STR-2076,CUST-4874,PRD-3257,11,2688.19,29570.09,2025-07-13,Returned,Net Banking
ORD-5750,STR-2083,CUST-4174,PRD-3446,17,2487.95,42295.15,2025-09-05,Shipped,UPI
ORD-5751,STR-2086,CUST-4970,PRD-3034,11,1240.4,13644.4,2025-04-16,Delivered,Escrow
ORD-5752,STR-2036,CUST-4624,PRD-3399,24,3977.98,95471.52,2025-11-29,Delivered,Credit Card
ORD-5753,STR-2064,CUST-4471,PRD-3292,21,4545.56,95456.76,2026-03-07,Cancelled,COD
ORD-5754,STR-2030,CUST-4760,PRD-3104,12,3371.58,40458.96,2025-07-24,Cancelled,UPI
ORD-5755,STR-2043,CUST-4520,PRD-3035,9,2833.43,25500.87,2025-10-01,Returned,COD
ORD-5756,STR-2011,CUST-4994,PRD-3409,2,2316.17,4632.34,2025-09-25,Delivered,Escrow
ORD-5757,STR-2033,CUST-4817,PRD-3379,6,3495.04,20970.24,2025-11-30,Returned,Escrow
ORD-5758,STR-2030,CUST-4707,PRD-3368,15,1010.54,15158.1,2025-11-08,Delivered,COD
ORD-5759,STR-2036,CUST-4094,PRD-3381,7,3706.69,25946.83,2025-02-02,Delivered,COD
ORD-5760,STR-2039,CUST-4063,PRD-3107,8,1333.11,10664.88,2026-01-25,Processing,Net Banking
ORD-5761,STR-2060,CUST-4101,PRD-3275,2,1696.46,3392.92,2025-11-21,Delivered,Escrow
ORD-5762,STR-2062,CUST-4120,PRD-3227,3,2458.77,7376.31,2025-02-21,Processing,COD
ORD-5763,STR-2028,CUST-4613,PRD-3250,10,2911.25,29112.5,2025-10-25,Shipped,UPI
ORD-5764,STR-2093,CUST-4908,PRD-3227,25,3266.74,81668.5,2025-10-29,Returned,COD
ORD-5765,STR-2097,CUST-4468,PRD-3001,9,3809.62,34286.58,2025-11-04,Delivered,Net Banking
ORD-5766,STR-2081,CUST-4181,PRD-3169,17,2493.91,42396.47,2025-05-26,Cancelled,Credit Card
ORD-5767,STR-2034,CUST-4889,PRD-3273,8,1804.54,14436.32,2025-12-14,Processing,COD
ORD-5768,STR-2040,CUST-4641,PRD-3226,4,4889.56,19558.24,2025-04-04,Shipped,UPI
ORD-5769,STR-2041,CUST-4915,PRD-3499,17,2431.96,41343.32,2025-03-25,Delivered,UPI
ORD-5770,STR-2098,CUST-4443,PRD-3345,10,608.65,6086.5,2026-03-18,Shipped,Credit Card
ORD-5771,STR-2082,CUST-4704,PRD-3276,6,1088.94,6533.64,2025-02-25,Returned,Escrow
ORD-5772,STR-2028,CUST-4315,PRD-3257,10,1702.08,17020.8,2025-09-29,Shipped,UPI
ORD-5773,STR-2088,CUST-4308,PRD-3475,20,1169.92,23398.4,2025-12-11,Delivered,Credit Card
ORD-5774,STR-2021,CUST-4197,PRD-3393,13,3961.18,51495.34,2026-03-13,Delivered,COD
ORD-5775,STR-2085,CUST-4161,PRD-3167,17,4908.6,83446.2,2025-12-01,Processing,Net Banking
ORD-5776,STR-2100,CUST-4744,PRD-3138,8,4674.29,37394.32,2025-08-30,Returned,Credit Card
ORD-5777,STR-2048,CUST-4149,PRD-3157,11,3674.54,40419.94,2026-03-01,Cancelled,Credit Card
ORD-5778,STR-2058,CUST-4316,PRD-3218,19,2058.68,39114.92,2025-08-02,Delivered,Net Banking
ORD-5779,STR-2008,CUST-4992,PRD-3210,12,3282.09,39385.08,2025-03-13,Shipped,Credit Card
ORD-5780,STR-2003,CUST-4839,PRD-3361,7,1161.75,8132.25,2026-01-02,Delivered,Credit Card
ORD-5781,STR-2048,CUST-4025,PRD-3165,14,3985.96,55803.44,2025-06-16,Processing,COD
ORD-5782,STR-2095,CUST-4205,PRD-3409,7,3145.15,22016.05,2025-08-14,Returned,Credit Card
ORD-5783,STR-2014,CUST-4077,PRD-3125,6,1728.59,10371.54,2025-09-03,Cancelled,COD
ORD-5784,STR-2061,CUST-4975,PRD-3498,2,3938.96,7877.92,2025-07-19,Cancelled,Net Banking
ORD-5785,STR-2032,CUST-4287,PRD-3311,19,1968.84,37407.96,2025-02-21,Delivered,Credit Card
ORD-5786,STR-2036,CUST-4551,PRD-3190,15,4629.49,69442.35,2025-02-26,Shipped,Escrow
ORD-5787,STR-2096,CUST-4076,PRD-3167,25,3702.38,92559.5,2026-02-27,Delivered,Escrow
ORD-5788,STR-2076,CUST-4307,PRD-3294,7,2874.91,20124.37,2025-08-13,Delivered,Credit Card
ORD-5789,STR-2074,CUST-4560,PRD-3391,22,1414.49,31118.78,2025-09-29,Returned,Credit Card
ORD-5790,STR-2089,CUST-4023,PRD-3072,25,3884.04,97101.0,2026-03-22,Returned,Credit Card
ORD-5791,STR-2047,CUST-4927,PRD-3396,15,3774.28,56614.2,2025-04-20,Delivered,Credit Card
ORD-5792,STR-2060,CUST-4234,PRD-3236,12,1765.11,21181.32,2025-12-13,Cancelled,Credit Card
ORD-5793,STR-2033,CUST-4619,PRD-3383,1,830.31,830.31,2025-11-25,Shipped,Net Banking
ORD-5794,STR-2051,CUST-4826,PRD-3250,2,4183.62,8367.24,2025-01-31,Processing,Credit Card
ORD-5795,STR-2003,CUST-4580,PRD-3224,2,4804.97,9609.94,2026-03-24,Returned,Credit Card
ORD-5796,STR-2069,CUST-4504,PRD-3145,19,1768.7,33605.3,2025-02-04,Cancelled,UPI
ORD-5797,STR-2073,CUST-4095,PRD-3499,18,3935.85,70845.3,2025-09-30,Delivered,COD
ORD-5798,STR-2012,CUST-4588,PRD-3473,15,3108.65,46629.75,2025-04-08,Returned,UPI
ORD-5799,STR-2099,CUST-4701,PRD-3221,9,2408.72,21678.48,2026-03-27,Cancelled,Escrow
ORD-5800,STR-2084,CUST-4339,PRD-3038,6,3292.02,19752.12,2025-06-23,Shipped,COD
ORD-5801,STR-2100,CUST-4710,PRD-3379,14,4463.58,62490.12,2025-07-25,Processing,Credit Card
ORD-5802,STR-2001,CUST-4639,PRD-3425,13,241.53,3139.89,2025-04-26,Delivered,Net Banking
ORD-5803,STR-2020,CUST-4266,PRD-3439,8,2984.23,23873.84,2026-01-29,Delivered,COD
ORD-5804,STR-2059,CUST-4670,PRD-3341,7,3884.15,27189.05,2025-10-22,Delivered,COD
ORD-5805,STR-2020,CUST-4194,PRD-3396,5,1149.8,5749.0,2025-04-03,Delivered,UPI
ORD-5806,STR-2069,CUST-4617,PRD-3484,2,3930.4,7860.8,2025-10-04,Delivered,UPI
ORD-5807,STR-2042,CUST-4892,PRD-3162,8,3342.11,26736.88,2025-04-14,Delivered,Escrow
ORD-5808,STR-2055,CUST-4278,PRD-3120,7,3895.87,27271.09,2025-01-14,Delivered,Net Banking
ORD-5809,STR-2016,CUST-4855,PRD-3486,13,273.31,3553.03,2026-03-21,Cancelled,Escrow
ORD-5810,STR-2049,CUST-4051,PRD-3229,15,2086.01,31290.15,2025-04-16,Returned,Net Banking
ORD-5811,STR-2076,CUST-4835,PRD-3064,3,4850.83,14552.49,2025-09-17,Processing,COD
ORD-5812,STR-2016,CUST-4167,PRD-3388,7,733.74,5136.18,2025-09-08,Cancelled,COD
ORD-5813,STR-2046,CUST-4768,PRD-3163,14,1076.26,15067.64,2025-02-16,Returned,COD
ORD-5814,STR-2047,CUST-4490,PRD-3131,17,693.16,11783.72,2025-08-22,Delivered,UPI
ORD-5815,STR-2049,CUST-4823,PRD-3216,13,4813.61,62576.93,2025-02-21,Delivered,Credit Card
ORD-5816,STR-2040,CUST-4857,PRD-3034,14,4737.81,66329.34,2025-11-30,Delivered,Escrow
ORD-5817,STR-2090,CUST-4087,PRD-3334,21,4079.32,85665.72,2026-03-25,Shipped,UPI
ORD-5818,STR-2036,CUST-4748,PRD-3332,11,370.04,4070.44,2026-03-10,Delivered,Escrow
ORD-5819,STR-2073,CUST-4010,PRD-3066,17,905.43,15392.31,2025-12-22,Shipped,UPI
ORD-5820,STR-2008,CUST-4611,PRD-3411,7,4351.77,30462.39,2025-12-05,Delivered,Credit Card
ORD-5821,STR-2080,CUST-4425,PRD-3422,6,2183.31,13099.86,2025-03-31,Processing,Escrow
ORD-5822,STR-2095,CUST-4829,PRD-3415,22,1030.83,22678.26,2026-03-27,Delivered,Escrow
ORD-5823,STR-2004,CUST-4510,PRD-3105,10,2107.72,21077.2,2025-07-11,Returned,Credit Card
ORD-5824,STR-2080,CUST-4329,PRD-3015,1,1758.17,1758.17,2025-08-29,Delivered,Escrow
ORD-5825,STR-2053,CUST-4048,PRD-3277,13,3848.14,50025.82,2026-01-05,Processing,Escrow
ORD-5826,STR-2021,CUST-4103,PRD-3008,12,4501.37,54016.44,2025-02-17,Shipped,UPI
ORD-5827,STR-2015,CUST-4992,PRD-3244,15,4919.34,73790.1,2026-03-15,Processing,Net Banking
ORD-5828,STR-2018,CUST-4878,PRD-3309,21,153.5,3223.5,2025-09-01,Shipped,Credit Card
ORD-5829,STR-2017,CUST-4331,PRD-3337,18,1923.08,34615.44,2025-11-11,Cancelled,UPI
ORD-5830,STR-2062,CUST-4505,PRD-3384,19,1101.99,20937.81,2025-04-23,Processing,Escrow
ORD-5831,STR-2019,CUST-4231,PRD-3338,3,3754.45,11263.35,2026-01-03,Shipped,Credit Card
ORD-5832,STR-2079,CUST-4108,PRD-3128,8,1365.75,10926.0,2026-01-09,Cancelled,Credit Card
ORD-5833,STR-2043,CUST-4728,PRD-3499,15,3391.53,50872.95,2025-09-24,Processing,COD
ORD-5834,STR-2035,CUST-4779,PRD-3461,5,1740.53,8702.65,2025-07-11,Cancelled,Escrow
ORD-5835,STR-2075,CUST-4755,PRD-3479,2,3777.49,7554.98,2026-02-14,Shipped,UPI
ORD-5836,STR-2026,CUST-4187,PRD-3008,5,3227.96,16139.8,2026-03-04,Returned,Escrow
ORD-5837,STR-2021,CUST-4407,PRD-3166,1,2924.62,2924.62,2025-09-05,Returned,Credit Card
ORD-5838,STR-2025,CUST-4644,PRD-3446,19,2117.44,40231.36,2025-04-20,Shipped,COD
ORD-5839,STR-2034,CUST-4559,PRD-3226,4,3763.06,15052.24,2025-12-02,Returned,COD
ORD-5840,STR-2044,CUST-4346,PRD-3457,6,1388.13,8328.78,2026-02-18,Returned,Net Banking
ORD-5841,STR-2099,CUST-4563,PRD-3234,22,618.04,13596.88,2026-03-15,Delivered,COD
ORD-5842,STR-2034,CUST-4065,PRD-3401,12,2218.6,26623.2,2025-01-14,Processing,Escrow
ORD-5843,STR-2013,CUST-4233,PRD-3500,15,4175.88,62638.2,2025-03-03,Processing,Credit Card
ORD-5844,STR-2017,CUST-4895,PRD-3178,10,2344.94,23449.4,2025-10-11,Delivered,COD
ORD-5845,STR-2024,CUST-4408,PRD-3420,17,1095.16,18617.72,2026-03-07,Cancelled,Escrow
ORD-5846,STR-2100,CUST-4018,PRD-3102,24,3761.29,90270.96,2025-09-27,Processing,Escrow
ORD-5847,STR-2073,CUST-4881,PRD-3272,17,377.93,6424.81,2025-09-30,Delivered,COD
ORD-5848,STR-2030,CUST-4711,PRD-3485,17,958.75,16298.75,2025-03-23,Delivered,Escrow
ORD-5849,STR-2082,CUST-4650,PRD-3440,20,1247.35,24947.0,2026-01-20,Cancelled,Escrow
ORD-5850,STR-2070,CUST-4965,PRD-3490,20,2206.48,44129.6,2025-04-14,Delivered,UPI
ORD-5851,STR-2052,CUST-4304,PRD-3200,17,4864.24,82692.08,2025-09-01,Shipped,Credit Card
ORD-5852,STR-2018,CUST-4739,PRD-3481,10,151.72,1517.2,2025-05-09,Cancelled,COD
ORD-5853,STR-2086,CUST-4320,PRD-3107,24,3123.62,74966.88,2025-02-04,Delivered,Net Banking
ORD-5854,STR-2018,CUST-4148,PRD-3247,6,3858.28,23149.68,2026-02-18,Delivered,Net Banking
ORD-5855,STR-2021,CUST-4662,PRD-3215,13,3018.37,39238.81,2025-05-08,Returned,Credit Card
ORD-5856,STR-2010,CUST-4232,PRD-3494,9,831.14,7480.26,2025-07-25,Delivered,COD
ORD-5857,STR-2087,CUST-4156,PRD-3106,15,840.68,12610.2,2025-05-22,Returned,Credit Card
ORD-5858,STR-2002,CUST-4653,PRD-3061,17,1659.13,28205.21,2025-02-22,Returned,COD
ORD-5859,STR-2061,CUST-4238,PRD-3339,15,1599.29,23989.35,2025-03-05,Processing,COD
ORD-5860,STR-2059,CUST-4158,PRD-3037,25,4565.95,114148.75,2025-06-24,Delivered,UPI
ORD-5861,STR-2049,CUST-4859,PRD-3457,9,697.26,6275.34,2025-08-27,Shipped,COD
ORD-5862,STR-2022,CUST-4898,PRD-3364,23,4347.7,99997.1,2025-09-07,Returned,Credit Card
ORD-5863,STR-2029,CUST-4536,PRD-3053,3,4988.39,14965.17,2025-11-05,Processing,Credit Card
ORD-5864,STR-2031,CUST-4891,PRD-3436,22,2548.48,56066.56,2025-12-26,Shipped,Net Banking
ORD-5865,STR-2008,CUST-4654,PRD-3054,25,1508.99,37724.75,2026-01-06,Cancelled,Credit Card
ORD-5866,STR-2033,CUST-4656,PRD-3261,11,2185.28,24038.08,2026-03-05,Delivered,Credit Card
ORD-5867,STR-2011,CUST-4014,PRD-3052,23,4059.06,93358.38,2025-05-05,Processing,Net Banking
ORD-5868,STR-2029,CUST-4606,PRD-3223,22,1438.91,31656.02,2026-02-04,Returned,Net Banking
ORD-5869,STR-2072,CUST-4622,PRD-3429,19,1972.74,37482.06,2025-09-23,Returned,Net Banking
ORD-5870,STR-2006,CUST-4617,PRD-3056,19,4215.3,80090.7,2025-11-26,Delivered,COD
ORD-5871,STR-2013,CUST-4121,PRD-3495,25,1307.28,32682.0,2025-10-25,Cancelled,COD
ORD-5872,STR-2054,CUST-4835,PRD-3202,23,3759.9,86477.7,2025-06-27,Cancelled,Net Banking
ORD-5873,STR-2059,CUST-4588,PRD-3443,17,330.79,5623.43,2025-07-24,Returned,Net Banking
ORD-5874,STR-2086,CUST-4930,PRD-3014,7,2899.61,20297.27,2025-01-13,Cancelled,Credit Card
ORD-5875,STR-2013,CUST-4300,PRD-3472,14,4039.19,56548.66,2026-01-09,Shipped,Credit Card
ORD-5876,STR-2046,CUST-4839,PRD-3350,12,1859.04,22308.48,2025-05-08,Delivered,Net Banking
ORD-5877,STR-2007,CUST-4333,PRD-3235,23,4956.23,113993.29,2025-05-15,Returned,Escrow
ORD-5878,STR-2027,CUST-4572,PRD-3395,18,3294.19,59295.42,2026-01-15,Shipped,Credit Card
ORD-5879,STR-2100,CUST-4836,PRD-3089,16,4304.73,68875.68,2025-06-20,Delivered,COD
ORD-5880,STR-2069,CUST-4758,PRD-3413,8,1685.19,13481.52,2025-06-06,Delivered,UPI
ORD-5881,STR-2082,CUST-4416,PRD-3161,20,2561.38,51227.6,2025-04-06,Returned,Net Banking
ORD-5882,STR-2026,CUST-4272,PRD-3439,23,2504.39,57600.97,2025-06-22,Returned,Net Banking
ORD-5883,STR-2047,CUST-4773,PRD-3082,6,1715.38,10292.28,2025-02-27,Delivered,COD
ORD-5884,STR-2040,CUST-4931,PRD-3260,23,3265.19,75099.37,2025-06-01,Returned,COD
ORD-5885,STR-2069,CUST-4183,PRD-3204,20,3523.84,70476.8,2025-04-12,Delivered,UPI
ORD-5886,STR-2092,CUST-4613,PRD-3469,22,2112.49,46474.78,2025-05-15,Delivered,Credit Card
ORD-5887,STR-2069,CUST-4363,PRD-3204,5,4618.1,23090.5,2025-02-23,Returned,Credit Card
ORD-5888,STR-2079,CUST-4584,PRD-3498,3,1720.61,5161.83,2025-04-26,Shipped,UPI
ORD-5889,STR-2032,CUST-4562,PRD-3080,22,4964.48,109218.56,2025-01-14,Shipped,Escrow
ORD-5890,STR-2089,CUST-4225,PRD-3126,8,2285.73,18285.84,2026-02-20,Delivered,Escrow
ORD-5891,STR-2002,CUST-4304,PRD-3125,1,4309.03,4309.03,2025-09-05,Returned,Net Banking
ORD-5892,STR-2054,CUST-4570,PRD-3283,19,1082.36,20564.84,2025-04-06,Returned,COD
ORD-5893,STR-2075,CUST-4410,PRD-3322,19,4459.73,84734.87,2025-07-18,Cancelled,Credit Card
ORD-5894,STR-2091,CUST-4816,PRD-3187,9,2241.88,20176.92,2025-07-06,Delivered,Credit Card
ORD-5895,STR-2070,CUST-4366,PRD-3040,23,802.29,18452.67,2026-03-17,Returned,Escrow
ORD-5896,STR-2069,CUST-4593,PRD-3066,4,4907.9,19631.6,2026-02-06,Processing,Net Banking
ORD-5897,STR-2069,CUST-4322,PRD-3054,20,1254.95,25099.0,2025-06-28,Cancelled,COD
ORD-5898,STR-2029,CUST-4477,PRD-3138,19,4207.58,79944.02,2025-08-24,Processing,Net Banking
ORD-5899,STR-2064,CUST-4606,PRD-3224,3,4772.85,14318.55,2025-03-29,Delivered,COD
ORD-5900,STR-2058,CUST-4573,PRD-3333,2,4494.83,8989.66,2025-09-02,Returned,Escrow
ORD-5901,STR-2009,CUST-4699,PRD-3182,3,4780.46,14341.38,2025-05-22,Processing,Credit Card
ORD-5902,STR-2094,CUST-4029,PRD-3366,20,2530.43,50608.6,2025-12-27,Returned,Escrow
ORD-5903,STR-2051,CUST-4221,PRD-3339,15,1652.65,24789.75,2025-12-23,Cancelled,Credit Card
ORD-5904,STR-2043,CUST-4239,PRD-3292,17,4739.4,80569.8,2025-03-15,Returned,COD
ORD-5905,STR-2088,CUST-4601,PRD-3162,1,4858.81,4858.81,2025-01-28,Cancelled,Credit Card
ORD-5906,STR-2076,CUST-4123,PRD-3397,3,3127.17,9381.51,2025-09-29,Shipped,Escrow
ORD-5907,STR-2094,CUST-4200,PRD-3128,20,3902.61,78052.2,2025-04-02,Returned,Escrow
ORD-5908,STR-2004,CUST-4665,PRD-3476,16,3684.04,58944.64,2025-06-19,Delivered,UPI
ORD-5909,STR-2052,CUST-4588,PRD-3359,22,2029.14,44641.08,2025-07-28,Shipped,Net Banking
ORD-5910,STR-2018,CUST-4868,PRD-3176,6,614.94,3689.64,2025-07-01,Delivered,Net Banking
ORD-5911,STR-2033,CUST-4512,PRD-3047,6,1413.45,8480.7,2025-04-13,Delivered,Credit Card
ORD-5912,STR-2083,CUST-4649,PRD-3042,11,2340.88,25749.68,2025-02-18,Processing,Credit Card
ORD-5913,STR-2003,CUST-4901,PRD-3311,2,4912.75,9825.5,2025-01-31,Cancelled,Credit Card
ORD-5914,STR-2013,CUST-4173,PRD-3001,17,211.01,3587.17,2025-06-17,Shipped,Credit Card
ORD-5915,STR-2004,CUST-4820,PRD-3464,19,2882.32,54764.08,2026-03-16,Delivered,Escrow
ORD-5916,STR-2025,CUST-4652,PRD-3318,16,1031.67,16506.72,2025-04-22,Delivered,UPI
ORD-5917,STR-2088,CUST-4935,PRD-3080,20,1964.72,39294.4,2025-04-01,Shipped,Escrow
ORD-5918,STR-2065,CUST-4153,PRD-3417,15,297.16,4457.4,2025-01-20,Processing,UPI
ORD-5919,STR-2040,CUST-4958,PRD-3150,4,1842.91,7371.64,2025-04-03,Processing,COD
ORD-5920,STR-2022,CUST-4922,PRD-3052,16,1086.82,17389.12,2025-03-21,Processing,Credit Card
ORD-5921,STR-2059,CUST-4951,PRD-3338,18,4184.09,75313.62,2026-02-06,Shipped,UPI
ORD-5922,STR-2086,CUST-4568,PRD-3034,11,1344.18,14785.98,2025-03-14,Delivered,Net Banking
ORD-5923,STR-2025,CUST-4814,PRD-3207,2,1887.86,3775.72,2025-09-03,Returned,COD
ORD-5924,STR-2013,CUST-4869,PRD-3267,3,3368.04,10104.12,2025-06-14,Processing,COD
ORD-5925,STR-2074,CUST-4720,PRD-3273,17,2061.8,35050.6,2025-10-07,Cancelled,Escrow
ORD-5926,STR-2037,CUST-4329,PRD-3070,15,3853.08,57796.2,2025-05-30,Cancelled,Net Banking
ORD-5927,STR-2052,CUST-4446,PRD-3194,3,2528.76,7586.28,2025-09-09,Delivered,Credit Card
ORD-5928,STR-2072,CUST-4496,PRD-3313,13,1633.6,21236.8,2026-02-07,Returned,Credit Card
ORD-5929,STR-2099,CUST-4701,PRD-3358,2,2708.62,5417.24,2025-01-22,Delivered,UPI
ORD-5930,STR-2040,CUST-4914,PRD-3301,24,4516.34,108392.16,2025-10-05,Delivered,Credit Card
ORD-5931,STR-2095,CUST-4050,PRD-3274,1,378.96,378.96,2025-06-05,Shipped,Escrow
ORD-5932,STR-2046,CUST-4988,PRD-3276,2,4145.17,8290.34,2025-12-17,Returned,Net Banking
ORD-5933,STR-2095,CUST-4521,PRD-3269,6,2617.42,15704.52,2025-12-15,Cancelled,UPI
ORD-5934,STR-2028,CUST-4102,PRD-3235,6,4477.93,26867.58,2025-12-31,Delivered,UPI
ORD-5935,STR-2092,CUST-4209,PRD-3254,7,2920.05,20440.35,2025-11-10,Delivered,UPI
ORD-5936,STR-2049,CUST-4211,PRD-3461,23,714.21,16426.83,2025-05-29,Delivered,Escrow
ORD-5937,STR-2085,CUST-4834,PRD-3469,11,4924.35,54167.85,2025-07-19,Returned,Escrow
ORD-5938,STR-2048,CUST-4940,PRD-3429,13,367.07,4771.91,2025-03-14,Processing,Escrow
ORD-5939,STR-2080,CUST-4685,PRD-3133,14,3449.92,48298.88,2025-12-30,Returned,Credit Card
ORD-5940,STR-2027,CUST-4963,PRD-3450,21,3722.67,78176.07,2025-05-20,Shipped,UPI
ORD-5941,STR-2054,CUST-4844,PRD-3212,13,1498.72,19483.36,2025-04-08,Returned,Net Banking
ORD-5942,STR-2033,CUST-4615,PRD-3006,21,3508.74,73683.54,2025-01-22,Cancelled,Net Banking
ORD-5943,STR-2017,CUST-4679,PRD-3354,8,492.04,3936.32,2025-02-28,Delivered,Escrow
ORD-5944,STR-2063,CUST-4069,PRD-3094,18,1737.79,31280.22,2026-01-14,Delivered,Net Banking
ORD-5945,STR-2037,CUST-4550,PRD-3147,10,4299.21,42992.1,2025-05-14,Delivered,UPI
ORD-5946,STR-2051,CUST-4843,PRD-3454,7,4758.51,33309.57,2025-10-12,Returned,Net Banking
ORD-5947,STR-2026,CUST-4131,PRD-3266,2,2424.44,4848.88,2025-02-25,Delivered,Escrow
ORD-5948,STR-2005,CUST-4854,PRD-3199,6,555.5,3333.0,2025-12-22,Returned,UPI
ORD-5949,STR-2031,CUST-4447,PRD-3316,12,2274.83,27297.96,2025-03-15,Shipped,COD
ORD-5950,STR-2099,CUST-4043,PRD-3340,17,3868.93,65771.81,2025-04-07,Returned,Escrow
ORD-5951,STR-2093,CUST-4326,PRD-3023,19,218.92,4159.48,2025-03-20,Delivered,Credit Card
ORD-5952,STR-2023,CUST-4359,PRD-3237,7,4522.58,31658.06,2025-01-29,Shipped,Net Banking
ORD-5953,STR-2020,CUST-4970,PRD-3150,17,458.7,7797.9,2025-04-05,Cancelled,Escrow
ORD-5954,STR-2043,CUST-4674,PRD-3370,15,272.75,4091.25,2025-08-14,Delivered,Escrow
ORD-5955,STR-2078,CUST-4542,PRD-3148,18,931.33,16763.94,2025-10-08,Delivered,UPI
ORD-5956,STR-2015,CUST-4702,PRD-3034,14,2662.53,37275.42,2025-01-09,Processing,Escrow
ORD-5957,STR-2093,CUST-4956,PRD-3165,12,336.39,4036.68,2025-02-23,Cancelled,Escrow
ORD-5958,STR-2001,CUST-4391,PRD-3002,19,433.33,8233.27,2025-07-18,Returned,COD
ORD-5959,STR-2016,CUST-4878,PRD-3115,25,3197.19,79929.75,2025-10-16,Processing,UPI
ORD-5960,STR-2003,CUST-4665,PRD-3422,16,4695.47,75127.52,2025-11-27,Shipped,Credit Card
ORD-5961,STR-2088,CUST-4631,PRD-3199,15,4564.67,68470.05,2025-05-02,Cancelled,Net Banking
ORD-5962,STR-2079,CUST-4257,PRD-3177,21,2356.67,49490.07,2025-03-20,Shipped,COD
ORD-5963,STR-2047,CUST-4230,PRD-3074,10,3239.9,32399.0,2025-03-31,Shipped,Credit Card
ORD-5964,STR-2021,CUST-4377,PRD-3379,1,2243.92,2243.92,2025-06-03,Delivered,UPI
ORD-5965,STR-2059,CUST-4421,PRD-3364,18,4280.67,77052.06,2025-07-25,Delivered,Credit Card
ORD-5966,STR-2027,CUST-4965,PRD-3208,14,4435.57,62097.98,2025-08-24,Cancelled,Net Banking
ORD-5967,STR-2057,CUST-4976,PRD-3199,15,1913.27,28699.05,2025-06-16,Cancelled,Net Banking
ORD-5968,STR-2018,CUST-4741,PRD-3272,7,1343.13,9401.91,2025-12-31,Delivered,COD
ORD-5969,STR-2025,CUST-4971,PRD-3448,24,3347.73,80345.52,2025-11-13,Delivered,Net Banking
ORD-5970,STR-2071,CUST-4884,PRD-3392,14,1967.86,27550.04,2025-06-07,Delivered,Net Banking
ORD-5971,STR-2019,CUST-4482,PRD-3056,18,3313.35,59640.3,2025-06-03,Returned,COD
ORD-5972,STR-2053,CUST-4053,PRD-3103,7,1787.76,12514.32,2025-03-22,Cancelled,Net Banking
ORD-5973,STR-2067,CUST-4443,PRD-3093,15,265.6,3984.0,2025-04-16,Shipped,COD
ORD-5974,STR-2086,CUST-4177,PRD-3140,24,3451.06,82825.44,2026-01-29,Delivered,Net Banking
ORD-5975,STR-2074,CUST-4801,PRD-3411,7,880.81,6165.67,2025-06-12,Shipped,Escrow
ORD-5976,STR-2095,CUST-4134,PRD-3391,16,1683.64,26938.24,2026-01-26,Processing,COD
ORD-5977,STR-2095,CUST-4644,PRD-3449,2,3429.52,6859.04,2026-02-07,Delivered,UPI
ORD-5978,STR-2003,CUST-4009,PRD-3472,2,1757.82,3515.64,2025-02-16,Delivered,Credit Card
ORD-5979,STR-2026,CUST-4762,PRD-3078,7,1641.67,11491.69,2025-02-03,Delivered,COD
ORD-5980,STR-2041,CUST-4598,PRD-3464,15,2454.17,36812.55,2025-12-27,Delivered,Credit Card
ORD-5981,STR-2039,CUST-4104,PRD-3411,18,925.09,16651.62,2026-03-27,Delivered,Escrow
ORD-5982,STR-2054,CUST-4122,PRD-3273,20,2136.95,42739.0,2025-10-15,Processing,Net Banking
ORD-5983,STR-2090,CUST-4288,PRD-3354,8,4884.2,39073.6,2025-12-06,Delivered,Net Banking
ORD-5984,STR-2013,CUST-4774,PRD-3021,5,4419.12,22095.6,2025-08-31,Shipped,Net Banking
ORD-5985,STR-2022,CUST-4786,PRD-3011,19,3487.39,66260.41,2026-02-23,Delivered,Net Banking
ORD-5986,STR-2075,CUST-4586,PRD-3094,15,4485.84,67287.6,2025-09-09,Cancelled,COD
ORD-5987,STR-2045,CUST-4907,PRD-3174,3,4449.48,13348.44,2025-02-05,Delivered,Escrow
ORD-5988,STR-2080,CUST-4308,PRD-3347,13,4596.31,59752.03,2025-02-26,Returned,Escrow
ORD-5989,STR-2082,CUST-4329,PRD-3150,23,3994.99,91884.77,2026-02-07,Delivered,Credit Card
ORD-5990,STR-2078,CUST-4819,PRD-3254,1,3166.03,3166.03,2025-10-30,Shipped,Escrow
ORD-5991,STR-2047,CUST-4872,PRD-3130,7,2640.1,18480.7,2025-09-24,Delivered,Net Banking
ORD-5992,STR-2041,CUST-4928,PRD-3086,2,3299.61,6599.22,2025-12-25,Delivered,Credit Card
ORD-5993,STR-2058,CUST-4444,PRD-3173,2,1473.26,2946.52,2026-01-24,Cancelled,Net Banking
ORD-5994,STR-2085,CUST-4083,PRD-3171,18,302.16,5438.88,2026-03-23,Processing,UPI
ORD-5995,STR-2095,CUST-4588,PRD-3010,10,1996.25,19962.5,2025-08-29,Shipped,Net Banking
ORD-5996,STR-2005,CUST-4712,PRD-3345,9,3529.75,31767.75,2025-06-21,Delivered,COD
ORD-5997,STR-2055,CUST-4417,PRD-3363,11,791.85,8710.35,2025-06-27,Cancelled,Credit Card
ORD-5998,STR-2071,CUST-4198,PRD-3251,10,1443.36,14433.6,2025-08-19,Cancelled,UPI
ORD-5999,STR-2086,CUST-4936,PRD-3164,17,4494.72,76410.24,2025-01-12,Returned,Escrow
ORD-6000,STR-2098,CUST-4110,PRD-3125,3,1008.97,3026.91,2025-02-03,Delivered,COD
ORD-6001,STR-2031,CUST-4798,PRD-3045,3,196.78,590.34,2025-01-07,Cancelled,Credit Card
ORD-6002,STR-2080,CUST-4073,PRD-3080,19,3186.71,60547.49,2026-03-23,Shipped,Credit Card
ORD-6003,STR-2086,CUST-4109,PRD-3314,4,422.41,1689.64,2025-03-13,Delivered,UPI
ORD-6004,STR-2024,CUST-4094,PRD-3368,3,168.63,505.89,2026-02-10,Cancelled,Escrow
ORD-6005,STR-2027,CUST-4052,PRD-3368,3,2026.47,6079.41,2025-11-17,Processing,Escrow
ORD-6006,STR-2061,CUST-4838,PRD-3102,23,4941.46,113653.58,2025-11-06,Cancelled,Escrow
ORD-6007,STR-2061,CUST-4295,PRD-3375,22,3020.29,66446.38,2026-03-17,Delivered,Net Banking
ORD-6008,STR-2024,CUST-4520,PRD-3004,3,1002.88,3008.64,2025-04-12,Delivered,Escrow
ORD-6009,STR-2070,CUST-4590,PRD-3499,7,3544.84,24813.88,2025-12-26,Returned,UPI
ORD-6010,STR-2025,CUST-4192,PRD-3435,11,3817.99,41997.89,2025-04-27,Delivered,Net Banking
ORD-6011,STR-2082,CUST-4857,PRD-3304,10,3067.54,30675.4,2025-09-17,Cancelled,Credit Card
ORD-6012,STR-2028,CUST-4437,PRD-3129,12,3716.9,44602.8,2025-09-29,Delivered,Credit Card
ORD-6013,STR-2037,CUST-4773,PRD-3083,3,448.85,1346.55,2025-09-10,Delivered,UPI
ORD-6014,STR-2080,CUST-4774,PRD-3419,14,537.77,7528.78,2026-01-27,Cancelled,Net Banking
ORD-6015,STR-2002,CUST-4763,PRD-3346,3,1694.23,5082.69,2026-01-30,Delivered,COD
ORD-6016,STR-2087,CUST-4983,PRD-3034,19,1422.82,27033.58,2026-03-06,Delivered,Net Banking
ORD-6017,STR-2046,CUST-4761,PRD-3416,16,1946.65,31146.4,2025-06-03,Returned,Net Banking
ORD-6018,STR-2041,CUST-4560,PRD-3382,7,1256.34,8794.38,2025-03-29,Delivered,Credit Card
ORD-6019,STR-2053,CUST-4477,PRD-3451,15,1723.18,25847.7,2026-02-12,Returned,Net Banking
ORD-6020,STR-2060,CUST-4890,PRD-3461,15,2343.06,35145.9,2025-03-14,Cancelled,Net Banking
ORD-6021,STR-2054,CUST-4973,PRD-3013,5,3973.09,19865.45,2025-07-15,Returned,Escrow
ORD-6022,STR-2052,CUST-4375,PRD-3008,14,3988.17,55834.38,2025-12-05,Delivered,Escrow
ORD-6023,STR-2076,CUST-4969,PRD-3095,7,610.0,4270.0,2025-07-20,Shipped,Escrow
ORD-6024,STR-2035,CUST-4346,PRD-3102,1,2562.01,2562.01,2025-03-23,Delivered,COD
ORD-6025,STR-2036,CUST-4234,PRD-3098,16,3093.1,49489.6,2025-09-13,Shipped,Net Banking
ORD-6026,STR-2021,CUST-4500,PRD-3497,22,439.84,9676.48,2025-02-24,Delivered,Credit Card
ORD-6027,STR-2091,CUST-4489,PRD-3312,10,836.17,8361.7,2025-09-23,Shipped,Escrow
ORD-6028,STR-2054,CUST-4503,PRD-3007,10,3212.82,32128.2,2025-06-23,Cancelled,Credit Card
ORD-6029,STR-2088,CUST-4634,PRD-3220,20,740.96,14819.2,2025-03-08,Processing,Credit Card
ORD-6030,STR-2044,CUST-4743,PRD-3192,23,4340.87,99840.01,2025-07-09,Processing,Net Banking
ORD-6031,STR-2009,CUST-4019,PRD-3229,12,2172.45,26069.4,2025-04-18,Delivered,Escrow
ORD-6032,STR-2041,CUST-4650,PRD-3469,16,3966.01,63456.16,2025-10-12,Delivered,COD
ORD-6033,STR-2043,CUST-4716,PRD-3100,5,4832.55,24162.75,2026-02-05,Cancelled,COD
ORD-6034,STR-2030,CUST-4726,PRD-3304,20,1299.54,25990.8,2026-02-24,Delivered,Net Banking
ORD-6035,STR-2073,CUST-4482,PRD-3456,1,1670.28,1670.28,2026-03-27,Delivered,Net Banking
ORD-6036,STR-2097,CUST-4152,PRD-3320,11,544.34,5987.74,2025-09-09,Shipped,COD
ORD-6037,STR-2094,CUST-4273,PRD-3035,15,2039.45,30591.75,2025-04-09,Returned,Credit Card
ORD-6038,STR-2092,CUST-4147,PRD-3187,25,436.25,10906.25,2025-05-07,Delivered,UPI
ORD-6039,STR-2042,CUST-4365,PRD-3423,20,2490.38,49807.6,2025-03-16,Returned,Credit Card
ORD-6040,STR-2041,CUST-4497,PRD-3161,20,4433.59,88671.8,2025-04-13,Returned,Escrow
ORD-6041,STR-2077,CUST-4620,PRD-3062,10,3707.09,37070.9,2026-01-12,Delivered,COD
ORD-6042,STR-2065,CUST-4290,PRD-3128,13,2201.51,28619.63,2026-02-24,Returned,UPI
ORD-6043,STR-2039,CUST-4268,PRD-3105,5,1586.1,7930.5,2025-01-15,Cancelled,Net Banking
ORD-6044,STR-2011,CUST-4378,PRD-3239,25,4562.56,114064.0,2025-03-17,Shipped,Net Banking
ORD-6045,STR-2072,CUST-4161,PRD-3305,15,3828.54,57428.1,2025-02-25,Delivered,Net Banking
ORD-6046,STR-2036,CUST-4203,PRD-3362,20,2348.67,46973.4,2025-03-25,Processing,Escrow
ORD-6047,STR-2042,CUST-4980,PRD-3009,4,404.25,1617.0,2025-06-17,Processing,Net Banking
ORD-6048,STR-2048,CUST-4146,PRD-3162,24,1968.89,47253.36,2025-01-14,Cancelled,Net Banking
ORD-6049,STR-2083,CUST-4332,PRD-3203,6,1734.06,10404.36,2026-03-05,Returned,UPI
ORD-6050,STR-2083,CUST-4290,PRD-3166,19,3818.98,72560.62,2025-01-21,Processing,UPI
ORD-6051,STR-2093,CUST-4735,PRD-3366,5,2558.88,12794.4,2025-02-04,Delivered,Escrow
ORD-6052,STR-2014,CUST-4536,PRD-3084,23,1289.82,29665.86,2026-01-22,Delivered,Credit Card
ORD-6053,STR-2044,CUST-4084,PRD-3212,11,3791.63,41707.93,2025-09-10,Shipped,COD
ORD-6054,STR-2008,CUST-4538,PRD-3214,21,3980.18,83583.78,2025-12-22,Delivered,COD
ORD-6055,STR-2012,CUST-4834,PRD-3107,15,921.44,13821.6,2026-01-26,Returned,Credit Card
ORD-6056,STR-2030,CUST-4246,PRD-3029,21,3465.08,72766.68,2025-01-13,Delivered,Escrow
ORD-6057,STR-2062,CUST-4044,PRD-3022,8,3828.86,30630.88,2025-03-20,Returned,Escrow
ORD-6058,STR-2065,CUST-4328,PRD-3166,13,3816.42,49613.46,2025-12-10,Shipped,UPI
ORD-6059,STR-2066,CUST-4784,PRD-3149,16,264.04,4224.64,2026-01-01,Cancelled,Net Banking
ORD-6060,STR-2071,CUST-4070,PRD-3021,7,3009.89,21069.23,2025-04-17,Delivered,COD
ORD-6061,STR-2063,CUST-4008,PRD-3179,23,541.04,12443.92,2025-07-08,Processing,Escrow
ORD-6062,STR-2051,CUST-4218,PRD-3078,18,185.65,3341.7,2025-11-18,Cancelled,COD
ORD-6063,STR-2037,CUST-4273,PRD-3285,12,2627.77,31533.24,2025-03-23,Returned,Escrow
ORD-6064,STR-2097,CUST-4623,PRD-3132,11,1099.5,12094.5,2025-05-14,Shipped,UPI
ORD-6065,STR-2084,CUST-4293,PRD-3232,1,2310.89,2310.89,2025-11-30,Cancelled,COD
ORD-6066,STR-2099,CUST-4416,PRD-3105,6,696.56,4179.36,2025-07-18,Returned,UPI
ORD-6067,STR-2096,CUST-4956,PRD-3448,7,1120.69,7844.83,2025-10-19,Cancelled,Credit Card
ORD-6068,STR-2089,CUST-4691,PRD-3110,19,4116.62,78215.78,2025-07-04,Shipped,UPI
ORD-6069,STR-2083,CUST-4642,PRD-3118,19,4467.5,84882.5,2026-03-08,Delivered,Escrow
ORD-6070,STR-2066,CUST-4025,PRD-3159,1,1199.65,1199.65,2025-04-03,Returned,Credit Card
ORD-6071,STR-2027,CUST-4512,PRD-3485,24,2034.57,48829.68,2025-06-17,Shipped,Net Banking
ORD-6072,STR-2078,CUST-4772,PRD-3085,16,2478.85,39661.6,2025-11-02,Delivered,Escrow
ORD-6073,STR-2010,CUST-4632,PRD-3055,1,4285.5,4285.5,2025-11-14,Delivered,UPI
ORD-6074,STR-2036,CUST-4953,PRD-3001,10,2308.54,23085.4,2026-01-09,Processing,Escrow
ORD-6075,STR-2013,CUST-4055,PRD-3189,7,3281.99,22973.93,2025-08-05,Cancelled,Credit Card
ORD-6076,STR-2010,CUST-4287,PRD-3214,21,258.61,5430.81,2026-01-30,Delivered,UPI
ORD-6077,STR-2039,CUST-4146,PRD-3135,15,4661.11,69916.65,2026-02-14,Delivered,UPI
ORD-6078,STR-2082,CUST-4763,PRD-3488,22,3994.9,87887.8,2026-03-27,Shipped,Escrow
ORD-6079,STR-2002,CUST-4116,PRD-3045,24,1288.79,30930.96,2026-03-22,Processing,COD
ORD-6080,STR-2035,CUST-4277,PRD-3012,23,2881.67,66278.41,2025-02-02,Cancelled,Escrow
ORD-6081,STR-2028,CUST-4067,PRD-3204,22,1980.51,43571.22,2025-01-20,Shipped,Net Banking
ORD-6082,STR-2060,CUST-4423,PRD-3090,1,2947.29,2947.29,2025-01-23,Cancelled,UPI
ORD-6083,STR-2099,CUST-4898,PRD-3144,23,1515.61,34859.03,2025-09-03,Delivered,Credit Card
ORD-6084,STR-2004,CUST-4688,PRD-3140,7,1288.87,9022.09,2025-08-18,Returned,UPI
ORD-6085,STR-2084,CUST-4046,PRD-3448,19,4201.65,79831.35,2025-08-11,Processing,Net Banking
ORD-6086,STR-2030,CUST-4733,PRD-3435,24,379.38,9105.12,2025-07-06,Delivered,COD
ORD-6087,STR-2048,CUST-4468,PRD-3421,16,2791.27,44660.32,2025-07-11,Cancelled,Credit Card
ORD-6088,STR-2093,CUST-4565,PRD-3277,5,1705.45,8527.25,2025-11-24,Delivered,Net Banking
ORD-6089,STR-2023,CUST-4595,PRD-3206,12,2417.3,29007.6,2025-06-27,Returned,Credit Card
ORD-6090,STR-2019,CUST-4834,PRD-3345,25,4463.73,111593.25,2025-12-12,Processing,Net Banking
ORD-6091,STR-2047,CUST-4985,PRD-3222,3,3070.44,9211.32,2025-03-12,Delivered,Credit Card
ORD-6092,STR-2083,CUST-4478,PRD-3231,25,2765.18,69129.5,2025-12-15,Delivered,UPI
ORD-6093,STR-2044,CUST-4519,PRD-3471,21,853.49,17923.29,2025-06-24,Processing,Escrow
ORD-6094,STR-2074,CUST-4143,PRD-3418,7,4149.72,29048.04,2025-07-22,Delivered,Net Banking
ORD-6095,STR-2015,CUST-4514,PRD-3279,2,2669.91,5339.82,2025-10-22,Delivered,Credit Card
ORD-6096,STR-2071,CUST-4681,PRD-3483,6,3737.6,22425.6,2025-12-17,Cancelled,Credit Card
ORD-6097,STR-2063,CUST-4120,PRD-3167,24,4206.87,100964.88,2025-07-11,Processing,Net Banking
ORD-6098,STR-2067,CUST-4673,PRD-3420,13,1212.5,15762.5,2025-06-29,Cancelled,Net Banking
ORD-6099,STR-2089,CUST-4770,PRD-3055,8,3256.28,26050.24,2025-08-21,Delivered,Escrow
ORD-6100,STR-2092,CUST-4001,PRD-3458,17,4029.69,68504.73,2025-09-11,Delivered,UPI
ORD-6101,STR-2089,CUST-4973,PRD-3157,8,3815.63,30525.04,2025-06-05,Returned,Escrow
ORD-6102,STR-2070,CUST-4654,PRD-3050,7,264.0,1848.0,2025-01-16,Delivered,UPI
ORD-6103,STR-2027,CUST-4191,PRD-3424,25,3450.34,86258.5,2025-02-04,Delivered,Net Banking
ORD-6104,STR-2016,CUST-4433,PRD-3484,12,3358.69,40304.28,2025-01-06,Cancelled,COD
ORD-6105,STR-2039,CUST-4352,PRD-3199,12,1160.97,13931.64,2025-08-08,Processing,COD
ORD-6106,STR-2062,CUST-4651,PRD-3315,19,353.09,6708.71,2025-09-09,Delivered,Net Banking
ORD-6107,STR-2041,CUST-4360,PRD-3016,9,3548.06,31932.54,2026-03-17,Returned,Net Banking
ORD-6108,STR-2097,CUST-4552,PRD-3395,4,2200.1,8800.4,2025-10-28,Processing,Credit Card
ORD-6109,STR-2088,CUST-4503,PRD-3014,13,337.56,4388.28,2025-09-07,Returned,UPI
ORD-6110,STR-2061,CUST-4259,PRD-3279,3,552.38,1657.14,2026-01-06,Returned,UPI
ORD-6111,STR-2059,CUST-4389,PRD-3384,11,1320.69,14527.59,2025-08-29,Delivered,Credit Card
ORD-6112,STR-2040,CUST-4566,PRD-3398,23,4295.01,98785.23,2025-04-21,Processing,Net Banking
ORD-6113,STR-2013,CUST-4011,PRD-3351,5,3028.13,15140.65,2025-12-12,Returned,UPI
ORD-6114,STR-2065,CUST-4456,PRD-3036,17,1028.98,17492.66,2025-05-21,Cancelled,COD
ORD-6115,STR-2050,CUST-4821,PRD-3474,18,3320.46,59768.28,2025-01-25,Delivered,COD
ORD-6116,STR-2016,CUST-4715,PRD-3265,16,993.51,15896.16,2025-08-20,Delivered,Escrow
ORD-6117,STR-2006,CUST-4298,PRD-3308,11,2219.65,24416.15,2025-12-18,Delivered,UPI
ORD-6118,STR-2026,CUST-4494,PRD-3249,8,177.61,1420.88,2026-02-02,Cancelled,Escrow
ORD-6119,STR-2099,CUST-4386,PRD-3023,10,1035.99,10359.9,2025-06-24,Returned,COD
ORD-6120,STR-2064,CUST-4235,PRD-3366,15,4070.83,61062.45,2025-03-01,Delivered,Escrow
ORD-6121,STR-2018,CUST-4136,PRD-3380,20,2879.44,57588.8,2025-08-13,Shipped,Credit Card
ORD-6122,STR-2090,CUST-4441,PRD-3011,23,2697.1,62033.3,2025-12-22,Delivered,COD
ORD-6123,STR-2014,CUST-4429,PRD-3243,2,1502.68,3005.36,2025-10-13,Cancelled,Net Banking
ORD-6124,STR-2009,CUST-4067,PRD-3045,9,4407.24,39665.16,2025-12-07,Delivered,Net Banking
ORD-6125,STR-2052,CUST-4520,PRD-3471,8,4547.09,36376.72,2026-03-25,Delivered,UPI
ORD-6126,STR-2004,CUST-4166,PRD-3045,19,1055.93,20062.67,2025-04-11,Shipped,COD
ORD-6127,STR-2048,CUST-4571,PRD-3135,16,474.07,7585.12,2026-02-09,Cancelled,Escrow
ORD-6128,STR-2075,CUST-4424,PRD-3060,18,342.82,6170.76,2025-04-14,Delivered,Credit Card
ORD-6129,STR-2018,CUST-4765,PRD-3360,13,204.29,2655.77,2025-01-31,Processing,UPI
ORD-6130,STR-2015,CUST-4538,PRD-3341,9,2990.03,26910.27,2025-01-05,Delivered,Escrow
ORD-6131,STR-2041,CUST-4943,PRD-3125,16,4035.94,64575.04,2025-04-07,Cancelled,Net Banking
ORD-6132,STR-2062,CUST-4491,PRD-3110,4,986.23,3944.92,2025-10-11,Cancelled,COD
ORD-6133,STR-2010,CUST-4150,PRD-3342,5,4310.55,21552.75,2025-03-16,Returned,UPI
ORD-6134,STR-2062,CUST-4526,PRD-3038,19,948.95,18030.05,2025-11-17,Returned,Net Banking
ORD-6135,STR-2081,CUST-4371,PRD-3481,8,4165.68,33325.44,2025-07-28,Delivered,Net Banking
ORD-6136,STR-2006,CUST-4892,PRD-3165,25,2063.95,51598.75,2025-04-09,Cancelled,Credit Card
ORD-6137,STR-2051,CUST-4461,PRD-3311,8,3780.75,30246.0,2025-03-07,Shipped,COD
ORD-6138,STR-2066,CUST-4911,PRD-3209,21,4378.58,91950.18,2025-11-22,Delivered,Escrow
ORD-6139,STR-2077,CUST-4534,PRD-3148,16,3899.53,62392.48,2025-08-10,Processing,UPI
ORD-6140,STR-2054,CUST-4068,PRD-3288,3,3566.7,10700.1,2026-02-02,Delivered,UPI
ORD-6141,STR-2048,CUST-4285,PRD-3202,9,2402.86,21625.74,2026-02-18,Delivered,Credit Card
ORD-6142,STR-2069,CUST-4620,PRD-3168,10,4298.59,42985.9,2025-08-29,Processing,Net Banking
ORD-6143,STR-2050,CUST-4776,PRD-3447,23,3009.37,69215.51,2025-10-14,Cancelled,COD
ORD-6144,STR-2077,CUST-4677,PRD-3403,19,815.75,15499.25,2025-06-22,Delivered,Net Banking
ORD-6145,STR-2044,CUST-4546,PRD-3265,20,3212.12,64242.4,2025-05-09,Cancelled,Credit Card
ORD-6146,STR-2035,CUST-4896,PRD-3148,20,2640.56,52811.2,2025-06-10,Delivered,Escrow
ORD-6147,STR-2073,CUST-4196,PRD-3179,10,1080.46,10804.6,2025-06-21,Processing,Net Banking
ORD-6148,STR-2036,CUST-4271,PRD-3307,14,3397.97,47571.58,2025-04-07,Returned,COD
ORD-6149,STR-2018,CUST-4822,PRD-3395,23,1580.82,36358.86,2025-12-18,Cancelled,Credit Card
ORD-6150,STR-2092,CUST-4556,PRD-3284,11,1141.65,12558.15,2025-08-25,Processing,COD
ORD-6151,STR-2023,CUST-4121,PRD-3371,24,4399.31,105583.44,2025-11-23,Delivered,Escrow
ORD-6152,STR-2077,CUST-4809,PRD-3325,11,1037.93,11417.23,2025-11-28,Returned,Net Banking
ORD-6153,STR-2048,CUST-4252,PRD-3201,16,3627.65,58042.4,2025-10-18,Shipped,COD
ORD-6154,STR-2044,CUST-4150,PRD-3131,20,499.44,9988.8,2025-03-05,Shipped,COD
ORD-6155,STR-2051,CUST-4004,PRD-3035,7,4088.16,28617.12,2025-05-11,Shipped,Net Banking
ORD-6156,STR-2071,CUST-4598,PRD-3421,9,2628.92,23660.28,2025-08-04,Delivered,Credit Card
ORD-6157,STR-2007,CUST-4438,PRD-3322,16,3037.07,48593.12,2025-09-01,Shipped,Net Banking
ORD-6158,STR-2041,CUST-4123,PRD-3072,6,746.15,4476.9,2026-01-25,Returned,UPI
ORD-6159,STR-2006,CUST-4868,PRD-3036,9,671.19,6040.71,2025-10-02,Delivered,Escrow
ORD-6160,STR-2013,CUST-4948,PRD-3381,22,2202.83,48462.26,2025-01-21,Cancelled,COD
ORD-6161,STR-2008,CUST-4011,PRD-3058,11,4887.66,53764.26,2026-01-04,Delivered,Credit Card
ORD-6162,STR-2056,CUST-4247,PRD-3119,8,3148.81,25190.48,2025-10-20,Returned,Credit Card
ORD-6163,STR-2071,CUST-4363,PRD-3431,8,885.76,7086.08,2025-10-11,Processing,Credit Card
ORD-6164,STR-2098,CUST-4226,PRD-3088,13,1135.23,14757.99,2025-11-12,Delivered,Escrow
ORD-6165,STR-2012,CUST-4585,PRD-3380,20,4896.56,97931.2,2025-05-19,Returned,Net Banking
ORD-6166,STR-2016,CUST-4098,PRD-3127,14,1221.72,17104.08,2025-08-24,Processing,Escrow
ORD-6167,STR-2023,CUST-4940,PRD-3113,9,670.83,6037.47,2025-05-03,Cancelled,Credit Card
ORD-6168,STR-2056,CUST-4594,PRD-3441,20,4270.51,85410.2,2025-08-17,Delivered,Escrow
ORD-6169,STR-2013,CUST-4868,PRD-3042,14,3605.26,50473.64,2025-08-15,Delivered,Net Banking
ORD-6170,STR-2079,CUST-4769,PRD-3195,1,2775.13,2775.13,2025-05-20,Delivered,Net Banking
ORD-6171,STR-2056,CUST-4809,PRD-3449,17,1810.1,30771.7,2025-01-11,Shipped,COD
ORD-6172,STR-2079,CUST-4398,PRD-3430,15,3091.79,46376.85,2025-07-10,Delivered,UPI
ORD-6173,STR-2077,CUST-4858,PRD-3358,22,1981.67,43596.74,2026-02-08,Shipped,Escrow
ORD-6174,STR-2028,CUST-4322,PRD-3181,13,1479.59,19234.67,2026-01-02,Delivered,Escrow
ORD-6175,STR-2049,CUST-4615,PRD-3450,16,4809.18,76946.88,2025-12-18,Processing,Escrow
ORD-6176,STR-2083,CUST-4715,PRD-3034,15,3608.39,54125.85,2025-01-12,Shipped,COD
ORD-6177,STR-2045,CUST-4369,PRD-3196,1,2531.14,2531.14,2026-01-06,Shipped,Net Banking
ORD-6178,STR-2012,CUST-4448,PRD-3131,12,1258.5,15102.0,2025-07-07,Delivered,Net Banking
ORD-6179,STR-2021,CUST-4173,PRD-3113,19,3278.29,62287.51,2025-11-03,Processing,Escrow
ORD-6180,STR-2005,CUST-4391,PRD-3187,2,3839.44,7678.88,2025-02-16,Cancelled,Escrow
ORD-6181,STR-2012,CUST-4631,PRD-3357,18,392.82,7070.76,2025-02-10,Processing,Credit Card
ORD-6182,STR-2058,CUST-4153,PRD-3151,5,4313.73,21568.65,2025-05-23,Returned,Escrow
ORD-6183,STR-2030,CUST-4420,PRD-3160,6,2674.46,16046.76,2025-04-29,Returned,UPI
ORD-6184,STR-2080,CUST-4054,PRD-3294,21,3948.04,82908.84,2026-03-23,Returned,Escrow
ORD-6185,STR-2037,CUST-4562,PRD-3241,14,4490.37,62865.18,2025-05-01,Delivered,Escrow
ORD-6186,STR-2078,CUST-4730,PRD-3040,3,3898.26,11694.78,2025-05-18,Returned,Escrow
ORD-6187,STR-2069,CUST-4128,PRD-3399,15,2834.18,42512.7,2025-07-08,Cancelled,Escrow
ORD-6188,STR-2020,CUST-4547,PRD-3478,6,1341.39,8048.34,2025-01-05,Delivered,Escrow
ORD-6189,STR-2099,CUST-4279,PRD-3263,1,2579.43,2579.43,2025-01-30,Shipped,Escrow
ORD-6190,STR-2022,CUST-4050,PRD-3241,5,4255.71,21278.55,2025-05-04,Returned,COD
ORD-6191,STR-2048,CUST-4588,PRD-3401,9,2392.67,21534.03,2025-08-21,Delivered,UPI
ORD-6192,STR-2092,CUST-4255,PRD-3083,21,3089.15,64872.15,2025-01-22,Delivered,Net Banking
ORD-6193,STR-2018,CUST-4001,PRD-3148,15,2715.13,40726.95,2025-09-08,Cancelled,Net Banking
ORD-6194,STR-2071,CUST-4555,PRD-3372,13,4460.64,57988.32,2025-08-27,Cancelled,COD
ORD-6195,STR-2046,CUST-4806,PRD-3311,19,3634.03,69046.57,2026-01-19,Shipped,Credit Card
ORD-6196,STR-2068,CUST-4960,PRD-3209,6,2590.29,15541.74,2025-09-13,Delivered,UPI
ORD-6197,STR-2027,CUST-4076,PRD-3308,12,4233.44,50801.28,2025-03-01,Processing,Net Banking
ORD-6198,STR-2049,CUST-4385,PRD-3154,12,265.8,3189.6,2025-09-07,Delivered,UPI
ORD-6199,STR-2028,CUST-4446,PRD-3397,21,3789.19,79572.99,2025-08-19,Returned,COD
ORD-6200,STR-2098,CUST-4768,PRD-3072,21,3999.74,83994.54,2025-07-22,Delivered,Escrow
ORD-6201,STR-2003,CUST-4923,PRD-3117,15,1376.66,20649.9,2025-07-24,Shipped,Net Banking
ORD-6202,STR-2048,CUST-4904,PRD-3105,15,782.51,11737.65,2025-01-27,Delivered,Escrow
ORD-6203,STR-2082,CUST-4945,PRD-3052,10,1964.07,19640.7,2025-06-29,Shipped,Net Banking
ORD-6204,STR-2084,CUST-4894,PRD-3222,3,3051.45,9154.35,2025-07-01,Returned,COD
ORD-6205,STR-2071,CUST-4489,PRD-3021,16,478.61,7657.76,2025-06-19,Delivered,Credit Card
ORD-6206,STR-2065,CUST-4170,PRD-3006,4,857.8,3431.2,2025-12-31,Processing,Credit Card
ORD-6207,STR-2008,CUST-4026,PRD-3261,7,3208.77,22461.39,2025-07-10,Delivered,Net Banking
ORD-6208,STR-2052,CUST-4343,PRD-3409,20,2382.41,47648.2,2025-11-15,Delivered,Credit Card
ORD-6209,STR-2048,CUST-4053,PRD-3411,17,2990.26,50834.42,2025-08-13,Returned,Net Banking
ORD-6210,STR-2056,CUST-4782,PRD-3264,2,3381.65,6763.3,2025-10-08,Cancelled,COD
ORD-6211,STR-2065,CUST-4069,PRD-3496,5,4674.8,23374.0,2025-07-13,Delivered,Net Banking
ORD-6212,STR-2094,CUST-4740,PRD-3326,9,848.16,7633.44,2026-01-26,Delivered,UPI
ORD-6213,STR-2079,CUST-4394,PRD-3142,13,1218.15,15835.95,2025-01-23,Delivered,UPI
ORD-6214,STR-2018,CUST-4200,PRD-3215,19,1089.27,20696.13,2026-02-14,Returned,Escrow
ORD-6215,STR-2055,CUST-4561,PRD-3291,9,4953.57,44582.13,2025-04-18,Delivered,UPI
ORD-6216,STR-2021,CUST-4880,PRD-3020,9,3677.1,33093.9,2026-02-07,Delivered,Escrow
ORD-6217,STR-2060,CUST-4938,PRD-3085,22,2543.39,55954.58,2025-02-10,Cancelled,Net Banking
ORD-6218,STR-2044,CUST-4632,PRD-3373,12,4275.38,51304.56,2025-05-13,Processing,COD
ORD-6219,STR-2071,CUST-4911,PRD-3462,24,1753.41,42081.84,2025-12-07,Delivered,COD
ORD-6220,STR-2020,CUST-4684,PRD-3350,23,3010.43,69239.89,2025-12-16,Delivered,COD
ORD-6221,STR-2100,CUST-4919,PRD-3126,8,4102.42,32819.36,2025-08-11,Shipped,Credit Card
ORD-6222,STR-2043,CUST-4963,PRD-3261,10,2569.54,25695.4,2026-01-06,Shipped,UPI
ORD-6223,STR-2076,CUST-4308,PRD-3411,9,666.51,5998.59,2025-03-17,Processing,Escrow
ORD-6224,STR-2029,CUST-4902,PRD-3490,8,2402.09,19216.72,2025-03-20,Delivered,COD
ORD-6225,STR-2065,CUST-4372,PRD-3212,24,2089.28,50142.72,2025-10-18,Delivered,Credit Card
ORD-6226,STR-2011,CUST-4249,PRD-3084,20,2483.69,49673.8,2025-12-06,Delivered,Credit Card
ORD-6227,STR-2008,CUST-4447,PRD-3208,14,897.12,12559.68,2025-08-31,Delivered,Credit Card
ORD-6228,STR-2048,CUST-4122,PRD-3158,8,2509.62,20076.96,2025-09-09,Shipped,COD
ORD-6229,STR-2028,CUST-4416,PRD-3221,8,1539.37,12314.96,2025-11-09,Returned,Escrow
ORD-6230,STR-2044,CUST-4164,PRD-3307,11,3028.21,33310.31,2026-03-13,Delivered,UPI
ORD-6231,STR-2011,CUST-4085,PRD-3408,24,191.18,4588.32,2025-10-04,Shipped,Net Banking
ORD-6232,STR-2012,CUST-4957,PRD-3497,23,3292.65,75730.95,2025-01-27,Delivered,Net Banking
ORD-6233,STR-2023,CUST-4034,PRD-3069,10,4920.95,49209.5,2025-07-07,Cancelled,Credit Card
ORD-6234,STR-2086,CUST-4586,PRD-3045,2,951.32,1902.64,2025-06-08,Delivered,UPI
ORD-6235,STR-2005,CUST-4597,PRD-3043,2,3129.66,6259.32,2026-02-25,Delivered,Escrow
ORD-6236,STR-2051,CUST-4844,PRD-3252,4,1446.55,5786.2,2025-05-30,Processing,COD
ORD-6237,STR-2010,CUST-4852,PRD-3314,10,822.29,8222.9,2025-08-25,Processing,Credit Card
ORD-6238,STR-2021,CUST-4659,PRD-3398,23,2647.22,60886.06,2025-09-12,Processing,Escrow
ORD-6239,STR-2089,CUST-4291,PRD-3017,13,4282.96,55678.48,2025-12-07,Delivered,Net Banking
ORD-6240,STR-2058,CUST-4368,PRD-3488,17,1636.03,27812.51,2025-12-01,Cancelled,Net Banking
ORD-6241,STR-2054,CUST-4827,PRD-3477,8,4002.15,32017.2,2026-03-10,Delivered,Credit Card
ORD-6242,STR-2027,CUST-4247,PRD-3237,5,3560.69,17803.45,2025-01-19,Delivered,UPI
ORD-6243,STR-2076,CUST-4897,PRD-3061,5,672.22,3361.1,2025-08-18,Delivered,Escrow
ORD-6244,STR-2093,CUST-4076,PRD-3145,25,1763.73,44093.25,2025-06-13,Processing,Escrow
ORD-6245,STR-2092,CUST-4494,PRD-3223,14,744.7,10425.8,2025-11-26,Cancelled,COD
ORD-6246,STR-2094,CUST-4602,PRD-3155,23,1167.39,26849.97,2025-08-31,Cancelled,UPI
ORD-6247,STR-2047,CUST-4161,PRD-3201,7,1823.67,12765.69,2025-01-26,Delivered,Credit Card
ORD-6248,STR-2050,CUST-4192,PRD-3417,16,2397.99,38367.84,2025-07-23,Returned,Credit Card
ORD-6249,STR-2058,CUST-4137,PRD-3418,11,3764.61,41410.71,2025-12-29,Shipped,Credit Card
ORD-6250,STR-2097,CUST-4581,PRD-3445,23,1042.22,23971.06,2026-03-22,Returned,Escrow
ORD-6251,STR-2033,CUST-4426,PRD-3048,16,4396.28,70340.48,2025-06-21,Delivered,UPI
ORD-6252,STR-2018,CUST-4246,PRD-3263,20,2552.48,51049.6,2025-05-23,Delivered,Escrow
ORD-6253,STR-2054,CUST-4040,PRD-3395,1,3212.96,3212.96,2025-12-31,Delivered,COD
ORD-6254,STR-2048,CUST-4346,PRD-3002,4,2491.57,9966.28,2026-02-27,Processing,Escrow
ORD-6255,STR-2028,CUST-4152,PRD-3171,22,3344.53,73579.66,2026-01-13,Cancelled,COD
ORD-6256,STR-2036,CUST-4544,PRD-3201,17,4969.11,84474.87,2025-11-10,Processing,Escrow
ORD-6257,STR-2056,CUST-4789,PRD-3487,24,4031.36,96752.64,2025-08-21,Cancelled,COD
ORD-6258,STR-2071,CUST-4298,PRD-3276,25,2363.72,59093.0,2025-05-26,Delivered,UPI
ORD-6259,STR-2053,CUST-4604,PRD-3322,3,2451.41,7354.23,2026-03-26,Shipped,Net Banking
ORD-6260,STR-2078,CUST-4586,PRD-3119,11,4198.79,46186.69,2025-04-25,Shipped,Credit Card
ORD-6261,STR-2039,CUST-4913,PRD-3334,2,4111.17,8222.34,2025-12-09,Processing,Credit Card
ORD-6262,STR-2051,CUST-4272,PRD-3003,17,1261.72,21449.24,2025-04-24,Returned,Net Banking
ORD-6263,STR-2031,CUST-4407,PRD-3002,14,381.65,5343.1,2025-02-08,Returned,Credit Card
ORD-6264,STR-2069,CUST-4834,PRD-3461,18,4708.6,84754.8,2025-01-09,Processing,Credit Card
ORD-6265,STR-2099,CUST-4615,PRD-3340,2,2558.68,5117.36,2025-10-25,Delivered,COD
ORD-6266,STR-2085,CUST-4566,PRD-3148,25,711.98,17799.5,2025-05-01,Shipped,COD
ORD-6267,STR-2093,CUST-4337,PRD-3091,18,3332.1,59977.8,2025-01-08,Cancelled,Net Banking
ORD-6268,STR-2011,CUST-4337,PRD-3332,8,4740.91,37927.28,2025-01-11,Delivered,Escrow
ORD-6269,STR-2096,CUST-4749,PRD-3133,6,3338.67,20032.02,2025-12-10,Delivered,Net Banking
ORD-6270,STR-2021,CUST-4928,PRD-3219,7,3686.43,25805.01,2025-07-05,Delivered,Credit Card
ORD-6271,STR-2040,CUST-4556,PRD-3355,18,3249.26,58486.68,2025-02-09,Delivered,UPI
ORD-6272,STR-2001,CUST-4977,PRD-3123,3,3926.52,11779.56,2026-02-11,Returned,Credit Card
ORD-6273,STR-2023,CUST-4117,PRD-3392,15,1787.02,26805.3,2025-09-14,Returned,COD
ORD-6274,STR-2060,CUST-4524,PRD-3063,16,3389.79,54236.64,2025-05-23,Returned,UPI
ORD-6275,STR-2046,CUST-4808,PRD-3048,12,1005.53,12066.36,2026-02-17,Delivered,COD
ORD-6276,STR-2033,CUST-4743,PRD-3010,20,4051.22,81024.4,2026-02-11,Returned,UPI
ORD-6277,STR-2009,CUST-4167,PRD-3075,11,927.65,10204.15,2026-02-22,Cancelled,COD
ORD-6278,STR-2025,CUST-4491,PRD-3474,25,3213.12,80328.0,2025-01-16,Delivered,Net Banking
ORD-6279,STR-2097,CUST-4443,PRD-3054,17,3912.93,66519.81,2025-07-26,Delivered,Escrow
ORD-6280,STR-2025,CUST-4636,PRD-3327,16,3901.3,62420.8,2026-01-18,Cancelled,UPI
ORD-6281,STR-2096,CUST-4233,PRD-3428,22,4678.91,102936.02,2026-02-04,Shipped,COD
ORD-6282,STR-2099,CUST-4469,PRD-3199,11,3266.26,35928.86,2025-04-12,Delivered,UPI
ORD-6283,STR-2058,CUST-4193,PRD-3002,19,1873.79,35602.01,2025-12-07,Delivered,Credit Card
ORD-6284,STR-2054,CUST-4768,PRD-3429,1,4852.48,4852.48,2026-03-18,Shipped,UPI
ORD-6285,STR-2018,CUST-4864,PRD-3050,20,2674.49,53489.8,2026-01-28,Delivered,COD
ORD-6286,STR-2018,CUST-4485,PRD-3254,18,4981.26,89662.68,2026-01-07,Returned,Credit Card
ORD-6287,STR-2016,CUST-4640,PRD-3416,2,3962.81,7925.62,2025-11-23,Delivered,Escrow
ORD-6288,STR-2040,CUST-4550,PRD-3421,14,1573.24,22025.36,2026-03-16,Delivered,UPI
ORD-6289,STR-2039,CUST-4681,PRD-3494,5,3525.15,17625.75,2026-02-22,Shipped,Escrow
ORD-6290,STR-2036,CUST-4349,PRD-3436,14,4909.35,68730.9,2025-09-29,Delivered,UPI
ORD-6291,STR-2064,CUST-4316,PRD-3379,10,2123.32,21233.2,2025-01-14,Delivered,Credit Card
ORD-6292,STR-2024,CUST-4729,PRD-3048,5,4667.34,23336.7,2025-11-05,Processing,UPI
ORD-6293,STR-2047,CUST-4117,PRD-3049,9,3874.79,34873.11,2025-06-12,Delivered,Escrow
ORD-6294,STR-2074,CUST-4218,PRD-3299,3,1272.87,3818.61,2025-05-22,Delivered,COD
ORD-6295,STR-2097,CUST-4555,PRD-3468,3,4086.15,12258.45,2025-10-09,Processing,COD
ORD-6296,STR-2039,CUST-4929,PRD-3283,22,1593.1,35048.2,2025-07-26,Returned,UPI
ORD-6297,STR-2040,CUST-4941,PRD-3450,14,600.89,8412.46,2025-06-20,Delivered,UPI
ORD-6298,STR-2018,CUST-4071,PRD-3049,19,169.45,3219.55,2025-09-02,Delivered,Net Banking
ORD-6299,STR-2047,CUST-4416,PRD-3278,4,1431.77,5727.08,2025-10-30,Processing,Escrow
ORD-6300,STR-2011,CUST-4343,PRD-3087,6,3295.16,19770.96,2025-10-19,Cancelled,UPI
ORD-6301,STR-2081,CUST-4832,PRD-3009,16,1209.33,19349.28,2025-12-29,Delivered,Escrow
ORD-6302,STR-2095,CUST-4981,PRD-3421,22,2621.97,57683.34,2025-07-28,Delivered,COD
ORD-6303,STR-2035,CUST-4591,PRD-3407,24,3914.87,93956.88,2025-04-07,Shipped,COD
ORD-6304,STR-2031,CUST-4061,PRD-3221,7,3124.3,21870.1,2025-07-18,Delivered,COD
ORD-6305,STR-2038,CUST-4353,PRD-3070,13,4872.55,63343.15,2025-07-30,Processing,Credit Card
ORD-6306,STR-2035,CUST-4256,PRD-3316,4,3578.49,14313.96,2025-05-11,Cancelled,COD
ORD-6307,STR-2064,CUST-4002,PRD-3059,13,3015.08,39196.04,2026-01-18,Delivered,Escrow
ORD-6308,STR-2074,CUST-4189,PRD-3417,21,2963.99,62243.79,2025-12-10,Delivered,Escrow
ORD-6309,STR-2092,CUST-4042,PRD-3119,8,3762.67,30101.36,2026-01-10,Delivered,Net Banking
ORD-6310,STR-2018,CUST-4989,PRD-3112,9,4803.09,43227.81,2025-10-22,Delivered,Escrow
ORD-6311,STR-2092,CUST-4114,PRD-3425,23,216.74,4985.02,2025-02-24,Delivered,Escrow
ORD-6312,STR-2058,CUST-4148,PRD-3076,24,3292.62,79022.88,2025-03-05,Returned,Credit Card
ORD-6313,STR-2042,CUST-4421,PRD-3194,22,2666.5,58663.0,2025-05-21,Shipped,Escrow
ORD-6314,STR-2082,CUST-4150,PRD-3106,13,1862.91,24217.83,2026-03-22,Cancelled,Escrow
ORD-6315,STR-2063,CUST-4501,PRD-3486,9,2271.64,20444.76,2025-05-10,Delivered,Net Banking
ORD-6316,STR-2060,CUST-4163,PRD-3032,2,3779.37,7558.74,2025-09-26,Delivered,Escrow
ORD-6317,STR-2053,CUST-4114,PRD-3452,10,832.38,8323.8,2025-05-24,Delivered,Net Banking
ORD-6318,STR-2099,CUST-4015,PRD-3243,25,2718.52,67963.0,2025-10-28,Shipped,Credit Card
ORD-6319,STR-2039,CUST-4660,PRD-3115,15,1124.48,16867.2,2026-03-19,Delivered,Net Banking
ORD-6320,STR-2050,CUST-4277,PRD-3083,16,1219.74,19515.84,2025-03-10,Delivered,Escrow
ORD-6321,STR-2083,CUST-4498,PRD-3197,8,4934.49,39475.92,2025-10-10,Processing,Escrow
ORD-6322,STR-2015,CUST-4275,PRD-3370,12,2681.84,32182.08,2025-12-20,Delivered,Credit Card
ORD-6323,STR-2085,CUST-4529,PRD-3410,10,3770.05,37700.5,2025-01-11,Delivered,COD
ORD-6324,STR-2014,CUST-4248,PRD-3461,10,1372.68,13726.8,2025-05-06,Returned,COD
ORD-6325,STR-2079,CUST-4589,PRD-3410,17,4620.86,78554.62,2025-11-18,Shipped,COD
ORD-6326,STR-2001,CUST-4153,PRD-3491,1,1737.78,1737.78,2025-12-20,Returned,COD
ORD-6327,STR-2054,CUST-4582,PRD-3175,1,2482.94,2482.94,2025-04-06,Delivered,Credit Card
ORD-6328,STR-2093,CUST-4783,PRD-3218,9,3525.73,31731.57,2025-05-20,Processing,Escrow
ORD-6329,STR-2081,CUST-4412,PRD-3343,20,2891.3,57826.0,2025-07-02,Delivered,Net Banking
ORD-6330,STR-2061,CUST-4640,PRD-3101,8,1724.87,13798.96,2026-03-16,Delivered,Credit Card
ORD-6331,STR-2061,CUST-4778,PRD-3124,18,1767.13,31808.34,2025-04-27,Shipped,COD
ORD-6332,STR-2003,CUST-4707,PRD-3040,4,2891.02,11564.08,2025-03-12,Delivered,Net Banking
ORD-6333,STR-2006,CUST-4210,PRD-3240,14,2744.66,38425.24,2026-01-14,Delivered,UPI
ORD-6334,STR-2088,CUST-5000,PRD-3281,15,3634.39,54515.85,2025-04-24,Cancelled,Escrow
ORD-6335,STR-2028,CUST-4380,PRD-3050,2,1393.81,2787.62,2025-10-28,Shipped,UPI
ORD-6336,STR-2036,CUST-4659,PRD-3302,15,4481.55,67223.25,2025-02-17,Delivered,Escrow
ORD-6337,STR-2079,CUST-4122,PRD-3048,9,3986.83,35881.47,2025-10-02,Cancelled,Escrow
ORD-6338,STR-2006,CUST-4488,PRD-3353,9,2774.21,24967.89,2025-12-03,Returned,UPI
ORD-6339,STR-2063,CUST-4837,PRD-3111,14,4454.22,62359.08,2025-02-21,Delivered,COD
ORD-6340,STR-2075,CUST-4235,PRD-3474,19,1496.7,28437.3,2025-08-07,Cancelled,Credit Card
ORD-6341,STR-2046,CUST-4772,PRD-3232,18,3525.3,63455.4,2025-01-14,Cancelled,UPI
ORD-6342,STR-2081,CUST-4586,PRD-3011,22,1485.0,32670.0,2025-03-30,Returned,Escrow
ORD-6343,STR-2030,CUST-4756,PRD-3024,24,1020.05,24481.2,2026-02-28,Delivered,Escrow
ORD-6344,STR-2017,CUST-4303,PRD-3236,2,3359.06,6718.12,2025-04-26,Processing,Escrow
ORD-6345,STR-2005,CUST-4121,PRD-3372,24,1140.19,27364.56,2025-11-18,Returned,Credit Card
ORD-6346,STR-2088,CUST-4443,PRD-3079,23,456.85,10507.55,2025-03-23,Shipped,Net Banking
ORD-6347,STR-2001,CUST-4176,PRD-3192,2,2735.19,5470.38,2025-12-17,Returned,Net Banking
ORD-6348,STR-2014,CUST-4087,PRD-3392,6,1177.16,7062.96,2025-03-20,Shipped,UPI
ORD-6349,STR-2056,CUST-4235,PRD-3359,6,1440.78,8644.68,2025-09-24,Cancelled,COD
ORD-6350,STR-2087,CUST-4544,PRD-3487,19,4510.03,85690.57,2025-10-27,Delivered,Net Banking
ORD-6351,STR-2021,CUST-4849,PRD-3305,18,3353.51,60363.18,2025-04-21,Shipped,Net Banking
ORD-6352,STR-2023,CUST-4626,PRD-3429,15,1504.0,22560.0,2025-05-14,Processing,Escrow
ORD-6353,STR-2094,CUST-4818,PRD-3396,1,1101.91,1101.91,2025-06-01,Shipped,COD
ORD-6354,STR-2060,CUST-4950,PRD-3047,19,709.44,13479.36,2025-12-22,Delivered,UPI
ORD-6355,STR-2030,CUST-4755,PRD-3359,18,4755.38,85596.84,2025-02-27,Processing,Net Banking
ORD-6356,STR-2051,CUST-4932,PRD-3333,19,3605.38,68502.22,2026-02-23,Delivered,UPI
ORD-6357,STR-2067,CUST-4185,PRD-3276,8,4024.87,32198.96,2025-05-04,Delivered,COD
ORD-6358,STR-2078,CUST-4557,PRD-3453,3,1321.25,3963.75,2025-10-10,Delivered,Credit Card
ORD-6359,STR-2068,CUST-4551,PRD-3048,9,1416.53,12748.77,2025-10-09,Delivered,Escrow
ORD-6360,STR-2006,CUST-4438,PRD-3252,7,827.61,5793.27,2026-02-09,Delivered,UPI
ORD-6361,STR-2067,CUST-4152,PRD-3320,15,496.46,7446.9,2026-01-05,Cancelled,COD
ORD-6362,STR-2011,CUST-4756,PRD-3390,11,2385.36,26238.96,2025-12-15,Delivered,Credit Card
ORD-6363,STR-2004,CUST-4034,PRD-3392,1,3933.23,3933.23,2026-02-01,Cancelled,UPI
ORD-6364,STR-2093,CUST-4032,PRD-3043,11,949.88,10448.68,2026-01-16,Returned,COD
ORD-6365,STR-2011,CUST-4085,PRD-3353,7,2481.78,17372.46,2026-02-17,Delivered,Net Banking
ORD-6366,STR-2069,CUST-4664,PRD-3191,2,3969.21,7938.42,2026-01-19,Processing,UPI
ORD-6367,STR-2093,CUST-4154,PRD-3181,11,1988.37,21872.07,2025-02-28,Returned,COD
ORD-6368,STR-2083,CUST-4297,PRD-3386,10,1414.9,14149.0,2025-02-13,Processing,Escrow
ORD-6369,STR-2077,CUST-4685,PRD-3296,18,2462.37,44322.66,2025-09-09,Processing,UPI
ORD-6370,STR-2020,CUST-4180,PRD-3423,25,1551.54,38788.5,2025-11-15,Returned,UPI
ORD-6371,STR-2041,CUST-4389,PRD-3241,2,2609.65,5219.3,2025-08-28,Delivered,UPI
ORD-6372,STR-2077,CUST-4051,PRD-3002,22,1417.23,31179.06,2025-05-06,Shipped,Credit Card
ORD-6373,STR-2082,CUST-4350,PRD-3046,12,3660.91,43930.92,2025-05-21,Processing,Escrow
ORD-6374,STR-2052,CUST-4387,PRD-3289,4,1293.64,5174.56,2025-03-18,Returned,Credit Card
ORD-6375,STR-2066,CUST-4234,PRD-3165,12,3357.42,40289.04,2025-07-07,Delivered,Escrow
ORD-6376,STR-2074,CUST-4385,PRD-3374,2,2829.84,5659.68,2025-01-21,Cancelled,Net Banking
ORD-6377,STR-2007,CUST-4417,PRD-3107,8,2139.39,17115.12,2026-03-15,Processing,COD
ORD-6378,STR-2059,CUST-4633,PRD-3182,1,3895.98,3895.98,2026-02-03,Cancelled,COD
ORD-6379,STR-2024,CUST-4129,PRD-3034,2,1448.88,2897.76,2025-01-25,Delivered,Net Banking
ORD-6380,STR-2033,CUST-4855,PRD-3271,4,4467.49,17869.96,2025-09-28,Cancelled,UPI
ORD-6381,STR-2034,CUST-4641,PRD-3376,9,4816.44,43347.96,2025-11-26,Delivered,COD
ORD-6382,STR-2061,CUST-4511,PRD-3451,8,2650.97,21207.76,2025-07-13,Cancelled,Escrow
ORD-6383,STR-2068,CUST-4664,PRD-3033,13,1448.83,18834.79,2025-03-21,Cancelled,UPI
ORD-6384,STR-2019,CUST-4714,PRD-3205,20,3437.83,68756.6,2026-01-07,Delivered,COD
ORD-6385,STR-2074,CUST-4661,PRD-3343,22,3693.18,81249.96,2025-07-28,Delivered,Escrow
ORD-6386,STR-2003,CUST-4249,PRD-3451,14,3818.93,53465.02,2025-03-08,Delivered,COD
ORD-6387,STR-2056,CUST-4220,PRD-3054,10,4809.75,48097.5,2025-05-09,Delivered,Net Banking
ORD-6388,STR-2006,CUST-4842,PRD-3200,10,4735.45,47354.5,2025-11-20,Shipped,Escrow
ORD-6389,STR-2046,CUST-4969,PRD-3385,12,3824.64,45895.68,2026-03-20,Returned,UPI
ORD-6390,STR-2024,CUST-4413,PRD-3404,8,3647.45,29179.6,2025-07-08,Delivered,COD
ORD-6391,STR-2088,CUST-4192,PRD-3151,7,4802.21,33615.47,2026-01-09,Delivered,UPI
ORD-6392,STR-2061,CUST-4387,PRD-3158,14,3991.65,55883.1,2026-03-18,Delivered,COD
ORD-6393,STR-2074,CUST-4984,PRD-3418,17,2600.3,44205.1,2025-01-12,Returned,Escrow
ORD-6394,STR-2094,CUST-4112,PRD-3189,8,2847.04,22776.32,2025-09-14,Processing,Escrow
ORD-6395,STR-2036,CUST-4340,PRD-3372,5,2408.56,12042.8,2026-03-02,Cancelled,UPI
ORD-6396,STR-2087,CUST-4705,PRD-3175,2,1555.03,3110.06,2025-11-24,Delivered,Credit Card
ORD-6397,STR-2031,CUST-4210,PRD-3470,7,1163.35,8143.45,2026-01-27,Returned,Credit Card
ORD-6398,STR-2025,CUST-4849,PRD-3270,9,2997.54,26977.86,2025-12-29,Delivered,Net Banking
ORD-6399,STR-2094,CUST-4228,PRD-3414,5,4058.85,20294.25,2025-02-16,Delivered,COD
ORD-6400,STR-2059,CUST-4539,PRD-3239,24,4411.19,105868.56,2025-03-05,Processing,UPI
ORD-6401,STR-2078,CUST-5000,PRD-3102,8,3027.59,24220.72,2025-11-20,Cancelled,Escrow
ORD-6402,STR-2064,CUST-4222,PRD-3069,13,3273.54,42556.02,2025-04-26,Delivered,Net Banking
ORD-6403,STR-2005,CUST-4741,PRD-3040,3,4602.93,13808.79,2025-11-10,Returned,COD
ORD-6404,STR-2064,CUST-4777,PRD-3493,11,4958.4,54542.4,2025-02-18,Shipped,COD
ORD-6405,STR-2053,CUST-4798,PRD-3283,24,4340.48,104171.52,2025-01-05,Delivered,Escrow
ORD-6406,STR-2027,CUST-4841,PRD-3014,1,2992.54,2992.54,2025-06-21,Returned,Net Banking
ORD-6407,STR-2015,CUST-4563,PRD-3066,20,2690.77,53815.4,2025-01-07,Delivered,Net Banking
ORD-6408,STR-2043,CUST-4484,PRD-3327,23,2562.16,58929.68,2026-01-09,Delivered,COD
ORD-6409,STR-2016,CUST-4984,PRD-3372,14,4595.86,64342.04,2025-11-14,Cancelled,Escrow
ORD-6410,STR-2051,CUST-4377,PRD-3313,12,799.54,9594.48,2025-01-30,Delivered,Credit Card
ORD-6411,STR-2078,CUST-4073,PRD-3414,4,4373.58,17494.32,2025-11-24,Returned,COD
ORD-6412,STR-2037,CUST-4112,PRD-3277,10,1245.34,12453.4,2025-07-23,Processing,Net Banking
ORD-6413,STR-2044,CUST-4859,PRD-3014,19,825.57,15685.83,2025-07-28,Delivered,Escrow
ORD-6414,STR-2093,CUST-4162,PRD-3483,7,3091.86,21643.02,2025-09-16,Delivered,UPI
ORD-6415,STR-2031,CUST-4463,PRD-3141,11,1787.82,19666.02,2025-02-09,Delivered,Credit Card
ORD-6416,STR-2005,CUST-4713,PRD-3382,24,1575.65,37815.6,2025-09-24,Processing,Net Banking
ORD-6417,STR-2096,CUST-4044,PRD-3425,12,3207.82,38493.84,2026-02-03,Returned,Credit Card
ORD-6418,STR-2031,CUST-4505,PRD-3480,13,2229.05,28977.65,2026-02-09,Cancelled,UPI
ORD-6419,STR-2067,CUST-4711,PRD-3050,4,3769.76,15079.04,2025-08-07,Returned,UPI
ORD-6420,STR-2006,CUST-4967,PRD-3099,2,2673.24,5346.48,2025-04-15,Delivered,Net Banking
ORD-6421,STR-2051,CUST-4906,PRD-3312,3,4118.14,12354.42,2026-01-26,Delivered,Net Banking
ORD-6422,STR-2020,CUST-4702,PRD-3234,3,1703.83,5111.49,2026-01-17,Delivered,UPI
ORD-6423,STR-2023,CUST-4787,PRD-3112,9,4502.84,40525.56,2025-07-02,Delivered,Net Banking
ORD-6424,STR-2066,CUST-4564,PRD-3094,14,2924.4,40941.6,2025-09-06,Cancelled,Net Banking
ORD-6425,STR-2055,CUST-4782,PRD-3288,21,4526.73,95061.33,2025-11-15,Delivered,COD
ORD-6426,STR-2034,CUST-4298,PRD-3384,2,711.77,1423.54,2025-06-05,Processing,UPI
ORD-6427,STR-2068,CUST-4459,PRD-3400,7,1811.66,12681.62,2025-05-02,Shipped,COD
ORD-6428,STR-2095,CUST-4916,PRD-3271,5,2126.17,10630.85,2025-04-19,Delivered,Credit Card
ORD-6429,STR-2079,CUST-4742,PRD-3064,2,647.0,1294.0,2025-07-09,Shipped,UPI
ORD-6430,STR-2078,CUST-4842,PRD-3025,17,1935.98,32911.66,2025-10-17,Processing,UPI
ORD-6431,STR-2038,CUST-4293,PRD-3294,6,4684.56,28107.36,2026-01-01,Shipped,Credit Card
ORD-6432,STR-2075,CUST-4827,PRD-3085,13,3817.66,49629.58,2025-12-28,Processing,COD
ORD-6433,STR-2081,CUST-4431,PRD-3393,20,2927.67,58553.4,2025-07-12,Returned,Credit Card
ORD-6434,STR-2071,CUST-4658,PRD-3310,25,3061.51,76537.75,2026-01-09,Cancelled,Net Banking
ORD-6435,STR-2012,CUST-4911,PRD-3268,10,854.13,8541.3,2026-02-06,Delivered,COD
ORD-6436,STR-2050,CUST-4653,PRD-3488,19,1353.77,25721.63,2025-06-19,Processing,UPI
ORD-6437,STR-2038,CUST-4022,PRD-3396,17,4453.59,75711.03,2025-10-19,Processing,Escrow
ORD-6438,STR-2023,CUST-4912,PRD-3098,4,1047.03,4188.12,2026-02-04,Returned,Escrow
ORD-6439,STR-2038,CUST-4800,PRD-3073,25,4850.18,121254.5,2025-07-26,Processing,COD
ORD-6440,STR-2008,CUST-4418,PRD-3319,23,261.36,6011.28,2025-10-13,Shipped,Escrow
ORD-6441,STR-2051,CUST-4656,PRD-3061,15,3854.39,57815.85,2025-01-16,Cancelled,Net Banking
ORD-6442,STR-2023,CUST-4768,PRD-3111,10,2874.05,28740.5,2026-01-06,Delivered,COD
ORD-6443,STR-2078,CUST-4226,PRD-3167,22,3363.34,73993.48,2025-07-05,Cancelled,Escrow
ORD-6444,STR-2067,CUST-4142,PRD-3337,18,3821.51,68787.18,2026-03-05,Returned,Credit Card
ORD-6445,STR-2001,CUST-4919,PRD-3177,14,4453.32,62346.48,2025-03-02,Delivered,COD
ORD-6446,STR-2079,CUST-4445,PRD-3175,1,2813.87,2813.87,2026-03-11,Returned,Escrow
ORD-6447,STR-2052,CUST-4605,PRD-3391,12,2790.83,33489.96,2025-03-17,Shipped,Credit Card
ORD-6448,STR-2012,CUST-4803,PRD-3282,13,2928.63,38072.19,2025-06-26,Shipped,UPI
ORD-6449,STR-2028,CUST-4016,PRD-3288,16,4072.4,65158.4,2025-02-20,Cancelled,Escrow
ORD-6450,STR-2099,CUST-4195,PRD-3414,17,1671.42,28414.14,2025-06-22,Returned,UPI
ORD-6451,STR-2033,CUST-4864,PRD-3099,25,1445.18,36129.5,2025-10-05,Delivered,Escrow
ORD-6452,STR-2076,CUST-4816,PRD-3396,10,4271.35,42713.5,2025-05-20,Cancelled,UPI
ORD-6453,STR-2004,CUST-4853,PRD-3492,6,2470.32,14821.92,2025-04-25,Delivered,UPI
ORD-6454,STR-2086,CUST-4873,PRD-3264,14,3061.9,42866.6,2025-07-19,Delivered,UPI
ORD-6455,STR-2015,CUST-4854,PRD-3391,13,2593.91,33720.83,2025-02-08,Delivered,Escrow
ORD-6456,STR-2079,CUST-4343,PRD-3422,1,382.39,382.39,2025-02-03,Shipped,COD
ORD-6457,STR-2008,CUST-4627,PRD-3332,9,538.51,4846.59,2025-11-19,Processing,UPI
ORD-6458,STR-2095,CUST-4330,PRD-3028,15,2127.79,31916.85,2025-04-01,Returned,COD
ORD-6459,STR-2026,CUST-4893,PRD-3299,15,3264.06,48960.9,2025-11-18,Delivered,UPI
ORD-6460,STR-2094,CUST-4378,PRD-3113,21,1507.03,31647.63,2025-01-09,Shipped,Net Banking
ORD-6461,STR-2057,CUST-4614,PRD-3145,13,937.21,12183.73,2026-01-01,Shipped,Escrow
ORD-6462,STR-2093,CUST-4413,PRD-3391,14,3406.26,47687.64,2025-11-02,Delivered,Credit Card
ORD-6463,STR-2003,CUST-4569,PRD-3409,3,3767.44,11302.32,2025-09-09,Cancelled,Net Banking
ORD-6464,STR-2050,CUST-4946,PRD-3025,6,2892.29,17353.74,2025-11-05,Delivered,Credit Card
ORD-6465,STR-2003,CUST-4407,PRD-3480,17,3421.97,58173.49,2025-05-15,Delivered,Escrow
ORD-6466,STR-2026,CUST-4208,PRD-3233,8,582.56,4660.48,2025-03-09,Delivered,Credit Card
ORD-6467,STR-2092,CUST-4953,PRD-3088,7,1821.99,12753.93,2025-07-25,Delivered,Net Banking
ORD-6468,STR-2070,CUST-4950,PRD-3041,15,201.61,3024.15,2026-03-11,Delivered,UPI
ORD-6469,STR-2011,CUST-4618,PRD-3084,1,1992.17,1992.17,2025-04-23,Returned,Net Banking
ORD-6470,STR-2031,CUST-4845,PRD-3263,22,1691.12,37204.64,2025-08-28,Shipped,COD
ORD-6471,STR-2074,CUST-5000,PRD-3177,13,738.13,9595.69,2025-04-22,Shipped,UPI
ORD-6472,STR-2086,CUST-4559,PRD-3152,10,1433.3,14333.0,2025-01-26,Cancelled,Escrow
ORD-6473,STR-2075,CUST-4331,PRD-3025,5,4341.0,21705.0,2025-05-31,Processing,UPI
ORD-6474,STR-2013,CUST-4442,PRD-3142,10,4975.4,49754.0,2025-05-02,Shipped,Escrow
ORD-6475,STR-2088,CUST-4257,PRD-3426,4,2082.04,8328.16,2025-10-01,Delivered,Escrow
ORD-6476,STR-2060,CUST-4759,PRD-3405,16,3386.29,54180.64,2025-03-29,Delivered,UPI
ORD-6477,STR-2002,CUST-4854,PRD-3083,21,597.5,12547.5,2025-09-09,Returned,COD
ORD-6478,STR-2069,CUST-4848,PRD-3094,4,3197.09,12788.36,2025-05-14,Processing,Net Banking
ORD-6479,STR-2022,CUST-4587,PRD-3280,11,3712.56,40838.16,2025-09-09,Returned,COD
ORD-6480,STR-2057,CUST-4240,PRD-3389,14,4352.93,60941.02,2025-04-29,Returned,COD
ORD-6481,STR-2032,CUST-4898,PRD-3059,17,1009.5,17161.5,2025-12-15,Delivered,Net Banking
ORD-6482,STR-2004,CUST-4347,PRD-3118,19,3788.82,71987.58,2026-01-14,Delivered,Net Banking
ORD-6483,STR-2090,CUST-4603,PRD-3279,24,3237.75,77706.0,2025-07-26,Cancelled,UPI
ORD-6484,STR-2059,CUST-4490,PRD-3359,2,2102.9,4205.8,2025-09-12,Delivered,Net Banking
ORD-6485,STR-2067,CUST-4799,PRD-3414,5,4321.49,21607.45,2025-01-08,Delivered,UPI
ORD-6486,STR-2049,CUST-4554,PRD-3074,3,3345.72,10037.16,2025-03-29,Delivered,Escrow
ORD-6487,STR-2081,CUST-4358,PRD-3168,22,922.2,20288.4,2025-07-21,Cancelled,Credit Card
ORD-6488,STR-2002,CUST-4796,PRD-3172,18,4946.04,89028.72,2025-02-23,Cancelled,Credit Card
ORD-6489,STR-2052,CUST-4584,PRD-3077,24,503.38,12081.12,2025-11-30,Returned,Escrow
ORD-6490,STR-2010,CUST-4585,PRD-3072,11,2904.16,31945.76,2025-08-22,Returned,COD
ORD-6491,STR-2006,CUST-4571,PRD-3303,18,3896.97,70145.46,2025-05-18,Delivered,Net Banking
ORD-6492,STR-2080,CUST-4624,PRD-3278,10,3949.24,39492.4,2026-03-21,Delivered,Escrow
ORD-6493,STR-2017,CUST-4914,PRD-3471,2,4276.73,8553.46,2026-02-13,Delivered,COD
ORD-6494,STR-2089,CUST-4748,PRD-3118,22,4232.55,93116.1,2025-08-10,Cancelled,COD
ORD-6495,STR-2092,CUST-4709,PRD-3129,17,4849.97,82449.49,2025-11-28,Delivered,Credit Card
ORD-6496,STR-2078,CUST-4346,PRD-3434,24,3107.19,74572.56,2025-10-11,Cancelled,UPI
ORD-6497,STR-2083,CUST-4087,PRD-3146,12,2341.54,28098.48,2025-10-07,Processing,Net Banking
ORD-6498,STR-2097,CUST-4935,PRD-3019,23,3325.94,76496.62,2025-02-16,Delivered,Escrow
ORD-6499,STR-2031,CUST-4917,PRD-3279,13,2320.76,30169.88,2025-09-02,Delivered,COD
ORD-6500,STR-2099,CUST-4996,PRD-3337,6,277.16,1662.96,2025-11-12,Shipped,Credit Card
ORD-6501,STR-2049,CUST-4799,PRD-3040,20,457.88,9157.6,2025-11-18,Cancelled,Net Banking
ORD-6502,STR-2064,CUST-4626,PRD-3273,16,2014.7,32235.2,2025-03-18,Returned,COD
ORD-6503,STR-2074,CUST-4938,PRD-3224,17,2561.55,43546.35,2026-03-09,Delivered,Escrow
ORD-6504,STR-2041,CUST-4529,PRD-3296,7,2545.45,17818.15,2026-01-19,Delivered,COD
ORD-6505,STR-2041,CUST-4698,PRD-3269,1,2083.18,2083.18,2025-04-06,Cancelled,Escrow
ORD-6506,STR-2048,CUST-4054,PRD-3357,9,4432.65,39893.85,2025-12-06,Returned,Credit Card
ORD-6507,STR-2097,CUST-4400,PRD-3196,24,3154.76,75714.24,2025-12-18,Shipped,COD
ORD-6508,STR-2005,CUST-4032,PRD-3345,4,964.41,3857.64,2025-10-05,Delivered,Credit Card
ORD-6509,STR-2048,CUST-4275,PRD-3129,6,4681.02,28086.12,2025-07-21,Shipped,COD
ORD-6510,STR-2051,CUST-4201,PRD-3072,12,4158.37,49900.44,2025-11-10,Delivered,Escrow
ORD-6511,STR-2082,CUST-4253,PRD-3325,5,3465.1,17325.5,2026-01-14,Processing,Credit Card
ORD-6512,STR-2051,CUST-4851,PRD-3444,8,4351.52,34812.16,2025-04-10,Processing,COD
ORD-6513,STR-2014,CUST-4349,PRD-3208,6,1414.53,8487.18,2025-12-17,Cancelled,Credit Card
ORD-6514,STR-2024,CUST-4546,PRD-3390,11,3653.74,40191.14,2025-09-05,Delivered,Credit Card
ORD-6515,STR-2050,CUST-4172,PRD-3496,19,983.51,18686.69,2025-10-29,Delivered,Escrow
ORD-6516,STR-2044,CUST-4543,PRD-3312,22,1944.75,42784.5,2025-04-25,Returned,COD
ORD-6517,STR-2014,CUST-4574,PRD-3364,13,1940.77,25230.01,2025-01-14,Cancelled,Net Banking
ORD-6518,STR-2067,CUST-4270,PRD-3490,13,4755.45,61820.85,2025-10-14,Delivered,UPI
ORD-6519,STR-2079,CUST-4329,PRD-3388,16,3899.07,62385.12,2025-05-28,Returned,Credit Card
ORD-6520,STR-2029,CUST-4008,PRD-3100,10,3196.42,31964.2,2025-03-03,Cancelled,COD
ORD-6521,STR-2074,CUST-4077,PRD-3475,4,4582.32,18329.28,2025-11-03,Shipped,Escrow
ORD-6522,STR-2007,CUST-4204,PRD-3268,23,1768.03,40664.69,2025-05-01,Delivered,UPI
ORD-6523,STR-2012,CUST-4859,PRD-3187,7,2063.47,14444.29,2025-02-15,Delivered,Credit Card
ORD-6524,STR-2059,CUST-4111,PRD-3168,11,1131.14,12442.54,2025-04-21,Cancelled,Escrow
ORD-6525,STR-2047,CUST-4635,PRD-3454,7,4115.06,28805.42,2025-09-01,Cancelled,COD
ORD-6526,STR-2013,CUST-4244,PRD-3409,14,2319.54,32473.56,2025-06-12,Delivered,UPI
ORD-6527,STR-2080,CUST-4273,PRD-3488,5,3531.06,17655.3,2025-11-26,Returned,UPI
ORD-6528,STR-2037,CUST-4974,PRD-3395,3,320.68,962.04,2025-07-01,Delivered,Net Banking
ORD-6529,STR-2050,CUST-4631,PRD-3271,4,3525.98,14103.92,2025-09-26,Shipped,COD
ORD-6530,STR-2008,CUST-4620,PRD-3376,5,3825.16,19125.8,2025-01-04,Delivered,Credit Card
ORD-6531,STR-2017,CUST-4241,PRD-3433,17,2704.9,45983.3,2026-03-15,Returned,Credit Card
ORD-6532,STR-2052,CUST-4167,PRD-3456,5,4685.59,23427.95,2025-10-13,Returned,Net Banking
ORD-6533,STR-2054,CUST-4060,PRD-3490,11,4340.57,47746.27,2025-10-26,Processing,Net Banking
ORD-6534,STR-2097,CUST-4461,PRD-3276,15,1505.76,22586.4,2026-03-18,Delivered,Escrow
ORD-6535,STR-2064,CUST-4724,PRD-3173,17,1785.83,30359.11,2026-01-15,Cancelled,Credit Card
ORD-6536,STR-2070,CUST-4648,PRD-3174,24,3003.36,72080.64,2025-07-06,Returned,Credit Card
ORD-6537,STR-2092,CUST-4862,PRD-3315,10,1012.21,10122.1,2025-03-07,Delivered,COD
ORD-6538,STR-2016,CUST-4991,PRD-3043,23,2226.32,51205.36,2025-06-20,Delivered,Escrow
ORD-6539,STR-2001,CUST-4904,PRD-3021,2,906.32,1812.64,2025-06-07,Delivered,Escrow
ORD-6540,STR-2076,CUST-4663,PRD-3450,8,502.83,4022.64,2025-05-02,Delivered,UPI
ORD-6541,STR-2042,CUST-4890,PRD-3163,3,1160.47,3481.41,2025-06-15,Delivered,Net Banking
ORD-6542,STR-2005,CUST-4535,PRD-3105,21,3220.07,67621.47,2025-10-12,Cancelled,Escrow
ORD-6543,STR-2088,CUST-4103,PRD-3146,10,1529.16,15291.6,2025-09-24,Processing,COD
ORD-6544,STR-2050,CUST-4396,PRD-3301,20,4976.24,99524.8,2025-09-09,Delivered,Net Banking
ORD-6545,STR-2089,CUST-4960,PRD-3114,14,2327.67,32587.38,2025-11-23,Returned,Net Banking
ORD-6546,STR-2093,CUST-4973,PRD-3150,21,2154.41,45242.61,2026-01-18,Delivered,Escrow
ORD-6547,STR-2047,CUST-4867,PRD-3264,24,3562.87,85508.88,2025-07-08,Delivered,Escrow
ORD-6548,STR-2009,CUST-4539,PRD-3112,6,3581.69,21490.14,2026-02-18,Returned,UPI
ORD-6549,STR-2095,CUST-4137,PRD-3098,3,762.53,2287.59,2025-11-07,Delivered,UPI
ORD-6550,STR-2081,CUST-4313,PRD-3320,3,436.07,1308.21,2026-01-14,Delivered,UPI
ORD-6551,STR-2067,CUST-4251,PRD-3213,9,2524.26,22718.34,2025-04-15,Cancelled,COD
ORD-6552,STR-2060,CUST-4354,PRD-3013,18,950.54,17109.72,2025-08-30,Shipped,COD
ORD-6553,STR-2091,CUST-4090,PRD-3341,15,1008.16,15122.4,2025-04-03,Delivered,Net Banking
ORD-6554,STR-2060,CUST-4329,PRD-3134,24,4870.49,116891.76,2025-10-15,Cancelled,Credit Card
ORD-6555,STR-2062,CUST-4139,PRD-3195,5,4334.28,21671.4,2025-01-17,Delivered,Escrow
ORD-6556,STR-2080,CUST-4093,PRD-3262,25,4296.16,107404.0,2026-01-15,Shipped,Net Banking
ORD-6557,STR-2085,CUST-4568,PRD-3124,24,645.91,15501.84,2025-01-28,Processing,Escrow
ORD-6558,STR-2092,CUST-4451,PRD-3492,4,3280.29,13121.16,2025-03-31,Delivered,Net Banking
ORD-6559,STR-2088,CUST-4221,PRD-3102,15,3967.98,59519.7,2026-01-08,Delivered,COD
ORD-6560,STR-2084,CUST-4597,PRD-3495,6,4789.95,28739.7,2025-01-15,Delivered,Escrow
ORD-6561,STR-2023,CUST-4159,PRD-3296,19,4561.76,86673.44,2025-04-20,Cancelled,Net Banking
ORD-6562,STR-2022,CUST-4979,PRD-3052,24,2221.44,53314.56,2025-06-17,Cancelled,COD
ORD-6563,STR-2010,CUST-4656,PRD-3156,8,2832.71,22661.68,2025-03-15,Delivered,Escrow
ORD-6564,STR-2042,CUST-4669,PRD-3187,23,4826.13,111000.99,2026-02-09,Processing,COD
ORD-6565,STR-2027,CUST-4328,PRD-3285,10,1443.87,14438.7,2025-03-04,Shipped,Net Banking
ORD-6566,STR-2095,CUST-4762,PRD-3452,16,1211.5,19384.0,2026-02-18,Shipped,Credit Card
ORD-6567,STR-2032,CUST-4965,PRD-3011,19,1763.23,33501.37,2026-03-20,Delivered,COD
ORD-6568,STR-2100,CUST-4511,PRD-3313,23,3666.39,84326.97,2025-04-03,Shipped,COD
ORD-6569,STR-2075,CUST-4450,PRD-3002,6,2919.56,17517.36,2025-08-14,Delivered,Escrow
ORD-6570,STR-2008,CUST-4340,PRD-3127,22,4520.2,99444.4,2025-08-28,Returned,COD
ORD-6571,STR-2064,CUST-4737,PRD-3058,7,2528.09,17696.63,2026-02-23,Delivered,Escrow
ORD-6572,STR-2075,CUST-4975,PRD-3286,17,1328.68,22587.56,2025-03-18,Delivered,UPI
ORD-6573,STR-2018,CUST-4813,PRD-3187,13,3686.63,47926.19,2026-01-07,Returned,UPI
ORD-6574,STR-2071,CUST-4193,PRD-3089,2,4434.35,8868.7,2025-05-16,Returned,COD
ORD-6575,STR-2063,CUST-4622,PRD-3416,22,4441.4,97710.8,2025-09-23,Processing,COD
ORD-6576,STR-2073,CUST-4449,PRD-3179,22,1171.34,25769.48,2026-01-14,Cancelled,Credit Card
ORD-6577,STR-2086,CUST-4527,PRD-3183,6,1298.46,7790.76,2025-10-01,Shipped,UPI
ORD-6578,STR-2097,CUST-4810,PRD-3417,25,346.12,8653.0,2025-01-09,Delivered,Credit Card
ORD-6579,STR-2031,CUST-4945,PRD-3199,21,547.75,11502.75,2025-10-21,Returned,COD
ORD-6580,STR-2042,CUST-4113,PRD-3236,3,1832.4,5497.2,2026-03-23,Delivered,Escrow
ORD-6581,STR-2094,CUST-4585,PRD-3461,3,260.78,782.34,2025-03-18,Cancelled,COD
ORD-6582,STR-2022,CUST-4798,PRD-3475,24,4717.86,113228.64,2026-01-19,Delivered,UPI
ORD-6583,STR-2012,CUST-4311,PRD-3102,16,1494.34,23909.44,2026-03-21,Cancelled,COD
ORD-6584,STR-2025,CUST-4059,PRD-3314,7,4571.52,32000.64,2025-10-23,Shipped,Net Banking
ORD-6585,STR-2011,CUST-4216,PRD-3352,19,2574.35,48912.65,2025-11-08,Delivered,Escrow
ORD-6586,STR-2051,CUST-4050,PRD-3325,5,3699.01,18495.05,2025-03-01,Delivered,Escrow
ORD-6587,STR-2016,CUST-4888,PRD-3352,23,4806.55,110550.65,2025-07-29,Shipped,Escrow
ORD-6588,STR-2007,CUST-4118,PRD-3311,25,3768.2,94205.0,2025-02-15,Delivered,UPI
ORD-6589,STR-2049,CUST-4413,PRD-3054,5,4579.43,22897.15,2025-01-22,Delivered,COD
ORD-6590,STR-2093,CUST-4033,PRD-3229,5,3656.55,18282.75,2025-12-05,Cancelled,COD
ORD-6591,STR-2098,CUST-4449,PRD-3478,8,1110.06,8880.48,2025-11-15,Cancelled,Escrow
ORD-6592,STR-2005,CUST-4301,PRD-3293,7,2242.53,15697.71,2025-06-22,Delivered,COD
ORD-6593,STR-2002,CUST-4677,PRD-3092,15,3305.54,49583.1,2025-12-07,Returned,Credit Card
ORD-6594,STR-2100,CUST-4534,PRD-3054,5,3857.15,19285.75,2025-05-25,Delivered,UPI
ORD-6595,STR-2012,CUST-4292,PRD-3012,18,3462.75,62329.5,2025-11-17,Processing,Escrow
ORD-6596,STR-2044,CUST-4881,PRD-3005,19,3374.88,64122.72,2025-03-10,Delivered,COD
ORD-6597,STR-2037,CUST-4385,PRD-3066,1,4223.96,4223.96,2025-10-30,Delivered,Credit Card
ORD-6598,STR-2045,CUST-4739,PRD-3195,3,4080.75,12242.25,2026-01-12,Cancelled,UPI
ORD-6599,STR-2028,CUST-4733,PRD-3342,19,3041.58,57790.02,2025-03-07,Returned,COD
ORD-6600,STR-2064,CUST-4844,PRD-3009,25,621.27,15531.75,2025-08-21,Delivered,Escrow
ORD-6601,STR-2036,CUST-4196,PRD-3218,12,2816.02,33792.24,2025-10-04,Delivered,Net Banking
ORD-6602,STR-2040,CUST-4781,PRD-3474,5,1178.26,5891.3,2025-01-14,Delivered,UPI
ORD-6603,STR-2096,CUST-4798,PRD-3080,1,833.1,833.1,2025-09-04,Delivered,Net Banking
ORD-6604,STR-2016,CUST-4371,PRD-3315,6,2474.66,14847.96,2025-10-13,Shipped,Credit Card
ORD-6605,STR-2008,CUST-4171,PRD-3307,20,448.37,8967.4,2026-01-04,Cancelled,UPI
ORD-6606,STR-2056,CUST-4437,PRD-3442,19,258.54,4912.26,2025-04-27,Delivered,Escrow
ORD-6607,STR-2037,CUST-4544,PRD-3333,4,1810.59,7242.36,2025-05-14,Returned,Escrow
ORD-6608,STR-2088,CUST-4647,PRD-3329,1,1225.91,1225.91,2025-12-30,Returned,Credit Card
ORD-6609,STR-2005,CUST-4256,PRD-3031,4,231.77,927.08,2025-07-05,Shipped,Net Banking
ORD-6610,STR-2073,CUST-4937,PRD-3394,21,2339.65,49132.65,2025-08-05,Returned,Credit Card
ORD-6611,STR-2080,CUST-4067,PRD-3190,15,3012.1,45181.5,2026-02-03,Delivered,Credit Card
ORD-6612,STR-2037,CUST-4436,PRD-3432,6,4736.99,28421.94,2025-05-09,Shipped,UPI
ORD-6613,STR-2018,CUST-4857,PRD-3415,9,2389.47,21505.23,2025-01-02,Delivered,UPI
ORD-6614,STR-2072,CUST-4061,PRD-3394,4,4016.71,16066.84,2025-09-21,Delivered,UPI
ORD-6615,STR-2027,CUST-4028,PRD-3413,24,3993.77,95850.48,2025-10-11,Delivered,UPI
ORD-6616,STR-2058,CUST-4409,PRD-3142,25,4724.57,118114.25,2025-09-08,Delivered,Net Banking
ORD-6617,STR-2067,CUST-4044,PRD-3279,1,2656.73,2656.73,2026-02-20,Cancelled,Credit Card
ORD-6618,STR-2058,CUST-4110,PRD-3076,19,297.84,5658.96,2026-01-04,Delivered,Credit Card
ORD-6619,STR-2091,CUST-4063,PRD-3238,3,1098.11,3294.33,2025-01-22,Shipped,Net Banking
ORD-6620,STR-2014,CUST-4253,PRD-3028,15,3606.21,54093.15,2025-06-20,Delivered,UPI
ORD-6621,STR-2037,CUST-4370,PRD-3497,17,4776.35,81197.95,2025-09-09,Delivered,Escrow
ORD-6622,STR-2052,CUST-4180,PRD-3059,23,1103.28,25375.44,2025-01-09,Processing,Net Banking
ORD-6623,STR-2024,CUST-4358,PRD-3273,17,3430.38,58316.46,2025-08-17,Shipped,Net Banking
ORD-6624,STR-2077,CUST-4260,PRD-3255,1,1142.13,1142.13,2025-10-15,Delivered,Credit Card
ORD-6625,STR-2026,CUST-4688,PRD-3412,25,1121.77,28044.25,2025-07-26,Delivered,Net Banking
ORD-6626,STR-2033,CUST-4859,PRD-3224,13,2268.52,29490.76,2025-03-18,Delivered,Credit Card
ORD-6627,STR-2075,CUST-4066,PRD-3269,8,4178.86,33430.88,2025-12-25,Returned,Net Banking
ORD-6628,STR-2003,CUST-4033,PRD-3030,9,2104.47,18940.23,2025-08-06,Delivered,Credit Card
ORD-6629,STR-2043,CUST-4642,PRD-3302,1,3812.22,3812.22,2026-02-12,Delivered,UPI
ORD-6630,STR-2058,CUST-4603,PRD-3249,22,2416.69,53167.18,2025-05-10,Delivered,UPI
ORD-6631,STR-2096,CUST-4671,PRD-3135,19,1294.37,24593.03,2026-01-29,Processing,UPI
ORD-6632,STR-2092,CUST-4577,PRD-3388,23,4310.91,99150.93,2025-11-20,Cancelled,Credit Card
ORD-6633,STR-2074,CUST-4004,PRD-3162,8,3388.39,27107.12,2025-12-29,Delivered,Credit Card
ORD-6634,STR-2023,CUST-4044,PRD-3131,20,3102.92,62058.4,2025-01-20,Returned,COD
ORD-6635,STR-2039,CUST-4663,PRD-3426,20,4135.3,82706.0,2025-07-22,Returned,COD
ORD-6636,STR-2068,CUST-4505,PRD-3328,8,3292.93,26343.44,2025-04-12,Shipped,COD
ORD-6637,STR-2057,CUST-4702,PRD-3062,14,2003.77,28052.78,2025-10-12,Cancelled,Credit Card
ORD-6638,STR-2014,CUST-4421,PRD-3465,13,4783.94,62191.22,2025-03-18,Delivered,Net Banking
ORD-6639,STR-2037,CUST-4976,PRD-3026,16,2477.48,39639.68,2025-05-17,Delivered,Escrow
ORD-6640,STR-2023,CUST-4781,PRD-3166,14,1037.62,14526.68,2026-01-13,Cancelled,COD
ORD-6641,STR-2086,CUST-4606,PRD-3305,10,2976.89,29768.9,2025-02-28,Processing,Net Banking
ORD-6642,STR-2002,CUST-4069,PRD-3365,9,950.94,8558.46,2025-08-09,Returned,Escrow
ORD-6643,STR-2004,CUST-4220,PRD-3240,2,2650.52,5301.04,2026-02-24,Processing,Escrow
ORD-6644,STR-2014,CUST-4092,PRD-3211,2,4228.98,8457.96,2025-12-05,Cancelled,UPI
ORD-6645,STR-2081,CUST-4823,PRD-3339,21,1408.53,29579.13,2026-03-12,Processing,UPI
ORD-6646,STR-2031,CUST-4379,PRD-3351,23,3791.99,87215.77,2025-10-20,Processing,COD
ORD-6647,STR-2065,CUST-4907,PRD-3400,19,2325.61,44186.59,2025-03-17,Delivered,UPI
ORD-6648,STR-2057,CUST-4986,PRD-3012,24,4205.96,100943.04,2025-09-15,Cancelled,COD
ORD-6649,STR-2038,CUST-4951,PRD-3339,17,298.1,5067.7,2026-02-25,Returned,UPI
ORD-6650,STR-2070,CUST-4951,PRD-3205,9,1624.95,14624.55,2025-03-12,Delivered,UPI
ORD-6651,STR-2058,CUST-4970,PRD-3451,12,2681.44,32177.28,2026-01-13,Delivered,COD
ORD-6652,STR-2057,CUST-4996,PRD-3260,12,2272.69,27272.28,2025-01-06,Processing,Escrow
ORD-6653,STR-2008,CUST-4832,PRD-3014,9,2769.46,24925.14,2025-08-03,Shipped,Credit Card
ORD-6654,STR-2061,CUST-4683,PRD-3048,6,4234.28,25405.68,2025-07-14,Processing,UPI
ORD-6655,STR-2039,CUST-4610,PRD-3207,3,3858.36,11575.08,2025-12-09,Delivered,Escrow
ORD-6656,STR-2066,CUST-4913,PRD-3256,22,4113.14,90489.08,2025-05-19,Returned,Escrow
ORD-6657,STR-2077,CUST-4687,PRD-3217,18,4533.49,81602.82,2025-03-19,Shipped,Net Banking
ORD-6658,STR-2075,CUST-4966,PRD-3344,16,3373.23,53971.68,2025-01-26,Delivered,UPI
ORD-6659,STR-2076,CUST-4364,PRD-3118,23,721.88,16603.24,2026-02-09,Delivered,COD
ORD-6660,STR-2055,CUST-4116,PRD-3182,14,363.5,5089.0,2025-10-10,Cancelled,Escrow
ORD-6661,STR-2023,CUST-4500,PRD-3146,22,4484.75,98664.5,2025-12-20,Processing,COD
ORD-6662,STR-2029,CUST-4342,PRD-3371,13,1867.11,24272.43,2026-02-03,Shipped,COD
ORD-6663,STR-2085,CUST-4687,PRD-3329,13,1031.37,13407.81,2025-11-24,Delivered,COD
ORD-6664,STR-2054,CUST-4719,PRD-3328,10,4200.17,42001.7,2025-07-12,Shipped,COD
ORD-6665,STR-2032,CUST-4738,PRD-3136,20,2232.14,44642.8,2025-05-17,Shipped,COD
ORD-6666,STR-2040,CUST-4156,PRD-3034,15,206.33,3094.95,2025-10-15,Delivered,UPI
ORD-6667,STR-2050,CUST-4146,PRD-3082,12,2962.99,35555.88,2025-05-05,Returned,Net Banking
ORD-6668,STR-2036,CUST-4556,PRD-3280,5,151.67,758.35,2025-10-21,Returned,Escrow
ORD-6669,STR-2035,CUST-4548,PRD-3205,18,3528.94,63520.92,2025-04-27,Processing,UPI
ORD-6670,STR-2056,CUST-4141,PRD-3133,13,2475.69,32183.97,2026-01-21,Processing,Net Banking
ORD-6671,STR-2078,CUST-4590,PRD-3035,14,256.97,3597.58,2026-03-03,Delivered,UPI
ORD-6672,STR-2039,CUST-4076,PRD-3110,4,2994.52,11978.08,2026-01-23,Cancelled,Escrow
ORD-6673,STR-2046,CUST-4678,PRD-3387,20,3254.47,65089.4,2025-03-25,Returned,Escrow
ORD-6674,STR-2092,CUST-4418,PRD-3056,8,1184.72,9477.76,2026-01-04,Shipped,UPI
ORD-6675,STR-2044,CUST-4192,PRD-3128,2,4604.0,9208.0,2025-06-14,Processing,COD
ORD-6676,STR-2013,CUST-4411,PRD-3171,25,4175.79,104394.75,2025-01-12,Delivered,Credit Card
ORD-6677,STR-2036,CUST-4769,PRD-3155,16,851.53,13624.48,2025-03-05,Processing,UPI
ORD-6678,STR-2055,CUST-4326,PRD-3333,2,4384.25,8768.5,2025-12-23,Delivered,Credit Card
ORD-6679,STR-2004,CUST-4807,PRD-3291,14,2100.01,29400.14,2025-02-02,Shipped,Net Banking
ORD-6680,STR-2096,CUST-4067,PRD-3396,17,764.87,13002.79,2025-05-13,Processing,COD
ORD-6681,STR-2074,CUST-4772,PRD-3280,21,352.88,7410.48,2025-10-05,Cancelled,UPI
ORD-6682,STR-2052,CUST-4473,PRD-3427,18,855.48,15398.64,2025-05-20,Delivered,Net Banking
ORD-6683,STR-2035,CUST-4424,PRD-3265,4,3968.29,15873.16,2026-03-06,Delivered,COD
ORD-6684,STR-2024,CUST-4942,PRD-3202,21,1976.18,41499.78,2025-05-16,Processing,Net Banking
ORD-6685,STR-2079,CUST-4680,PRD-3276,20,4053.12,81062.4,2025-05-08,Cancelled,COD
ORD-6686,STR-2051,CUST-4714,PRD-3317,18,2285.68,41142.24,2025-09-17,Shipped,COD
ORD-6687,STR-2040,CUST-4706,PRD-3457,3,1737.53,5212.59,2025-10-29,Delivered,Credit Card
ORD-6688,STR-2085,CUST-4051,PRD-3057,4,3126.43,12505.72,2026-01-05,Processing,Escrow
ORD-6689,STR-2008,CUST-4866,PRD-3352,25,2467.12,61678.0,2025-07-04,Delivered,Net Banking
ORD-6690,STR-2089,CUST-4046,PRD-3180,4,491.36,1965.44,2025-02-10,Shipped,UPI
ORD-6691,STR-2030,CUST-4853,PRD-3306,18,3800.63,68411.34,2025-10-12,Returned,Net Banking
ORD-6692,STR-2027,CUST-4432,PRD-3161,8,2142.33,17138.64,2025-12-30,Cancelled,Escrow
ORD-6693,STR-2013,CUST-4528,PRD-3297,9,1739.12,15652.08,2025-11-03,Delivered,Net Banking
ORD-6694,STR-2063,CUST-4008,PRD-3026,1,3031.47,3031.47,2025-11-30,Processing,Credit Card
ORD-6695,STR-2018,CUST-4306,PRD-3272,19,1363.56,25907.64,2025-01-25,Delivered,Net Banking
ORD-6696,STR-2049,CUST-4699,PRD-3443,9,3959.76,35637.84,2026-01-15,Returned,COD
ORD-6697,STR-2079,CUST-4446,PRD-3221,16,2140.73,34251.68,2025-06-17,Returned,Net Banking
ORD-6698,STR-2034,CUST-4166,PRD-3008,10,1676.53,16765.3,2026-03-19,Delivered,Net Banking
ORD-6699,STR-2097,CUST-4454,PRD-3175,18,4478.45,80612.1,2025-10-20,Shipped,Credit Card
ORD-6700,STR-2099,CUST-4327,PRD-3494,8,1082.59,8660.72,2025-09-17,Returned,COD
ORD-6701,STR-2004,CUST-4436,PRD-3067,8,4306.63,34453.04,2025-07-09,Delivered,Net Banking
ORD-6702,STR-2049,CUST-4803,PRD-3067,21,1043.98,21923.58,2025-08-03,Delivered,Credit Card
ORD-6703,STR-2007,CUST-4112,PRD-3204,21,1769.91,37168.11,2025-11-08,Delivered,Escrow
ORD-6704,STR-2007,CUST-4010,PRD-3356,22,2213.65,48700.3,2026-03-15,Delivered,UPI
ORD-6705,STR-2023,CUST-4156,PRD-3151,6,4821.9,28931.4,2026-02-13,Shipped,Net Banking
ORD-6706,STR-2062,CUST-4711,PRD-3337,16,1656.49,26503.84,2025-03-10,Returned,Credit Card
ORD-6707,STR-2079,CUST-4069,PRD-3200,1,652.73,652.73,2025-04-01,Delivered,UPI
ORD-6708,STR-2012,CUST-4382,PRD-3467,17,4104.13,69770.21,2025-05-09,Processing,COD
ORD-6709,STR-2082,CUST-4398,PRD-3031,1,3838.39,3838.39,2025-10-02,Delivered,UPI
ORD-6710,STR-2061,CUST-4603,PRD-3265,13,2483.82,32289.66,2025-09-11,Processing,Escrow
ORD-6711,STR-2026,CUST-4896,PRD-3041,6,2952.52,17715.12,2025-07-03,Shipped,UPI
ORD-6712,STR-2035,CUST-4457,PRD-3070,23,2131.46,49023.58,2025-05-15,Returned,Escrow
ORD-6713,STR-2082,CUST-4832,PRD-3218,3,864.28,2592.84,2025-02-26,Delivered,UPI
ORD-6714,STR-2027,CUST-4542,PRD-3129,8,3716.77,29734.16,2025-09-03,Delivered,Escrow
ORD-6715,STR-2056,CUST-4355,PRD-3357,19,3688.06,70073.14,2026-03-20,Returned,COD
ORD-6716,STR-2007,CUST-4473,PRD-3284,12,4872.46,58469.52,2025-11-22,Delivered,Credit Card
ORD-6717,STR-2034,CUST-4971,PRD-3264,6,1652.35,9914.1,2025-03-05,Cancelled,COD
ORD-6718,STR-2089,CUST-4770,PRD-3120,17,1722.85,29288.45,2025-05-10,Delivered,Credit Card
ORD-6719,STR-2007,CUST-4033,PRD-3347,14,1384.15,19378.1,2025-12-01,Delivered,Credit Card
ORD-6720,STR-2084,CUST-4479,PRD-3174,24,856.36,20552.64,2025-04-11,Returned,UPI
ORD-6721,STR-2015,CUST-4144,PRD-3484,7,897.69,6283.83,2026-01-01,Shipped,Credit Card
ORD-6722,STR-2099,CUST-4551,PRD-3315,25,3721.92,93048.0,2025-09-09,Cancelled,COD
ORD-6723,STR-2094,CUST-4836,PRD-3044,15,2276.18,34142.7,2026-02-01,Shipped,Escrow
ORD-6724,STR-2032,CUST-4681,PRD-3151,21,3261.35,68488.35,2026-01-16,Delivered,Net Banking
ORD-6725,STR-2022,CUST-4032,PRD-3099,18,2763.65,49745.7,2025-12-17,Delivered,UPI
ORD-6726,STR-2061,CUST-4363,PRD-3366,1,3327.02,3327.02,2025-02-01,Returned,UPI
ORD-6727,STR-2078,CUST-4803,PRD-3199,8,4159.5,33276.0,2025-05-11,Delivered,Escrow
ORD-6728,STR-2005,CUST-4396,PRD-3312,8,1726.25,13810.0,2025-10-07,Processing,Escrow
ORD-6729,STR-2035,CUST-4640,PRD-3458,8,1755.47,14043.76,2025-04-28,Delivered,UPI
ORD-6730,STR-2005,CUST-4879,PRD-3472,23,3971.02,91333.46,2026-01-15,Delivered,COD
ORD-6731,STR-2009,CUST-4733,PRD-3447,13,2286.63,29726.19,2025-09-16,Delivered,COD
ORD-6732,STR-2009,CUST-4863,PRD-3218,12,4946.16,59353.92,2025-05-23,Delivered,Credit Card
ORD-6733,STR-2086,CUST-4979,PRD-3185,9,1420.15,12781.35,2025-01-28,Returned,COD
ORD-6734,STR-2027,CUST-4840,PRD-3274,12,3488.91,41866.92,2025-09-01,Processing,COD
ORD-6735,STR-2028,CUST-4462,PRD-3361,18,669.69,12054.42,2025-11-25,Cancelled,Credit Card
ORD-6736,STR-2031,CUST-4660,PRD-3306,4,863.36,3453.44,2025-08-22,Processing,COD
ORD-6737,STR-2085,CUST-4262,PRD-3448,18,3716.4,66895.2,2026-02-16,Processing,COD
ORD-6738,STR-2075,CUST-4436,PRD-3301,17,2645.29,44969.93,2025-03-21,Returned,COD
ORD-6739,STR-2008,CUST-4314,PRD-3162,16,2957.06,47312.96,2025-03-10,Returned,Net Banking
ORD-6740,STR-2014,CUST-4281,PRD-3430,15,3452.97,51794.55,2025-05-10,Shipped,Escrow
ORD-6741,STR-2005,CUST-4830,PRD-3046,24,4934.5,118428.0,2025-10-04,Cancelled,Net Banking
ORD-6742,STR-2091,CUST-4259,PRD-3090,9,791.18,7120.62,2025-04-15,Returned,COD
ORD-6743,STR-2084,CUST-4232,PRD-3304,15,939.26,14088.9,2025-05-01,Delivered,COD
ORD-6744,STR-2014,CUST-4155,PRD-3500,4,4928.85,19715.4,2025-12-04,Processing,Net Banking
ORD-6745,STR-2004,CUST-4402,PRD-3472,6,4726.95,28361.7,2025-10-18,Delivered,Escrow
ORD-6746,STR-2067,CUST-4888,PRD-3264,2,3601.7,7203.4,2025-10-13,Delivered,Escrow
ORD-6747,STR-2019,CUST-4125,PRD-3023,4,222.28,889.12,2025-04-28,Delivered,UPI
ORD-6748,STR-2003,CUST-4065,PRD-3355,17,2021.81,34370.77,2025-08-11,Shipped,UPI
ORD-6749,STR-2006,CUST-4932,PRD-3016,17,4230.18,71913.06,2025-11-02,Cancelled,COD
ORD-6750,STR-2087,CUST-4493,PRD-3367,13,740.26,9623.38,2025-10-08,Delivered,Credit Card
ORD-6751,STR-2025,CUST-4382,PRD-3197,3,1550.5,4651.5,2026-01-06,Delivered,COD
ORD-6752,STR-2038,CUST-4951,PRD-3164,21,1333.25,27998.25,2025-02-13,Processing,COD
ORD-6753,STR-2097,CUST-4049,PRD-3403,16,1490.36,23845.76,2026-02-05,Returned,COD
ORD-6754,STR-2083,CUST-4142,PRD-3100,11,1650.25,18152.75,2026-03-20,Processing,Credit Card
ORD-6755,STR-2087,CUST-4810,PRD-3051,2,167.7,335.4,2026-01-11,Returned,UPI
ORD-6756,STR-2059,CUST-4856,PRD-3385,13,4592.6,59703.8,2025-01-02,Delivered,Credit Card
ORD-6757,STR-2043,CUST-4976,PRD-3381,19,1989.07,37792.33,2026-03-04,Delivered,Credit Card
ORD-6758,STR-2003,CUST-4925,PRD-3353,2,2264.17,4528.34,2025-12-09,Shipped,Net Banking
ORD-6759,STR-2035,CUST-4095,PRD-3038,1,4539.19,4539.19,2025-07-21,Delivered,Credit Card
ORD-6760,STR-2012,CUST-4726,PRD-3047,23,4227.51,97232.73,2025-04-26,Delivered,UPI
ORD-6761,STR-2058,CUST-4555,PRD-3166,4,2084.29,8337.16,2026-02-23,Processing,Credit Card
ORD-6762,STR-2099,CUST-4634,PRD-3241,2,2685.54,5371.08,2025-01-08,Delivered,COD
ORD-6763,STR-2098,CUST-4200,PRD-3221,14,2808.94,39325.16,2025-05-31,Processing,Escrow
ORD-6764,STR-2049,CUST-4548,PRD-3372,19,2888.32,54878.08,2025-07-27,Delivered,Net Banking
ORD-6765,STR-2078,CUST-4471,PRD-3402,1,2710.58,2710.58,2025-10-04,Shipped,COD
ORD-6766,STR-2072,CUST-4533,PRD-3460,21,2893.9,60771.9,2025-08-30,Processing,Net Banking
ORD-6767,STR-2079,CUST-4075,PRD-3187,1,1949.33,1949.33,2025-10-30,Shipped,Escrow
ORD-6768,STR-2047,CUST-4465,PRD-3433,3,2911.35,8734.05,2025-07-13,Delivered,COD
ORD-6769,STR-2031,CUST-4130,PRD-3012,3,793.6,2380.8,2025-12-26,Returned,Credit Card
ORD-6770,STR-2059,CUST-4870,PRD-3494,21,2681.59,56313.39,2025-10-14,Returned,Escrow
ORD-6771,STR-2049,CUST-4016,PRD-3155,3,2833.49,8500.47,2025-01-03,Returned,COD
ORD-6772,STR-2048,CUST-4957,PRD-3072,3,3952.23,11856.69,2025-07-04,Delivered,COD
ORD-6773,STR-2041,CUST-4995,PRD-3491,4,2383.77,9535.08,2025-08-22,Delivered,UPI
ORD-6774,STR-2086,CUST-4766,PRD-3071,16,1589.47,25431.52,2025-11-05,Delivered,UPI
ORD-6775,STR-2013,CUST-4555,PRD-3345,21,2824.42,59312.82,2025-05-24,Delivered,COD
ORD-6776,STR-2092,CUST-4607,PRD-3207,5,2263.35,11316.75,2025-04-01,Delivered,Escrow
ORD-6777,STR-2078,CUST-4966,PRD-3245,11,2634.3,28977.3,2025-02-08,Shipped,UPI
ORD-6778,STR-2091,CUST-4903,PRD-3468,9,3646.88,32821.92,2025-07-07,Delivered,Escrow
ORD-6779,STR-2014,CUST-4844,PRD-3284,12,3452.92,41435.04,2025-07-10,Shipped,UPI
ORD-6780,STR-2041,CUST-4446,PRD-3400,17,763.13,12973.21,2026-03-09,Processing,Escrow
ORD-6781,STR-2017,CUST-4865,PRD-3446,12,2560.18,30722.16,2025-01-01,Cancelled,COD
ORD-6782,STR-2003,CUST-4961,PRD-3376,2,457.34,914.68,2025-07-24,Delivered,Credit Card
ORD-6783,STR-2053,CUST-4282,PRD-3487,2,2377.89,4755.78,2025-04-19,Returned,Escrow
ORD-6784,STR-2036,CUST-4868,PRD-3443,16,4960.62,79369.92,2025-09-15,Delivered,COD
ORD-6785,STR-2079,CUST-4336,PRD-3455,24,4444.57,106669.68,2025-05-24,Delivered,UPI
ORD-6786,STR-2012,CUST-4498,PRD-3267,21,4734.8,99430.8,2026-02-23,Processing,Escrow
ORD-6787,STR-2021,CUST-4706,PRD-3135,23,2345.23,53940.29,2025-02-16,Delivered,Net Banking
ORD-6788,STR-2010,CUST-4399,PRD-3483,18,4632.35,83382.3,2026-02-11,Returned,Credit Card
ORD-6789,STR-2001,CUST-4494,PRD-3034,2,3963.56,7927.12,2025-10-15,Cancelled,UPI
ORD-6790,STR-2012,CUST-4119,PRD-3295,12,4877.41,58528.92,2025-11-09,Delivered,Net Banking
ORD-6791,STR-2014,CUST-4836,PRD-3337,3,1677.67,5033.01,2025-08-07,Delivered,UPI
ORD-6792,STR-2096,CUST-4372,PRD-3117,15,408.21,6123.15,2025-10-19,Delivered,Escrow
ORD-6793,STR-2006,CUST-4034,PRD-3237,3,4076.86,12230.58,2025-10-31,Delivered,UPI
ORD-6794,STR-2001,CUST-4980,PRD-3248,9,4544.35,40899.15,2026-03-01,Cancelled,UPI
ORD-6795,STR-2065,CUST-4588,PRD-3403,10,2874.61,28746.1,2025-06-17,Cancelled,Credit Card
ORD-6796,STR-2030,CUST-4831,PRD-3331,5,4017.63,20088.15,2025-09-25,Shipped,Net Banking
ORD-6797,STR-2076,CUST-4569,PRD-3294,7,4346.24,30423.68,2025-07-31,Delivered,Escrow
ORD-6798,STR-2077,CUST-4264,PRD-3143,16,3865.06,61840.96,2025-07-31,Returned,UPI
ORD-6799,STR-2080,CUST-4813,PRD-3370,17,4639.62,78873.54,2025-08-31,Delivered,Credit Card
ORD-6800,STR-2069,CUST-4085,PRD-3110,25,3667.96,91699.0,2025-02-06,Delivered,Credit Card
ORD-6801,STR-2043,CUST-4047,PRD-3079,12,3907.21,46886.52,2025-12-06,Processing,Net Banking
ORD-6802,STR-2029,CUST-4702,PRD-3094,3,2421.12,7263.36,2025-06-01,Delivered,Credit Card
ORD-6803,STR-2057,CUST-4263,PRD-3269,25,4424.35,110608.75,2025-05-04,Delivered,Escrow
ORD-6804,STR-2054,CUST-4543,PRD-3031,13,4330.91,56301.83,2025-10-07,Shipped,UPI
ORD-6805,STR-2096,CUST-4440,PRD-3230,7,3003.19,21022.33,2025-04-23,Cancelled,Credit Card
ORD-6806,STR-2039,CUST-4954,PRD-3278,17,1096.87,18646.79,2025-06-05,Delivered,Credit Card
ORD-6807,STR-2030,CUST-4392,PRD-3472,21,4849.88,101847.48,2025-06-02,Shipped,Escrow
ORD-6808,STR-2070,CUST-4049,PRD-3170,11,407.4,4481.4,2026-02-22,Shipped,Credit Card
ORD-6809,STR-2091,CUST-4052,PRD-3202,12,2327.58,27930.96,2025-06-21,Delivered,UPI
ORD-6810,STR-2047,CUST-4984,PRD-3204,6,1149.05,6894.3,2025-04-04,Cancelled,UPI
ORD-6811,STR-2077,CUST-4035,PRD-3277,11,4526.22,49788.42,2025-06-16,Delivered,UPI
ORD-6812,STR-2064,CUST-4645,PRD-3359,10,3693.51,36935.1,2025-12-08,Processing,UPI
ORD-6813,STR-2030,CUST-4103,PRD-3487,3,4984.39,14953.17,2025-08-25,Returned,COD
ORD-6814,STR-2050,CUST-4098,PRD-3308,22,242.62,5337.64,2025-06-18,Returned,Credit Card
ORD-6815,STR-2091,CUST-4966,PRD-3228,22,2036.97,44813.34,2025-12-18,Cancelled,Escrow
ORD-6816,STR-2022,CUST-4650,PRD-3013,13,3627.87,47162.31,2025-07-09,Delivered,Credit Card
ORD-6817,STR-2035,CUST-4716,PRD-3482,3,3460.55,10381.65,2025-01-01,Delivered,Escrow
ORD-6818,STR-2024,CUST-4449,PRD-3462,11,3956.93,43526.23,2025-10-17,Delivered,UPI
ORD-6819,STR-2002,CUST-4162,PRD-3441,14,3833.8,53673.2,2025-12-25,Delivered,UPI
ORD-6820,STR-2041,CUST-4114,PRD-3173,7,4334.69,30342.83,2025-04-04,Delivered,COD
ORD-6821,STR-2034,CUST-4451,PRD-3325,20,1797.95,35959.0,2025-08-13,Delivered,UPI
ORD-6822,STR-2064,CUST-4103,PRD-3392,15,3565.29,53479.35,2026-03-09,Delivered,Net Banking
ORD-6823,STR-2077,CUST-4564,PRD-3026,12,3585.24,43022.88,2025-10-30,Cancelled,Credit Card
ORD-6824,STR-2083,CUST-4029,PRD-3468,8,3382.17,27057.36,2026-03-01,Delivered,UPI
ORD-6825,STR-2002,CUST-4403,PRD-3148,22,3166.9,69671.8,2025-06-05,Returned,UPI
ORD-6826,STR-2027,CUST-4707,PRD-3460,19,724.81,13771.39,2025-05-23,Delivered,Escrow
ORD-6827,STR-2005,CUST-4900,PRD-3110,14,371.19,5196.66,2025-11-10,Cancelled,Credit Card
ORD-6828,STR-2009,CUST-4074,PRD-3278,10,3190.28,31902.8,2025-02-18,Delivered,Credit Card
ORD-6829,STR-2079,CUST-4632,PRD-3457,6,4805.25,28831.5,2025-07-03,Delivered,Escrow
ORD-6830,STR-2048,CUST-4703,PRD-3291,11,860.56,9466.16,2025-07-05,Shipped,UPI
ORD-6831,STR-2005,CUST-4061,PRD-3209,16,2911.56,46584.96,2025-10-23,Delivered,UPI
ORD-6832,STR-2051,CUST-4585,PRD-3220,18,435.13,7832.34,2025-10-07,Shipped,Net Banking
ORD-6833,STR-2062,CUST-4270,PRD-3023,25,3522.94,88073.5,2025-05-04,Shipped,COD
ORD-6834,STR-2035,CUST-4712,PRD-3349,5,3625.78,18128.9,2025-04-22,Cancelled,Escrow
ORD-6835,STR-2073,CUST-4869,PRD-3148,10,2968.11,29681.1,2025-07-11,Returned,Escrow
ORD-6836,STR-2003,CUST-4003,PRD-3202,16,2373.61,37977.76,2026-01-24,Returned,Escrow
ORD-6837,STR-2043,CUST-4336,PRD-3005,7,929.3,6505.1,2025-06-28,Returned,UPI
ORD-6838,STR-2010,CUST-4506,PRD-3109,13,1668.55,21691.15,2025-03-08,Shipped,Escrow
ORD-6839,STR-2037,CUST-4109,PRD-3236,18,1385.64,24941.52,2025-10-26,Delivered,Escrow
ORD-6840,STR-2085,CUST-4970,PRD-3294,23,3928.63,90358.49,2025-04-23,Returned,Escrow
ORD-6841,STR-2040,CUST-4339,PRD-3439,4,488.26,1953.04,2026-01-13,Returned,UPI
ORD-6842,STR-2074,CUST-4041,PRD-3330,14,4218.81,59063.34,2025-01-24,Delivered,Escrow
ORD-6843,STR-2001,CUST-4653,PRD-3392,18,2845.56,51220.08,2025-07-31,Processing,Credit Card
ORD-6844,STR-2032,CUST-4015,PRD-3078,4,578.67,2314.68,2025-07-21,Shipped,Escrow
ORD-6845,STR-2018,CUST-4632,PRD-3475,1,1515.71,1515.71,2025-12-14,Delivered,Net Banking
ORD-6846,STR-2043,CUST-4773,PRD-3449,19,2848.95,54130.05,2025-10-06,Shipped,Credit Card
ORD-6847,STR-2073,CUST-4882,PRD-3096,3,979.31,2937.93,2026-01-13,Processing,Net Banking
ORD-6848,STR-2040,CUST-4172,PRD-3203,2,1270.08,2540.16,2026-03-08,Delivered,Net Banking
ORD-6849,STR-2086,CUST-4824,PRD-3452,6,4017.1,24102.6,2025-12-22,Delivered,Net Banking
ORD-6850,STR-2048,CUST-4363,PRD-3267,6,527.03,3162.18,2025-08-25,Shipped,UPI
ORD-6851,STR-2089,CUST-4611,PRD-3065,1,4550.55,4550.55,2025-02-28,Delivered,Credit Card
ORD-6852,STR-2021,CUST-4232,PRD-3366,25,2821.04,70526.0,2025-04-03,Delivered,Net Banking
ORD-6853,STR-2090,CUST-4981,PRD-3087,4,3288.12,13152.48,2025-11-08,Cancelled,Escrow
ORD-6854,STR-2009,CUST-4362,PRD-3465,17,3960.53,67329.01,2025-09-25,Processing,Net Banking
ORD-6855,STR-2093,CUST-4005,PRD-3352,12,2892.89,34714.68,2025-08-11,Delivered,UPI
ORD-6856,STR-2065,CUST-4448,PRD-3109,18,1951.43,35125.74,2025-10-09,Processing,UPI
ORD-6857,STR-2094,CUST-4603,PRD-3451,11,2909.53,32004.83,2025-08-26,Cancelled,Net Banking
ORD-6858,STR-2022,CUST-4721,PRD-3354,4,2001.34,8005.36,2025-09-22,Delivered,UPI
ORD-6859,STR-2097,CUST-4792,PRD-3174,8,2471.94,19775.52,2026-01-27,Returned,COD
ORD-6860,STR-2028,CUST-4069,PRD-3281,13,3101.98,40325.74,2025-03-21,Processing,COD
ORD-6861,STR-2062,CUST-4921,PRD-3089,17,1489.14,25315.38,2025-06-09,Returned,UPI
ORD-6862,STR-2085,CUST-4099,PRD-3264,5,965.39,4826.95,2026-01-22,Shipped,Escrow
ORD-6863,STR-2001,CUST-4056,PRD-3091,18,1186.69,21360.42,2025-05-31,Processing,Escrow
ORD-6864,STR-2081,CUST-4949,PRD-3430,8,806.06,6448.48,2025-03-21,Delivered,Credit Card
ORD-6865,STR-2012,CUST-4285,PRD-3143,16,4938.9,79022.4,2025-12-02,Delivered,Escrow
ORD-6866,STR-2096,CUST-4881,PRD-3269,24,682.08,16369.92,2025-08-04,Delivered,COD
ORD-6867,STR-2078,CUST-4728,PRD-3101,23,199.51,4588.73,2025-03-06,Cancelled,UPI
ORD-6868,STR-2017,CUST-4037,PRD-3325,7,4896.58,34276.06,2025-05-22,Cancelled,Escrow
ORD-6869,STR-2029,CUST-4873,PRD-3068,5,3627.16,18135.8,2025-09-12,Delivered,Escrow
ORD-6870,STR-2090,CUST-4897,PRD-3053,8,1958.71,15669.68,2025-04-10,Delivered,Escrow
ORD-6871,STR-2065,CUST-4096,PRD-3214,11,4448.73,48936.03,2025-07-28,Delivered,Net Banking
ORD-6872,STR-2026,CUST-4003,PRD-3350,2,1820.51,3641.02,2026-02-11,Processing,Escrow
ORD-6873,STR-2057,CUST-4468,PRD-3236,12,2079.74,24956.88,2025-10-27,Delivered,COD
ORD-6874,STR-2069,CUST-4230,PRD-3068,25,494.53,12363.25,2025-01-12,Cancelled,Escrow
ORD-6875,STR-2077,CUST-4092,PRD-3213,22,4434.78,97565.16,2025-12-18,Cancelled,UPI
ORD-6876,STR-2061,CUST-4306,PRD-3194,20,348.25,6965.0,2025-03-23,Processing,COD
ORD-6877,STR-2028,CUST-4123,PRD-3484,1,1428.8,1428.8,2026-03-08,Cancelled,COD
ORD-6878,STR-2036,CUST-4069,PRD-3318,13,2050.63,26658.19,2025-03-19,Processing,UPI
ORD-6879,STR-2026,CUST-4962,PRD-3061,14,2511.21,35156.94,2025-09-14,Delivered,Credit Card
ORD-6880,STR-2052,CUST-4571,PRD-3454,12,4848.87,58186.44,2025-08-02,Returned,Net Banking
ORD-6881,STR-2059,CUST-4977,PRD-3386,2,2008.35,4016.7,2025-12-25,Shipped,Escrow
ORD-6882,STR-2011,CUST-4585,PRD-3263,13,1905.95,24777.35,2025-01-31,Delivered,COD
ORD-6883,STR-2037,CUST-4798,PRD-3391,9,1607.44,14466.96,2025-01-19,Shipped,Net Banking
ORD-6884,STR-2051,CUST-4202,PRD-3351,10,3082.6,30826.0,2025-04-07,Cancelled,Escrow
ORD-6885,STR-2073,CUST-4427,PRD-3177,1,1616.16,1616.16,2025-11-06,Shipped,Escrow
ORD-6886,STR-2059,CUST-4195,PRD-3067,6,2018.9,12113.4,2025-08-11,Returned,UPI
ORD-6887,STR-2012,CUST-4303,PRD-3496,5,1390.27,6951.35,2026-02-07,Shipped,Escrow
ORD-6888,STR-2095,CUST-4352,PRD-3482,21,2840.81,59657.01,2025-06-14,Delivered,Escrow
ORD-6889,STR-2013,CUST-4696,PRD-3264,17,3235.73,55007.41,2025-01-21,Processing,Net Banking
ORD-6890,STR-2077,CUST-4974,PRD-3352,20,625.72,12514.4,2025-11-15,Shipped,Escrow
ORD-6891,STR-2082,CUST-4246,PRD-3371,10,4551.08,45510.8,2025-12-31,Delivered,COD
ORD-6892,STR-2074,CUST-4700,PRD-3195,9,1219.93,10979.37,2025-10-14,Delivered,Escrow
ORD-6893,STR-2018,CUST-4738,PRD-3495,10,4744.09,47440.9,2025-04-06,Delivered,UPI
ORD-6894,STR-2047,CUST-4545,PRD-3121,8,1340.78,10726.24,2025-04-14,Returned,UPI
ORD-6895,STR-2089,CUST-4247,PRD-3040,3,3576.07,10728.21,2025-07-07,Returned,COD
ORD-6896,STR-2064,CUST-4416,PRD-3015,12,4903.67,58844.04,2025-05-17,Delivered,Net Banking
ORD-6897,STR-2100,CUST-4746,PRD-3200,23,2884.02,66332.46,2025-05-18,Shipped,Credit Card
ORD-6898,STR-2059,CUST-4412,PRD-3301,23,4490.34,103277.82,2026-02-13,Delivered,Credit Card
ORD-6899,STR-2026,CUST-4370,PRD-3496,8,2267.44,18139.52,2025-10-16,Shipped,Credit Card
ORD-6900,STR-2051,CUST-4396,PRD-3477,24,3034.04,72816.96,2025-09-15,Shipped,UPI
ORD-6901,STR-2056,CUST-4214,PRD-3464,9,763.39,6870.51,2025-04-01,Delivered,Credit Card
ORD-6902,STR-2048,CUST-4023,PRD-3275,23,4555.05,104766.15,2025-10-21,Delivered,COD
ORD-6903,STR-2040,CUST-4521,PRD-3045,11,1049.02,11539.22,2025-07-24,Processing,Escrow
ORD-6904,STR-2042,CUST-4806,PRD-3482,12,2942.23,35306.76,2025-07-23,Delivered,Net Banking
ORD-6905,STR-2024,CUST-4116,PRD-3437,8,215.7,1725.6,2026-03-22,Delivered,Escrow
ORD-6906,STR-2031,CUST-4377,PRD-3398,23,3004.23,69097.29,2025-03-02,Delivered,Escrow
ORD-6907,STR-2050,CUST-4126,PRD-3478,10,405.3,4053.0,2025-12-08,Delivered,COD
ORD-6908,STR-2075,CUST-4201,PRD-3127,6,4713.65,28281.9,2026-02-23,Delivered,Credit Card
ORD-6909,STR-2100,CUST-4325,PRD-3454,10,1185.43,11854.3,2026-02-19,Delivered,Net Banking
ORD-6910,STR-2073,CUST-4423,PRD-3113,22,3886.05,85493.1,2025-04-26,Delivered,UPI
ORD-6911,STR-2004,CUST-4547,PRD-3331,22,3694.72,81283.84,2025-09-11,Processing,Credit Card
ORD-6912,STR-2022,CUST-4146,PRD-3478,4,535.09,2140.36,2026-01-09,Processing,Net Banking
ORD-6913,STR-2012,CUST-4939,PRD-3478,18,1512.13,27218.34,2025-03-22,Delivered,Credit Card
ORD-6914,STR-2085,CUST-4287,PRD-3379,6,2249.79,13498.74,2025-09-16,Returned,Net Banking
ORD-6915,STR-2034,CUST-4274,PRD-3433,22,3304.86,72706.92,2025-12-14,Shipped,UPI
ORD-6916,STR-2015,CUST-4510,PRD-3100,21,4829.64,101422.44,2026-03-22,Cancelled,UPI
ORD-6917,STR-2089,CUST-4542,PRD-3211,11,4395.26,48347.86,2026-02-25,Delivered,Escrow
ORD-6918,STR-2057,CUST-4474,PRD-3232,5,2949.93,14749.65,2025-07-24,Cancelled,Credit Card
ORD-6919,STR-2053,CUST-4193,PRD-3100,15,166.52,2497.8,2025-05-23,Delivered,UPI
ORD-6920,STR-2098,CUST-4645,PRD-3359,12,4104.16,49249.92,2026-02-21,Shipped,COD
ORD-6921,STR-2009,CUST-4026,PRD-3475,12,1728.6,20743.2,2025-09-23,Cancelled,UPI
ORD-6922,STR-2005,CUST-4026,PRD-3472,5,2496.65,12483.25,2025-12-16,Delivered,Escrow
ORD-6923,STR-2009,CUST-4317,PRD-3096,11,2396.11,26357.21,2026-03-10,Delivered,UPI
ORD-6924,STR-2055,CUST-4028,PRD-3310,10,1249.54,12495.4,2025-10-21,Cancelled,UPI
ORD-6925,STR-2099,CUST-4941,PRD-3112,25,2080.28,52007.0,2026-02-17,Cancelled,UPI
ORD-6926,STR-2064,CUST-4169,PRD-3466,2,1112.53,2225.06,2025-04-12,Shipped,COD
ORD-6927,STR-2045,CUST-4360,PRD-3364,5,2662.77,13313.85,2025-07-20,Delivered,UPI
ORD-6928,STR-2077,CUST-4661,PRD-3096,19,3672.33,69774.27,2026-03-15,Shipped,Escrow
ORD-6929,STR-2045,CUST-4131,PRD-3369,12,4836.85,58042.2,2025-06-30,Returned,Escrow
ORD-6930,STR-2031,CUST-4152,PRD-3087,5,3253.69,16268.45,2026-01-30,Returned,Net Banking
ORD-6931,STR-2030,CUST-4717,PRD-3316,7,4484.06,31388.42,2025-11-05,Processing,Escrow
ORD-6932,STR-2001,CUST-4295,PRD-3187,16,3502.27,56036.32,2026-03-01,Returned,Escrow
ORD-6933,STR-2046,CUST-4231,PRD-3067,8,2202.65,17621.2,2025-02-14,Processing,Credit Card
ORD-6934,STR-2005,CUST-4481,PRD-3204,3,4550.88,13652.64,2025-10-10,Shipped,UPI
ORD-6935,STR-2066,CUST-4192,PRD-3200,20,2564.5,51290.0,2025-03-03,Returned,COD
ORD-6936,STR-2021,CUST-4850,PRD-3438,7,1998.49,13989.43,2025-02-20,Delivered,Net Banking
ORD-6937,STR-2016,CUST-4160,PRD-3203,4,1867.97,7471.88,2026-03-09,Returned,COD
ORD-6938,STR-2029,CUST-4915,PRD-3493,18,3437.19,61869.42,2025-11-20,Delivered,UPI
ORD-6939,STR-2064,CUST-4683,PRD-3407,21,2258.5,47428.5,2025-12-29,Returned,Credit Card
ORD-6940,STR-2069,CUST-4881,PRD-3133,25,2102.31,52557.75,2025-04-13,Delivered,Net Banking
ORD-6941,STR-2097,CUST-4269,PRD-3068,5,1167.63,5838.15,2025-04-21,Cancelled,Escrow
ORD-6942,STR-2019,CUST-4976,PRD-3083,23,2615.54,60157.42,2025-11-21,Delivered,COD
ORD-6943,STR-2038,CUST-4260,PRD-3079,12,2867.03,34404.36,2025-12-10,Returned,COD
ORD-6944,STR-2020,CUST-4735,PRD-3418,22,4955.44,109019.68,2025-11-20,Returned,Escrow
ORD-6945,STR-2023,CUST-4752,PRD-3491,12,2114.38,25372.56,2025-07-13,Delivered,COD
ORD-6946,STR-2044,CUST-4217,PRD-3191,21,389.15,8172.15,2025-07-19,Delivered,Net Banking
ORD-6947,STR-2032,CUST-4069,PRD-3438,21,706.49,14836.29,2025-01-29,Delivered,Net Banking
ORD-6948,STR-2088,CUST-4813,PRD-3252,9,657.03,5913.27,2025-05-01,Delivered,Net Banking
ORD-6949,STR-2086,CUST-4323,PRD-3118,18,4756.42,85615.56,2026-01-31,Delivered,COD
ORD-6950,STR-2042,CUST-4153,PRD-3007,22,497.92,10954.24,2026-02-01,Shipped,Escrow
ORD-6951,STR-2052,CUST-4677,PRD-3030,17,3955.04,67235.68,2025-12-06,Shipped,Escrow
ORD-6952,STR-2074,CUST-4849,PRD-3369,16,3335.73,53371.68,2025-07-17,Delivered,Credit Card
ORD-6953,STR-2094,CUST-4284,PRD-3405,16,368.41,5894.56,2025-06-13,Delivered,COD
ORD-6954,STR-2010,CUST-4819,PRD-3090,21,3349.49,70339.29,2025-07-08,Delivered,Net Banking
ORD-6955,STR-2093,CUST-4275,PRD-3037,3,2896.2,8688.6,2025-12-11,Delivered,Credit Card
ORD-6956,STR-2055,CUST-4279,PRD-3009,19,4676.72,88857.68,2025-02-16,Processing,Net Banking
ORD-6957,STR-2076,CUST-4217,PRD-3303,11,2336.67,25703.37,2025-09-12,Delivered,Escrow
ORD-6958,STR-2008,CUST-4489,PRD-3412,1,4084.34,4084.34,2025-01-10,Delivered,Escrow
ORD-6959,STR-2056,CUST-5000,PRD-3082,22,222.31,4890.82,2025-11-15,Returned,Net Banking
ORD-6960,STR-2013,CUST-4140,PRD-3374,22,585.56,12882.32,2025-06-07,Delivered,Escrow
ORD-6961,STR-2074,CUST-4250,PRD-3385,23,2235.48,51416.04,2025-11-14,Shipped,Net Banking
ORD-6962,STR-2069,CUST-4581,PRD-3332,15,2119.02,31785.3,2025-10-17,Processing,Net Banking
ORD-6963,STR-2028,CUST-4076,PRD-3085,14,2529.17,35408.38,2025-09-05,Delivered,UPI
ORD-6964,STR-2078,CUST-4789,PRD-3095,5,2273.57,11367.85,2025-07-19,Cancelled,UPI
ORD-6965,STR-2059,CUST-4983,PRD-3174,23,2947.36,67789.28,2025-09-29,Processing,COD
ORD-6966,STR-2061,CUST-4665,PRD-3279,14,1859.22,26029.08,2026-03-07,Cancelled,Escrow
ORD-6967,STR-2081,CUST-4702,PRD-3293,23,3510.9,80750.7,2025-04-14,Delivered,COD
ORD-6968,STR-2012,CUST-4646,PRD-3395,13,1744.76,22681.88,2025-04-07,Delivered,COD
ORD-6969,STR-2087,CUST-4743,PRD-3403,19,3239.13,61543.47,2025-04-04,Delivered,UPI
ORD-6970,STR-2019,CUST-4047,PRD-3082,4,2992.55,11970.2,2025-06-30,Returned,UPI
ORD-6971,STR-2100,CUST-4358,PRD-3249,13,1470.59,19117.67,2025-05-25,Processing,Net Banking
ORD-6972,STR-2037,CUST-4492,PRD-3004,23,392.22,9021.06,2025-03-13,Shipped,COD
ORD-6973,STR-2060,CUST-4406,PRD-3157,10,2792.06,27920.6,2026-01-26,Shipped,Net Banking
ORD-6974,STR-2052,CUST-4305,PRD-3294,15,3026.47,45397.05,2025-06-08,Delivered,Net Banking
ORD-6975,STR-2026,CUST-4395,PRD-3456,12,2219.16,26629.92,2025-01-18,Delivered,Credit Card
ORD-6976,STR-2005,CUST-4024,PRD-3209,8,1862.07,14896.56,2025-12-24,Delivered,Net Banking
ORD-6977,STR-2026,CUST-4039,PRD-3302,24,2022.69,48544.56,2025-05-20,Processing,Net Banking
ORD-6978,STR-2079,CUST-4191,PRD-3493,15,2290.69,34360.35,2025-02-26,Cancelled,COD
ORD-6979,STR-2084,CUST-4367,PRD-3071,19,3525.34,66981.46,2025-04-25,Delivered,Escrow
ORD-6980,STR-2007,CUST-4712,PRD-3190,19,2409.87,45787.53,2025-01-05,Delivered,Credit Card
ORD-6981,STR-2045,CUST-4113,PRD-3083,17,931.35,15832.95,2025-07-31,Cancelled,Escrow
ORD-6982,STR-2055,CUST-4307,PRD-3121,3,4288.63,12865.89,2025-11-11,Delivered,COD
ORD-6983,STR-2080,CUST-4871,PRD-3287,19,3852.74,73202.06,2025-11-10,Shipped,Credit Card
ORD-6984,STR-2037,CUST-4424,PRD-3337,14,1352.87,18940.18,2025-06-19,Returned,Credit Card
ORD-6985,STR-2038,CUST-4764,PRD-3114,10,3588.83,35888.3,2026-02-07,Delivered,Credit Card
ORD-6986,STR-2079,CUST-4125,PRD-3203,19,4650.81,88365.39,2025-10-29,Delivered,COD
ORD-6987,STR-2032,CUST-4854,PRD-3362,9,1487.57,13388.13,2025-08-19,Delivered,Escrow
ORD-6988,STR-2074,CUST-4903,PRD-3139,14,1429.4,20011.6,2025-09-27,Returned,COD
ORD-6989,STR-2022,CUST-4150,PRD-3115,2,3027.61,6055.22,2025-09-14,Shipped,Escrow
ORD-6990,STR-2078,CUST-4741,PRD-3245,24,4685.62,112454.88,2025-10-22,Cancelled,COD
ORD-6991,STR-2083,CUST-4790,PRD-3452,17,2975.79,50588.43,2025-05-19,Delivered,Escrow
ORD-6992,STR-2021,CUST-4107,PRD-3496,1,4988.88,4988.88,2026-01-25,Processing,Net Banking
ORD-6993,STR-2017,CUST-4063,PRD-3354,6,708.45,4250.7,2025-09-03,Returned,UPI
ORD-6994,STR-2062,CUST-4335,PRD-3155,17,1836.58,31221.86,2025-05-27,Cancelled,Net Banking
ORD-6995,STR-2048,CUST-4345,PRD-3242,19,789.77,15005.63,2026-02-03,Delivered,UPI
ORD-6996,STR-2032,CUST-4011,PRD-3022,10,1498.97,14989.7,2025-08-10,Returned,Credit Card
ORD-6997,STR-2049,CUST-4952,PRD-3033,5,3659.14,18295.7,2025-04-25,Processing,UPI
ORD-6998,STR-2004,CUST-4145,PRD-3460,24,4392.01,105408.24,2025-02-24,Delivered,UPI
ORD-6999,STR-2027,CUST-4752,PRD-3443,15,1766.59,26498.85,2025-07-21,Returned,Credit Card
ORD-7000,STR-2068,CUST-4724,PRD-3305,13,1073.03,13949.39,2025-10-26,Delivered,Net Banking
ORD-7001,STR-2001,CUST-4569,PRD-3482,14,4858.63,68020.82,2025-02-10,Processing,COD
ORD-7002,STR-2028,CUST-4968,PRD-3036,9,3573.21,32158.89,2025-10-10,Delivered,Escrow
ORD-7003,STR-2034,CUST-4713,PRD-3168,13,2031.25,26406.25,2025-02-13,Delivered,Escrow
ORD-7004,STR-2070,CUST-4564,PRD-3190,2,4442.34,8884.68,2025-06-01,Delivered,Escrow
ORD-7005,STR-2053,CUST-4162,PRD-3478,22,3743.18,82349.96,2025-01-18,Returned,Escrow
ORD-7006,STR-2025,CUST-4318,PRD-3235,10,1038.09,10380.9,2025-07-28,Delivered,UPI
ORD-7007,STR-2003,CUST-4309,PRD-3119,22,2336.2,51396.4,2025-10-24,Shipped,COD
ORD-7008,STR-2095,CUST-4710,PRD-3346,22,2071.79,45579.38,2026-02-25,Processing,UPI
ORD-7009,STR-2005,CUST-4566,PRD-3406,21,1671.89,35109.69,2025-12-29,Delivered,COD
ORD-7010,STR-2036,CUST-4391,PRD-3386,19,4802.43,91246.17,2025-03-20,Returned,UPI
ORD-7011,STR-2083,CUST-4679,PRD-3498,16,2275.05,36400.8,2025-05-27,Delivered,Net Banking
ORD-7012,STR-2034,CUST-4193,PRD-3020,10,1158.02,11580.2,2025-06-13,Delivered,Escrow
ORD-7013,STR-2030,CUST-4550,PRD-3407,12,4744.16,56929.92,2025-03-25,Delivered,COD
ORD-7014,STR-2079,CUST-4967,PRD-3144,14,2045.59,28638.26,2025-04-03,Shipped,Credit Card
ORD-7015,STR-2094,CUST-4894,PRD-3386,25,923.49,23087.25,2025-04-13,Delivered,COD
ORD-7016,STR-2020,CUST-4639,PRD-3407,8,195.2,1561.6,2025-01-09,Delivered,Credit Card
ORD-7017,STR-2052,CUST-4588,PRD-3056,7,1141.39,7989.73,2025-01-06,Delivered,UPI
ORD-7018,STR-2029,CUST-4203,PRD-3130,14,2421.96,33907.44,2025-02-04,Cancelled,UPI
ORD-7019,STR-2086,CUST-4923,PRD-3220,15,1921.22,28818.3,2026-02-22,Delivered,Net Banking
ORD-7020,STR-2055,CUST-4146,PRD-3398,16,3106.91,49710.56,2025-06-27,Returned,Credit Card
ORD-7021,STR-2032,CUST-4921,PRD-3384,2,991.77,1983.54,2025-11-25,Delivered,Escrow
ORD-7022,STR-2008,CUST-4081,PRD-3483,6,4564.64,27387.84,2026-01-12,Processing,COD
ORD-7023,STR-2099,CUST-4265,PRD-3418,16,977.54,15640.64,2025-01-15,Delivered,Credit Card
ORD-7024,STR-2092,CUST-4940,PRD-3487,5,376.33,1881.65,2025-10-04,Delivered,Net Banking
ORD-7025,STR-2009,CUST-4970,PRD-3498,19,4076.07,77445.33,2026-02-13,Returned,UPI
ORD-7026,STR-2012,CUST-4466,PRD-3368,6,4794.42,28766.52,2025-12-05,Returned,Escrow
ORD-7027,STR-2038,CUST-4054,PRD-3452,12,433.68,5204.16,2026-02-21,Cancelled,Net Banking
ORD-7028,STR-2034,CUST-4677,PRD-3453,18,2393.46,43082.28,2026-02-02,Delivered,Net Banking
ORD-7029,STR-2083,CUST-4652,PRD-3354,16,1707.41,27318.56,2025-05-14,Shipped,UPI
ORD-7030,STR-2080,CUST-4806,PRD-3427,20,4688.22,93764.4,2025-04-04,Delivered,UPI
ORD-7031,STR-2050,CUST-4369,PRD-3328,18,1252.84,22551.12,2026-03-23,Shipped,Escrow
ORD-7032,STR-2087,CUST-4481,PRD-3323,5,1796.47,8982.35,2026-03-23,Delivered,Escrow
ORD-7033,STR-2020,CUST-4325,PRD-3307,2,4042.92,8085.84,2025-10-27,Returned,Credit Card
ORD-7034,STR-2050,CUST-4404,PRD-3389,18,1516.47,27296.46,2025-05-11,Processing,Escrow
ORD-7035,STR-2032,CUST-4498,PRD-3128,21,1059.99,22259.79,2025-10-21,Returned,UPI
ORD-7036,STR-2024,CUST-4103,PRD-3067,3,566.87,1700.61,2025-01-25,Delivered,COD
ORD-7037,STR-2059,CUST-4990,PRD-3263,2,1293.18,2586.36,2025-06-27,Cancelled,COD
ORD-7038,STR-2054,CUST-4827,PRD-3471,24,3128.83,75091.92,2025-12-09,Delivered,Net Banking
ORD-7039,STR-2007,CUST-4884,PRD-3423,16,1563.04,25008.64,2025-01-19,Returned,Escrow
ORD-7040,STR-2077,CUST-4155,PRD-3181,4,3000.62,12002.48,2025-11-14,Processing,Credit Card
ORD-7041,STR-2089,CUST-4364,PRD-3092,20,1693.95,33879.0,2026-01-27,Delivered,Net Banking
ORD-7042,STR-2014,CUST-4177,PRD-3090,5,4540.78,22703.9,2025-07-18,Cancelled,Credit Card
ORD-7043,STR-2032,CUST-4226,PRD-3286,15,1031.67,15475.05,2025-01-11,Delivered,Credit Card
ORD-7044,STR-2020,CUST-4148,PRD-3058,13,1004.32,13056.16,2025-12-14,Delivered,Credit Card
ORD-7045,STR-2076,CUST-4901,PRD-3331,13,4272.49,55542.37,2025-04-09,Delivered,UPI
ORD-7046,STR-2089,CUST-4553,PRD-3419,7,1131.43,7920.01,2025-05-29,Delivered,Credit Card
ORD-7047,STR-2057,CUST-4899,PRD-3464,1,1627.96,1627.96,2026-03-07,Processing,Net Banking
ORD-7048,STR-2066,CUST-4614,PRD-3298,11,206.96,2276.56,2025-08-26,Delivered,Escrow
ORD-7049,STR-2002,CUST-4881,PRD-3192,20,3463.12,69262.4,2026-01-28,Processing,Credit Card
ORD-7050,STR-2010,CUST-4627,PRD-3393,11,1068.91,11758.01,2025-12-16,Shipped,Net Banking
ORD-7051,STR-2033,CUST-4639,PRD-3360,6,2076.72,12460.32,2025-11-21,Cancelled,Escrow
ORD-7052,STR-2021,CUST-4971,PRD-3450,20,3744.24,74884.8,2025-08-01,Delivered,Credit Card
ORD-7053,STR-2024,CUST-4464,PRD-3472,16,2449.7,39195.2,2026-02-11,Delivered,Escrow
ORD-7054,STR-2046,CUST-4581,PRD-3079,1,2179.05,2179.05,2025-07-24,Delivered,COD
ORD-7055,STR-2011,CUST-4146,PRD-3415,20,799.03,15980.6,2025-12-01,Delivered,COD
ORD-7056,STR-2093,CUST-4950,PRD-3081,5,3023.77,15118.85,2025-03-01,Delivered,Credit Card
ORD-7057,STR-2099,CUST-4421,PRD-3112,2,885.43,1770.86,2025-06-12,Delivered,COD
ORD-7058,STR-2052,CUST-4239,PRD-3224,8,2396.87,19174.96,2026-01-04,Returned,Escrow
ORD-7059,STR-2083,CUST-4419,PRD-3089,20,3655.19,73103.8,2025-12-07,Returned,Escrow
ORD-7060,STR-2006,CUST-4442,PRD-3194,3,1775.84,5327.52,2025-05-13,Processing,COD
ORD-7061,STR-2004,CUST-4662,PRD-3343,18,1797.27,32350.86,2025-04-10,Delivered,UPI
ORD-7062,STR-2029,CUST-4671,PRD-3276,25,4278.97,106974.25,2025-01-23,Delivered,COD
ORD-7063,STR-2069,CUST-4873,PRD-3436,8,3566.21,28529.68,2025-03-22,Delivered,UPI
ORD-7064,STR-2023,CUST-4871,PRD-3078,4,4756.32,19025.28,2025-03-30,Returned,UPI
ORD-7065,STR-2048,CUST-4768,PRD-3152,17,3364.32,57193.44,2025-02-27,Cancelled,Credit Card
ORD-7066,STR-2069,CUST-4158,PRD-3446,14,2785.68,38999.52,2025-10-02,Shipped,Net Banking
ORD-7067,STR-2039,CUST-4916,PRD-3005,4,3853.34,15413.36,2025-02-26,Processing,Credit Card
ORD-7068,STR-2034,CUST-4570,PRD-3276,2,2038.9,4077.8,2025-06-06,Returned,Escrow
ORD-7069,STR-2087,CUST-4001,PRD-3022,13,1011.66,13151.58,2025-09-15,Shipped,Net Banking
ORD-7070,STR-2082,CUST-4538,PRD-3246,8,4184.76,33478.08,2025-09-24,Delivered,Net Banking
ORD-7071,STR-2082,CUST-4412,PRD-3145,13,3782.33,49170.29,2026-02-01,Cancelled,UPI
ORD-7072,STR-2077,CUST-4446,PRD-3371,5,1205.9,6029.5,2025-12-04,Delivered,UPI
ORD-7073,STR-2079,CUST-4145,PRD-3367,14,4072.02,57008.28,2025-04-02,Delivered,Escrow
ORD-7074,STR-2024,CUST-4018,PRD-3157,23,460.22,10585.06,2025-05-26,Delivered,COD
ORD-7075,STR-2033,CUST-4545,PRD-3112,4,1514.81,6059.24,2025-09-06,Processing,COD
ORD-7076,STR-2099,CUST-4883,PRD-3359,4,586.73,2346.92,2026-03-18,Processing,Net Banking
ORD-7077,STR-2020,CUST-4846,PRD-3390,14,3002.42,42033.88,2025-11-01,Processing,Credit Card
ORD-7078,STR-2074,CUST-4708,PRD-3270,4,3310.69,13242.76,2025-09-21,Cancelled,Escrow
ORD-7079,STR-2015,CUST-4754,PRD-3282,1,426.51,426.51,2026-03-25,Shipped,Net Banking
ORD-7080,STR-2053,CUST-4022,PRD-3378,23,3763.86,86568.78,2025-12-28,Delivered,UPI
ORD-7081,STR-2001,CUST-4357,PRD-3480,7,3777.78,26444.46,2025-10-04,Delivered,Escrow
ORD-7082,STR-2070,CUST-4406,PRD-3097,4,168.67,674.68,2025-11-20,Delivered,Credit Card
ORD-7083,STR-2023,CUST-4277,PRD-3126,17,4510.85,76684.45,2025-10-09,Cancelled,UPI
ORD-7084,STR-2046,CUST-4567,PRD-3353,6,4635.79,27814.74,2026-03-08,Returned,COD
ORD-7085,STR-2022,CUST-4676,PRD-3399,19,3871.44,73557.36,2025-02-01,Delivered,Net Banking
ORD-7086,STR-2051,CUST-4547,PRD-3358,14,945.47,13236.58,2025-08-23,Returned,Net Banking
ORD-7087,STR-2032,CUST-4879,PRD-3117,6,4242.61,25455.66,2025-04-16,Returned,COD
ORD-7088,STR-2079,CUST-4915,PRD-3198,22,3979.58,87550.76,2025-04-15,Delivered,Net Banking
ORD-7089,STR-2053,CUST-4922,PRD-3383,3,2602.44,7807.32,2025-11-22,Delivered,COD
ORD-7090,STR-2097,CUST-4848,PRD-3394,13,1008.61,13111.93,2025-08-21,Delivered,Escrow
ORD-7091,STR-2056,CUST-4566,PRD-3157,25,677.0,16925.0,2025-02-08,Delivered,Escrow
ORD-7092,STR-2085,CUST-4518,PRD-3406,6,1125.46,6752.76,2025-04-26,Cancelled,COD
ORD-7093,STR-2020,CUST-4102,PRD-3345,18,4268.37,76830.66,2026-01-10,Delivered,Credit Card
ORD-7094,STR-2024,CUST-4473,PRD-3378,20,3682.37,73647.4,2025-02-02,Processing,Net Banking
ORD-7095,STR-2042,CUST-4726,PRD-3481,25,3720.97,93024.25,2025-12-25,Delivered,Net Banking
ORD-7096,STR-2062,CUST-4505,PRD-3198,4,3305.62,13222.48,2025-08-05,Returned,Credit Card
ORD-7097,STR-2075,CUST-4172,PRD-3004,21,4509.44,94698.24,2025-10-03,Processing,UPI
ORD-7098,STR-2084,CUST-4833,PRD-3137,8,3886.07,31088.56,2025-11-15,Delivered,Net Banking
ORD-7099,STR-2078,CUST-4456,PRD-3490,14,716.38,10029.32,2025-09-15,Cancelled,UPI
ORD-7100,STR-2046,CUST-4994,PRD-3304,14,2960.84,41451.76,2025-10-01,Cancelled,Escrow
ORD-7101,STR-2070,CUST-4710,PRD-3154,12,3354.59,40255.08,2025-04-02,Cancelled,UPI
ORD-7102,STR-2092,CUST-4842,PRD-3375,5,3552.25,17761.25,2025-07-12,Delivered,Net Banking
ORD-7103,STR-2069,CUST-4394,PRD-3392,6,3116.43,18698.58,2025-07-01,Processing,UPI
ORD-7104,STR-2018,CUST-4332,PRD-3230,7,1644.03,11508.21,2025-09-17,Processing,COD
ORD-7105,STR-2021,CUST-4352,PRD-3167,8,3071.37,24570.96,2025-12-10,Shipped,UPI
ORD-7106,STR-2098,CUST-4456,PRD-3378,10,4449.98,44499.8,2025-10-24,Returned,COD
ORD-7107,STR-2003,CUST-4456,PRD-3138,21,2454.62,51547.02,2026-01-27,Processing,Net Banking
ORD-7108,STR-2055,CUST-4605,PRD-3156,3,3857.68,11573.04,2025-10-21,Processing,Net Banking
ORD-7109,STR-2063,CUST-4023,PRD-3288,1,2833.24,2833.24,2025-11-01,Shipped,Credit Card
ORD-7110,STR-2088,CUST-4697,PRD-3255,9,2861.88,25756.92,2025-12-18,Processing,COD
ORD-7111,STR-2037,CUST-4416,PRD-3142,3,4775.0,14325.0,2025-04-10,Returned,COD
ORD-7112,STR-2065,CUST-4868,PRD-3155,4,2143.12,8572.48,2025-05-05,Delivered,Net Banking
ORD-7113,STR-2067,CUST-4967,PRD-3323,11,1150.35,12653.85,2026-01-11,Processing,COD
ORD-7114,STR-2069,CUST-4110,PRD-3195,10,3915.57,39155.7,2025-10-01,Delivered,Credit Card
ORD-7115,STR-2038,CUST-4324,PRD-3006,20,958.33,19166.6,2025-11-24,Processing,Net Banking
ORD-7116,STR-2002,CUST-4335,PRD-3495,6,723.6,4341.6,2025-01-17,Delivered,Net Banking
ORD-7117,STR-2018,CUST-4985,PRD-3235,2,2074.03,4148.06,2025-05-29,Processing,COD
ORD-7118,STR-2008,CUST-4019,PRD-3431,18,1018.84,18339.12,2025-10-01,Returned,Credit Card
ORD-7119,STR-2046,CUST-4533,PRD-3054,25,1223.98,30599.5,2025-10-12,Processing,COD
ORD-7120,STR-2072,CUST-4195,PRD-3448,22,4051.81,89139.82,2025-06-18,Shipped,Credit Card
ORD-7121,STR-2086,CUST-4835,PRD-3277,18,1299.26,23386.68,2025-11-01,Cancelled,Net Banking
ORD-7122,STR-2034,CUST-4854,PRD-3438,24,4974.99,119399.76,2025-10-11,Delivered,Net Banking
ORD-7123,STR-2031,CUST-4015,PRD-3077,15,3973.27,59599.05,2025-01-07,Delivered,UPI
ORD-7124,STR-2028,CUST-4048,PRD-3348,12,3642.99,43715.88,2026-01-25,Cancelled,Net Banking
ORD-7125,STR-2014,CUST-4607,PRD-3455,25,3042.74,76068.5,2025-11-27,Delivered,UPI
ORD-7126,STR-2046,CUST-4397,PRD-3150,4,2856.1,11424.4,2026-01-28,Processing,Escrow
ORD-7127,STR-2057,CUST-4555,PRD-3341,10,2245.17,22451.7,2025-10-19,Delivered,COD
ORD-7128,STR-2098,CUST-4492,PRD-3468,24,4574.49,109787.76,2025-12-01,Delivered,COD
ORD-7129,STR-2061,CUST-4166,PRD-3213,21,4047.68,85001.28,2025-01-16,Delivered,Escrow
ORD-7130,STR-2055,CUST-4382,PRD-3455,23,745.94,17156.62,2025-04-29,Delivered,Credit Card
ORD-7131,STR-2039,CUST-4973,PRD-3497,9,787.9,7091.1,2025-11-01,Delivered,Net Banking
ORD-7132,STR-2062,CUST-4281,PRD-3341,11,4780.26,52582.86,2025-10-14,Shipped,Credit Card
ORD-7133,STR-2022,CUST-4309,PRD-3482,2,1982.47,3964.94,2026-02-08,Returned,Escrow
ORD-7134,STR-2015,CUST-4332,PRD-3467,12,3114.72,37376.64,2025-08-12,Returned,Net Banking
ORD-7135,STR-2018,CUST-4323,PRD-3478,14,3875.37,54255.18,2025-04-05,Returned,Escrow
ORD-7136,STR-2016,CUST-4624,PRD-3005,11,1294.17,14235.87,2025-11-22,Cancelled,Credit Card
ORD-7137,STR-2057,CUST-4813,PRD-3016,9,2569.68,23127.12,2025-09-03,Shipped,Credit Card
ORD-7138,STR-2070,CUST-4296,PRD-3351,11,1955.97,21515.67,2025-04-25,Processing,Net Banking
ORD-7139,STR-2042,CUST-4175,PRD-3050,8,2741.73,21933.84,2025-06-10,Delivered,Net Banking
ORD-7140,STR-2011,CUST-4993,PRD-3071,10,1765.13,17651.3,2025-06-28,Delivered,UPI
ORD-7141,STR-2022,CUST-4719,PRD-3425,20,423.33,8466.6,2026-01-15,Delivered,Net Banking
ORD-7142,STR-2017,CUST-4675,PRD-3095,3,4663.01,13989.03,2025-02-04,Cancelled,Net Banking
ORD-7143,STR-2031,CUST-4946,PRD-3399,21,844.45,17733.45,2025-08-26,Shipped,Escrow
ORD-7144,STR-2055,CUST-4791,PRD-3139,18,3266.31,58793.58,2026-01-10,Delivered,COD
ORD-7145,STR-2045,CUST-4570,PRD-3165,23,3424.27,78758.21,2025-10-11,Delivered,Escrow
ORD-7146,STR-2024,CUST-4599,PRD-3343,10,976.01,9760.1,2026-03-07,Delivered,Escrow
ORD-7147,STR-2092,CUST-4880,PRD-3161,4,2119.49,8477.96,2025-09-15,Delivered,Net Banking
ORD-7148,STR-2048,CUST-4630,PRD-3044,15,472.82,7092.3,2025-06-22,Delivered,COD
ORD-7149,STR-2082,CUST-4049,PRD-3186,10,3056.54,30565.4,2025-05-13,Shipped,Net Banking
ORD-7150,STR-2040,CUST-4276,PRD-3242,8,3858.73,30869.84,2025-11-23,Delivered,Credit Card
ORD-7151,STR-2099,CUST-4145,PRD-3153,15,4388.15,65822.25,2026-01-10,Cancelled,Credit Card
ORD-7152,STR-2015,CUST-4854,PRD-3405,15,727.55,10913.25,2025-10-25,Delivered,COD
ORD-7153,STR-2059,CUST-4205,PRD-3134,10,4259.92,42599.2,2025-11-05,Delivered,UPI
ORD-7154,STR-2043,CUST-4237,PRD-3251,17,2741.43,46604.31,2025-04-24,Delivered,UPI
ORD-7155,STR-2068,CUST-4223,PRD-3216,3,4388.16,13164.48,2025-02-05,Cancelled,Escrow
ORD-7156,STR-2031,CUST-4846,PRD-3330,17,4604.45,78275.65,2025-04-04,Shipped,UPI
ORD-7157,STR-2066,CUST-4486,PRD-3260,18,4464.68,80364.24,2026-02-20,Processing,UPI
ORD-7158,STR-2046,CUST-4814,PRD-3090,16,2785.03,44560.48,2025-04-11,Delivered,Credit Card
ORD-7159,STR-2072,CUST-4446,PRD-3095,11,3468.72,38155.92,2025-06-10,Delivered,UPI
ORD-7160,STR-2057,CUST-4709,PRD-3157,14,1734.57,24283.98,2025-12-05,Delivered,Credit Card
ORD-7161,STR-2094,CUST-4232,PRD-3248,17,392.51,6672.67,2025-09-20,Processing,UPI
ORD-7162,STR-2046,CUST-4436,PRD-3352,16,1061.76,16988.16,2025-05-23,Returned,Net Banking
ORD-7163,STR-2064,CUST-4090,PRD-3377,16,2297.06,36752.96,2025-07-13,Delivered,COD
ORD-7164,STR-2051,CUST-4603,PRD-3478,3,4936.64,14809.92,2025-04-25,Delivered,Net Banking
ORD-7165,STR-2018,CUST-4602,PRD-3310,19,1396.22,26528.18,2025-07-12,Cancelled,Net Banking
ORD-7166,STR-2034,CUST-4995,PRD-3464,11,405.39,4459.29,2025-10-28,Processing,COD
ORD-7167,STR-2004,CUST-4707,PRD-3019,4,383.89,1535.56,2025-11-01,Processing,Credit Card
ORD-7168,STR-2062,CUST-4234,PRD-3296,1,2726.76,2726.76,2025-04-30,Returned,Credit Card
ORD-7169,STR-2021,CUST-4098,PRD-3361,3,2770.47,8311.41,2025-07-29,Cancelled,COD
ORD-7170,STR-2038,CUST-4927,PRD-3148,6,3305.17,19831.02,2025-07-19,Delivered,COD
ORD-7171,STR-2100,CUST-4530,PRD-3153,20,3792.75,75855.0,2026-03-06,Cancelled,COD
ORD-7172,STR-2093,CUST-4469,PRD-3299,12,2274.5,27294.0,2025-10-15,Delivered,Net Banking
ORD-7173,STR-2043,CUST-4651,PRD-3364,19,1840.37,34967.03,2025-09-24,Delivered,COD
ORD-7174,STR-2095,CUST-4114,PRD-3432,19,399.01,7581.19,2025-03-15,Delivered,Net Banking
ORD-7175,STR-2096,CUST-4598,PRD-3237,24,2763.24,66317.76,2025-12-05,Cancelled,UPI
ORD-7176,STR-2018,CUST-4307,PRD-3271,18,1059.53,19071.54,2025-11-08,Returned,Net Banking
ORD-7177,STR-2011,CUST-4474,PRD-3008,11,3790.47,41695.17,2025-09-28,Delivered,Credit Card
ORD-7178,STR-2043,CUST-4831,PRD-3051,9,4004.8,36043.2,2025-04-16,Shipped,Net Banking
ORD-7179,STR-2098,CUST-4895,PRD-3082,17,4975.33,84580.61,2025-09-25,Delivered,UPI
ORD-7180,STR-2024,CUST-4744,PRD-3112,21,293.97,6173.37,2025-09-28,Processing,Credit Card
ORD-7181,STR-2097,CUST-4445,PRD-3435,18,703.27,12658.86,2025-02-11,Processing,Escrow
ORD-7182,STR-2079,CUST-4504,PRD-3428,18,536.96,9665.28,2025-06-22,Processing,UPI
ORD-7183,STR-2003,CUST-4756,PRD-3408,20,3334.95,66699.0,2026-03-20,Returned,COD
ORD-7184,STR-2081,CUST-4867,PRD-3086,4,2309.68,9238.72,2025-10-23,Delivered,Credit Card
ORD-7185,STR-2041,CUST-4152,PRD-3287,14,4634.37,64881.18,2025-10-27,Delivered,Escrow
ORD-7186,STR-2048,CUST-4092,PRD-3322,22,1668.44,36705.68,2025-09-16,Processing,UPI
ORD-7187,STR-2097,CUST-4740,PRD-3238,24,207.66,4983.84,2026-03-05,Cancelled,Credit Card
ORD-7188,STR-2025,CUST-4130,PRD-3345,13,246.88,3209.44,2026-01-17,Delivered,UPI
ORD-7189,STR-2074,CUST-4247,PRD-3404,19,537.13,10205.47,2025-05-08,Returned,COD
ORD-7190,STR-2017,CUST-4874,PRD-3294,16,1640.76,26252.16,2025-11-27,Returned,Credit Card
ORD-7191,STR-2045,CUST-4125,PRD-3125,24,2218.97,53255.28,2025-10-21,Delivered,COD
ORD-7192,STR-2042,CUST-4847,PRD-3274,4,4299.59,17198.36,2026-01-03,Delivered,UPI
ORD-7193,STR-2037,CUST-4336,PRD-3032,5,1601.78,8008.9,2026-01-01,Shipped,Escrow
ORD-7194,STR-2052,CUST-4072,PRD-3464,11,4673.43,51407.73,2026-02-12,Returned,COD
ORD-7195,STR-2064,CUST-4211,PRD-3195,25,2099.98,52499.5,2025-08-14,Delivered,Escrow
ORD-7196,STR-2089,CUST-4358,PRD-3261,24,3057.98,73391.52,2025-10-18,Delivered,Escrow
ORD-7197,STR-2046,CUST-4248,PRD-3409,20,442.72,8854.4,2025-01-04,Cancelled,Credit Card
ORD-7198,STR-2070,CUST-4330,PRD-3500,25,4231.54,105788.5,2025-08-09,Delivered,Credit Card
ORD-7199,STR-2082,CUST-4979,PRD-3150,15,3378.45,50676.75,2025-02-14,Cancelled,Credit Card
ORD-7200,STR-2050,CUST-4841,PRD-3193,8,2986.2,23889.6,2025-10-18,Delivered,Credit Card
ORD-7201,STR-2045,CUST-4809,PRD-3450,4,641.12,2564.48,2025-05-29,Delivered,Net Banking
ORD-7202,STR-2087,CUST-4629,PRD-3022,22,800.02,17600.44,2025-09-18,Delivered,Net Banking
ORD-7203,STR-2063,CUST-4187,PRD-3234,1,4298.01,4298.01,2025-10-06,Processing,Net Banking
ORD-7204,STR-2099,CUST-4666,PRD-3194,14,172.73,2418.22,2025-05-08,Delivered,Escrow
ORD-7205,STR-2067,CUST-4085,PRD-3194,9,1393.66,12542.94,2026-02-23,Cancelled,Net Banking
ORD-7206,STR-2010,CUST-4036,PRD-3458,4,3173.74,12694.96,2025-12-23,Shipped,Credit Card
ORD-7207,STR-2082,CUST-4914,PRD-3105,11,2746.75,30214.25,2026-02-23,Cancelled,Credit Card
ORD-7208,STR-2053,CUST-4849,PRD-3136,2,4880.27,9760.54,2025-03-05,Delivered,Escrow
ORD-7209,STR-2086,CUST-4574,PRD-3280,1,806.54,806.54,2025-04-20,Delivered,Credit Card
ORD-7210,STR-2019,CUST-4499,PRD-3215,7,2197.77,15384.39,2026-03-15,Processing,UPI
ORD-7211,STR-2034,CUST-4649,PRD-3133,22,1462.35,32171.7,2025-03-01,Processing,COD
ORD-7212,STR-2030,CUST-4607,PRD-3163,7,4643.84,32506.88,2025-10-22,Shipped,COD
ORD-7213,STR-2006,CUST-4429,PRD-3254,13,1411.62,18351.06,2026-01-23,Returned,COD
ORD-7214,STR-2081,CUST-4989,PRD-3355,1,2912.89,2912.89,2025-03-30,Processing,COD
ORD-7215,STR-2098,CUST-4879,PRD-3143,20,2619.37,52387.4,2026-01-27,Delivered,Credit Card
ORD-7216,STR-2097,CUST-4984,PRD-3180,4,4300.04,17200.16,2025-05-02,Returned,Credit Card
ORD-7217,STR-2069,CUST-4767,PRD-3458,15,808.56,12128.4,2025-09-09,Delivered,Net Banking
ORD-7218,STR-2035,CUST-4910,PRD-3101,1,3262.75,3262.75,2025-08-06,Returned,COD
ORD-7219,STR-2072,CUST-4123,PRD-3404,4,3824.16,15296.64,2026-03-06,Returned,Credit Card
ORD-7220,STR-2100,CUST-4739,PRD-3393,2,1135.01,2270.02,2025-04-17,Processing,COD
ORD-7221,STR-2098,CUST-4536,PRD-3462,3,2610.2,7830.6,2025-04-16,Processing,Net Banking
ORD-7222,STR-2057,CUST-4668,PRD-3383,12,4814.73,57776.76,2025-04-24,Cancelled,Escrow
ORD-7223,STR-2028,CUST-4415,PRD-3146,25,2453.25,61331.25,2025-01-08,Returned,Credit Card
ORD-7224,STR-2013,CUST-4239,PRD-3368,1,3084.46,3084.46,2025-11-15,Delivered,Credit Card
ORD-7225,STR-2025,CUST-4525,PRD-3423,21,4385.74,92100.54,2025-01-12,Delivered,COD
ORD-7226,STR-2017,CUST-4406,PRD-3069,12,1432.86,17194.32,2025-03-27,Delivered,Credit Card
ORD-7227,STR-2009,CUST-4671,PRD-3434,6,4332.43,25994.58,2025-04-30,Delivered,COD
ORD-7228,STR-2005,CUST-4742,PRD-3335,12,2333.52,28002.24,2025-03-10,Delivered,Credit Card
ORD-7229,STR-2098,CUST-4287,PRD-3034,1,424.5,424.5,2025-12-20,Shipped,COD
ORD-7230,STR-2091,CUST-4279,PRD-3052,19,1193.19,22670.61,2025-05-19,Delivered,Escrow
ORD-7231,STR-2071,CUST-4659,PRD-3039,2,3163.71,6327.42,2026-01-01,Processing,Credit Card
ORD-7232,STR-2013,CUST-4978,PRD-3325,5,849.36,4246.8,2025-05-22,Processing,Net Banking
ORD-7233,STR-2004,CUST-4602,PRD-3374,24,2856.4,68553.6,2025-03-19,Cancelled,Net Banking
ORD-7234,STR-2033,CUST-4887,PRD-3478,19,2123.34,40343.46,2025-04-04,Delivered,Credit Card
ORD-7235,STR-2011,CUST-4508,PRD-3432,10,3998.24,39982.4,2025-04-05,Delivered,UPI
ORD-7236,STR-2034,CUST-4853,PRD-3456,23,3281.58,75476.34,2025-04-20,Delivered,Net Banking
ORD-7237,STR-2013,CUST-4111,PRD-3274,20,400.35,8007.0,2025-04-09,Delivered,Net Banking
ORD-7238,STR-2068,CUST-4442,PRD-3051,23,2000.19,46004.37,2025-01-26,Shipped,UPI
ORD-7239,STR-2020,CUST-4560,PRD-3205,15,3518.12,52771.8,2025-03-28,Delivered,Escrow
ORD-7240,STR-2100,CUST-4036,PRD-3017,20,1775.82,35516.4,2026-02-10,Delivered,Net Banking
ORD-7241,STR-2054,CUST-4739,PRD-3070,3,2920.52,8761.56,2025-04-11,Shipped,COD
ORD-7242,STR-2075,CUST-4032,PRD-3006,11,2404.5,26449.5,2025-11-06,Delivered,UPI
ORD-7243,STR-2008,CUST-4099,PRD-3254,8,812.32,6498.56,2026-02-13,Processing,UPI
ORD-7244,STR-2004,CUST-4818,PRD-3237,7,3134.38,21940.66,2025-02-15,Delivered,UPI
ORD-7245,STR-2084,CUST-4463,PRD-3088,6,603.59,3621.54,2025-04-15,Processing,Net Banking
ORD-7246,STR-2073,CUST-4043,PRD-3381,17,2442.18,41517.06,2025-02-08,Cancelled,Net Banking
ORD-7247,STR-2064,CUST-4146,PRD-3096,4,271.02,1084.08,2026-02-26,Delivered,Credit Card
ORD-7248,STR-2091,CUST-4793,PRD-3144,24,2126.44,51034.56,2025-02-27,Shipped,UPI
ORD-7249,STR-2073,CUST-4172,PRD-3281,3,2448.71,7346.13,2025-01-04,Shipped,Credit Card
ORD-7250,STR-2040,CUST-4251,PRD-3209,2,4918.76,9837.52,2025-03-16,Returned,Escrow
ORD-7251,STR-2098,CUST-4309,PRD-3151,5,1040.79,5203.95,2025-03-15,Delivered,Net Banking
ORD-7252,STR-2002,CUST-4148,PRD-3176,6,1191.17,7147.02,2025-10-28,Delivered,UPI
ORD-7253,STR-2019,CUST-4978,PRD-3376,22,3692.56,81236.32,2025-10-26,Delivered,Credit Card
ORD-7254,STR-2095,CUST-4844,PRD-3229,16,4434.01,70944.16,2025-07-12,Processing,UPI
ORD-7255,STR-2027,CUST-4691,PRD-3094,14,3261.53,45661.42,2025-06-30,Delivered,UPI
ORD-7256,STR-2029,CUST-4946,PRD-3067,16,2133.53,34136.48,2025-11-30,Shipped,COD
ORD-7257,STR-2039,CUST-4738,PRD-3286,1,4856.98,4856.98,2025-12-13,Delivered,Credit Card
ORD-7258,STR-2045,CUST-4848,PRD-3355,12,2984.08,35808.96,2025-06-29,Delivered,Net Banking
ORD-7259,STR-2005,CUST-4135,PRD-3055,4,2938.62,11754.48,2025-02-26,Delivered,COD
ORD-7260,STR-2075,CUST-4945,PRD-3431,3,978.04,2934.12,2025-08-09,Processing,Net Banking
ORD-7261,STR-2097,CUST-4720,PRD-3147,24,3092.25,74214.0,2025-10-02,Shipped,Credit Card
ORD-7262,STR-2062,CUST-4570,PRD-3220,17,3421.15,58159.55,2025-03-06,Delivered,Net Banking
ORD-7263,STR-2049,CUST-4061,PRD-3465,1,2575.97,2575.97,2025-05-18,Delivered,Net Banking
ORD-7264,STR-2034,CUST-4025,PRD-3262,24,1269.0,30456.0,2026-02-25,Cancelled,COD
ORD-7265,STR-2012,CUST-4579,PRD-3057,19,307.77,5847.63,2025-05-30,Processing,COD
ORD-7266,STR-2017,CUST-4088,PRD-3224,10,361.52,3615.2,2025-07-26,Processing,COD
ORD-7267,STR-2099,CUST-4916,PRD-3483,7,2056.23,14393.61,2026-01-09,Cancelled,Escrow
ORD-7268,STR-2026,CUST-4805,PRD-3167,8,1501.22,12009.76,2025-05-18,Processing,Net Banking
ORD-7269,STR-2035,CUST-4460,PRD-3484,2,2595.22,5190.44,2025-03-02,Delivered,COD
ORD-7270,STR-2068,CUST-4421,PRD-3164,9,2243.71,20193.39,2025-03-17,Cancelled,UPI
ORD-7271,STR-2022,CUST-4068,PRD-3086,7,3755.88,26291.16,2025-09-09,Cancelled,Escrow
ORD-7272,STR-2002,CUST-4368,PRD-3463,11,157.23,1729.53,2025-04-17,Returned,Escrow
ORD-7273,STR-2001,CUST-4063,PRD-3011,1,2810.44,2810.44,2025-07-12,Delivered,Credit Card
ORD-7274,STR-2096,CUST-4732,PRD-3207,15,1310.47,19657.05,2025-02-26,Processing,UPI
ORD-7275,STR-2001,CUST-4529,PRD-3267,19,3875.37,73632.03,2025-10-18,Delivered,UPI
ORD-7276,STR-2033,CUST-4122,PRD-3208,1,262.24,262.24,2026-03-15,Returned,UPI
ORD-7277,STR-2050,CUST-4582,PRD-3386,24,3194.71,76673.04,2026-02-25,Delivered,Escrow
ORD-7278,STR-2088,CUST-4507,PRD-3104,15,3749.5,56242.5,2025-10-25,Cancelled,COD
ORD-7279,STR-2099,CUST-4592,PRD-3373,15,3739.06,56085.9,2025-11-13,Delivered,Net Banking
ORD-7280,STR-2002,CUST-4555,PRD-3408,24,1783.67,42808.08,2025-10-06,Returned,UPI
ORD-7281,STR-2071,CUST-4436,PRD-3246,9,2034.26,18308.34,2025-01-21,Delivered,UPI
ORD-7282,STR-2077,CUST-4836,PRD-3431,19,2647.99,50311.81,2025-12-17,Delivered,Escrow
ORD-7283,STR-2056,CUST-4122,PRD-3456,4,3656.61,14626.44,2025-05-06,Shipped,UPI
ORD-7284,STR-2013,CUST-4536,PRD-3452,3,1693.95,5081.85,2025-12-06,Processing,COD
ORD-7285,STR-2083,CUST-4379,PRD-3356,9,1749.17,15742.53,2025-03-14,Returned,COD
ORD-7286,STR-2040,CUST-4154,PRD-3499,1,1067.2,1067.2,2025-05-14,Returned,UPI
ORD-7287,STR-2009,CUST-4372,PRD-3105,11,3848.8,42336.8,2025-05-23,Shipped,Net Banking
ORD-7288,STR-2004,CUST-4458,PRD-3165,13,4725.73,61434.49,2025-11-07,Processing,Credit Card
ORD-7289,STR-2037,CUST-4596,PRD-3456,23,1475.69,33940.87,2025-07-27,Shipped,Net Banking
ORD-7290,STR-2019,CUST-4734,PRD-3028,4,434.02,1736.08,2025-03-12,Delivered,UPI
ORD-7291,STR-2018,CUST-4724,PRD-3395,18,4564.71,82164.78,2025-12-19,Processing,Escrow
ORD-7292,STR-2018,CUST-4669,PRD-3114,17,2316.68,39383.56,2026-01-28,Delivered,UPI
ORD-7293,STR-2020,CUST-4985,PRD-3457,13,832.58,10823.54,2025-09-29,Delivered,COD
ORD-7294,STR-2009,CUST-4509,PRD-3135,23,1725.09,39677.07,2025-03-11,Shipped,Escrow
ORD-7295,STR-2046,CUST-4653,PRD-3498,7,2146.19,15023.33,2025-03-23,Delivered,Credit Card
ORD-7296,STR-2059,CUST-4018,PRD-3005,10,572.87,5728.7,2025-11-14,Delivered,COD
ORD-7297,STR-2018,CUST-4565,PRD-3360,11,669.84,7368.24,2025-03-01,Cancelled,Net Banking
ORD-7298,STR-2009,CUST-4644,PRD-3091,21,4876.58,102408.18,2025-06-27,Processing,UPI
ORD-7299,STR-2037,CUST-4682,PRD-3444,13,704.95,9164.35,2025-01-17,Delivered,Net Banking
ORD-7300,STR-2078,CUST-4178,PRD-3113,2,1432.84,2865.68,2025-07-29,Delivered,UPI
ORD-7301,STR-2011,CUST-4131,PRD-3288,8,2683.5,21468.0,2025-08-23,Delivered,UPI
ORD-7302,STR-2012,CUST-4741,PRD-3451,24,4550.77,109218.48,2025-04-13,Delivered,COD
ORD-7303,STR-2095,CUST-4948,PRD-3322,14,482.92,6760.88,2025-02-15,Delivered,UPI
ORD-7304,STR-2084,CUST-4927,PRD-3136,18,3619.35,65148.3,2025-01-06,Shipped,Net Banking
ORD-7305,STR-2056,CUST-4770,PRD-3167,8,4785.24,38281.92,2026-01-31,Cancelled,Credit Card
ORD-7306,STR-2040,CUST-4391,PRD-3372,2,4857.63,9715.26,2025-06-06,Cancelled,Escrow
ORD-7307,STR-2019,CUST-4451,PRD-3215,8,4282.83,34262.64,2025-06-03,Shipped,UPI
ORD-7308,STR-2014,CUST-4637,PRD-3046,11,1297.5,14272.5,2025-07-07,Shipped,Escrow
ORD-7309,STR-2094,CUST-4317,PRD-3252,5,1408.44,7042.2,2025-06-29,Processing,Net Banking
ORD-7310,STR-2011,CUST-4503,PRD-3210,18,970.02,17460.36,2025-06-12,Returned,UPI
ORD-7311,STR-2096,CUST-4696,PRD-3065,15,3390.67,50860.05,2025-04-04,Shipped,Net Banking
ORD-7312,STR-2001,CUST-4522,PRD-3201,14,3562.42,49873.88,2025-07-18,Delivered,Net Banking
ORD-7313,STR-2020,CUST-4877,PRD-3067,9,4920.29,44282.61,2025-11-15,Shipped,Net Banking
ORD-7314,STR-2070,CUST-4453,PRD-3262,9,3982.02,35838.18,2025-05-31,Shipped,Net Banking
ORD-7315,STR-2011,CUST-4679,PRD-3082,19,441.43,8387.17,2025-04-17,Delivered,UPI
ORD-7316,STR-2005,CUST-4423,PRD-3500,4,4060.44,16241.76,2025-06-05,Processing,COD
ORD-7317,STR-2062,CUST-4309,PRD-3499,5,758.94,3794.7,2025-06-10,Returned,Credit Card
ORD-7318,STR-2027,CUST-4315,PRD-3028,10,3671.38,36713.8,2026-03-26,Cancelled,Net Banking
ORD-7319,STR-2071,CUST-4157,PRD-3486,4,881.46,3525.84,2025-06-22,Returned,Net Banking
ORD-7320,STR-2033,CUST-4620,PRD-3378,25,1877.96,46949.0,2025-07-02,Delivered,COD
ORD-7321,STR-2023,CUST-4018,PRD-3497,13,3350.64,43558.32,2025-05-22,Returned,Credit Card
ORD-7322,STR-2083,CUST-4839,PRD-3046,25,750.07,18751.75,2025-12-10,Cancelled,COD
ORD-7323,STR-2064,CUST-4793,PRD-3101,18,2819.59,50752.62,2025-09-29,Delivered,Net Banking
ORD-7324,STR-2032,CUST-4003,PRD-3439,22,2230.82,49078.04,2025-06-07,Delivered,Credit Card
ORD-7325,STR-2087,CUST-4601,PRD-3404,10,2577.15,25771.5,2026-03-19,Processing,Escrow
ORD-7326,STR-2093,CUST-4067,PRD-3271,17,1494.55,25407.35,2026-02-15,Shipped,COD
ORD-7327,STR-2003,CUST-4415,PRD-3208,9,4350.93,39158.37,2025-01-10,Delivered,UPI
ORD-7328,STR-2013,CUST-4045,PRD-3094,3,930.84,2792.52,2026-03-26,Delivered,Credit Card
ORD-7329,STR-2026,CUST-4673,PRD-3384,9,548.97,4940.73,2026-01-07,Delivered,Escrow
ORD-7330,STR-2004,CUST-4122,PRD-3363,13,397.14,5162.82,2025-11-09,Cancelled,COD
ORD-7331,STR-2055,CUST-4005,PRD-3422,8,2558.86,20470.88,2025-02-21,Cancelled,COD
ORD-7332,STR-2050,CUST-4055,PRD-3030,7,941.3,6589.1,2025-12-24,Delivered,UPI
ORD-7333,STR-2077,CUST-4458,PRD-3282,19,3171.05,60249.95,2025-01-26,Delivered,UPI
ORD-7334,STR-2036,CUST-4034,PRD-3481,1,1167.8,1167.8,2025-09-01,Returned,UPI
ORD-7335,STR-2031,CUST-4110,PRD-3385,23,2557.45,58821.35,2025-02-20,Processing,Net Banking
ORD-7336,STR-2098,CUST-4668,PRD-3285,14,371.1,5195.4,2026-01-19,Delivered,Net Banking
ORD-7337,STR-2020,CUST-4779,PRD-3482,12,3466.15,41593.8,2025-11-12,Returned,UPI
ORD-7338,STR-2093,CUST-4520,PRD-3133,4,2971.9,11887.6,2025-05-26,Returned,Net Banking
ORD-7339,STR-2068,CUST-4337,PRD-3445,12,4618.13,55417.56,2025-11-18,Delivered,UPI
ORD-7340,STR-2027,CUST-4982,PRD-3225,11,1233.77,13571.47,2025-09-29,Delivered,UPI
ORD-7341,STR-2003,CUST-4484,PRD-3473,6,2856.84,17141.04,2025-12-13,Returned,Net Banking
ORD-7342,STR-2067,CUST-4763,PRD-3002,16,817.37,13077.92,2025-08-28,Processing,UPI
ORD-7343,STR-2092,CUST-4233,PRD-3240,4,4735.64,18942.56,2025-02-24,Shipped,UPI
ORD-7344,STR-2071,CUST-4707,PRD-3263,4,3929.11,15716.44,2025-08-29,Returned,Escrow
ORD-7345,STR-2017,CUST-4916,PRD-3104,22,3039.25,66863.5,2026-01-24,Processing,Net Banking
ORD-7346,STR-2033,CUST-4493,PRD-3252,25,734.98,18374.5,2025-04-12,Shipped,Credit Card
ORD-7347,STR-2030,CUST-4042,PRD-3230,14,2864.34,40100.76,2025-02-24,Delivered,Escrow
ORD-7348,STR-2037,CUST-4561,PRD-3008,22,3655.55,80422.1,2025-10-09,Delivered,Credit Card
ORD-7349,STR-2060,CUST-4888,PRD-3497,17,302.67,5145.39,2025-03-28,Cancelled,Credit Card
ORD-7350,STR-2086,CUST-4889,PRD-3151,7,4022.25,28155.75,2025-03-11,Delivered,Net Banking
ORD-7351,STR-2024,CUST-4167,PRD-3497,4,2044.91,8179.64,2025-01-20,Returned,Net Banking
ORD-7352,STR-2078,CUST-4685,PRD-3391,13,2824.71,36721.23,2026-03-10,Shipped,Credit Card
ORD-7353,STR-2051,CUST-4683,PRD-3242,1,2036.33,2036.33,2025-08-15,Cancelled,Credit Card
ORD-7354,STR-2009,CUST-4448,PRD-3318,23,724.21,16656.83,2025-10-23,Returned,Credit Card
ORD-7355,STR-2090,CUST-4767,PRD-3482,5,583.8,2919.0,2025-01-29,Cancelled,UPI
ORD-7356,STR-2053,CUST-4917,PRD-3153,5,2033.72,10168.6,2025-01-03,Shipped,UPI
ORD-7357,STR-2028,CUST-4203,PRD-3187,2,4899.24,9798.48,2026-02-21,Cancelled,COD
ORD-7358,STR-2099,CUST-4265,PRD-3458,6,1518.04,9108.24,2025-04-19,Cancelled,UPI
ORD-7359,STR-2080,CUST-4552,PRD-3444,8,2952.75,23622.0,2025-05-28,Processing,Credit Card
ORD-7360,STR-2065,CUST-4068,PRD-3113,1,199.56,199.56,2025-02-24,Cancelled,Net Banking
ORD-7361,STR-2077,CUST-4829,PRD-3415,3,4098.13,12294.39,2025-06-11,Returned,Escrow
ORD-7362,STR-2006,CUST-4151,PRD-3052,12,4571.22,54854.64,2025-07-13,Shipped,Credit Card
ORD-7363,STR-2098,CUST-4827,PRD-3366,18,4947.43,89053.74,2025-12-24,Delivered,Net Banking
ORD-7364,STR-2092,CUST-4814,PRD-3126,8,3388.57,27108.56,2025-11-11,Returned,Credit Card
ORD-7365,STR-2030,CUST-4318,PRD-3282,3,603.34,1810.02,2025-06-16,Delivered,UPI
ORD-7366,STR-2098,CUST-4283,PRD-3467,16,2189.96,35039.36,2026-01-29,Delivered,Net Banking
ORD-7367,STR-2065,CUST-4840,PRD-3414,19,3968.1,75393.9,2026-03-15,Delivered,Credit Card
ORD-7368,STR-2061,CUST-4253,PRD-3283,11,1706.62,18772.82,2026-01-27,Returned,UPI
ORD-7369,STR-2018,CUST-4560,PRD-3395,3,4543.29,13629.87,2025-09-10,Delivered,UPI
ORD-7370,STR-2018,CUST-4240,PRD-3304,12,3860.62,46327.44,2025-09-12,Processing,UPI
ORD-7371,STR-2044,CUST-4371,PRD-3133,5,1975.45,9877.25,2025-11-24,Delivered,COD
ORD-7372,STR-2060,CUST-4165,PRD-3117,24,2009.26,48222.24,2025-03-20,Delivered,Credit Card
ORD-7373,STR-2056,CUST-4777,PRD-3378,12,3892.75,46713.0,2025-08-05,Returned,Net Banking
ORD-7374,STR-2060,CUST-4145,PRD-3019,12,463.59,5563.08,2025-02-22,Delivered,Net Banking
ORD-7375,STR-2027,CUST-4063,PRD-3424,17,2399.65,40794.05,2025-07-05,Shipped,Credit Card
ORD-7376,STR-2097,CUST-4668,PRD-3247,18,4975.3,89555.4,2026-01-21,Delivered,Net Banking
ORD-7377,STR-2086,CUST-4741,PRD-3032,7,623.86,4367.02,2025-06-12,Delivered,Escrow
ORD-7378,STR-2068,CUST-4017,PRD-3398,6,4460.04,26760.24,2025-06-01,Returned,UPI
ORD-7379,STR-2039,CUST-4516,PRD-3434,11,3572.54,39297.94,2025-12-10,Delivered,Net Banking
ORD-7380,STR-2007,CUST-4166,PRD-3289,6,1761.8,10570.8,2026-01-30,Returned,Net Banking
ORD-7381,STR-2088,CUST-4541,PRD-3207,5,4483.49,22417.45,2025-04-06,Processing,COD
ORD-7382,STR-2039,CUST-4047,PRD-3230,14,2228.76,31202.64,2025-03-11,Delivered,Net Banking
ORD-7383,STR-2084,CUST-4914,PRD-3194,22,1153.34,25373.48,2025-09-02,Delivered,Escrow
ORD-7384,STR-2044,CUST-4214,PRD-3373,18,4839.44,87109.92,2025-07-25,Shipped,Net Banking
ORD-7385,STR-2089,CUST-4142,PRD-3184,20,758.09,15161.8,2025-09-28,Shipped,COD
ORD-7386,STR-2061,CUST-4622,PRD-3027,14,4495.22,62933.08,2025-12-22,Delivered,Credit Card
ORD-7387,STR-2067,CUST-4941,PRD-3480,17,4969.19,84476.23,2025-10-30,Cancelled,Escrow
ORD-7388,STR-2023,CUST-4059,PRD-3356,11,3933.83,43272.13,2026-02-03,Delivered,Credit Card
ORD-7389,STR-2001,CUST-4356,PRD-3404,1,3483.43,3483.43,2026-03-04,Processing,Escrow
ORD-7390,STR-2061,CUST-4205,PRD-3296,14,3749.69,52495.66,2025-06-17,Processing,Net Banking
ORD-7391,STR-2055,CUST-4975,PRD-3132,25,192.85,4821.25,2025-04-09,Cancelled,Credit Card
ORD-7392,STR-2053,CUST-4462,PRD-3030,24,2447.4,58737.6,2025-11-01,Shipped,Net Banking
ORD-7393,STR-2091,CUST-4348,PRD-3177,9,920.11,8280.99,2026-03-12,Delivered,COD
ORD-7394,STR-2091,CUST-4884,PRD-3015,8,4181.19,33449.52,2025-09-27,Delivered,Escrow
ORD-7395,STR-2024,CUST-4489,PRD-3108,13,3785.46,49210.98,2025-03-08,Shipped,Escrow
ORD-7396,STR-2024,CUST-4062,PRD-3362,6,1000.89,6005.34,2025-11-26,Delivered,Net Banking
ORD-7397,STR-2014,CUST-4109,PRD-3390,3,4204.2,12612.6,2026-03-02,Delivered,Net Banking
ORD-7398,STR-2055,CUST-4622,PRD-3062,16,667.05,10672.8,2025-03-26,Delivered,Credit Card
ORD-7399,STR-2021,CUST-4632,PRD-3453,18,1953.95,35171.1,2025-05-28,Delivered,COD
ORD-7400,STR-2052,CUST-4591,PRD-3284,8,307.05,2456.4,2025-03-31,Delivered,Net Banking
ORD-7401,STR-2075,CUST-4009,PRD-3107,19,4303.92,81774.48,2025-04-02,Delivered,UPI
ORD-7402,STR-2024,CUST-4765,PRD-3212,19,4004.36,76082.84,2025-01-08,Delivered,Credit Card
ORD-7403,STR-2024,CUST-4695,PRD-3204,9,2552.96,22976.64,2025-02-09,Delivered,Net Banking
ORD-7404,STR-2070,CUST-4026,PRD-3445,3,2335.3,7005.9,2026-01-24,Delivered,Escrow
ORD-7405,STR-2011,CUST-4410,PRD-3474,7,2311.39,16179.73,2026-02-03,Delivered,Credit Card
ORD-7406,STR-2088,CUST-4012,PRD-3482,2,1562.35,3124.7,2025-04-12,Delivered,Escrow
ORD-7407,STR-2053,CUST-4856,PRD-3235,6,1380.96,8285.76,2025-05-24,Shipped,COD
ORD-7408,STR-2029,CUST-4874,PRD-3058,15,925.56,13883.4,2025-05-23,Returned,Net Banking
ORD-7409,STR-2056,CUST-4248,PRD-3469,18,175.85,3165.3,2025-04-24,Processing,UPI
ORD-7410,STR-2095,CUST-4408,PRD-3388,11,1411.53,15526.83,2025-03-22,Delivered,COD
ORD-7411,STR-2094,CUST-4628,PRD-3419,18,1726.49,31076.82,2025-12-24,Processing,Escrow
ORD-7412,STR-2095,CUST-4620,PRD-3116,5,2390.78,11953.9,2025-03-22,Returned,Net Banking
ORD-7413,STR-2024,CUST-4554,PRD-3441,3,926.32,2778.96,2025-10-21,Delivered,Net Banking
ORD-7414,STR-2029,CUST-4357,PRD-3334,2,1597.56,3195.12,2026-01-31,Processing,Net Banking
ORD-7415,STR-2008,CUST-4129,PRD-3426,14,3634.85,50887.9,2025-08-20,Shipped,Credit Card
ORD-7416,STR-2022,CUST-4465,PRD-3442,6,2831.88,16991.28,2025-06-05,Delivered,Escrow
ORD-7417,STR-2076,CUST-4501,PRD-3136,20,3782.26,75645.2,2025-10-28,Delivered,UPI
ORD-7418,STR-2058,CUST-4741,PRD-3001,17,4316.94,73387.98,2025-08-11,Delivered,UPI
ORD-7419,STR-2054,CUST-4767,PRD-3254,12,3804.66,45655.92,2026-03-10,Returned,UPI
ORD-7420,STR-2022,CUST-4046,PRD-3280,1,3375.77,3375.77,2025-02-22,Processing,Escrow
ORD-7421,STR-2077,CUST-4048,PRD-3085,6,3892.49,23354.94,2025-07-10,Returned,Credit Card
ORD-7422,STR-2031,CUST-4635,PRD-3017,9,1406.38,12657.42,2025-10-21,Delivered,COD
ORD-7423,STR-2029,CUST-4178,PRD-3461,6,1840.21,11041.26,2025-04-09,Delivered,Escrow
ORD-7424,STR-2023,CUST-4007,PRD-3491,6,1336.69,8020.14,2025-02-04,Delivered,Escrow
ORD-7425,STR-2048,CUST-4928,PRD-3334,11,1818.65,20005.15,2025-01-31,Delivered,COD
ORD-7426,STR-2094,CUST-4232,PRD-3173,10,1743.52,17435.2,2026-01-03,Cancelled,UPI
ORD-7427,STR-2029,CUST-4876,PRD-3208,19,2595.82,49320.58,2025-10-11,Returned,COD
ORD-7428,STR-2037,CUST-4712,PRD-3402,7,3175.34,22227.38,2026-01-22,Returned,Escrow
ORD-7429,STR-2025,CUST-4897,PRD-3084,10,4271.54,42715.4,2025-07-21,Delivered,COD
ORD-7430,STR-2055,CUST-4136,PRD-3004,18,279.26,5026.68,2025-10-16,Cancelled,COD
ORD-7431,STR-2083,CUST-4237,PRD-3063,5,4183.52,20917.6,2026-02-08,Delivered,Credit Card
ORD-7432,STR-2012,CUST-4166,PRD-3451,19,429.03,8151.57,2026-02-04,Delivered,COD
ORD-7433,STR-2051,CUST-4321,PRD-3465,20,3065.55,61311.0,2025-03-10,Delivered,UPI
ORD-7434,STR-2019,CUST-4249,PRD-3496,16,2097.22,33555.52,2025-02-08,Shipped,Net Banking
ORD-7435,STR-2040,CUST-4603,PRD-3191,9,926.26,8336.34,2025-01-08,Shipped,Escrow
ORD-7436,STR-2077,CUST-4794,PRD-3444,9,3258.45,29326.05,2025-10-17,Delivered,Net Banking
ORD-7437,STR-2044,CUST-4638,PRD-3408,4,2991.89,11967.56,2025-04-03,Shipped,Net Banking
ORD-7438,STR-2010,CUST-4720,PRD-3118,4,2485.85,9943.4,2025-04-29,Cancelled,Net Banking
ORD-7439,STR-2017,CUST-4967,PRD-3217,9,2446.24,22016.16,2025-03-19,Cancelled,COD
ORD-7440,STR-2081,CUST-4940,PRD-3205,9,2008.01,18072.09,2025-03-14,Cancelled,UPI
ORD-7441,STR-2080,CUST-4436,PRD-3062,15,4071.96,61079.4,2025-04-28,Delivered,UPI
ORD-7442,STR-2074,CUST-4608,PRD-3082,22,3747.86,82452.92,2025-09-30,Delivered,Credit Card
ORD-7443,STR-2018,CUST-4277,PRD-3032,7,956.14,6692.98,2025-02-24,Delivered,Credit Card
ORD-7444,STR-2089,CUST-4236,PRD-3441,11,1869.93,20569.23,2025-06-12,Delivered,Credit Card
ORD-7445,STR-2027,CUST-4738,PRD-3396,5,636.78,3183.9,2025-11-24,Delivered,Credit Card
ORD-7446,STR-2031,CUST-4683,PRD-3431,2,2659.51,5319.02,2025-08-15,Shipped,COD
ORD-7447,STR-2060,CUST-4654,PRD-3072,9,2410.77,21696.93,2025-03-06,Delivered,Credit Card
ORD-7448,STR-2017,CUST-4158,PRD-3498,3,2583.33,7749.99,2025-05-01,Cancelled,Credit Card
ORD-7449,STR-2081,CUST-4818,PRD-3346,11,3547.0,39017.0,2025-10-04,Returned,UPI
ORD-7450,STR-2076,CUST-4185,PRD-3377,1,1617.18,1617.18,2025-10-05,Shipped,Net Banking
ORD-7451,STR-2006,CUST-4442,PRD-3253,21,2003.69,42077.49,2025-10-22,Delivered,Escrow
ORD-7452,STR-2031,CUST-4776,PRD-3088,19,3009.4,57178.6,2025-10-13,Shipped,Credit Card
ORD-7453,STR-2013,CUST-4367,PRD-3447,20,4722.37,94447.4,2025-03-26,Delivered,Net Banking
ORD-7454,STR-2092,CUST-4556,PRD-3341,10,4806.17,48061.7,2025-05-21,Delivered,COD
ORD-7455,STR-2043,CUST-4652,PRD-3258,12,3715.92,44591.04,2025-09-29,Delivered,COD
ORD-7456,STR-2022,CUST-4997,PRD-3397,11,3542.43,38966.73,2025-12-30,Returned,Net Banking
ORD-7457,STR-2018,CUST-4415,PRD-3404,6,237.25,1423.5,2025-09-18,Delivered,Net Banking
ORD-7458,STR-2062,CUST-4129,PRD-3338,19,3927.76,74627.44,2025-07-05,Delivered,Escrow
ORD-7459,STR-2100,CUST-4653,PRD-3448,11,3725.0,40975.0,2025-02-11,Returned,COD
ORD-7460,STR-2051,CUST-4173,PRD-3285,6,987.18,5923.08,2026-03-22,Delivered,UPI
ORD-7461,STR-2097,CUST-4109,PRD-3274,6,1860.44,11162.64,2026-02-12,Cancelled,Net Banking
ORD-7462,STR-2022,CUST-4776,PRD-3453,10,2319.03,23190.3,2025-10-10,Shipped,Escrow
ORD-7463,STR-2076,CUST-4779,PRD-3129,6,3283.68,19702.08,2025-02-16,Returned,Escrow
ORD-7464,STR-2021,CUST-4252,PRD-3473,9,572.87,5155.83,2025-10-19,Processing,Escrow
ORD-7465,STR-2077,CUST-4012,PRD-3404,1,3086.6,3086.6,2025-12-02,Shipped,Net Banking
ORD-7466,STR-2022,CUST-4852,PRD-3356,15,342.82,5142.3,2025-07-29,Shipped,UPI
ORD-7467,STR-2034,CUST-4941,PRD-3426,11,4165.95,45825.45,2025-01-27,Processing,Credit Card
ORD-7468,STR-2056,CUST-4199,PRD-3095,3,2464.49,7393.47,2025-05-26,Cancelled,UPI
ORD-7469,STR-2003,CUST-4735,PRD-3119,20,513.13,10262.6,2026-01-13,Returned,UPI
ORD-7470,STR-2074,CUST-4225,PRD-3126,12,3850.63,46207.56,2025-10-03,Processing,Escrow
ORD-7471,STR-2018,CUST-4165,PRD-3153,15,604.18,9062.7,2025-10-31,Delivered,Net Banking
ORD-7472,STR-2001,CUST-4712,PRD-3024,14,4830.69,67629.66,2025-09-28,Delivered,Net Banking
ORD-7473,STR-2063,CUST-4675,PRD-3020,11,2089.88,22988.68,2025-07-24,Delivered,Net Banking
ORD-7474,STR-2008,CUST-4486,PRD-3500,14,4371.0,61194.0,2025-07-20,Delivered,Escrow
ORD-7475,STR-2091,CUST-4539,PRD-3366,12,200.07,2400.84,2025-10-21,Delivered,Escrow
ORD-7476,STR-2060,CUST-4178,PRD-3103,9,2204.75,19842.75,2025-08-16,Returned,Net Banking
ORD-7477,STR-2085,CUST-4151,PRD-3439,8,3415.49,27323.92,2025-04-16,Returned,Escrow
ORD-7478,STR-2053,CUST-4118,PRD-3007,21,4693.75,98568.75,2025-11-13,Delivered,Credit Card
ORD-7479,STR-2092,CUST-4096,PRD-3495,14,1603.4,22447.6,2025-04-13,Cancelled,UPI
ORD-7480,STR-2050,CUST-4358,PRD-3142,10,714.08,7140.8,2026-01-19,Delivered,Net Banking
ORD-7481,STR-2023,CUST-4476,PRD-3241,22,4489.58,98770.76,2025-09-25,Delivered,Net Banking
ORD-7482,STR-2054,CUST-4916,PRD-3471,25,303.48,7587.0,2026-03-16,Cancelled,Escrow
ORD-7483,STR-2033,CUST-4619,PRD-3150,6,3174.83,19048.98,2025-01-24,Returned,Credit Card
ORD-7484,STR-2055,CUST-4829,PRD-3036,16,1739.8,27836.8,2025-06-24,Delivered,COD
ORD-7485,STR-2071,CUST-4452,PRD-3011,3,4204.08,12612.24,2025-09-11,Processing,COD
ORD-7486,STR-2073,CUST-4194,PRD-3089,10,3532.07,35320.7,2025-01-22,Delivered,Credit Card
ORD-7487,STR-2072,CUST-4225,PRD-3228,10,1443.05,14430.5,2025-05-17,Delivered,Net Banking
ORD-7488,STR-2022,CUST-4225,PRD-3138,12,2227.74,26732.88,2025-06-21,Returned,Escrow
ORD-7489,STR-2065,CUST-4844,PRD-3200,19,1389.31,26396.89,2025-10-19,Returned,UPI
ORD-7490,STR-2022,CUST-4368,PRD-3448,10,3897.65,38976.5,2025-07-09,Cancelled,Escrow
ORD-7491,STR-2049,CUST-4863,PRD-3390,5,2177.4,10887.0,2025-10-18,Delivered,Credit Card
ORD-7492,STR-2089,CUST-4479,PRD-3089,7,2651.23,18558.61,2026-01-11,Cancelled,Credit Card
ORD-7493,STR-2009,CUST-4669,PRD-3007,1,3038.76,3038.76,2025-04-27,Processing,Credit Card
ORD-7494,STR-2081,CUST-4907,PRD-3161,16,3748.3,59972.8,2025-05-18,Delivered,UPI
ORD-7495,STR-2051,CUST-4744,PRD-3143,8,1708.24,13665.92,2025-10-30,Processing,UPI
ORD-7496,STR-2005,CUST-4596,PRD-3400,8,2463.23,19705.84,2025-02-09,Delivered,Net Banking
ORD-7497,STR-2007,CUST-4313,PRD-3251,21,3230.19,67833.99,2026-01-13,Delivered,Credit Card
ORD-7498,STR-2029,CUST-4467,PRD-3259,17,1420.33,24145.61,2025-04-19,Shipped,UPI
ORD-7499,STR-2051,CUST-4746,PRD-3193,3,2779.83,8339.49,2025-08-20,Returned,Credit Card
ORD-7500,STR-2054,CUST-4263,PRD-3459,14,4268.04,59752.56,2025-03-09,Cancelled,Net Banking
