review_id,product_id,rating,review_text,sentiment,return_reason
REV-7001,PRD-7009,2,Review content for product PRD-7009. Overall rating 2/5.,Negative,Delayed Delivery
REV-7002,PRD-5333,5,Review content for product PRD-5333. Overall rating 5/5.,Positive,None
REV-7003,PRD-5141,5,Review content for product PRD-5141. Overall rating 5/5.,Positive,None
REV-7004,PRD-7383,1,Review content for product PRD-7383. Overall rating 1/5.,Negative,Delayed Delivery
REV-7005,PRD-6725,5,Review content for product PRD-6725. Overall rating 5/5.,Positive,None
REV-7006,PRD-6852,2,Review content for product PRD-6852. Overall rating 2/5.,Negative,Color Mismatch
REV-7007,PRD-6478,5,Review content for product PRD-6478. Overall rating 5/5.,Positive,None
REV-7008,PRD-7232,4,Review content for product PRD-7232. Overall rating 4/5.,Positive,None
REV-7009,PRD-5278,3,Review content for product PRD-5278. Overall rating 3/5.,Neutral,Fit Size Issue
REV-7010,PRD-5216,5,Review content for product PRD-5216. Overall rating 5/5.,Positive,None
REV-7011,PRD-5796,5,Review content for product PRD-5796. Overall rating 5/5.,Positive,None
REV-7012,PRD-6908,4,Review content for product PRD-6908. Overall rating 4/5.,Positive,None
REV-7013,PRD-7106,5,Review content for product PRD-7106. Overall rating 5/5.,Positive,None
REV-7014,PRD-5438,5,Review content for product PRD-5438. Overall rating 5/5.,Positive,None
REV-7015,PRD-5584,5,Review content for product PRD-5584. Overall rating 5/5.,Positive,None
REV-7016,PRD-7200,2,Review content for product PRD-7200. Overall rating 2/5.,Negative,Delayed Delivery
REV-7017,PRD-6751,2,Review content for product PRD-6751. Overall rating 2/5.,Negative,Delayed Delivery
REV-7018,PRD-6695,5,Review content for product PRD-6695. Overall rating 5/5.,Positive,None
REV-7019,PRD-7285,4,Review content for product PRD-7285. Overall rating 4/5.,Positive,None
REV-7020,PRD-6534,2,Review content for product PRD-6534. Overall rating 2/5.,Negative,Fabric Defect
REV-7021,PRD-6321,5,Review content for product PRD-6321. Overall rating 5/5.,Positive,None
REV-7022,PRD-7347,5,Review content for product PRD-7347. Overall rating 5/5.,Positive,None
REV-7023,PRD-6613,1,Review content for product PRD-6613. Overall rating 1/5.,Negative,None
REV-7024,PRD-6228,5,Review content for product PRD-6228. Overall rating 5/5.,Positive,None
REV-7025,PRD-5158,4,Review content for product PRD-5158. Overall rating 4/5.,Positive,None
REV-7026,PRD-7336,3,Review content for product PRD-7336. Overall rating 3/5.,Neutral,Delayed Delivery
REV-7027,PRD-6296,4,Review content for product PRD-6296. Overall rating 4/5.,Positive,None
REV-7028,PRD-5285,5,Review content for product PRD-5285. Overall rating 5/5.,Positive,None
REV-7029,PRD-5762,1,Review content for product PRD-5762. Overall rating 1/5.,Negative,Color Mismatch
REV-7030,PRD-5525,5,Review content for product PRD-5525. Overall rating 5/5.,Positive,None
REV-7031,PRD-6295,5,Review content for product PRD-6295. Overall rating 5/5.,Positive,None
REV-7032,PRD-6533,5,Review content for product PRD-6533. Overall rating 5/5.,Positive,None
REV-7033,PRD-5194,2,Review content for product PRD-5194. Overall rating 2/5.,Negative,Delayed Delivery
REV-7034,PRD-7093,5,Review content for product PRD-7093. Overall rating 5/5.,Positive,None
REV-7035,PRD-6577,3,Review content for product PRD-6577. Overall rating 3/5.,Neutral,Delayed Delivery
REV-7036,PRD-7194,4,Review content for product PRD-7194. Overall rating 4/5.,Positive,None
REV-7037,PRD-5765,5,Review content for product PRD-5765. Overall rating 5/5.,Positive,None
REV-7038,PRD-6263,4,Review content for product PRD-6263. Overall rating 4/5.,Positive,None
REV-7039,PRD-5788,3,Review content for product PRD-5788. Overall rating 3/5.,Neutral,Delayed Delivery
REV-7040,PRD-6410,5,Review content for product PRD-6410. Overall rating 5/5.,Positive,None
REV-7041,PRD-6728,5,Review content for product PRD-6728. Overall rating 5/5.,Positive,None
REV-7042,PRD-5884,4,Review content for product PRD-5884. Overall rating 4/5.,Positive,None
REV-7043,PRD-6464,4,Review content for product PRD-6464. Overall rating 4/5.,Positive,None
REV-7044,PRD-6736,5,Review content for product PRD-6736. Overall rating 5/5.,Positive,None
REV-7045,PRD-6645,5,Review content for product PRD-6645. Overall rating 5/5.,Positive,None
REV-7046,PRD-7057,5,Review content for product PRD-7057. Overall rating 5/5.,Positive,None
REV-7047,PRD-5125,5,Review content for product PRD-5125. Overall rating 5/5.,Positive,None
REV-7048,PRD-5569,3,Review content for product PRD-5569. Overall rating 3/5.,Neutral,Damaged Packaging
REV-7049,PRD-5668,5,Review content for product PRD-5668. Overall rating 5/5.,Positive,None
REV-7050,PRD-5721,5,Review content for product PRD-5721. Overall rating 5/5.,Positive,None
REV-7051,PRD-5960,4,Review content for product PRD-5960. Overall rating 4/5.,Positive,None
REV-7052,PRD-5454,1,Review content for product PRD-5454. Overall rating 1/5.,Negative,None
REV-7053,PRD-7337,4,Review content for product PRD-7337. Overall rating 4/5.,Positive,None
REV-7054,PRD-5890,5,Review content for product PRD-5890. Overall rating 5/5.,Positive,None
REV-7055,PRD-6315,5,Review content for product PRD-6315. Overall rating 5/5.,Positive,None
REV-7056,PRD-5531,3,Review content for product PRD-5531. Overall rating 3/5.,Neutral,Color Mismatch
REV-7057,PRD-5330,4,Review content for product PRD-5330. Overall rating 4/5.,Positive,None
REV-7058,PRD-6509,5,Review content for product PRD-6509. Overall rating 5/5.,Positive,None
REV-7059,PRD-6836,5,Review content for product PRD-6836. Overall rating 5/5.,Positive,None
REV-7060,PRD-6130,2,Review content for product PRD-6130. Overall rating 2/5.,Negative,Fit Size Issue
REV-7061,PRD-7347,1,Review content for product PRD-7347. Overall rating 1/5.,Negative,Fit Size Issue
REV-7062,PRD-6864,4,Review content for product PRD-6864. Overall rating 4/5.,Positive,None
REV-7063,PRD-5924,5,Review content for product PRD-5924. Overall rating 5/5.,Positive,None
REV-7064,PRD-6087,4,Review content for product PRD-6087. Overall rating 4/5.,Positive,None
REV-7065,PRD-7213,5,Review content for product PRD-7213. Overall rating 5/5.,Positive,None
REV-7066,PRD-7230,5,Review content for product PRD-7230. Overall rating 5/5.,Positive,None
REV-7067,PRD-7411,3,Review content for product PRD-7411. Overall rating 3/5.,Neutral,Color Mismatch
REV-7068,PRD-7434,4,Review content for product PRD-7434. Overall rating 4/5.,Positive,None
REV-7069,PRD-5545,4,Review content for product PRD-5545. Overall rating 4/5.,Positive,None
REV-7070,PRD-7435,5,Review content for product PRD-7435. Overall rating 5/5.,Positive,None
REV-7071,PRD-6167,5,Review content for product PRD-6167. Overall rating 5/5.,Positive,None
REV-7072,PRD-7110,5,Review content for product PRD-7110. Overall rating 5/5.,Positive,None
REV-7073,PRD-6596,1,Review content for product PRD-6596. Overall rating 1/5.,Negative,Damaged Packaging
REV-7074,PRD-5312,5,Review content for product PRD-5312. Overall rating 5/5.,Positive,None
REV-7075,PRD-5518,5,Review content for product PRD-5518. Overall rating 5/5.,Positive,None
REV-7076,PRD-7032,5,Review content for product PRD-7032. Overall rating 5/5.,Positive,None
REV-7077,PRD-7225,1,Review content for product PRD-7225. Overall rating 1/5.,Negative,Fabric Defect
REV-7078,PRD-5211,5,Review content for product PRD-5211. Overall rating 5/5.,Positive,None
REV-7079,PRD-6928,5,Review content for product PRD-6928. Overall rating 5/5.,Positive,None
REV-7080,PRD-6040,3,Review content for product PRD-6040. Overall rating 3/5.,Neutral,Damaged Packaging
REV-7081,PRD-7018,5,Review content for product PRD-7018. Overall rating 5/5.,Positive,None
REV-7082,PRD-6736,5,Review content for product PRD-6736. Overall rating 5/5.,Positive,None
REV-7083,PRD-7297,5,Review content for product PRD-7297. Overall rating 5/5.,Positive,None
REV-7084,PRD-6741,1,Review content for product PRD-6741. Overall rating 1/5.,Negative,None
REV-7085,PRD-5033,5,Review content for product PRD-5033. Overall rating 5/5.,Positive,None
REV-7086,PRD-6753,4,Review content for product PRD-6753. Overall rating 4/5.,Positive,None
REV-7087,PRD-5330,5,Review content for product PRD-5330. Overall rating 5/5.,Positive,None
REV-7088,PRD-5906,5,Review content for product PRD-5906. Overall rating 5/5.,Positive,None
REV-7089,PRD-7481,5,Review content for product PRD-7481. Overall rating 5/5.,Positive,None
REV-7090,PRD-7343,4,Review content for product PRD-7343. Overall rating 4/5.,Positive,None
REV-7091,PRD-6929,4,Review content for product PRD-6929. Overall rating 4/5.,Positive,None
REV-7092,PRD-5369,5,Review content for product PRD-5369. Overall rating 5/5.,Positive,None
REV-7093,PRD-6715,4,Review content for product PRD-6715. Overall rating 4/5.,Positive,None
REV-7094,PRD-6945,4,Review content for product PRD-6945. Overall rating 4/5.,Positive,None
REV-7095,PRD-5629,5,Review content for product PRD-5629. Overall rating 5/5.,Positive,None
REV-7096,PRD-5736,5,Review content for product PRD-5736. Overall rating 5/5.,Positive,None
REV-7097,PRD-6253,5,Review content for product PRD-6253. Overall rating 5/5.,Positive,None
REV-7098,PRD-6043,5,Review content for product PRD-6043. Overall rating 5/5.,Positive,None
REV-7099,PRD-6654,5,Review content for product PRD-6654. Overall rating 5/5.,Positive,None
REV-7100,PRD-6464,5,Review content for product PRD-6464. Overall rating 5/5.,Positive,None
REV-7101,PRD-5998,5,Review content for product PRD-5998. Overall rating 5/5.,Positive,None
REV-7102,PRD-7494,5,Review content for product PRD-7494. Overall rating 5/5.,Positive,None
REV-7103,PRD-5077,5,Review content for product PRD-5077. Overall rating 5/5.,Positive,None
REV-7104,PRD-5997,5,Review content for product PRD-5997. Overall rating 5/5.,Positive,None
REV-7105,PRD-7005,5,Review content for product PRD-7005. Overall rating 5/5.,Positive,None
REV-7106,PRD-7480,5,Review content for product PRD-7480. Overall rating 5/5.,Positive,None
REV-7107,PRD-7029,5,Review content for product PRD-7029. Overall rating 5/5.,Positive,None
REV-7108,PRD-7475,4,Review content for product PRD-7475. Overall rating 4/5.,Positive,None
REV-7109,PRD-7295,5,Review content for product PRD-7295. Overall rating 5/5.,Positive,None
REV-7110,PRD-7242,5,Review content for product PRD-7242. Overall rating 5/5.,Positive,None
REV-7111,PRD-5576,5,Review content for product PRD-5576. Overall rating 5/5.,Positive,None
REV-7112,PRD-6095,5,Review content for product PRD-6095. Overall rating 5/5.,Positive,None
REV-7113,PRD-6666,5,Review content for product PRD-6666. Overall rating 5/5.,Positive,None
REV-7114,PRD-7255,4,Review content for product PRD-7255. Overall rating 4/5.,Positive,None
REV-7115,PRD-5584,3,Review content for product PRD-5584. Overall rating 3/5.,Neutral,Color Mismatch
REV-7116,PRD-6574,5,Review content for product PRD-6574. Overall rating 5/5.,Positive,None
REV-7117,PRD-5692,3,Review content for product PRD-5692. Overall rating 3/5.,Neutral,Damaged Packaging
REV-7118,PRD-6653,4,Review content for product PRD-6653. Overall rating 4/5.,Positive,None
REV-7119,PRD-5712,4,Review content for product PRD-5712. Overall rating 4/5.,Positive,None
REV-7120,PRD-5265,5,Review content for product PRD-5265. Overall rating 5/5.,Positive,None
REV-7121,PRD-6415,5,Review content for product PRD-6415. Overall rating 5/5.,Positive,None
REV-7122,PRD-5426,5,Review content for product PRD-5426. Overall rating 5/5.,Positive,None
REV-7123,PRD-6818,4,Review content for product PRD-6818. Overall rating 4/5.,Positive,None
REV-7124,PRD-6742,5,Review content for product PRD-6742. Overall rating 5/5.,Positive,None
REV-7125,PRD-6459,5,Review content for product PRD-6459. Overall rating 5/5.,Positive,None
REV-7126,PRD-5223,5,Review content for product PRD-5223. Overall rating 5/5.,Positive,None
REV-7127,PRD-6452,4,Review content for product PRD-6452. Overall rating 4/5.,Positive,None
REV-7128,PRD-6642,4,Review content for product PRD-6642. Overall rating 4/5.,Positive,None
REV-7129,PRD-5943,5,Review content for product PRD-5943. Overall rating 5/5.,Positive,None
REV-7130,PRD-5412,2,Review content for product PRD-5412. Overall rating 2/5.,Negative,Damaged Packaging
REV-7131,PRD-5128,5,Review content for product PRD-5128. Overall rating 5/5.,Positive,None
REV-7132,PRD-5853,5,Review content for product PRD-5853. Overall rating 5/5.,Positive,None
REV-7133,PRD-6973,1,Review content for product PRD-6973. Overall rating 1/5.,Negative,Delayed Delivery
REV-7134,PRD-7146,4,Review content for product PRD-7146. Overall rating 4/5.,Positive,None
REV-7135,PRD-7099,3,Review content for product PRD-7099. Overall rating 3/5.,Neutral,Damaged Packaging
REV-7136,PRD-5383,5,Review content for product PRD-5383. Overall rating 5/5.,Positive,None
REV-7137,PRD-6457,4,Review content for product PRD-6457. Overall rating 4/5.,Positive,None
REV-7138,PRD-5813,5,Review content for product PRD-5813. Overall rating 5/5.,Positive,None
REV-7139,PRD-6634,3,Review content for product PRD-6634. Overall rating 3/5.,Neutral,Delayed Delivery
REV-7140,PRD-5976,2,Review content for product PRD-5976. Overall rating 2/5.,Negative,None
REV-7141,PRD-6448,5,Review content for product PRD-6448. Overall rating 5/5.,Positive,None
REV-7142,PRD-5569,5,Review content for product PRD-5569. Overall rating 5/5.,Positive,None
REV-7143,PRD-5182,5,Review content for product PRD-5182. Overall rating 5/5.,Positive,None
REV-7144,PRD-7416,2,Review content for product PRD-7416. Overall rating 2/5.,Negative,Damaged Packaging
REV-7145,PRD-6701,1,Review content for product PRD-6701. Overall rating 1/5.,Negative,None
REV-7146,PRD-6888,5,Review content for product PRD-6888. Overall rating 5/5.,Positive,None
REV-7147,PRD-6969,4,Review content for product PRD-6969. Overall rating 4/5.,Positive,None
REV-7148,PRD-7218,4,Review content for product PRD-7218. Overall rating 4/5.,Positive,None
REV-7149,PRD-5979,5,Review content for product PRD-5979. Overall rating 5/5.,Positive,None
REV-7150,PRD-6141,1,Review content for product PRD-6141. Overall rating 1/5.,Negative,Color Mismatch
REV-7151,PRD-6827,5,Review content for product PRD-6827. Overall rating 5/5.,Positive,None
REV-7152,PRD-7491,4,Review content for product PRD-7491. Overall rating 4/5.,Positive,None
REV-7153,PRD-5832,4,Review content for product PRD-5832. Overall rating 4/5.,Positive,None
REV-7154,PRD-6608,5,Review content for product PRD-6608. Overall rating 5/5.,Positive,None
REV-7155,PRD-6745,4,Review content for product PRD-6745. Overall rating 4/5.,Positive,None
REV-7156,PRD-5652,5,Review content for product PRD-5652. Overall rating 5/5.,Positive,None
REV-7157,PRD-5637,4,Review content for product PRD-5637. Overall rating 4/5.,Positive,None
REV-7158,PRD-6602,5,Review content for product PRD-6602. Overall rating 5/5.,Positive,None
REV-7159,PRD-6429,5,Review content for product PRD-6429. Overall rating 5/5.,Positive,None
REV-7160,PRD-6061,5,Review content for product PRD-6061. Overall rating 5/5.,Positive,None
REV-7161,PRD-6653,5,Review content for product PRD-6653. Overall rating 5/5.,Positive,None
REV-7162,PRD-7135,4,Review content for product PRD-7135. Overall rating 4/5.,Positive,None
REV-7163,PRD-7006,5,Review content for product PRD-7006. Overall rating 5/5.,Positive,None
REV-7164,PRD-7267,5,Review content for product PRD-7267. Overall rating 5/5.,Positive,None
REV-7165,PRD-6135,5,Review content for product PRD-6135. Overall rating 5/5.,Positive,None
REV-7166,PRD-7181,4,Review content for product PRD-7181. Overall rating 4/5.,Positive,None
REV-7167,PRD-6534,5,Review content for product PRD-6534. Overall rating 5/5.,Positive,None
REV-7168,PRD-7448,5,Review content for product PRD-7448. Overall rating 5/5.,Positive,None
REV-7169,PRD-5472,3,Review content for product PRD-5472. Overall rating 3/5.,Neutral,Fabric Defect
REV-7170,PRD-5147,1,Review content for product PRD-5147. Overall rating 1/5.,Negative,Fabric Defect
REV-7171,PRD-6327,4,Review content for product PRD-6327. Overall rating 4/5.,Positive,None
REV-7172,PRD-6479,3,Review content for product PRD-6479. Overall rating 3/5.,Neutral,None
REV-7173,PRD-6276,3,Review content for product PRD-6276. Overall rating 3/5.,Neutral,Fabric Defect
REV-7174,PRD-5241,5,Review content for product PRD-5241. Overall rating 5/5.,Positive,None
REV-7175,PRD-5334,5,Review content for product PRD-5334. Overall rating 5/5.,Positive,None
REV-7176,PRD-6490,1,Review content for product PRD-6490. Overall rating 1/5.,Negative,Delayed Delivery
REV-7177,PRD-6803,2,Review content for product PRD-6803. Overall rating 2/5.,Negative,Color Mismatch
REV-7178,PRD-5174,5,Review content for product PRD-5174. Overall rating 5/5.,Positive,None
REV-7179,PRD-6827,3,Review content for product PRD-6827. Overall rating 3/5.,Neutral,Fabric Defect
REV-7180,PRD-7352,5,Review content for product PRD-7352. Overall rating 5/5.,Positive,None
REV-7181,PRD-5938,5,Review content for product PRD-5938. Overall rating 5/5.,Positive,None
REV-7182,PRD-6795,2,Review content for product PRD-6795. Overall rating 2/5.,Negative,Damaged Packaging
REV-7183,PRD-7101,2,Review content for product PRD-7101. Overall rating 2/5.,Negative,Delayed Delivery
REV-7184,PRD-7063,4,Review content for product PRD-7063. Overall rating 4/5.,Positive,None
REV-7185,PRD-5698,4,Review content for product PRD-5698. Overall rating 4/5.,Positive,None
REV-7186,PRD-6000,2,Review content for product PRD-6000. Overall rating 2/5.,Negative,None
REV-7187,PRD-5604,5,Review content for product PRD-5604. Overall rating 5/5.,Positive,None
REV-7188,PRD-6964,5,Review content for product PRD-6964. Overall rating 5/5.,Positive,None
REV-7189,PRD-6781,2,Review content for product PRD-6781. Overall rating 2/5.,Negative,Fabric Defect
REV-7190,PRD-7416,5,Review content for product PRD-7416. Overall rating 5/5.,Positive,None
REV-7191,PRD-7031,5,Review content for product PRD-7031. Overall rating 5/5.,Positive,None
REV-7192,PRD-5525,5,Review content for product PRD-5525. Overall rating 5/5.,Positive,None
REV-7193,PRD-5776,5,Review content for product PRD-5776. Overall rating 5/5.,Positive,None
REV-7194,PRD-6118,2,Review content for product PRD-6118. Overall rating 2/5.,Negative,Delayed Delivery
REV-7195,PRD-5844,5,Review content for product PRD-5844. Overall rating 5/5.,Positive,None
REV-7196,PRD-5778,4,Review content for product PRD-5778. Overall rating 4/5.,Positive,None
REV-7197,PRD-5796,5,Review content for product PRD-5796. Overall rating 5/5.,Positive,None
REV-7198,PRD-6612,4,Review content for product PRD-6612. Overall rating 4/5.,Positive,None
REV-7199,PRD-5396,5,Review content for product PRD-5396. Overall rating 5/5.,Positive,None
REV-7200,PRD-6506,2,Review content for product PRD-6506. Overall rating 2/5.,Negative,Color Mismatch
REV-7201,PRD-6086,1,Review content for product PRD-6086. Overall rating 1/5.,Negative,None
REV-7202,PRD-7338,5,Review content for product PRD-7338. Overall rating 5/5.,Positive,None
REV-7203,PRD-7335,1,Review content for product PRD-7335. Overall rating 1/5.,Negative,Color Mismatch
REV-7204,PRD-5405,3,Review content for product PRD-5405. Overall rating 3/5.,Neutral,None
REV-7205,PRD-5331,5,Review content for product PRD-5331. Overall rating 5/5.,Positive,None
REV-7206,PRD-5745,5,Review content for product PRD-5745. Overall rating 5/5.,Positive,None
REV-7207,PRD-6756,2,Review content for product PRD-6756. Overall rating 2/5.,Negative,Fabric Defect
REV-7208,PRD-6265,4,Review content for product PRD-6265. Overall rating 4/5.,Positive,None
REV-7209,PRD-6957,5,Review content for product PRD-6957. Overall rating 5/5.,Positive,None
REV-7210,PRD-5207,5,Review content for product PRD-5207. Overall rating 5/5.,Positive,None
REV-7211,PRD-5358,5,Review content for product PRD-5358. Overall rating 5/5.,Positive,None
REV-7212,PRD-6350,5,Review content for product PRD-6350. Overall rating 5/5.,Positive,None
REV-7213,PRD-5410,3,Review content for product PRD-5410. Overall rating 3/5.,Neutral,Fabric Defect
REV-7214,PRD-5234,5,Review content for product PRD-5234. Overall rating 5/5.,Positive,None
REV-7215,PRD-7462,2,Review content for product PRD-7462. Overall rating 2/5.,Negative,Delayed Delivery
REV-7216,PRD-6267,4,Review content for product PRD-6267. Overall rating 4/5.,Positive,None
REV-7217,PRD-5210,5,Review content for product PRD-5210. Overall rating 5/5.,Positive,None
REV-7218,PRD-5183,5,Review content for product PRD-5183. Overall rating 5/5.,Positive,None
REV-7219,PRD-5235,5,Review content for product PRD-5235. Overall rating 5/5.,Positive,None
REV-7220,PRD-5131,5,Review content for product PRD-5131. Overall rating 5/5.,Positive,None
REV-7221,PRD-6281,1,Review content for product PRD-6281. Overall rating 1/5.,Negative,Color Mismatch
REV-7222,PRD-5872,5,Review content for product PRD-5872. Overall rating 5/5.,Positive,None
REV-7223,PRD-7243,5,Review content for product PRD-7243. Overall rating 5/5.,Positive,None
REV-7224,PRD-6984,5,Review content for product PRD-6984. Overall rating 5/5.,Positive,None
REV-7225,PRD-6940,5,Review content for product PRD-6940. Overall rating 5/5.,Positive,None
REV-7226,PRD-5415,2,Review content for product PRD-5415. Overall rating 2/5.,Negative,Damaged Packaging
REV-7227,PRD-6608,5,Review content for product PRD-6608. Overall rating 5/5.,Positive,None
REV-7228,PRD-6015,4,Review content for product PRD-6015. Overall rating 4/5.,Positive,None
REV-7229,PRD-5284,5,Review content for product PRD-5284. Overall rating 5/5.,Positive,None
REV-7230,PRD-7248,3,Review content for product PRD-7248. Overall rating 3/5.,Neutral,Color Mismatch
REV-7231,PRD-7222,4,Review content for product PRD-7222. Overall rating 4/5.,Positive,None
REV-7232,PRD-5510,5,Review content for product PRD-5510. Overall rating 5/5.,Positive,None
REV-7233,PRD-5522,5,Review content for product PRD-5522. Overall rating 5/5.,Positive,None
REV-7234,PRD-5430,5,Review content for product PRD-5430. Overall rating 5/5.,Positive,None
REV-7235,PRD-7262,1,Review content for product PRD-7262. Overall rating 1/5.,Negative,Fit Size Issue
REV-7236,PRD-6373,4,Review content for product PRD-6373. Overall rating 4/5.,Positive,None
REV-7237,PRD-6631,3,Review content for product PRD-6631. Overall rating 3/5.,Neutral,Fit Size Issue
REV-7238,PRD-5278,2,Review content for product PRD-5278. Overall rating 2/5.,Negative,None
REV-7239,PRD-6430,4,Review content for product PRD-6430. Overall rating 4/5.,Positive,None
REV-7240,PRD-5935,5,Review content for product PRD-5935. Overall rating 5/5.,Positive,None
REV-7241,PRD-6549,4,Review content for product PRD-6549. Overall rating 4/5.,Positive,None
REV-7242,PRD-6004,4,Review content for product PRD-6004. Overall rating 4/5.,Positive,None
REV-7243,PRD-6455,5,Review content for product PRD-6455. Overall rating 5/5.,Positive,None
REV-7244,PRD-5503,4,Review content for product PRD-5503. Overall rating 4/5.,Positive,None
REV-7245,PRD-5126,5,Review content for product PRD-5126. Overall rating 5/5.,Positive,None
REV-7246,PRD-5449,2,Review content for product PRD-5449. Overall rating 2/5.,Negative,None
REV-7247,PRD-6808,2,Review content for product PRD-6808. Overall rating 2/5.,Negative,Fabric Defect
REV-7248,PRD-5999,5,Review content for product PRD-5999. Overall rating 5/5.,Positive,None
REV-7249,PRD-5627,1,Review content for product PRD-5627. Overall rating 1/5.,Negative,Delayed Delivery
REV-7250,PRD-6988,5,Review content for product PRD-6988. Overall rating 5/5.,Positive,None
REV-7251,PRD-6858,3,Review content for product PRD-6858. Overall rating 3/5.,Neutral,Color Mismatch
REV-7252,PRD-5257,5,Review content for product PRD-5257. Overall rating 5/5.,Positive,None
REV-7253,PRD-5728,2,Review content for product PRD-5728. Overall rating 2/5.,Negative,Fit Size Issue
REV-7254,PRD-5771,4,Review content for product PRD-5771. Overall rating 4/5.,Positive,None
REV-7255,PRD-6765,4,Review content for product PRD-6765. Overall rating 4/5.,Positive,None
REV-7256,PRD-6797,5,Review content for product PRD-6797. Overall rating 5/5.,Positive,None
REV-7257,PRD-5802,3,Review content for product PRD-5802. Overall rating 3/5.,Neutral,None
REV-7258,PRD-6448,4,Review content for product PRD-6448. Overall rating 4/5.,Positive,None
REV-7259,PRD-6452,2,Review content for product PRD-6452. Overall rating 2/5.,Negative,Damaged Packaging
REV-7260,PRD-6833,5,Review content for product PRD-6833. Overall rating 5/5.,Positive,None
REV-7261,PRD-5274,5,Review content for product PRD-5274. Overall rating 5/5.,Positive,None
REV-7262,PRD-5133,5,Review content for product PRD-5133. Overall rating 5/5.,Positive,None
REV-7263,PRD-6246,5,Review content for product PRD-6246. Overall rating 5/5.,Positive,None
REV-7264,PRD-6869,4,Review content for product PRD-6869. Overall rating 4/5.,Positive,None
REV-7265,PRD-6662,5,Review content for product PRD-6662. Overall rating 5/5.,Positive,None
REV-7266,PRD-7277,4,Review content for product PRD-7277. Overall rating 4/5.,Positive,None
REV-7267,PRD-6554,4,Review content for product PRD-6554. Overall rating 4/5.,Positive,None
REV-7268,PRD-7224,2,Review content for product PRD-7224. Overall rating 2/5.,Negative,None
REV-7269,PRD-5269,4,Review content for product PRD-5269. Overall rating 4/5.,Positive,None
REV-7270,PRD-6373,3,Review content for product PRD-6373. Overall rating 3/5.,Neutral,Color Mismatch
REV-7271,PRD-6649,5,Review content for product PRD-6649. Overall rating 5/5.,Positive,None
REV-7272,PRD-7017,5,Review content for product PRD-7017. Overall rating 5/5.,Positive,None
REV-7273,PRD-7127,5,Review content for product PRD-7127. Overall rating 5/5.,Positive,None
REV-7274,PRD-7460,4,Review content for product PRD-7460. Overall rating 4/5.,Positive,None
REV-7275,PRD-5944,4,Review content for product PRD-5944. Overall rating 4/5.,Positive,None
REV-7276,PRD-7417,5,Review content for product PRD-7417. Overall rating 5/5.,Positive,None
REV-7277,PRD-7089,5,Review content for product PRD-7089. Overall rating 5/5.,Positive,None
REV-7278,PRD-7488,4,Review content for product PRD-7488. Overall rating 4/5.,Positive,None
REV-7279,PRD-5202,4,Review content for product PRD-5202. Overall rating 4/5.,Positive,None
REV-7280,PRD-6585,5,Review content for product PRD-6585. Overall rating 5/5.,Positive,None
REV-7281,PRD-7214,5,Review content for product PRD-7214. Overall rating 5/5.,Positive,None
REV-7282,PRD-5224,5,Review content for product PRD-5224. Overall rating 5/5.,Positive,None
REV-7283,PRD-6000,5,Review content for product PRD-6000. Overall rating 5/5.,Positive,None
REV-7284,PRD-6898,5,Review content for product PRD-6898. Overall rating 5/5.,Positive,None
REV-7285,PRD-5895,5,Review content for product PRD-5895. Overall rating 5/5.,Positive,None
REV-7286,PRD-5473,1,Review content for product PRD-5473. Overall rating 1/5.,Negative,Delayed Delivery
REV-7287,PRD-5444,5,Review content for product PRD-5444. Overall rating 5/5.,Positive,None
REV-7288,PRD-6016,4,Review content for product PRD-6016. Overall rating 4/5.,Positive,None
REV-7289,PRD-6670,3,Review content for product PRD-6670. Overall rating 3/5.,Neutral,Fabric Defect
REV-7290,PRD-6769,5,Review content for product PRD-6769. Overall rating 5/5.,Positive,None
REV-7291,PRD-7322,5,Review content for product PRD-7322. Overall rating 5/5.,Positive,None
REV-7292,PRD-6245,5,Review content for product PRD-6245. Overall rating 5/5.,Positive,None
REV-7293,PRD-5590,3,Review content for product PRD-5590. Overall rating 3/5.,Neutral,Fabric Defect
REV-7294,PRD-6053,5,Review content for product PRD-6053. Overall rating 5/5.,Positive,None
REV-7295,PRD-5999,4,Review content for product PRD-5999. Overall rating 4/5.,Positive,None
REV-7296,PRD-5627,5,Review content for product PRD-5627. Overall rating 5/5.,Positive,None
REV-7297,PRD-7034,5,Review content for product PRD-7034. Overall rating 5/5.,Positive,None
REV-7298,PRD-6585,5,Review content for product PRD-6585. Overall rating 5/5.,Positive,None
REV-7299,PRD-5579,3,Review content for product PRD-5579. Overall rating 3/5.,Neutral,Color Mismatch
REV-7300,PRD-6938,4,Review content for product PRD-6938. Overall rating 4/5.,Positive,None
REV-7301,PRD-6443,4,Review content for product PRD-6443. Overall rating 4/5.,Positive,None
REV-7302,PRD-5978,1,Review content for product PRD-5978. Overall rating 1/5.,Negative,Fit Size Issue
REV-7303,PRD-7046,2,Review content for product PRD-7046. Overall rating 2/5.,Negative,Damaged Packaging
REV-7304,PRD-6634,3,Review content for product PRD-6634. Overall rating 3/5.,Neutral,Color Mismatch
REV-7305,PRD-6086,5,Review content for product PRD-6086. Overall rating 5/5.,Positive,None
REV-7306,PRD-6383,5,Review content for product PRD-6383. Overall rating 5/5.,Positive,None
REV-7307,PRD-6054,5,Review content for product PRD-6054. Overall rating 5/5.,Positive,None
REV-7308,PRD-5580,5,Review content for product PRD-5580. Overall rating 5/5.,Positive,None
REV-7309,PRD-6311,5,Review content for product PRD-6311. Overall rating 5/5.,Positive,None
REV-7310,PRD-6813,4,Review content for product PRD-6813. Overall rating 4/5.,Positive,None
REV-7311,PRD-6471,5,Review content for product PRD-6471. Overall rating 5/5.,Positive,None
REV-7312,PRD-5624,5,Review content for product PRD-5624. Overall rating 5/5.,Positive,None
REV-7313,PRD-5830,4,Review content for product PRD-5830. Overall rating 4/5.,Positive,None
REV-7314,PRD-5332,5,Review content for product PRD-5332. Overall rating 5/5.,Positive,None
REV-7315,PRD-7420,4,Review content for product PRD-7420. Overall rating 4/5.,Positive,None
REV-7316,PRD-6799,1,Review content for product PRD-6799. Overall rating 1/5.,Negative,Fit Size Issue
REV-7317,PRD-6453,4,Review content for product PRD-6453. Overall rating 4/5.,Positive,None
REV-7318,PRD-5256,2,Review content for product PRD-5256. Overall rating 2/5.,Negative,None
REV-7319,PRD-5136,5,Review content for product PRD-5136. Overall rating 5/5.,Positive,None
REV-7320,PRD-5542,5,Review content for product PRD-5542. Overall rating 5/5.,Positive,None
REV-7321,PRD-6843,3,Review content for product PRD-6843. Overall rating 3/5.,Neutral,Color Mismatch
REV-7322,PRD-5464,5,Review content for product PRD-5464. Overall rating 5/5.,Positive,None
REV-7323,PRD-7349,3,Review content for product PRD-7349. Overall rating 3/5.,Neutral,Delayed Delivery
REV-7324,PRD-5359,5,Review content for product PRD-5359. Overall rating 5/5.,Positive,None
REV-7325,PRD-7021,5,Review content for product PRD-7021. Overall rating 5/5.,Positive,None
REV-7326,PRD-6772,4,Review content for product PRD-6772. Overall rating 4/5.,Positive,None
REV-7327,PRD-5086,5,Review content for product PRD-5086. Overall rating 5/5.,Positive,None
REV-7328,PRD-5356,5,Review content for product PRD-5356. Overall rating 5/5.,Positive,None
REV-7329,PRD-5210,5,Review content for product PRD-5210. Overall rating 5/5.,Positive,None
REV-7330,PRD-6476,4,Review content for product PRD-6476. Overall rating 4/5.,Positive,None
REV-7331,PRD-5644,3,Review content for product PRD-5644. Overall rating 3/5.,Neutral,Delayed Delivery
REV-7332,PRD-5174,5,Review content for product PRD-5174. Overall rating 5/5.,Positive,None
REV-7333,PRD-5037,3,Review content for product PRD-5037. Overall rating 3/5.,Neutral,Color Mismatch
REV-7334,PRD-6421,5,Review content for product PRD-6421. Overall rating 5/5.,Positive,None
REV-7335,PRD-5120,5,Review content for product PRD-5120. Overall rating 5/5.,Positive,None
REV-7336,PRD-5968,2,Review content for product PRD-5968. Overall rating 2/5.,Negative,Fabric Defect
REV-7337,PRD-5543,3,Review content for product PRD-5543. Overall rating 3/5.,Neutral,Fabric Defect
REV-7338,PRD-6486,4,Review content for product PRD-6486. Overall rating 4/5.,Positive,None
REV-7339,PRD-6764,5,Review content for product PRD-6764. Overall rating 5/5.,Positive,None
REV-7340,PRD-7444,5,Review content for product PRD-7444. Overall rating 5/5.,Positive,None
REV-7341,PRD-5194,5,Review content for product PRD-5194. Overall rating 5/5.,Positive,None
REV-7342,PRD-6921,5,Review content for product PRD-6921. Overall rating 5/5.,Positive,None
REV-7343,PRD-5265,5,Review content for product PRD-5265. Overall rating 5/5.,Positive,None
REV-7344,PRD-6742,1,Review content for product PRD-6742. Overall rating 1/5.,Negative,Fabric Defect
REV-7345,PRD-7112,5,Review content for product PRD-7112. Overall rating 5/5.,Positive,None
REV-7346,PRD-7032,5,Review content for product PRD-7032. Overall rating 5/5.,Positive,None
REV-7347,PRD-5767,1,Review content for product PRD-5767. Overall rating 1/5.,Negative,None
REV-7348,PRD-7334,4,Review content for product PRD-7334. Overall rating 4/5.,Positive,None
REV-7349,PRD-5980,4,Review content for product PRD-5980. Overall rating 4/5.,Positive,None
REV-7350,PRD-7353,5,Review content for product PRD-7353. Overall rating 5/5.,Positive,None
REV-7351,PRD-5259,5,Review content for product PRD-5259. Overall rating 5/5.,Positive,None
REV-7352,PRD-6237,5,Review content for product PRD-6237. Overall rating 5/5.,Positive,None
REV-7353,PRD-6363,5,Review content for product PRD-6363. Overall rating 5/5.,Positive,None
REV-7354,PRD-5477,5,Review content for product PRD-5477. Overall rating 5/5.,Positive,None
REV-7355,PRD-6806,5,Review content for product PRD-6806. Overall rating 5/5.,Positive,None
REV-7356,PRD-7004,2,Review content for product PRD-7004. Overall rating 2/5.,Negative,None
REV-7357,PRD-5822,3,Review content for product PRD-5822. Overall rating 3/5.,Neutral,Damaged Packaging
REV-7358,PRD-5520,4,Review content for product PRD-5520. Overall rating 4/5.,Positive,None
REV-7359,PRD-6590,4,Review content for product PRD-6590. Overall rating 4/5.,Positive,None
REV-7360,PRD-5273,5,Review content for product PRD-5273. Overall rating 5/5.,Positive,None
REV-7361,PRD-6915,4,Review content for product PRD-6915. Overall rating 4/5.,Positive,None
REV-7362,PRD-5140,3,Review content for product PRD-5140. Overall rating 3/5.,Neutral,Damaged Packaging
REV-7363,PRD-7324,4,Review content for product PRD-7324. Overall rating 4/5.,Positive,None
REV-7364,PRD-7441,3,Review content for product PRD-7441. Overall rating 3/5.,Neutral,Delayed Delivery
REV-7365,PRD-6668,5,Review content for product PRD-6668. Overall rating 5/5.,Positive,None
REV-7366,PRD-7408,5,Review content for product PRD-7408. Overall rating 5/5.,Positive,None
REV-7367,PRD-5664,5,Review content for product PRD-5664. Overall rating 5/5.,Positive,None
REV-7368,PRD-6061,4,Review content for product PRD-6061. Overall rating 4/5.,Positive,None
REV-7369,PRD-6534,2,Review content for product PRD-6534. Overall rating 2/5.,Negative,Fit Size Issue
REV-7370,PRD-5743,5,Review content for product PRD-5743. Overall rating 5/5.,Positive,None
REV-7371,PRD-6889,3,Review content for product PRD-6889. Overall rating 3/5.,Neutral,None
REV-7372,PRD-7481,4,Review content for product PRD-7481. Overall rating 4/5.,Positive,None
REV-7373,PRD-7148,5,Review content for product PRD-7148. Overall rating 5/5.,Positive,None
REV-7374,PRD-6029,2,Review content for product PRD-6029. Overall rating 2/5.,Negative,Fabric Defect
REV-7375,PRD-6517,4,Review content for product PRD-6517. Overall rating 4/5.,Positive,None
REV-7376,PRD-6484,5,Review content for product PRD-6484. Overall rating 5/5.,Positive,None
REV-7377,PRD-5782,1,Review content for product PRD-5782. Overall rating 1/5.,Negative,Fit Size Issue
REV-7378,PRD-5149,5,Review content for product PRD-5149. Overall rating 5/5.,Positive,None
REV-7379,PRD-6542,5,Review content for product PRD-6542. Overall rating 5/5.,Positive,None
REV-7380,PRD-5163,5,Review content for product PRD-5163. Overall rating 5/5.,Positive,None
REV-7381,PRD-6351,5,Review content for product PRD-6351. Overall rating 5/5.,Positive,None
REV-7382,PRD-5970,3,Review content for product PRD-5970. Overall rating 3/5.,Neutral,Delayed Delivery
REV-7383,PRD-5118,3,Review content for product PRD-5118. Overall rating 3/5.,Neutral,Delayed Delivery
REV-7384,PRD-6394,5,Review content for product PRD-6394. Overall rating 5/5.,Positive,None
REV-7385,PRD-5699,3,Review content for product PRD-5699. Overall rating 3/5.,Neutral,Fabric Defect
REV-7386,PRD-7250,4,Review content for product PRD-7250. Overall rating 4/5.,Positive,None
REV-7387,PRD-6890,4,Review content for product PRD-6890. Overall rating 4/5.,Positive,None
REV-7388,PRD-6310,2,Review content for product PRD-6310. Overall rating 2/5.,Negative,Fit Size Issue
REV-7389,PRD-7168,5,Review content for product PRD-7168. Overall rating 5/5.,Positive,None
REV-7390,PRD-5457,3,Review content for product PRD-5457. Overall rating 3/5.,Neutral,Fit Size Issue
REV-7391,PRD-6606,5,Review content for product PRD-6606. Overall rating 5/5.,Positive,None
REV-7392,PRD-7066,2,Review content for product PRD-7066. Overall rating 2/5.,Negative,Fabric Defect
REV-7393,PRD-7189,5,Review content for product PRD-7189. Overall rating 5/5.,Positive,None
REV-7394,PRD-6776,4,Review content for product PRD-6776. Overall rating 4/5.,Positive,None
REV-7395,PRD-6792,5,Review content for product PRD-6792. Overall rating 5/5.,Positive,None
REV-7396,PRD-6715,5,Review content for product PRD-6715. Overall rating 5/5.,Positive,None
REV-7397,PRD-5690,5,Review content for product PRD-5690. Overall rating 5/5.,Positive,None
REV-7398,PRD-7105,5,Review content for product PRD-7105. Overall rating 5/5.,Positive,None
REV-7399,PRD-5666,5,Review content for product PRD-5666. Overall rating 5/5.,Positive,None
REV-7400,PRD-5516,4,Review content for product PRD-5516. Overall rating 4/5.,Positive,None
REV-7401,PRD-6073,2,Review content for product PRD-6073. Overall rating 2/5.,Negative,Fit Size Issue
REV-7402,PRD-6046,4,Review content for product PRD-6046. Overall rating 4/5.,Positive,None
REV-7403,PRD-5275,5,Review content for product PRD-5275. Overall rating 5/5.,Positive,None
REV-7404,PRD-5937,5,Review content for product PRD-5937. Overall rating 5/5.,Positive,None
REV-7405,PRD-7406,4,Review content for product PRD-7406. Overall rating 4/5.,Positive,None
REV-7406,PRD-5992,5,Review content for product PRD-5992. Overall rating 5/5.,Positive,None
REV-7407,PRD-6036,4,Review content for product PRD-6036. Overall rating 4/5.,Positive,None
REV-7408,PRD-6144,3,Review content for product PRD-6144. Overall rating 3/5.,Neutral,Color Mismatch
REV-7409,PRD-5930,4,Review content for product PRD-5930. Overall rating 4/5.,Positive,None
REV-7410,PRD-5892,4,Review content for product PRD-5892. Overall rating 4/5.,Positive,None
REV-7411,PRD-6279,5,Review content for product PRD-6279. Overall rating 5/5.,Positive,None
REV-7412,PRD-6495,3,Review content for product PRD-6495. Overall rating 3/5.,Neutral,Delayed Delivery
REV-7413,PRD-5273,2,Review content for product PRD-5273. Overall rating 2/5.,Negative,Delayed Delivery
REV-7414,PRD-6397,5,Review content for product PRD-6397. Overall rating 5/5.,Positive,None
REV-7415,PRD-6102,4,Review content for product PRD-6102. Overall rating 4/5.,Positive,None
REV-7416,PRD-6210,5,Review content for product PRD-6210. Overall rating 5/5.,Positive,None
REV-7417,PRD-7460,5,Review content for product PRD-7460. Overall rating 5/5.,Positive,None
REV-7418,PRD-6325,4,Review content for product PRD-6325. Overall rating 4/5.,Positive,None
REV-7419,PRD-7436,5,Review content for product PRD-7436. Overall rating 5/5.,Positive,None
REV-7420,PRD-5738,5,Review content for product PRD-5738. Overall rating 5/5.,Positive,None
REV-7421,PRD-6397,4,Review content for product PRD-6397. Overall rating 4/5.,Positive,None
REV-7422,PRD-6015,5,Review content for product PRD-6015. Overall rating 5/5.,Positive,None
REV-7423,PRD-5327,1,Review content for product PRD-5327. Overall rating 1/5.,Negative,Fabric Defect
REV-7424,PRD-7425,3,Review content for product PRD-7425. Overall rating 3/5.,Neutral,Delayed Delivery
REV-7425,PRD-5570,4,Review content for product PRD-5570. Overall rating 4/5.,Positive,None
REV-7426,PRD-6558,3,Review content for product PRD-6558. Overall rating 3/5.,Neutral,Fit Size Issue
REV-7427,PRD-7304,5,Review content for product PRD-7304. Overall rating 5/5.,Positive,None
REV-7428,PRD-7203,4,Review content for product PRD-7203. Overall rating 4/5.,Positive,None
REV-7429,PRD-5548,5,Review content for product PRD-5548. Overall rating 5/5.,Positive,None
REV-7430,PRD-7308,5,Review content for product PRD-7308. Overall rating 5/5.,Positive,None
REV-7431,PRD-5064,5,Review content for product PRD-5064. Overall rating 5/5.,Positive,None
REV-7432,PRD-7201,4,Review content for product PRD-7201. Overall rating 4/5.,Positive,None
REV-7433,PRD-5864,2,Review content for product PRD-5864. Overall rating 2/5.,Negative,Damaged Packaging
REV-7434,PRD-6816,5,Review content for product PRD-6816. Overall rating 5/5.,Positive,None
REV-7435,PRD-5494,2,Review content for product PRD-5494. Overall rating 2/5.,Negative,Color Mismatch
REV-7436,PRD-5058,4,Review content for product PRD-5058. Overall rating 4/5.,Positive,None
REV-7437,PRD-5830,5,Review content for product PRD-5830. Overall rating 5/5.,Positive,None
REV-7438,PRD-5243,5,Review content for product PRD-5243. Overall rating 5/5.,Positive,None
REV-7439,PRD-5013,5,Review content for product PRD-5013. Overall rating 5/5.,Positive,None
REV-7440,PRD-6617,3,Review content for product PRD-6617. Overall rating 3/5.,Neutral,None
REV-7441,PRD-5113,2,Review content for product PRD-5113. Overall rating 2/5.,Negative,Fabric Defect
REV-7442,PRD-5649,4,Review content for product PRD-5649. Overall rating 4/5.,Positive,None
REV-7443,PRD-6998,2,Review content for product PRD-6998. Overall rating 2/5.,Negative,Fit Size Issue
REV-7444,PRD-6279,4,Review content for product PRD-6279. Overall rating 4/5.,Positive,None
REV-7445,PRD-7191,4,Review content for product PRD-7191. Overall rating 4/5.,Positive,None
REV-7446,PRD-6288,5,Review content for product PRD-6288. Overall rating 5/5.,Positive,None
REV-7447,PRD-5854,2,Review content for product PRD-5854. Overall rating 2/5.,Negative,Fabric Defect
REV-7448,PRD-6978,1,Review content for product PRD-6978. Overall rating 1/5.,Negative,Delayed Delivery
REV-7449,PRD-6969,5,Review content for product PRD-6969. Overall rating 5/5.,Positive,None
REV-7450,PRD-5649,5,Review content for product PRD-5649. Overall rating 5/5.,Positive,None
REV-7451,PRD-6809,5,Review content for product PRD-6809. Overall rating 5/5.,Positive,None
REV-7452,PRD-5853,4,Review content for product PRD-5853. Overall rating 4/5.,Positive,None
REV-7453,PRD-5742,4,Review content for product PRD-5742. Overall rating 4/5.,Positive,None
REV-7454,PRD-7414,5,Review content for product PRD-7414. Overall rating 5/5.,Positive,None
REV-7455,PRD-6643,5,Review content for product PRD-6643. Overall rating 5/5.,Positive,None
REV-7456,PRD-6780,5,Review content for product PRD-6780. Overall rating 5/5.,Positive,None
REV-7457,PRD-6794,5,Review content for product PRD-6794. Overall rating 5/5.,Positive,None
REV-7458,PRD-6893,5,Review content for product PRD-6893. Overall rating 5/5.,Positive,None
REV-7459,PRD-7130,5,Review content for product PRD-7130. Overall rating 5/5.,Positive,None
REV-7460,PRD-5485,2,Review content for product PRD-5485. Overall rating 2/5.,Negative,Damaged Packaging
REV-7461,PRD-6789,5,Review content for product PRD-6789. Overall rating 5/5.,Positive,None
REV-7462,PRD-5297,3,Review content for product PRD-5297. Overall rating 3/5.,Neutral,Delayed Delivery
REV-7463,PRD-5745,1,Review content for product PRD-5745. Overall rating 1/5.,Negative,Color Mismatch
REV-7464,PRD-7465,5,Review content for product PRD-7465. Overall rating 5/5.,Positive,None
REV-7465,PRD-6542,5,Review content for product PRD-6542. Overall rating 5/5.,Positive,None
REV-7466,PRD-6426,4,Review content for product PRD-6426. Overall rating 4/5.,Positive,None
REV-7467,PRD-7303,5,Review content for product PRD-7303. Overall rating 5/5.,Positive,None
REV-7468,PRD-7260,5,Review content for product PRD-7260. Overall rating 5/5.,Positive,None
REV-7469,PRD-6541,5,Review content for product PRD-6541. Overall rating 5/5.,Positive,None
REV-7470,PRD-6799,4,Review content for product PRD-6799. Overall rating 4/5.,Positive,None
REV-7471,PRD-7147,4,Review content for product PRD-7147. Overall rating 4/5.,Positive,None
REV-7472,PRD-5902,5,Review content for product PRD-5902. Overall rating 5/5.,Positive,None
REV-7473,PRD-6477,3,Review content for product PRD-6477. Overall rating 3/5.,Neutral,Color Mismatch
REV-7474,PRD-7052,4,Review content for product PRD-7052. Overall rating 4/5.,Positive,None
REV-7475,PRD-6148,4,Review content for product PRD-6148. Overall rating 4/5.,Positive,None
REV-7476,PRD-7500,5,Review content for product PRD-7500. Overall rating 5/5.,Positive,None
REV-7477,PRD-5782,5,Review content for product PRD-5782. Overall rating 5/5.,Positive,None
REV-7478,PRD-6471,2,Review content for product PRD-6471. Overall rating 2/5.,Negative,None
REV-7479,PRD-6081,4,Review content for product PRD-6081. Overall rating 4/5.,Positive,None
REV-7480,PRD-6284,5,Review content for product PRD-6284. Overall rating 5/5.,Positive,None
REV-7481,PRD-6330,2,Review content for product PRD-6330. Overall rating 2/5.,Negative,Fit Size Issue
REV-7482,PRD-6908,5,Review content for product PRD-6908. Overall rating 5/5.,Positive,None
REV-7483,PRD-6890,5,Review content for product PRD-6890. Overall rating 5/5.,Positive,None
REV-7484,PRD-5324,1,Review content for product PRD-5324. Overall rating 1/5.,Negative,Damaged Packaging
REV-7485,PRD-5239,2,Review content for product PRD-5239. Overall rating 2/5.,Negative,Damaged Packaging
REV-7486,PRD-5269,5,Review content for product PRD-5269. Overall rating 5/5.,Positive,None
REV-7487,PRD-7476,4,Review content for product PRD-7476. Overall rating 4/5.,Positive,None
REV-7488,PRD-5576,3,Review content for product PRD-5576. Overall rating 3/5.,Neutral,Delayed Delivery
REV-7489,PRD-5724,4,Review content for product PRD-5724. Overall rating 4/5.,Positive,None
REV-7490,PRD-5046,5,Review content for product PRD-5046. Overall rating 5/5.,Positive,None
REV-7491,PRD-6144,3,Review content for product PRD-6144. Overall rating 3/5.,Neutral,Damaged Packaging
REV-7492,PRD-7482,4,Review content for product PRD-7482. Overall rating 4/5.,Positive,None
REV-7493,PRD-5015,4,Review content for product PRD-5015. Overall rating 4/5.,Positive,None
REV-7494,PRD-5755,4,Review content for product PRD-5755. Overall rating 4/5.,Positive,None
REV-7495,PRD-6314,5,Review content for product PRD-6314. Overall rating 5/5.,Positive,None
REV-7496,PRD-5847,5,Review content for product PRD-5847. Overall rating 5/5.,Positive,None
REV-7497,PRD-5490,1,Review content for product PRD-5490. Overall rating 1/5.,Negative,None
REV-7498,PRD-5898,5,Review content for product PRD-5898. Overall rating 5/5.,Positive,None
REV-7499,PRD-5092,4,Review content for product PRD-5092. Overall rating 4/5.,Positive,None
REV-7500,PRD-5492,5,Review content for product PRD-5492. Overall rating 5/5.,Positive,None
REV-7501,PRD-5972,3,Review content for product PRD-5972. Overall rating 3/5.,Neutral,None
REV-7502,PRD-5883,5,Review content for product PRD-5883. Overall rating 5/5.,Positive,None
REV-7503,PRD-6016,2,Review content for product PRD-6016. Overall rating 2/5.,Negative,None
REV-7504,PRD-5838,5,Review content for product PRD-5838. Overall rating 5/5.,Positive,None
REV-7505,PRD-6444,1,Review content for product PRD-6444. Overall rating 1/5.,Negative,Color Mismatch
REV-7506,PRD-6590,4,Review content for product PRD-6590. Overall rating 4/5.,Positive,None
REV-7507,PRD-6273,5,Review content for product PRD-6273. Overall rating 5/5.,Positive,None
REV-7508,PRD-7045,4,Review content for product PRD-7045. Overall rating 4/5.,Positive,None
REV-7509,PRD-6213,4,Review content for product PRD-6213. Overall rating 4/5.,Positive,None
REV-7510,PRD-5728,2,Review content for product PRD-5728. Overall rating 2/5.,Negative,Fabric Defect
REV-7511,PRD-5421,5,Review content for product PRD-5421. Overall rating 5/5.,Positive,None
REV-7512,PRD-5273,4,Review content for product PRD-5273. Overall rating 4/5.,Positive,None
REV-7513,PRD-5475,5,Review content for product PRD-5475. Overall rating 5/5.,Positive,None
REV-7514,PRD-6934,4,Review content for product PRD-6934. Overall rating 4/5.,Positive,None
REV-7515,PRD-7307,5,Review content for product PRD-7307. Overall rating 5/5.,Positive,None
REV-7516,PRD-7183,4,Review content for product PRD-7183. Overall rating 4/5.,Positive,None
REV-7517,PRD-7417,3,Review content for product PRD-7417. Overall rating 3/5.,Neutral,Fit Size Issue
REV-7518,PRD-5819,5,Review content for product PRD-5819. Overall rating 5/5.,Positive,None
REV-7519,PRD-6016,5,Review content for product PRD-6016. Overall rating 5/5.,Positive,None
REV-7520,PRD-5775,5,Review content for product PRD-5775. Overall rating 5/5.,Positive,None
REV-7521,PRD-7174,5,Review content for product PRD-7174. Overall rating 5/5.,Positive,None
REV-7522,PRD-6746,4,Review content for product PRD-6746. Overall rating 4/5.,Positive,None
REV-7523,PRD-7129,4,Review content for product PRD-7129. Overall rating 4/5.,Positive,None
REV-7524,PRD-6501,4,Review content for product PRD-6501. Overall rating 4/5.,Positive,None
REV-7525,PRD-5238,4,Review content for product PRD-5238. Overall rating 4/5.,Positive,None
REV-7526,PRD-6471,2,Review content for product PRD-6471. Overall rating 2/5.,Negative,Color Mismatch
REV-7527,PRD-7081,5,Review content for product PRD-7081. Overall rating 5/5.,Positive,None
REV-7528,PRD-5564,5,Review content for product PRD-5564. Overall rating 5/5.,Positive,None
REV-7529,PRD-6790,4,Review content for product PRD-6790. Overall rating 4/5.,Positive,None
REV-7530,PRD-6203,4,Review content for product PRD-6203. Overall rating 4/5.,Positive,None
REV-7531,PRD-6915,5,Review content for product PRD-6915. Overall rating 5/5.,Positive,None
REV-7532,PRD-7316,4,Review content for product PRD-7316. Overall rating 4/5.,Positive,None
REV-7533,PRD-6407,1,Review content for product PRD-6407. Overall rating 1/5.,Negative,Damaged Packaging
REV-7534,PRD-5476,5,Review content for product PRD-5476. Overall rating 5/5.,Positive,None
REV-7535,PRD-7224,3,Review content for product PRD-7224. Overall rating 3/5.,Neutral,Fit Size Issue
REV-7536,PRD-6371,3,Review content for product PRD-6371. Overall rating 3/5.,Neutral,Fabric Defect
REV-7537,PRD-6740,2,Review content for product PRD-6740. Overall rating 2/5.,Negative,Fit Size Issue
REV-7538,PRD-6500,4,Review content for product PRD-6500. Overall rating 4/5.,Positive,None
REV-7539,PRD-5136,5,Review content for product PRD-5136. Overall rating 5/5.,Positive,None
REV-7540,PRD-5010,4,Review content for product PRD-5010. Overall rating 4/5.,Positive,None
REV-7541,PRD-5771,4,Review content for product PRD-5771. Overall rating 4/5.,Positive,None
REV-7542,PRD-5927,5,Review content for product PRD-5927. Overall rating 5/5.,Positive,None
REV-7543,PRD-6669,5,Review content for product PRD-6669. Overall rating 5/5.,Positive,None
REV-7544,PRD-5304,4,Review content for product PRD-5304. Overall rating 4/5.,Positive,None
REV-7545,PRD-5701,5,Review content for product PRD-5701. Overall rating 5/5.,Positive,None
REV-7546,PRD-7019,4,Review content for product PRD-7019. Overall rating 4/5.,Positive,None
REV-7547,PRD-6427,5,Review content for product PRD-6427. Overall rating 5/5.,Positive,None
REV-7548,PRD-6985,2,Review content for product PRD-6985. Overall rating 2/5.,Negative,Fabric Defect
REV-7549,PRD-6117,4,Review content for product PRD-6117. Overall rating 4/5.,Positive,None
REV-7550,PRD-7172,5,Review content for product PRD-7172. Overall rating 5/5.,Positive,None
REV-7551,PRD-5497,5,Review content for product PRD-5497. Overall rating 5/5.,Positive,None
REV-7552,PRD-5301,5,Review content for product PRD-5301. Overall rating 5/5.,Positive,None
REV-7553,PRD-7364,5,Review content for product PRD-7364. Overall rating 5/5.,Positive,None
REV-7554,PRD-5941,2,Review content for product PRD-5941. Overall rating 2/5.,Negative,None
REV-7555,PRD-5510,5,Review content for product PRD-5510. Overall rating 5/5.,Positive,None
REV-7556,PRD-6106,5,Review content for product PRD-6106. Overall rating 5/5.,Positive,None
REV-7557,PRD-6609,1,Review content for product PRD-6609. Overall rating 1/5.,Negative,Fit Size Issue
REV-7558,PRD-6828,5,Review content for product PRD-6828. Overall rating 5/5.,Positive,None
REV-7559,PRD-5471,3,Review content for product PRD-5471. Overall rating 3/5.,Neutral,None
REV-7560,PRD-7284,5,Review content for product PRD-7284. Overall rating 5/5.,Positive,None
REV-7561,PRD-5474,5,Review content for product PRD-5474. Overall rating 5/5.,Positive,None
REV-7562,PRD-6406,4,Review content for product PRD-6406. Overall rating 4/5.,Positive,None
REV-7563,PRD-7443,5,Review content for product PRD-7443. Overall rating 5/5.,Positive,None
REV-7564,PRD-6097,4,Review content for product PRD-6097. Overall rating 4/5.,Positive,None
REV-7565,PRD-7074,5,Review content for product PRD-7074. Overall rating 5/5.,Positive,None
REV-7566,PRD-6503,5,Review content for product PRD-6503. Overall rating 5/5.,Positive,None
REV-7567,PRD-6156,1,Review content for product PRD-6156. Overall rating 1/5.,Negative,Delayed Delivery
REV-7568,PRD-5988,3,Review content for product PRD-5988. Overall rating 3/5.,Neutral,Fabric Defect
REV-7569,PRD-5756,5,Review content for product PRD-5756. Overall rating 5/5.,Positive,None
REV-7570,PRD-6543,5,Review content for product PRD-6543. Overall rating 5/5.,Positive,None
REV-7571,PRD-7493,4,Review content for product PRD-7493. Overall rating 4/5.,Positive,None
REV-7572,PRD-6083,5,Review content for product PRD-6083. Overall rating 5/5.,Positive,None
REV-7573,PRD-7110,5,Review content for product PRD-7110. Overall rating 5/5.,Positive,None
REV-7574,PRD-7249,4,Review content for product PRD-7249. Overall rating 4/5.,Positive,None
REV-7575,PRD-5834,2,Review content for product PRD-5834. Overall rating 2/5.,Negative,Delayed Delivery
REV-7576,PRD-6584,5,Review content for product PRD-6584. Overall rating 5/5.,Positive,None
REV-7577,PRD-7147,3,Review content for product PRD-7147. Overall rating 3/5.,Neutral,Color Mismatch
REV-7578,PRD-5557,5,Review content for product PRD-5557. Overall rating 5/5.,Positive,None
REV-7579,PRD-7267,3,Review content for product PRD-7267. Overall rating 3/5.,Neutral,Fit Size Issue
REV-7580,PRD-7481,4,Review content for product PRD-7481. Overall rating 4/5.,Positive,None
REV-7581,PRD-6370,5,Review content for product PRD-6370. Overall rating 5/5.,Positive,None
REV-7582,PRD-5410,3,Review content for product PRD-5410. Overall rating 3/5.,Neutral,Fit Size Issue
REV-7583,PRD-6449,3,Review content for product PRD-6449. Overall rating 3/5.,Neutral,Delayed Delivery
REV-7584,PRD-5088,5,Review content for product PRD-5088. Overall rating 5/5.,Positive,None
REV-7585,PRD-6183,5,Review content for product PRD-6183. Overall rating 5/5.,Positive,None
REV-7586,PRD-6656,5,Review content for product PRD-6656. Overall rating 5/5.,Positive,None
REV-7587,PRD-6434,4,Review content for product PRD-6434. Overall rating 4/5.,Positive,None
REV-7588,PRD-6386,5,Review content for product PRD-6386. Overall rating 5/5.,Positive,None
REV-7589,PRD-7219,4,Review content for product PRD-7219. Overall rating 4/5.,Positive,None
REV-7590,PRD-6171,5,Review content for product PRD-6171. Overall rating 5/5.,Positive,None
REV-7591,PRD-7161,5,Review content for product PRD-7161. Overall rating 5/5.,Positive,None
REV-7592,PRD-7149,4,Review content for product PRD-7149. Overall rating 4/5.,Positive,None
REV-7593,PRD-6823,5,Review content for product PRD-6823. Overall rating 5/5.,Positive,None
REV-7594,PRD-5947,1,Review content for product PRD-5947. Overall rating 1/5.,Negative,Fabric Defect
REV-7595,PRD-5302,5,Review content for product PRD-5302. Overall rating 5/5.,Positive,None
REV-7596,PRD-6884,5,Review content for product PRD-6884. Overall rating 5/5.,Positive,None
REV-7597,PRD-6274,5,Review content for product PRD-6274. Overall rating 5/5.,Positive,None
REV-7598,PRD-5216,3,Review content for product PRD-5216. Overall rating 3/5.,Neutral,Fabric Defect
REV-7599,PRD-5162,4,Review content for product PRD-5162. Overall rating 4/5.,Positive,None
REV-7600,PRD-5572,5,Review content for product PRD-5572. Overall rating 5/5.,Positive,None
REV-7601,PRD-5793,5,Review content for product PRD-5793. Overall rating 5/5.,Positive,None
REV-7602,PRD-5535,2,Review content for product PRD-5535. Overall rating 2/5.,Negative,Delayed Delivery
REV-7603,PRD-5363,3,Review content for product PRD-5363. Overall rating 3/5.,Neutral,Delayed Delivery
REV-7604,PRD-6701,5,Review content for product PRD-6701. Overall rating 5/5.,Positive,None
REV-7605,PRD-5284,3,Review content for product PRD-5284. Overall rating 3/5.,Neutral,Fit Size Issue
REV-7606,PRD-6576,1,Review content for product PRD-6576. Overall rating 1/5.,Negative,Damaged Packaging
REV-7607,PRD-7343,5,Review content for product PRD-7343. Overall rating 5/5.,Positive,None
REV-7608,PRD-5156,4,Review content for product PRD-5156. Overall rating 4/5.,Positive,None
REV-7609,PRD-6870,5,Review content for product PRD-6870. Overall rating 5/5.,Positive,None
REV-7610,PRD-5742,4,Review content for product PRD-5742. Overall rating 4/5.,Positive,None
REV-7611,PRD-6281,5,Review content for product PRD-6281. Overall rating 5/5.,Positive,None
REV-7612,PRD-6047,3,Review content for product PRD-6047. Overall rating 3/5.,Neutral,Delayed Delivery
REV-7613,PRD-5159,4,Review content for product PRD-5159. Overall rating 4/5.,Positive,None
REV-7614,PRD-5057,4,Review content for product PRD-5057. Overall rating 4/5.,Positive,None
REV-7615,PRD-5336,5,Review content for product PRD-5336. Overall rating 5/5.,Positive,None
REV-7616,PRD-6061,1,Review content for product PRD-6061. Overall rating 1/5.,Negative,Color Mismatch
REV-7617,PRD-5054,5,Review content for product PRD-5054. Overall rating 5/5.,Positive,None
REV-7618,PRD-5221,3,Review content for product PRD-5221. Overall rating 3/5.,Neutral,Damaged Packaging
REV-7619,PRD-5135,5,Review content for product PRD-5135. Overall rating 5/5.,Positive,None
REV-7620,PRD-5211,4,Review content for product PRD-5211. Overall rating 4/5.,Positive,None
REV-7621,PRD-5258,5,Review content for product PRD-5258. Overall rating 5/5.,Positive,None
REV-7622,PRD-5415,3,Review content for product PRD-5415. Overall rating 3/5.,Neutral,Color Mismatch
REV-7623,PRD-7284,4,Review content for product PRD-7284. Overall rating 4/5.,Positive,None
REV-7624,PRD-5956,5,Review content for product PRD-5956. Overall rating 5/5.,Positive,None
REV-7625,PRD-5161,5,Review content for product PRD-5161. Overall rating 5/5.,Positive,None
REV-7626,PRD-7316,5,Review content for product PRD-7316. Overall rating 5/5.,Positive,None
REV-7627,PRD-7100,5,Review content for product PRD-7100. Overall rating 5/5.,Positive,None
REV-7628,PRD-7358,5,Review content for product PRD-7358. Overall rating 5/5.,Positive,None
REV-7629,PRD-5407,5,Review content for product PRD-5407. Overall rating 5/5.,Positive,None
REV-7630,PRD-7335,3,Review content for product PRD-7335. Overall rating 3/5.,Neutral,None
REV-7631,PRD-6482,2,Review content for product PRD-6482. Overall rating 2/5.,Negative,Delayed Delivery
REV-7632,PRD-6420,4,Review content for product PRD-6420. Overall rating 4/5.,Positive,None
REV-7633,PRD-6950,3,Review content for product PRD-6950. Overall rating 3/5.,Neutral,Fit Size Issue
REV-7634,PRD-5747,2,Review content for product PRD-5747. Overall rating 2/5.,Negative,Fabric Defect
REV-7635,PRD-7105,2,Review content for product PRD-7105. Overall rating 2/5.,Negative,Fabric Defect
REV-7636,PRD-5941,5,Review content for product PRD-5941. Overall rating 5/5.,Positive,None
REV-7637,PRD-5563,5,Review content for product PRD-5563. Overall rating 5/5.,Positive,None
REV-7638,PRD-6978,5,Review content for product PRD-6978. Overall rating 5/5.,Positive,None
REV-7639,PRD-5537,5,Review content for product PRD-5537. Overall rating 5/5.,Positive,None
REV-7640,PRD-5853,2,Review content for product PRD-5853. Overall rating 2/5.,Negative,Damaged Packaging
REV-7641,PRD-5954,5,Review content for product PRD-5954. Overall rating 5/5.,Positive,None
REV-7642,PRD-5211,4,Review content for product PRD-5211. Overall rating 4/5.,Positive,None
REV-7643,PRD-6959,5,Review content for product PRD-6959. Overall rating 5/5.,Positive,None
REV-7644,PRD-5887,5,Review content for product PRD-5887. Overall rating 5/5.,Positive,None
REV-7645,PRD-6905,4,Review content for product PRD-6905. Overall rating 4/5.,Positive,None
REV-7646,PRD-7227,5,Review content for product PRD-7227. Overall rating 5/5.,Positive,None
REV-7647,PRD-6313,5,Review content for product PRD-6313. Overall rating 5/5.,Positive,None
REV-7648,PRD-6882,5,Review content for product PRD-6882. Overall rating 5/5.,Positive,None
REV-7649,PRD-6396,4,Review content for product PRD-6396. Overall rating 4/5.,Positive,None
REV-7650,PRD-6637,3,Review content for product PRD-6637. Overall rating 3/5.,Neutral,None
REV-7651,PRD-5023,5,Review content for product PRD-5023. Overall rating 5/5.,Positive,None
REV-7652,PRD-7379,5,Review content for product PRD-7379. Overall rating 5/5.,Positive,None
REV-7653,PRD-6802,5,Review content for product PRD-6802. Overall rating 5/5.,Positive,None
REV-7654,PRD-5321,4,Review content for product PRD-5321. Overall rating 4/5.,Positive,None
REV-7655,PRD-5345,5,Review content for product PRD-5345. Overall rating 5/5.,Positive,None
REV-7656,PRD-5793,3,Review content for product PRD-5793. Overall rating 3/5.,Neutral,Damaged Packaging
REV-7657,PRD-6503,2,Review content for product PRD-6503. Overall rating 2/5.,Negative,None
REV-7658,PRD-7356,5,Review content for product PRD-7356. Overall rating 5/5.,Positive,None
REV-7659,PRD-5671,4,Review content for product PRD-5671. Overall rating 4/5.,Positive,None
REV-7660,PRD-6960,5,Review content for product PRD-6960. Overall rating 5/5.,Positive,None
REV-7661,PRD-5902,4,Review content for product PRD-5902. Overall rating 4/5.,Positive,None
REV-7662,PRD-5873,4,Review content for product PRD-5873. Overall rating 4/5.,Positive,None
REV-7663,PRD-5459,4,Review content for product PRD-5459. Overall rating 4/5.,Positive,None
REV-7664,PRD-5325,4,Review content for product PRD-5325. Overall rating 4/5.,Positive,None
REV-7665,PRD-6599,4,Review content for product PRD-6599. Overall rating 4/5.,Positive,None
REV-7666,PRD-7418,3,Review content for product PRD-7418. Overall rating 3/5.,Neutral,Delayed Delivery
REV-7667,PRD-6736,3,Review content for product PRD-6736. Overall rating 3/5.,Neutral,None
REV-7668,PRD-7184,4,Review content for product PRD-7184. Overall rating 4/5.,Positive,None
REV-7669,PRD-6256,4,Review content for product PRD-6256. Overall rating 4/5.,Positive,None
REV-7670,PRD-7063,2,Review content for product PRD-7063. Overall rating 2/5.,Negative,Fit Size Issue
REV-7671,PRD-6008,5,Review content for product PRD-6008. Overall rating 5/5.,Positive,None
REV-7672,PRD-5432,5,Review content for product PRD-5432. Overall rating 5/5.,Positive,None
REV-7673,PRD-6102,5,Review content for product PRD-6102. Overall rating 5/5.,Positive,None
REV-7674,PRD-5400,5,Review content for product PRD-5400. Overall rating 5/5.,Positive,None
REV-7675,PRD-6650,4,Review content for product PRD-6650. Overall rating 4/5.,Positive,None
REV-7676,PRD-6894,5,Review content for product PRD-6894. Overall rating 5/5.,Positive,None
REV-7677,PRD-5653,2,Review content for product PRD-5653. Overall rating 2/5.,Negative,Delayed Delivery
REV-7678,PRD-6754,5,Review content for product PRD-6754. Overall rating 5/5.,Positive,None
REV-7679,PRD-5520,5,Review content for product PRD-5520. Overall rating 5/5.,Positive,None
REV-7680,PRD-6120,4,Review content for product PRD-6120. Overall rating 4/5.,Positive,None
REV-7681,PRD-5686,5,Review content for product PRD-5686. Overall rating 5/5.,Positive,None
REV-7682,PRD-7105,3,Review content for product PRD-7105. Overall rating 3/5.,Neutral,Damaged Packaging
REV-7683,PRD-5324,5,Review content for product PRD-5324. Overall rating 5/5.,Positive,None
REV-7684,PRD-5764,5,Review content for product PRD-5764. Overall rating 5/5.,Positive,None
REV-7685,PRD-6650,5,Review content for product PRD-6650. Overall rating 5/5.,Positive,None
REV-7686,PRD-6225,5,Review content for product PRD-6225. Overall rating 5/5.,Positive,None
REV-7687,PRD-6831,3,Review content for product PRD-6831. Overall rating 3/5.,Neutral,Damaged Packaging
REV-7688,PRD-6952,4,Review content for product PRD-6952. Overall rating 4/5.,Positive,None
REV-7689,PRD-7129,1,Review content for product PRD-7129. Overall rating 1/5.,Negative,Delayed Delivery
REV-7690,PRD-5249,4,Review content for product PRD-5249. Overall rating 4/5.,Positive,None
REV-7691,PRD-6319,5,Review content for product PRD-6319. Overall rating 5/5.,Positive,None
REV-7692,PRD-6265,4,Review content for product PRD-6265. Overall rating 4/5.,Positive,None
REV-7693,PRD-6509,5,Review content for product PRD-6509. Overall rating 5/5.,Positive,None
REV-7694,PRD-5850,2,Review content for product PRD-5850. Overall rating 2/5.,Negative,Delayed Delivery
REV-7695,PRD-6285,4,Review content for product PRD-6285. Overall rating 4/5.,Positive,None
REV-7696,PRD-5686,3,Review content for product PRD-5686. Overall rating 3/5.,Neutral,Delayed Delivery
REV-7697,PRD-6347,4,Review content for product PRD-6347. Overall rating 4/5.,Positive,None
REV-7698,PRD-5036,4,Review content for product PRD-5036. Overall rating 4/5.,Positive,None
REV-7699,PRD-7158,4,Review content for product PRD-7158. Overall rating 4/5.,Positive,None
REV-7700,PRD-5268,4,Review content for product PRD-5268. Overall rating 4/5.,Positive,None
REV-7701,PRD-6526,4,Review content for product PRD-6526. Overall rating 4/5.,Positive,None
REV-7702,PRD-5518,4,Review content for product PRD-5518. Overall rating 4/5.,Positive,None
REV-7703,PRD-5494,5,Review content for product PRD-5494. Overall rating 5/5.,Positive,None
REV-7704,PRD-6519,5,Review content for product PRD-6519. Overall rating 5/5.,Positive,None
REV-7705,PRD-5362,5,Review content for product PRD-5362. Overall rating 5/5.,Positive,None
REV-7706,PRD-5076,4,Review content for product PRD-5076. Overall rating 4/5.,Positive,None
REV-7707,PRD-7116,5,Review content for product PRD-7116. Overall rating 5/5.,Positive,None
REV-7708,PRD-6413,5,Review content for product PRD-6413. Overall rating 5/5.,Positive,None
REV-7709,PRD-7301,4,Review content for product PRD-7301. Overall rating 4/5.,Positive,None
REV-7710,PRD-6952,4,Review content for product PRD-6952. Overall rating 4/5.,Positive,None
REV-7711,PRD-6824,1,Review content for product PRD-6824. Overall rating 1/5.,Negative,Delayed Delivery
REV-7712,PRD-5581,4,Review content for product PRD-5581. Overall rating 4/5.,Positive,None
REV-7713,PRD-6598,4,Review content for product PRD-6598. Overall rating 4/5.,Positive,None
REV-7714,PRD-7438,5,Review content for product PRD-7438. Overall rating 5/5.,Positive,None
REV-7715,PRD-6377,5,Review content for product PRD-6377. Overall rating 5/5.,Positive,None
REV-7716,PRD-7154,5,Review content for product PRD-7154. Overall rating 5/5.,Positive,None
REV-7717,PRD-5758,4,Review content for product PRD-5758. Overall rating 4/5.,Positive,None
REV-7718,PRD-6500,5,Review content for product PRD-6500. Overall rating 5/5.,Positive,None
REV-7719,PRD-5069,5,Review content for product PRD-5069. Overall rating 5/5.,Positive,None
REV-7720,PRD-6497,5,Review content for product PRD-6497. Overall rating 5/5.,Positive,None
REV-7721,PRD-6760,5,Review content for product PRD-6760. Overall rating 5/5.,Positive,None
REV-7722,PRD-5424,5,Review content for product PRD-5424. Overall rating 5/5.,Positive,None
REV-7723,PRD-6658,4,Review content for product PRD-6658. Overall rating 4/5.,Positive,None
REV-7724,PRD-7385,4,Review content for product PRD-7385. Overall rating 4/5.,Positive,None
REV-7725,PRD-5363,5,Review content for product PRD-5363. Overall rating 5/5.,Positive,None
REV-7726,PRD-5143,1,Review content for product PRD-5143. Overall rating 1/5.,Negative,None
REV-7727,PRD-7289,4,Review content for product PRD-7289. Overall rating 4/5.,Positive,None
REV-7728,PRD-7280,5,Review content for product PRD-7280. Overall rating 5/5.,Positive,None
REV-7729,PRD-5751,5,Review content for product PRD-5751. Overall rating 5/5.,Positive,None
REV-7730,PRD-6043,4,Review content for product PRD-6043. Overall rating 4/5.,Positive,None
REV-7731,PRD-6551,4,Review content for product PRD-6551. Overall rating 4/5.,Positive,None
REV-7732,PRD-7024,4,Review content for product PRD-7024. Overall rating 4/5.,Positive,None
REV-7733,PRD-6760,4,Review content for product PRD-6760. Overall rating 4/5.,Positive,None
REV-7734,PRD-6901,5,Review content for product PRD-6901. Overall rating 5/5.,Positive,None
REV-7735,PRD-6073,3,Review content for product PRD-6073. Overall rating 3/5.,Neutral,None
REV-7736,PRD-5571,4,Review content for product PRD-5571. Overall rating 4/5.,Positive,None
REV-7737,PRD-5683,3,Review content for product PRD-5683. Overall rating 3/5.,Neutral,Fabric Defect
REV-7738,PRD-5154,5,Review content for product PRD-5154. Overall rating 5/5.,Positive,None
REV-7739,PRD-5718,5,Review content for product PRD-5718. Overall rating 5/5.,Positive,None
REV-7740,PRD-7045,5,Review content for product PRD-7045. Overall rating 5/5.,Positive,None
REV-7741,PRD-6697,5,Review content for product PRD-6697. Overall rating 5/5.,Positive,None
REV-7742,PRD-6239,4,Review content for product PRD-6239. Overall rating 4/5.,Positive,None
REV-7743,PRD-6148,4,Review content for product PRD-6148. Overall rating 4/5.,Positive,None
REV-7744,PRD-5197,3,Review content for product PRD-5197. Overall rating 3/5.,Neutral,Damaged Packaging
REV-7745,PRD-5196,3,Review content for product PRD-5196. Overall rating 3/5.,Neutral,Damaged Packaging
REV-7746,PRD-5224,5,Review content for product PRD-5224. Overall rating 5/5.,Positive,None
REV-7747,PRD-5316,5,Review content for product PRD-5316. Overall rating 5/5.,Positive,None
REV-7748,PRD-6732,5,Review content for product PRD-6732. Overall rating 5/5.,Positive,None
REV-7749,PRD-5200,4,Review content for product PRD-5200. Overall rating 4/5.,Positive,None
REV-7750,PRD-5158,5,Review content for product PRD-5158. Overall rating 5/5.,Positive,None
REV-7751,PRD-5977,5,Review content for product PRD-5977. Overall rating 5/5.,Positive,None
REV-7752,PRD-5966,4,Review content for product PRD-5966. Overall rating 4/5.,Positive,None
REV-7753,PRD-7207,2,Review content for product PRD-7207. Overall rating 2/5.,Negative,Color Mismatch
REV-7754,PRD-7218,5,Review content for product PRD-7218. Overall rating 5/5.,Positive,None
REV-7755,PRD-6573,4,Review content for product PRD-6573. Overall rating 4/5.,Positive,None
REV-7756,PRD-7189,5,Review content for product PRD-7189. Overall rating 5/5.,Positive,None
REV-7757,PRD-5496,5,Review content for product PRD-5496. Overall rating 5/5.,Positive,None
REV-7758,PRD-7126,2,Review content for product PRD-7126. Overall rating 2/5.,Negative,Delayed Delivery
REV-7759,PRD-5818,5,Review content for product PRD-5818. Overall rating 5/5.,Positive,None
REV-7760,PRD-6143,5,Review content for product PRD-6143. Overall rating 5/5.,Positive,None
REV-7761,PRD-6353,2,Review content for product PRD-6353. Overall rating 2/5.,Negative,Damaged Packaging
REV-7762,PRD-6686,5,Review content for product PRD-6686. Overall rating 5/5.,Positive,None
REV-7763,PRD-5649,5,Review content for product PRD-5649. Overall rating 5/5.,Positive,None
REV-7764,PRD-5330,4,Review content for product PRD-5330. Overall rating 4/5.,Positive,None
REV-7765,PRD-6590,5,Review content for product PRD-6590. Overall rating 5/5.,Positive,None
REV-7766,PRD-6079,5,Review content for product PRD-6079. Overall rating 5/5.,Positive,None
REV-7767,PRD-6998,5,Review content for product PRD-6998. Overall rating 5/5.,Positive,None
REV-7768,PRD-6803,5,Review content for product PRD-6803. Overall rating 5/5.,Positive,None
REV-7769,PRD-6931,5,Review content for product PRD-6931. Overall rating 5/5.,Positive,None
REV-7770,PRD-6064,5,Review content for product PRD-6064. Overall rating 5/5.,Positive,None
REV-7771,PRD-5191,5,Review content for product PRD-5191. Overall rating 5/5.,Positive,None
REV-7772,PRD-7247,2,Review content for product PRD-7247. Overall rating 2/5.,Negative,Delayed Delivery
REV-7773,PRD-5718,3,Review content for product PRD-5718. Overall rating 3/5.,Neutral,Damaged Packaging
REV-7774,PRD-6471,4,Review content for product PRD-6471. Overall rating 4/5.,Positive,None
REV-7775,PRD-5620,5,Review content for product PRD-5620. Overall rating 5/5.,Positive,None
REV-7776,PRD-7263,3,Review content for product PRD-7263. Overall rating 3/5.,Neutral,Damaged Packaging
REV-7777,PRD-5086,5,Review content for product PRD-5086. Overall rating 5/5.,Positive,None
REV-7778,PRD-6743,5,Review content for product PRD-6743. Overall rating 5/5.,Positive,None
REV-7779,PRD-5138,5,Review content for product PRD-5138. Overall rating 5/5.,Positive,None
REV-7780,PRD-6876,4,Review content for product PRD-6876. Overall rating 4/5.,Positive,None
REV-7781,PRD-5205,1,Review content for product PRD-5205. Overall rating 1/5.,Negative,Damaged Packaging
REV-7782,PRD-6267,5,Review content for product PRD-6267. Overall rating 5/5.,Positive,None
REV-7783,PRD-6901,3,Review content for product PRD-6901. Overall rating 3/5.,Neutral,Fit Size Issue
REV-7784,PRD-5611,5,Review content for product PRD-5611. Overall rating 5/5.,Positive,None
REV-7785,PRD-5874,5,Review content for product PRD-5874. Overall rating 5/5.,Positive,None
REV-7786,PRD-7383,5,Review content for product PRD-7383. Overall rating 5/5.,Positive,None
REV-7787,PRD-6357,5,Review content for product PRD-6357. Overall rating 5/5.,Positive,None
REV-7788,PRD-5202,5,Review content for product PRD-5202. Overall rating 5/5.,Positive,None
REV-7789,PRD-7312,5,Review content for product PRD-7312. Overall rating 5/5.,Positive,None
REV-7790,PRD-7238,4,Review content for product PRD-7238. Overall rating 4/5.,Positive,None
REV-7791,PRD-5422,3,Review content for product PRD-5422. Overall rating 3/5.,Neutral,Damaged Packaging
REV-7792,PRD-6818,5,Review content for product PRD-6818. Overall rating 5/5.,Positive,None
REV-7793,PRD-6087,5,Review content for product PRD-6087. Overall rating 5/5.,Positive,None
REV-7794,PRD-7004,1,Review content for product PRD-7004. Overall rating 1/5.,Negative,Fabric Defect
REV-7795,PRD-7018,5,Review content for product PRD-7018. Overall rating 5/5.,Positive,None
REV-7796,PRD-5715,5,Review content for product PRD-5715. Overall rating 5/5.,Positive,None
REV-7797,PRD-7052,5,Review content for product PRD-7052. Overall rating 5/5.,Positive,None
REV-7798,PRD-6864,1,Review content for product PRD-6864. Overall rating 1/5.,Negative,Damaged Packaging
REV-7799,PRD-6471,2,Review content for product PRD-6471. Overall rating 2/5.,Negative,Fabric Defect
REV-7800,PRD-6993,5,Review content for product PRD-6993. Overall rating 5/5.,Positive,None
REV-7801,PRD-5908,5,Review content for product PRD-5908. Overall rating 5/5.,Positive,None
REV-7802,PRD-6039,3,Review content for product PRD-6039. Overall rating 3/5.,Neutral,Fabric Defect
REV-7803,PRD-6039,5,Review content for product PRD-6039. Overall rating 5/5.,Positive,None
REV-7804,PRD-5769,4,Review content for product PRD-5769. Overall rating 4/5.,Positive,None
REV-7805,PRD-6269,4,Review content for product PRD-6269. Overall rating 4/5.,Positive,None
REV-7806,PRD-7312,5,Review content for product PRD-7312. Overall rating 5/5.,Positive,None
REV-7807,PRD-5018,5,Review content for product PRD-5018. Overall rating 5/5.,Positive,None
REV-7808,PRD-6554,4,Review content for product PRD-6554. Overall rating 4/5.,Positive,None
REV-7809,PRD-7342,5,Review content for product PRD-7342. Overall rating 5/5.,Positive,None
REV-7810,PRD-6823,3,Review content for product PRD-6823. Overall rating 3/5.,Neutral,Damaged Packaging
REV-7811,PRD-5397,4,Review content for product PRD-5397. Overall rating 4/5.,Positive,None
REV-7812,PRD-6084,5,Review content for product PRD-6084. Overall rating 5/5.,Positive,None
REV-7813,PRD-5135,5,Review content for product PRD-5135. Overall rating 5/5.,Positive,None
REV-7814,PRD-5600,5,Review content for product PRD-5600. Overall rating 5/5.,Positive,None
REV-7815,PRD-5013,4,Review content for product PRD-5013. Overall rating 4/5.,Positive,None
REV-7816,PRD-6976,5,Review content for product PRD-6976. Overall rating 5/5.,Positive,None
REV-7817,PRD-6745,5,Review content for product PRD-6745. Overall rating 5/5.,Positive,None
REV-7818,PRD-6018,4,Review content for product PRD-6018. Overall rating 4/5.,Positive,None
REV-7819,PRD-5327,5,Review content for product PRD-5327. Overall rating 5/5.,Positive,None
REV-7820,PRD-7499,5,Review content for product PRD-7499. Overall rating 5/5.,Positive,None
REV-7821,PRD-6207,5,Review content for product PRD-6207. Overall rating 5/5.,Positive,None
REV-7822,PRD-7322,5,Review content for product PRD-7322. Overall rating 5/5.,Positive,None
REV-7823,PRD-5331,5,Review content for product PRD-5331. Overall rating 5/5.,Positive,None
REV-7824,PRD-6637,4,Review content for product PRD-6637. Overall rating 4/5.,Positive,None
REV-7825,PRD-6843,5,Review content for product PRD-6843. Overall rating 5/5.,Positive,None
REV-7826,PRD-5240,4,Review content for product PRD-5240. Overall rating 4/5.,Positive,None
REV-7827,PRD-7227,4,Review content for product PRD-7227. Overall rating 4/5.,Positive,None
REV-7828,PRD-6612,4,Review content for product PRD-6612. Overall rating 4/5.,Positive,None
REV-7829,PRD-5020,5,Review content for product PRD-5020. Overall rating 5/5.,Positive,None
REV-7830,PRD-5678,5,Review content for product PRD-5678. Overall rating 5/5.,Positive,None
REV-7831,PRD-5347,5,Review content for product PRD-5347. Overall rating 5/5.,Positive,None
REV-7832,PRD-5261,5,Review content for product PRD-5261. Overall rating 5/5.,Positive,None
REV-7833,PRD-7132,5,Review content for product PRD-7132. Overall rating 5/5.,Positive,None
REV-7834,PRD-7165,4,Review content for product PRD-7165. Overall rating 4/5.,Positive,None
REV-7835,PRD-6489,2,Review content for product PRD-6489. Overall rating 2/5.,Negative,Fit Size Issue
REV-7836,PRD-6484,4,Review content for product PRD-6484. Overall rating 4/5.,Positive,None
REV-7837,PRD-6865,3,Review content for product PRD-6865. Overall rating 3/5.,Neutral,Color Mismatch
REV-7838,PRD-6519,3,Review content for product PRD-6519. Overall rating 3/5.,Neutral,Fabric Defect
REV-7839,PRD-5114,5,Review content for product PRD-5114. Overall rating 5/5.,Positive,None
REV-7840,PRD-5378,3,Review content for product PRD-5378. Overall rating 3/5.,Neutral,Color Mismatch
REV-7841,PRD-6277,5,Review content for product PRD-6277. Overall rating 5/5.,Positive,None
REV-7842,PRD-5176,4,Review content for product PRD-5176. Overall rating 4/5.,Positive,None
REV-7843,PRD-6615,3,Review content for product PRD-6615. Overall rating 3/5.,Neutral,None
REV-7844,PRD-6405,4,Review content for product PRD-6405. Overall rating 4/5.,Positive,None
REV-7845,PRD-7339,3,Review content for product PRD-7339. Overall rating 3/5.,Neutral,None
REV-7846,PRD-7316,2,Review content for product PRD-7316. Overall rating 2/5.,Negative,Fabric Defect
REV-7847,PRD-5974,3,Review content for product PRD-5974. Overall rating 3/5.,Neutral,Fit Size Issue
REV-7848,PRD-5548,5,Review content for product PRD-5548. Overall rating 5/5.,Positive,None
REV-7849,PRD-5192,4,Review content for product PRD-5192. Overall rating 4/5.,Positive,None
REV-7850,PRD-5641,3,Review content for product PRD-5641. Overall rating 3/5.,Neutral,Delayed Delivery
REV-7851,PRD-6047,4,Review content for product PRD-6047. Overall rating 4/5.,Positive,None
REV-7852,PRD-6904,5,Review content for product PRD-6904. Overall rating 5/5.,Positive,None
REV-7853,PRD-7403,5,Review content for product PRD-7403. Overall rating 5/5.,Positive,None
REV-7854,PRD-5180,1,Review content for product PRD-5180. Overall rating 1/5.,Negative,Color Mismatch
REV-7855,PRD-5025,5,Review content for product PRD-5025. Overall rating 5/5.,Positive,None
REV-7856,PRD-6413,4,Review content for product PRD-6413. Overall rating 4/5.,Positive,None
REV-7857,PRD-6367,5,Review content for product PRD-6367. Overall rating 5/5.,Positive,None
REV-7858,PRD-7318,2,Review content for product PRD-7318. Overall rating 2/5.,Negative,Fabric Defect
REV-7859,PRD-5256,4,Review content for product PRD-5256. Overall rating 4/5.,Positive,None
REV-7860,PRD-5021,4,Review content for product PRD-5021. Overall rating 4/5.,Positive,None
REV-7861,PRD-5747,2,Review content for product PRD-5747. Overall rating 2/5.,Negative,Damaged Packaging
REV-7862,PRD-5104,5,Review content for product PRD-5104. Overall rating 5/5.,Positive,None
REV-7863,PRD-7038,5,Review content for product PRD-7038. Overall rating 5/5.,Positive,None
REV-7864,PRD-7151,3,Review content for product PRD-7151. Overall rating 3/5.,Neutral,Damaged Packaging
REV-7865,PRD-5731,5,Review content for product PRD-5731. Overall rating 5/5.,Positive,None
REV-7866,PRD-6714,3,Review content for product PRD-6714. Overall rating 3/5.,Neutral,Color Mismatch
REV-7867,PRD-5714,5,Review content for product PRD-5714. Overall rating 5/5.,Positive,None
REV-7868,PRD-6407,1,Review content for product PRD-6407. Overall rating 1/5.,Negative,None
REV-7869,PRD-6461,5,Review content for product PRD-6461. Overall rating 5/5.,Positive,None
REV-7870,PRD-6914,5,Review content for product PRD-6914. Overall rating 5/5.,Positive,None
REV-7871,PRD-6891,5,Review content for product PRD-6891. Overall rating 5/5.,Positive,None
REV-7872,PRD-5064,4,Review content for product PRD-5064. Overall rating 4/5.,Positive,None
REV-7873,PRD-7375,5,Review content for product PRD-7375. Overall rating 5/5.,Positive,None
REV-7874,PRD-6441,3,Review content for product PRD-6441. Overall rating 3/5.,Neutral,Fit Size Issue
REV-7875,PRD-6078,5,Review content for product PRD-6078. Overall rating 5/5.,Positive,None
REV-7876,PRD-7186,5,Review content for product PRD-7186. Overall rating 5/5.,Positive,None
REV-7877,PRD-5512,4,Review content for product PRD-5512. Overall rating 4/5.,Positive,None
REV-7878,PRD-7414,5,Review content for product PRD-7414. Overall rating 5/5.,Positive,None
REV-7879,PRD-5970,2,Review content for product PRD-5970. Overall rating 2/5.,Negative,None
REV-7880,PRD-7069,3,Review content for product PRD-7069. Overall rating 3/5.,Neutral,Delayed Delivery
REV-7881,PRD-6088,1,Review content for product PRD-6088. Overall rating 1/5.,Negative,None
REV-7882,PRD-5442,3,Review content for product PRD-5442. Overall rating 3/5.,Neutral,Color Mismatch
REV-7883,PRD-5949,3,Review content for product PRD-5949. Overall rating 3/5.,Neutral,Damaged Packaging
REV-7884,PRD-5014,4,Review content for product PRD-5014. Overall rating 4/5.,Positive,None
REV-7885,PRD-7472,5,Review content for product PRD-7472. Overall rating 5/5.,Positive,None
REV-7886,PRD-6152,5,Review content for product PRD-6152. Overall rating 5/5.,Positive,None
REV-7887,PRD-6359,5,Review content for product PRD-6359. Overall rating 5/5.,Positive,None
REV-7888,PRD-6804,3,Review content for product PRD-6804. Overall rating 3/5.,Neutral,Delayed Delivery
REV-7889,PRD-7356,2,Review content for product PRD-7356. Overall rating 2/5.,Negative,Fit Size Issue
REV-7890,PRD-7138,5,Review content for product PRD-7138. Overall rating 5/5.,Positive,None
REV-7891,PRD-5357,4,Review content for product PRD-5357. Overall rating 4/5.,Positive,None
REV-7892,PRD-7180,2,Review content for product PRD-7180. Overall rating 2/5.,Negative,Fit Size Issue
REV-7893,PRD-7012,5,Review content for product PRD-7012. Overall rating 5/5.,Positive,None
REV-7894,PRD-7162,5,Review content for product PRD-7162. Overall rating 5/5.,Positive,None
REV-7895,PRD-5521,5,Review content for product PRD-5521. Overall rating 5/5.,Positive,None
REV-7896,PRD-6846,3,Review content for product PRD-6846. Overall rating 3/5.,Neutral,Delayed Delivery
REV-7897,PRD-5693,3,Review content for product PRD-5693. Overall rating 3/5.,Neutral,Damaged Packaging
REV-7898,PRD-6924,5,Review content for product PRD-6924. Overall rating 5/5.,Positive,None
REV-7899,PRD-6893,4,Review content for product PRD-6893. Overall rating 4/5.,Positive,None
REV-7900,PRD-6617,5,Review content for product PRD-6617. Overall rating 5/5.,Positive,None
REV-7901,PRD-6224,5,Review content for product PRD-6224. Overall rating 5/5.,Positive,None
REV-7902,PRD-6509,4,Review content for product PRD-6509. Overall rating 4/5.,Positive,None
REV-7903,PRD-5974,4,Review content for product PRD-5974. Overall rating 4/5.,Positive,None
REV-7904,PRD-7415,4,Review content for product PRD-7415. Overall rating 4/5.,Positive,None
REV-7905,PRD-6768,5,Review content for product PRD-6768. Overall rating 5/5.,Positive,None
REV-7906,PRD-7383,5,Review content for product PRD-7383. Overall rating 5/5.,Positive,None
REV-7907,PRD-5959,4,Review content for product PRD-5959. Overall rating 4/5.,Positive,None
REV-7908,PRD-6558,5,Review content for product PRD-6558. Overall rating 5/5.,Positive,None
REV-7909,PRD-6617,1,Review content for product PRD-6617. Overall rating 1/5.,Negative,Delayed Delivery
REV-7910,PRD-5063,5,Review content for product PRD-5063. Overall rating 5/5.,Positive,None
REV-7911,PRD-5550,5,Review content for product PRD-5550. Overall rating 5/5.,Positive,None
REV-7912,PRD-7123,4,Review content for product PRD-7123. Overall rating 4/5.,Positive,None
REV-7913,PRD-7403,3,Review content for product PRD-7403. Overall rating 3/5.,Neutral,Color Mismatch
REV-7914,PRD-6011,3,Review content for product PRD-6011. Overall rating 3/5.,Neutral,Damaged Packaging
REV-7915,PRD-5021,4,Review content for product PRD-5021. Overall rating 4/5.,Positive,None
REV-7916,PRD-6381,5,Review content for product PRD-6381. Overall rating 5/5.,Positive,None
REV-7917,PRD-5496,5,Review content for product PRD-5496. Overall rating 5/5.,Positive,None
REV-7918,PRD-6349,4,Review content for product PRD-6349. Overall rating 4/5.,Positive,None
REV-7919,PRD-6249,5,Review content for product PRD-6249. Overall rating 5/5.,Positive,None
REV-7920,PRD-7273,4,Review content for product PRD-7273. Overall rating 4/5.,Positive,None
REV-7921,PRD-5290,5,Review content for product PRD-5290. Overall rating 5/5.,Positive,None
REV-7922,PRD-6340,5,Review content for product PRD-6340. Overall rating 5/5.,Positive,None
REV-7923,PRD-5159,4,Review content for product PRD-5159. Overall rating 4/5.,Positive,None
REV-7924,PRD-6899,2,Review content for product PRD-6899. Overall rating 2/5.,Negative,Delayed Delivery
REV-7925,PRD-7004,2,Review content for product PRD-7004. Overall rating 2/5.,Negative,Color Mismatch
REV-7926,PRD-6465,4,Review content for product PRD-6465. Overall rating 4/5.,Positive,None
REV-7927,PRD-7406,5,Review content for product PRD-7406. Overall rating 5/5.,Positive,None
REV-7928,PRD-6898,5,Review content for product PRD-6898. Overall rating 5/5.,Positive,None
REV-7929,PRD-5553,5,Review content for product PRD-5553. Overall rating 5/5.,Positive,None
REV-7930,PRD-6422,5,Review content for product PRD-6422. Overall rating 5/5.,Positive,None
REV-7931,PRD-5638,4,Review content for product PRD-5638. Overall rating 4/5.,Positive,None
REV-7932,PRD-7405,4,Review content for product PRD-7405. Overall rating 4/5.,Positive,None
REV-7933,PRD-6720,4,Review content for product PRD-6720. Overall rating 4/5.,Positive,None
REV-7934,PRD-5997,2,Review content for product PRD-5997. Overall rating 2/5.,Negative,Damaged Packaging
REV-7935,PRD-7009,5,Review content for product PRD-7009. Overall rating 5/5.,Positive,None
REV-7936,PRD-6351,4,Review content for product PRD-6351. Overall rating 4/5.,Positive,None
REV-7937,PRD-5815,5,Review content for product PRD-5815. Overall rating 5/5.,Positive,None
REV-7938,PRD-6322,5,Review content for product PRD-6322. Overall rating 5/5.,Positive,None
REV-7939,PRD-5015,5,Review content for product PRD-5015. Overall rating 5/5.,Positive,None
REV-7940,PRD-5329,3,Review content for product PRD-5329. Overall rating 3/5.,Neutral,Delayed Delivery
REV-7941,PRD-7445,5,Review content for product PRD-7445. Overall rating 5/5.,Positive,None
REV-7942,PRD-5156,5,Review content for product PRD-5156. Overall rating 5/5.,Positive,None
REV-7943,PRD-5571,5,Review content for product PRD-5571. Overall rating 5/5.,Positive,None
REV-7944,PRD-5622,3,Review content for product PRD-5622. Overall rating 3/5.,Neutral,Fabric Defect
REV-7945,PRD-6774,5,Review content for product PRD-6774. Overall rating 5/5.,Positive,None
REV-7946,PRD-7432,5,Review content for product PRD-7432. Overall rating 5/5.,Positive,None
REV-7947,PRD-7087,5,Review content for product PRD-7087. Overall rating 5/5.,Positive,None
REV-7948,PRD-6262,4,Review content for product PRD-6262. Overall rating 4/5.,Positive,None
REV-7949,PRD-6241,5,Review content for product PRD-6241. Overall rating 5/5.,Positive,None
REV-7950,PRD-6718,5,Review content for product PRD-6718. Overall rating 5/5.,Positive,None
REV-7951,PRD-6703,3,Review content for product PRD-6703. Overall rating 3/5.,Neutral,Fit Size Issue
REV-7952,PRD-5286,5,Review content for product PRD-5286. Overall rating 5/5.,Positive,None
REV-7953,PRD-6468,4,Review content for product PRD-6468. Overall rating 4/5.,Positive,None
REV-7954,PRD-6510,5,Review content for product PRD-6510. Overall rating 5/5.,Positive,None
REV-7955,PRD-5107,5,Review content for product PRD-5107. Overall rating 5/5.,Positive,None
REV-7956,PRD-7419,5,Review content for product PRD-7419. Overall rating 5/5.,Positive,None
REV-7957,PRD-6655,4,Review content for product PRD-6655. Overall rating 4/5.,Positive,None
REV-7958,PRD-6557,4,Review content for product PRD-6557. Overall rating 4/5.,Positive,None
REV-7959,PRD-6465,5,Review content for product PRD-6465. Overall rating 5/5.,Positive,None
REV-7960,PRD-7064,5,Review content for product PRD-7064. Overall rating 5/5.,Positive,None
REV-7961,PRD-7368,5,Review content for product PRD-7368. Overall rating 5/5.,Positive,None
REV-7962,PRD-5781,5,Review content for product PRD-5781. Overall rating 5/5.,Positive,None
REV-7963,PRD-7427,2,Review content for product PRD-7427. Overall rating 2/5.,Negative,Fit Size Issue
REV-7964,PRD-6696,4,Review content for product PRD-6696. Overall rating 4/5.,Positive,None
REV-7965,PRD-7202,5,Review content for product PRD-7202. Overall rating 5/5.,Positive,None
REV-7966,PRD-7223,4,Review content for product PRD-7223. Overall rating 4/5.,Positive,None
REV-7967,PRD-7053,1,Review content for product PRD-7053. Overall rating 1/5.,Negative,Damaged Packaging
REV-7968,PRD-5708,5,Review content for product PRD-5708. Overall rating 5/5.,Positive,None
REV-7969,PRD-5489,2,Review content for product PRD-5489. Overall rating 2/5.,Negative,Damaged Packaging
REV-7970,PRD-7054,1,Review content for product PRD-7054. Overall rating 1/5.,Negative,Color Mismatch
REV-7971,PRD-7204,1,Review content for product PRD-7204. Overall rating 1/5.,Negative,Fabric Defect
REV-7972,PRD-6840,5,Review content for product PRD-6840. Overall rating 5/5.,Positive,None
REV-7973,PRD-6670,3,Review content for product PRD-6670. Overall rating 3/5.,Neutral,Fabric Defect
REV-7974,PRD-5983,2,Review content for product PRD-5983. Overall rating 2/5.,Negative,Fabric Defect
REV-7975,PRD-5385,5,Review content for product PRD-5385. Overall rating 5/5.,Positive,None
REV-7976,PRD-5307,1,Review content for product PRD-5307. Overall rating 1/5.,Negative,None
REV-7977,PRD-5968,5,Review content for product PRD-5968. Overall rating 5/5.,Positive,None
REV-7978,PRD-5033,5,Review content for product PRD-5033. Overall rating 5/5.,Positive,None
REV-7979,PRD-5211,5,Review content for product PRD-5211. Overall rating 5/5.,Positive,None
REV-7980,PRD-5976,4,Review content for product PRD-5976. Overall rating 4/5.,Positive,None
REV-7981,PRD-5255,5,Review content for product PRD-5255. Overall rating 5/5.,Positive,None
REV-7982,PRD-6038,2,Review content for product PRD-6038. Overall rating 2/5.,Negative,None
REV-7983,PRD-5590,3,Review content for product PRD-5590. Overall rating 3/5.,Neutral,Color Mismatch
REV-7984,PRD-7165,4,Review content for product PRD-7165. Overall rating 4/5.,Positive,None
REV-7985,PRD-6789,3,Review content for product PRD-6789. Overall rating 3/5.,Neutral,Fabric Defect
REV-7986,PRD-5821,4,Review content for product PRD-5821. Overall rating 4/5.,Positive,None
REV-7987,PRD-5629,5,Review content for product PRD-5629. Overall rating 5/5.,Positive,None
REV-7988,PRD-5669,4,Review content for product PRD-5669. Overall rating 4/5.,Positive,None
REV-7989,PRD-5934,3,Review content for product PRD-5934. Overall rating 3/5.,Neutral,Damaged Packaging
REV-7990,PRD-6769,4,Review content for product PRD-6769. Overall rating 4/5.,Positive,None
REV-7991,PRD-5224,2,Review content for product PRD-5224. Overall rating 2/5.,Negative,Color Mismatch
REV-7992,PRD-6453,5,Review content for product PRD-6453. Overall rating 5/5.,Positive,None
REV-7993,PRD-5817,4,Review content for product PRD-5817. Overall rating 4/5.,Positive,None
REV-7994,PRD-6266,4,Review content for product PRD-6266. Overall rating 4/5.,Positive,None
REV-7995,PRD-6791,4,Review content for product PRD-6791. Overall rating 4/5.,Positive,None
REV-7996,PRD-7363,5,Review content for product PRD-7363. Overall rating 5/5.,Positive,None
REV-7997,PRD-6309,3,Review content for product PRD-6309. Overall rating 3/5.,Neutral,Damaged Packaging
REV-7998,PRD-7092,5,Review content for product PRD-7092. Overall rating 5/5.,Positive,None
REV-7999,PRD-5383,5,Review content for product PRD-5383. Overall rating 5/5.,Positive,None
REV-8000,PRD-7117,5,Review content for product PRD-7117. Overall rating 5/5.,Positive,None
REV-8001,PRD-7192,5,Review content for product PRD-7192. Overall rating 5/5.,Positive,None
REV-8002,PRD-6179,1,Review content for product PRD-6179. Overall rating 1/5.,Negative,None
REV-8003,PRD-6330,3,Review content for product PRD-6330. Overall rating 3/5.,Neutral,Fit Size Issue
REV-8004,PRD-5017,5,Review content for product PRD-5017. Overall rating 5/5.,Positive,None
REV-8005,PRD-6908,4,Review content for product PRD-6908. Overall rating 4/5.,Positive,None
REV-8006,PRD-5646,5,Review content for product PRD-5646. Overall rating 5/5.,Positive,None
REV-8007,PRD-7379,5,Review content for product PRD-7379. Overall rating 5/5.,Positive,None
REV-8008,PRD-6916,5,Review content for product PRD-6916. Overall rating 5/5.,Positive,None
REV-8009,PRD-6993,5,Review content for product PRD-6993. Overall rating 5/5.,Positive,None
REV-8010,PRD-5959,4,Review content for product PRD-5959. Overall rating 4/5.,Positive,None
REV-8011,PRD-6665,5,Review content for product PRD-6665. Overall rating 5/5.,Positive,None
REV-8012,PRD-6325,5,Review content for product PRD-6325. Overall rating 5/5.,Positive,None
REV-8013,PRD-5765,3,Review content for product PRD-5765. Overall rating 3/5.,Neutral,Color Mismatch
REV-8014,PRD-5160,5,Review content for product PRD-5160. Overall rating 5/5.,Positive,None
REV-8015,PRD-7193,4,Review content for product PRD-7193. Overall rating 4/5.,Positive,None
REV-8016,PRD-6051,5,Review content for product PRD-6051. Overall rating 5/5.,Positive,None
REV-8017,PRD-6020,4,Review content for product PRD-6020. Overall rating 4/5.,Positive,None
REV-8018,PRD-6054,5,Review content for product PRD-6054. Overall rating 5/5.,Positive,None
REV-8019,PRD-6170,1,Review content for product PRD-6170. Overall rating 1/5.,Negative,Fabric Defect
REV-8020,PRD-5385,2,Review content for product PRD-5385. Overall rating 2/5.,Negative,None
REV-8021,PRD-6628,5,Review content for product PRD-6628. Overall rating 5/5.,Positive,None
REV-8022,PRD-6964,5,Review content for product PRD-6964. Overall rating 5/5.,Positive,None
REV-8023,PRD-7054,2,Review content for product PRD-7054. Overall rating 2/5.,Negative,Fabric Defect
REV-8024,PRD-6563,5,Review content for product PRD-6563. Overall rating 5/5.,Positive,None
REV-8025,PRD-6552,3,Review content for product PRD-6552. Overall rating 3/5.,Neutral,None
REV-8026,PRD-5157,2,Review content for product PRD-5157. Overall rating 2/5.,Negative,Damaged Packaging
REV-8027,PRD-6733,2,Review content for product PRD-6733. Overall rating 2/5.,Negative,Fabric Defect
REV-8028,PRD-7420,5,Review content for product PRD-7420. Overall rating 5/5.,Positive,None
REV-8029,PRD-5390,5,Review content for product PRD-5390. Overall rating 5/5.,Positive,None
REV-8030,PRD-7023,3,Review content for product PRD-7023. Overall rating 3/5.,Neutral,Fit Size Issue
REV-8031,PRD-6689,4,Review content for product PRD-6689. Overall rating 4/5.,Positive,None
REV-8032,PRD-7094,5,Review content for product PRD-7094. Overall rating 5/5.,Positive,None
REV-8033,PRD-5190,5,Review content for product PRD-5190. Overall rating 5/5.,Positive,None
REV-8034,PRD-5169,3,Review content for product PRD-5169. Overall rating 3/5.,Neutral,Fabric Defect
REV-8035,PRD-6841,5,Review content for product PRD-6841. Overall rating 5/5.,Positive,None
REV-8036,PRD-5815,5,Review content for product PRD-5815. Overall rating 5/5.,Positive,None
REV-8037,PRD-5834,4,Review content for product PRD-5834. Overall rating 4/5.,Positive,None
REV-8038,PRD-7105,5,Review content for product PRD-7105. Overall rating 5/5.,Positive,None
REV-8039,PRD-6041,5,Review content for product PRD-6041. Overall rating 5/5.,Positive,None
REV-8040,PRD-6642,5,Review content for product PRD-6642. Overall rating 5/5.,Positive,None
REV-8041,PRD-7029,3,Review content for product PRD-7029. Overall rating 3/5.,Neutral,None
REV-8042,PRD-5532,4,Review content for product PRD-5532. Overall rating 4/5.,Positive,None
REV-8043,PRD-7037,1,Review content for product PRD-7037. Overall rating 1/5.,Negative,Fit Size Issue
REV-8044,PRD-7289,5,Review content for product PRD-7289. Overall rating 5/5.,Positive,None
REV-8045,PRD-6424,5,Review content for product PRD-6424. Overall rating 5/5.,Positive,None
REV-8046,PRD-6108,5,Review content for product PRD-6108. Overall rating 5/5.,Positive,None
REV-8047,PRD-7480,3,Review content for product PRD-7480. Overall rating 3/5.,Neutral,Damaged Packaging
REV-8048,PRD-6898,5,Review content for product PRD-6898. Overall rating 5/5.,Positive,None
REV-8049,PRD-7454,4,Review content for product PRD-7454. Overall rating 4/5.,Positive,None
REV-8050,PRD-5391,5,Review content for product PRD-5391. Overall rating 5/5.,Positive,None
REV-8051,PRD-7497,2,Review content for product PRD-7497. Overall rating 2/5.,Negative,Damaged Packaging
REV-8052,PRD-6919,3,Review content for product PRD-6919. Overall rating 3/5.,Neutral,Fabric Defect
REV-8053,PRD-7141,4,Review content for product PRD-7141. Overall rating 4/5.,Positive,None
REV-8054,PRD-5008,4,Review content for product PRD-5008. Overall rating 4/5.,Positive,None
REV-8055,PRD-6149,5,Review content for product PRD-6149. Overall rating 5/5.,Positive,None
REV-8056,PRD-5340,3,Review content for product PRD-5340. Overall rating 3/5.,Neutral,Delayed Delivery
REV-8057,PRD-5744,1,Review content for product PRD-5744. Overall rating 1/5.,Negative,Color Mismatch
REV-8058,PRD-5921,4,Review content for product PRD-5921. Overall rating 4/5.,Positive,None
REV-8059,PRD-5072,4,Review content for product PRD-5072. Overall rating 4/5.,Positive,None
REV-8060,PRD-6267,5,Review content for product PRD-6267. Overall rating 5/5.,Positive,None
REV-8061,PRD-5671,5,Review content for product PRD-5671. Overall rating 5/5.,Positive,None
REV-8062,PRD-5814,4,Review content for product PRD-5814. Overall rating 4/5.,Positive,None
REV-8063,PRD-5696,4,Review content for product PRD-5696. Overall rating 4/5.,Positive,None
REV-8064,PRD-6193,4,Review content for product PRD-6193. Overall rating 4/5.,Positive,None
REV-8065,PRD-7275,2,Review content for product PRD-7275. Overall rating 2/5.,Negative,None
REV-8066,PRD-6023,4,Review content for product PRD-6023. Overall rating 4/5.,Positive,None
REV-8067,PRD-7413,4,Review content for product PRD-7413. Overall rating 4/5.,Positive,None
REV-8068,PRD-6152,4,Review content for product PRD-6152. Overall rating 4/5.,Positive,None
REV-8069,PRD-6131,5,Review content for product PRD-6131. Overall rating 5/5.,Positive,None
REV-8070,PRD-7190,2,Review content for product PRD-7190. Overall rating 2/5.,Negative,Color Mismatch
REV-8071,PRD-6460,5,Review content for product PRD-6460. Overall rating 5/5.,Positive,None
REV-8072,PRD-5256,4,Review content for product PRD-5256. Overall rating 4/5.,Positive,None
REV-8073,PRD-5097,3,Review content for product PRD-5097. Overall rating 3/5.,Neutral,Damaged Packaging
REV-8074,PRD-6981,4,Review content for product PRD-6981. Overall rating 4/5.,Positive,None
REV-8075,PRD-5724,2,Review content for product PRD-5724. Overall rating 2/5.,Negative,Damaged Packaging
REV-8076,PRD-5435,4,Review content for product PRD-5435. Overall rating 4/5.,Positive,None
REV-8077,PRD-5756,5,Review content for product PRD-5756. Overall rating 5/5.,Positive,None
REV-8078,PRD-6285,5,Review content for product PRD-6285. Overall rating 5/5.,Positive,None
REV-8079,PRD-6883,2,Review content for product PRD-6883. Overall rating 2/5.,Negative,Delayed Delivery
REV-8080,PRD-5430,5,Review content for product PRD-5430. Overall rating 5/5.,Positive,None
REV-8081,PRD-6347,2,Review content for product PRD-6347. Overall rating 2/5.,Negative,Damaged Packaging
REV-8082,PRD-5308,5,Review content for product PRD-5308. Overall rating 5/5.,Positive,None
REV-8083,PRD-7349,5,Review content for product PRD-7349. Overall rating 5/5.,Positive,None
REV-8084,PRD-5507,1,Review content for product PRD-5507. Overall rating 1/5.,Negative,Damaged Packaging
REV-8085,PRD-6109,4,Review content for product PRD-6109. Overall rating 4/5.,Positive,None
REV-8086,PRD-7074,5,Review content for product PRD-7074. Overall rating 5/5.,Positive,None
REV-8087,PRD-6852,5,Review content for product PRD-6852. Overall rating 5/5.,Positive,None
REV-8088,PRD-6431,4,Review content for product PRD-6431. Overall rating 4/5.,Positive,None
REV-8089,PRD-7057,5,Review content for product PRD-7057. Overall rating 5/5.,Positive,None
REV-8090,PRD-5526,4,Review content for product PRD-5526. Overall rating 4/5.,Positive,None
REV-8091,PRD-5934,3,Review content for product PRD-5934. Overall rating 3/5.,Neutral,Fit Size Issue
REV-8092,PRD-6260,5,Review content for product PRD-6260. Overall rating 5/5.,Positive,None
REV-8093,PRD-6193,5,Review content for product PRD-6193. Overall rating 5/5.,Positive,None
REV-8094,PRD-7103,5,Review content for product PRD-7103. Overall rating 5/5.,Positive,None
REV-8095,PRD-7433,3,Review content for product PRD-7433. Overall rating 3/5.,Neutral,Fit Size Issue
REV-8096,PRD-6223,4,Review content for product PRD-6223. Overall rating 4/5.,Positive,None
REV-8097,PRD-7294,5,Review content for product PRD-7294. Overall rating 5/5.,Positive,None
REV-8098,PRD-5545,5,Review content for product PRD-5545. Overall rating 5/5.,Positive,None
REV-8099,PRD-6920,3,Review content for product PRD-6920. Overall rating 3/5.,Neutral,Delayed Delivery
REV-8100,PRD-7292,1,Review content for product PRD-7292. Overall rating 1/5.,Negative,Fit Size Issue
REV-8101,PRD-5985,4,Review content for product PRD-5985. Overall rating 4/5.,Positive,None
REV-8102,PRD-7006,5,Review content for product PRD-7006. Overall rating 5/5.,Positive,None
REV-8103,PRD-6174,5,Review content for product PRD-6174. Overall rating 5/5.,Positive,None
REV-8104,PRD-6997,5,Review content for product PRD-6997. Overall rating 5/5.,Positive,None
REV-8105,PRD-6804,4,Review content for product PRD-6804. Overall rating 4/5.,Positive,None
REV-8106,PRD-6835,5,Review content for product PRD-6835. Overall rating 5/5.,Positive,None
REV-8107,PRD-6038,4,Review content for product PRD-6038. Overall rating 4/5.,Positive,None
REV-8108,PRD-7088,3,Review content for product PRD-7088. Overall rating 3/5.,Neutral,Fabric Defect
REV-8109,PRD-5892,5,Review content for product PRD-5892. Overall rating 5/5.,Positive,None
REV-8110,PRD-6325,5,Review content for product PRD-6325. Overall rating 5/5.,Positive,None
REV-8111,PRD-5545,5,Review content for product PRD-5545. Overall rating 5/5.,Positive,None
REV-8112,PRD-5667,4,Review content for product PRD-5667. Overall rating 4/5.,Positive,None
REV-8113,PRD-6097,4,Review content for product PRD-6097. Overall rating 4/5.,Positive,None
REV-8114,PRD-5932,4,Review content for product PRD-5932. Overall rating 4/5.,Positive,None
REV-8115,PRD-5286,4,Review content for product PRD-5286. Overall rating 4/5.,Positive,None
REV-8116,PRD-6315,4,Review content for product PRD-6315. Overall rating 4/5.,Positive,None
REV-8117,PRD-6278,5,Review content for product PRD-6278. Overall rating 5/5.,Positive,None
REV-8118,PRD-7373,5,Review content for product PRD-7373. Overall rating 5/5.,Positive,None
REV-8119,PRD-7465,3,Review content for product PRD-7465. Overall rating 3/5.,Neutral,Color Mismatch
REV-8120,PRD-7464,5,Review content for product PRD-7464. Overall rating 5/5.,Positive,None
REV-8121,PRD-6677,5,Review content for product PRD-6677. Overall rating 5/5.,Positive,None
REV-8122,PRD-6292,2,Review content for product PRD-6292. Overall rating 2/5.,Negative,Fit Size Issue
REV-8123,PRD-5274,3,Review content for product PRD-5274. Overall rating 3/5.,Neutral,Fit Size Issue
REV-8124,PRD-5830,5,Review content for product PRD-5830. Overall rating 5/5.,Positive,None
REV-8125,PRD-5236,4,Review content for product PRD-5236. Overall rating 4/5.,Positive,None
REV-8126,PRD-6786,5,Review content for product PRD-6786. Overall rating 5/5.,Positive,None
REV-8127,PRD-5701,5,Review content for product PRD-5701. Overall rating 5/5.,Positive,None
REV-8128,PRD-6741,5,Review content for product PRD-6741. Overall rating 5/5.,Positive,None
REV-8129,PRD-6679,4,Review content for product PRD-6679. Overall rating 4/5.,Positive,None
REV-8130,PRD-5161,3,Review content for product PRD-5161. Overall rating 3/5.,Neutral,Color Mismatch
REV-8131,PRD-5438,5,Review content for product PRD-5438. Overall rating 5/5.,Positive,None
REV-8132,PRD-5703,4,Review content for product PRD-5703. Overall rating 4/5.,Positive,None
REV-8133,PRD-6363,5,Review content for product PRD-6363. Overall rating 5/5.,Positive,None
REV-8134,PRD-6178,3,Review content for product PRD-6178. Overall rating 3/5.,Neutral,Color Mismatch
REV-8135,PRD-6316,4,Review content for product PRD-6316. Overall rating 4/5.,Positive,None
REV-8136,PRD-5207,5,Review content for product PRD-5207. Overall rating 5/5.,Positive,None
REV-8137,PRD-5633,5,Review content for product PRD-5633. Overall rating 5/5.,Positive,None
REV-8138,PRD-5527,5,Review content for product PRD-5527. Overall rating 5/5.,Positive,None
REV-8139,PRD-5523,5,Review content for product PRD-5523. Overall rating 5/5.,Positive,None
REV-8140,PRD-5805,3,Review content for product PRD-5805. Overall rating 3/5.,Neutral,Fabric Defect
REV-8141,PRD-5908,3,Review content for product PRD-5908. Overall rating 3/5.,Neutral,Fabric Defect
REV-8142,PRD-5809,4,Review content for product PRD-5809. Overall rating 4/5.,Positive,None
REV-8143,PRD-6559,5,Review content for product PRD-6559. Overall rating 5/5.,Positive,None
REV-8144,PRD-5907,4,Review content for product PRD-5907. Overall rating 4/5.,Positive,None
REV-8145,PRD-6046,5,Review content for product PRD-6046. Overall rating 5/5.,Positive,None
REV-8146,PRD-5050,5,Review content for product PRD-5050. Overall rating 5/5.,Positive,None
REV-8147,PRD-5976,5,Review content for product PRD-5976. Overall rating 5/5.,Positive,None
REV-8148,PRD-7421,2,Review content for product PRD-7421. Overall rating 2/5.,Negative,Fit Size Issue
REV-8149,PRD-6597,5,Review content for product PRD-6597. Overall rating 5/5.,Positive,None
REV-8150,PRD-7425,3,Review content for product PRD-7425. Overall rating 3/5.,Neutral,Damaged Packaging
REV-8151,PRD-6524,5,Review content for product PRD-6524. Overall rating 5/5.,Positive,None
REV-8152,PRD-6672,5,Review content for product PRD-6672. Overall rating 5/5.,Positive,None
REV-8153,PRD-7014,3,Review content for product PRD-7014. Overall rating 3/5.,Neutral,Damaged Packaging
REV-8154,PRD-5364,4,Review content for product PRD-5364. Overall rating 4/5.,Positive,None
REV-8155,PRD-5628,5,Review content for product PRD-5628. Overall rating 5/5.,Positive,None
REV-8156,PRD-5002,5,Review content for product PRD-5002. Overall rating 5/5.,Positive,None
REV-8157,PRD-5948,5,Review content for product PRD-5948. Overall rating 5/5.,Positive,None
REV-8158,PRD-6171,4,Review content for product PRD-6171. Overall rating 4/5.,Positive,None
REV-8159,PRD-5632,2,Review content for product PRD-5632. Overall rating 2/5.,Negative,Fabric Defect
REV-8160,PRD-5761,5,Review content for product PRD-5761. Overall rating 5/5.,Positive,None
REV-8161,PRD-6134,5,Review content for product PRD-6134. Overall rating 5/5.,Positive,None
REV-8162,PRD-6455,5,Review content for product PRD-6455. Overall rating 5/5.,Positive,None
REV-8163,PRD-5795,5,Review content for product PRD-5795. Overall rating 5/5.,Positive,None
REV-8164,PRD-7208,5,Review content for product PRD-7208. Overall rating 5/5.,Positive,None
REV-8165,PRD-6998,5,Review content for product PRD-6998. Overall rating 5/5.,Positive,None
REV-8166,PRD-7365,5,Review content for product PRD-7365. Overall rating 5/5.,Positive,None
REV-8167,PRD-6312,5,Review content for product PRD-6312. Overall rating 5/5.,Positive,None
REV-8168,PRD-5168,2,Review content for product PRD-5168. Overall rating 2/5.,Negative,None
REV-8169,PRD-7274,4,Review content for product PRD-7274. Overall rating 4/5.,Positive,None
REV-8170,PRD-6779,5,Review content for product PRD-6779. Overall rating 5/5.,Positive,None
REV-8171,PRD-5480,3,Review content for product PRD-5480. Overall rating 3/5.,Neutral,Fabric Defect
REV-8172,PRD-5305,5,Review content for product PRD-5305. Overall rating 5/5.,Positive,None
REV-8173,PRD-5206,4,Review content for product PRD-5206. Overall rating 4/5.,Positive,None
REV-8174,PRD-6903,5,Review content for product PRD-6903. Overall rating 5/5.,Positive,None
REV-8175,PRD-5881,5,Review content for product PRD-5881. Overall rating 5/5.,Positive,None
REV-8176,PRD-5081,4,Review content for product PRD-5081. Overall rating 4/5.,Positive,None
REV-8177,PRD-7369,4,Review content for product PRD-7369. Overall rating 4/5.,Positive,None
REV-8178,PRD-5186,1,Review content for product PRD-5186. Overall rating 1/5.,Negative,Damaged Packaging
REV-8179,PRD-7321,5,Review content for product PRD-7321. Overall rating 5/5.,Positive,None
REV-8180,PRD-7025,5,Review content for product PRD-7025. Overall rating 5/5.,Positive,None
REV-8181,PRD-6884,4,Review content for product PRD-6884. Overall rating 4/5.,Positive,None
REV-8182,PRD-5044,4,Review content for product PRD-5044. Overall rating 4/5.,Positive,None
REV-8183,PRD-5468,5,Review content for product PRD-5468. Overall rating 5/5.,Positive,None
REV-8184,PRD-5492,5,Review content for product PRD-5492. Overall rating 5/5.,Positive,None
REV-8185,PRD-5293,4,Review content for product PRD-5293. Overall rating 4/5.,Positive,None
REV-8186,PRD-6010,5,Review content for product PRD-6010. Overall rating 5/5.,Positive,None
REV-8187,PRD-6783,3,Review content for product PRD-6783. Overall rating 3/5.,Neutral,Damaged Packaging
REV-8188,PRD-6447,4,Review content for product PRD-6447. Overall rating 4/5.,Positive,None
REV-8189,PRD-6583,4,Review content for product PRD-6583. Overall rating 4/5.,Positive,None
REV-8190,PRD-7445,4,Review content for product PRD-7445. Overall rating 4/5.,Positive,None
REV-8191,PRD-6833,5,Review content for product PRD-6833. Overall rating 5/5.,Positive,None
REV-8192,PRD-5773,4,Review content for product PRD-5773. Overall rating 4/5.,Positive,None
REV-8193,PRD-6766,4,Review content for product PRD-6766. Overall rating 4/5.,Positive,None
REV-8194,PRD-5989,5,Review content for product PRD-5989. Overall rating 5/5.,Positive,None
REV-8195,PRD-5593,3,Review content for product PRD-5593. Overall rating 3/5.,Neutral,Damaged Packaging
REV-8196,PRD-6191,5,Review content for product PRD-6191. Overall rating 5/5.,Positive,None
REV-8197,PRD-7222,5,Review content for product PRD-7222. Overall rating 5/5.,Positive,None
REV-8198,PRD-7317,5,Review content for product PRD-7317. Overall rating 5/5.,Positive,None
REV-8199,PRD-6285,5,Review content for product PRD-6285. Overall rating 5/5.,Positive,None
REV-8200,PRD-5766,4,Review content for product PRD-5766. Overall rating 4/5.,Positive,None
REV-8201,PRD-6539,5,Review content for product PRD-6539. Overall rating 5/5.,Positive,None
REV-8202,PRD-6636,1,Review content for product PRD-6636. Overall rating 1/5.,Negative,Delayed Delivery
REV-8203,PRD-6555,4,Review content for product PRD-6555. Overall rating 4/5.,Positive,None
REV-8204,PRD-6996,5,Review content for product PRD-6996. Overall rating 5/5.,Positive,None
REV-8205,PRD-7325,2,Review content for product PRD-7325. Overall rating 2/5.,Negative,Color Mismatch
REV-8206,PRD-6491,4,Review content for product PRD-6491. Overall rating 4/5.,Positive,None
REV-8207,PRD-6779,4,Review content for product PRD-6779. Overall rating 4/5.,Positive,None
REV-8208,PRD-6469,5,Review content for product PRD-6469. Overall rating 5/5.,Positive,None
REV-8209,PRD-7156,5,Review content for product PRD-7156. Overall rating 5/5.,Positive,None
REV-8210,PRD-5314,3,Review content for product PRD-5314. Overall rating 3/5.,Neutral,Damaged Packaging
REV-8211,PRD-6776,5,Review content for product PRD-6776. Overall rating 5/5.,Positive,None
REV-8212,PRD-5642,3,Review content for product PRD-5642. Overall rating 3/5.,Neutral,None
REV-8213,PRD-5981,2,Review content for product PRD-5981. Overall rating 2/5.,Negative,None
REV-8214,PRD-7262,5,Review content for product PRD-7262. Overall rating 5/5.,Positive,None
REV-8215,PRD-6457,1,Review content for product PRD-6457. Overall rating 1/5.,Negative,Fit Size Issue
REV-8216,PRD-6312,5,Review content for product PRD-6312. Overall rating 5/5.,Positive,None
REV-8217,PRD-7437,3,Review content for product PRD-7437. Overall rating 3/5.,Neutral,None
REV-8218,PRD-5917,5,Review content for product PRD-5917. Overall rating 5/5.,Positive,None
REV-8219,PRD-7001,5,Review content for product PRD-7001. Overall rating 5/5.,Positive,None
REV-8220,PRD-6753,5,Review content for product PRD-6753. Overall rating 5/5.,Positive,None
REV-8221,PRD-6793,5,Review content for product PRD-6793. Overall rating 5/5.,Positive,None
REV-8222,PRD-6605,2,Review content for product PRD-6605. Overall rating 2/5.,Negative,Fit Size Issue
REV-8223,PRD-5734,5,Review content for product PRD-5734. Overall rating 5/5.,Positive,None
REV-8224,PRD-5787,5,Review content for product PRD-5787. Overall rating 5/5.,Positive,None
REV-8225,PRD-7195,5,Review content for product PRD-7195. Overall rating 5/5.,Positive,None
REV-8226,PRD-6701,5,Review content for product PRD-6701. Overall rating 5/5.,Positive,None
REV-8227,PRD-6040,5,Review content for product PRD-6040. Overall rating 5/5.,Positive,None
REV-8228,PRD-5332,5,Review content for product PRD-5332. Overall rating 5/5.,Positive,None
REV-8229,PRD-6932,4,Review content for product PRD-6932. Overall rating 4/5.,Positive,None
REV-8230,PRD-5615,4,Review content for product PRD-5615. Overall rating 4/5.,Positive,None
REV-8231,PRD-7193,4,Review content for product PRD-7193. Overall rating 4/5.,Positive,None
REV-8232,PRD-7159,5,Review content for product PRD-7159. Overall rating 5/5.,Positive,None
REV-8233,PRD-7090,5,Review content for product PRD-7090. Overall rating 5/5.,Positive,None
REV-8234,PRD-5970,5,Review content for product PRD-5970. Overall rating 5/5.,Positive,None
REV-8235,PRD-6778,5,Review content for product PRD-6778. Overall rating 5/5.,Positive,None
REV-8236,PRD-5992,3,Review content for product PRD-5992. Overall rating 3/5.,Neutral,Color Mismatch
REV-8237,PRD-7195,4,Review content for product PRD-7195. Overall rating 4/5.,Positive,None
REV-8238,PRD-5193,5,Review content for product PRD-5193. Overall rating 5/5.,Positive,None
REV-8239,PRD-6802,5,Review content for product PRD-6802. Overall rating 5/5.,Positive,None
REV-8240,PRD-6812,2,Review content for product PRD-6812. Overall rating 2/5.,Negative,Fit Size Issue
REV-8241,PRD-7120,2,Review content for product PRD-7120. Overall rating 2/5.,Negative,None
REV-8242,PRD-5436,2,Review content for product PRD-5436. Overall rating 2/5.,Negative,Fit Size Issue
REV-8243,PRD-5119,5,Review content for product PRD-5119. Overall rating 5/5.,Positive,None
REV-8244,PRD-6373,4,Review content for product PRD-6373. Overall rating 4/5.,Positive,None
REV-8245,PRD-7086,5,Review content for product PRD-7086. Overall rating 5/5.,Positive,None
REV-8246,PRD-7120,4,Review content for product PRD-7120. Overall rating 4/5.,Positive,None
REV-8247,PRD-6999,5,Review content for product PRD-6999. Overall rating 5/5.,Positive,None
REV-8248,PRD-7400,2,Review content for product PRD-7400. Overall rating 2/5.,Negative,Fabric Defect
REV-8249,PRD-7461,5,Review content for product PRD-7461. Overall rating 5/5.,Positive,None
REV-8250,PRD-5074,5,Review content for product PRD-5074. Overall rating 5/5.,Positive,None
REV-8251,PRD-6386,4,Review content for product PRD-6386. Overall rating 4/5.,Positive,None
REV-8252,PRD-7271,3,Review content for product PRD-7271. Overall rating 3/5.,Neutral,Fit Size Issue
REV-8253,PRD-7181,4,Review content for product PRD-7181. Overall rating 4/5.,Positive,None
REV-8254,PRD-5346,2,Review content for product PRD-5346. Overall rating 2/5.,Negative,Color Mismatch
REV-8255,PRD-6198,2,Review content for product PRD-6198. Overall rating 2/5.,Negative,Fabric Defect
REV-8256,PRD-5584,3,Review content for product PRD-5584. Overall rating 3/5.,Neutral,Fabric Defect
REV-8257,PRD-5705,3,Review content for product PRD-5705. Overall rating 3/5.,Neutral,Color Mismatch
REV-8258,PRD-7125,3,Review content for product PRD-7125. Overall rating 3/5.,Neutral,Damaged Packaging
REV-8259,PRD-6073,5,Review content for product PRD-6073. Overall rating 5/5.,Positive,None
REV-8260,PRD-6618,5,Review content for product PRD-6618. Overall rating 5/5.,Positive,None
REV-8261,PRD-7334,4,Review content for product PRD-7334. Overall rating 4/5.,Positive,None
REV-8262,PRD-7203,1,Review content for product PRD-7203. Overall rating 1/5.,Negative,None
REV-8263,PRD-5835,5,Review content for product PRD-5835. Overall rating 5/5.,Positive,None
REV-8264,PRD-6214,3,Review content for product PRD-6214. Overall rating 3/5.,Neutral,Color Mismatch
REV-8265,PRD-7318,5,Review content for product PRD-7318. Overall rating 5/5.,Positive,None
REV-8266,PRD-6216,5,Review content for product PRD-6216. Overall rating 5/5.,Positive,None
REV-8267,PRD-5995,5,Review content for product PRD-5995. Overall rating 5/5.,Positive,None
REV-8268,PRD-5981,3,Review content for product PRD-5981. Overall rating 3/5.,Neutral,Damaged Packaging
REV-8269,PRD-5645,4,Review content for product PRD-5645. Overall rating 4/5.,Positive,None
REV-8270,PRD-5037,5,Review content for product PRD-5037. Overall rating 5/5.,Positive,None
REV-8271,PRD-5236,5,Review content for product PRD-5236. Overall rating 5/5.,Positive,None
REV-8272,PRD-5743,5,Review content for product PRD-5743. Overall rating 5/5.,Positive,None
REV-8273,PRD-6179,5,Review content for product PRD-6179. Overall rating 5/5.,Positive,None
REV-8274,PRD-5462,4,Review content for product PRD-5462. Overall rating 4/5.,Positive,None
REV-8275,PRD-5306,5,Review content for product PRD-5306. Overall rating 5/5.,Positive,None
REV-8276,PRD-7229,4,Review content for product PRD-7229. Overall rating 4/5.,Positive,None
REV-8277,PRD-5854,4,Review content for product PRD-5854. Overall rating 4/5.,Positive,None
REV-8278,PRD-6194,5,Review content for product PRD-6194. Overall rating 5/5.,Positive,None
REV-8279,PRD-6722,5,Review content for product PRD-6722. Overall rating 5/5.,Positive,None
REV-8280,PRD-7463,5,Review content for product PRD-7463. Overall rating 5/5.,Positive,None
REV-8281,PRD-5904,1,Review content for product PRD-5904. Overall rating 1/5.,Negative,Color Mismatch
REV-8282,PRD-7349,5,Review content for product PRD-7349. Overall rating 5/5.,Positive,None
REV-8283,PRD-7003,5,Review content for product PRD-7003. Overall rating 5/5.,Positive,None
REV-8284,PRD-6451,5,Review content for product PRD-6451. Overall rating 5/5.,Positive,None
REV-8285,PRD-6676,5,Review content for product PRD-6676. Overall rating 5/5.,Positive,None
REV-8286,PRD-7446,4,Review content for product PRD-7446. Overall rating 4/5.,Positive,None
REV-8287,PRD-7313,5,Review content for product PRD-7313. Overall rating 5/5.,Positive,None
REV-8288,PRD-5580,5,Review content for product PRD-5580. Overall rating 5/5.,Positive,None
REV-8289,PRD-5036,1,Review content for product PRD-5036. Overall rating 1/5.,Negative,None
REV-8290,PRD-5081,5,Review content for product PRD-5081. Overall rating 5/5.,Positive,None
REV-8291,PRD-6079,5,Review content for product PRD-6079. Overall rating 5/5.,Positive,None
REV-8292,PRD-5077,4,Review content for product PRD-5077. Overall rating 4/5.,Positive,None
REV-8293,PRD-6864,5,Review content for product PRD-6864. Overall rating 5/5.,Positive,None
REV-8294,PRD-5130,5,Review content for product PRD-5130. Overall rating 5/5.,Positive,None
REV-8295,PRD-5075,5,Review content for product PRD-5075. Overall rating 5/5.,Positive,None
REV-8296,PRD-7353,1,Review content for product PRD-7353. Overall rating 1/5.,Negative,Fit Size Issue
REV-8297,PRD-6939,5,Review content for product PRD-6939. Overall rating 5/5.,Positive,None
REV-8298,PRD-6510,4,Review content for product PRD-6510. Overall rating 4/5.,Positive,None
REV-8299,PRD-6859,5,Review content for product PRD-6859. Overall rating 5/5.,Positive,None
REV-8300,PRD-5797,5,Review content for product PRD-5797. Overall rating 5/5.,Positive,None
REV-8301,PRD-6589,4,Review content for product PRD-6589. Overall rating 4/5.,Positive,None
REV-8302,PRD-6871,4,Review content for product PRD-6871. Overall rating 4/5.,Positive,None
REV-8303,PRD-5137,5,Review content for product PRD-5137. Overall rating 5/5.,Positive,None
REV-8304,PRD-6833,4,Review content for product PRD-6833. Overall rating 4/5.,Positive,None
REV-8305,PRD-7068,5,Review content for product PRD-7068. Overall rating 5/5.,Positive,None
REV-8306,PRD-7154,5,Review content for product PRD-7154. Overall rating 5/5.,Positive,None
REV-8307,PRD-6705,4,Review content for product PRD-6705. Overall rating 4/5.,Positive,None
REV-8308,PRD-7305,5,Review content for product PRD-7305. Overall rating 5/5.,Positive,None
REV-8309,PRD-7472,3,Review content for product PRD-7472. Overall rating 3/5.,Neutral,Delayed Delivery
REV-8310,PRD-6016,5,Review content for product PRD-6016. Overall rating 5/5.,Positive,None
REV-8311,PRD-6930,5,Review content for product PRD-6930. Overall rating 5/5.,Positive,None
REV-8312,PRD-6878,5,Review content for product PRD-6878. Overall rating 5/5.,Positive,None
REV-8313,PRD-7207,5,Review content for product PRD-7207. Overall rating 5/5.,Positive,None
REV-8314,PRD-5829,5,Review content for product PRD-5829. Overall rating 5/5.,Positive,None
REV-8315,PRD-6461,4,Review content for product PRD-6461. Overall rating 4/5.,Positive,None
REV-8316,PRD-5936,5,Review content for product PRD-5936. Overall rating 5/5.,Positive,None
REV-8317,PRD-5756,5,Review content for product PRD-5756. Overall rating 5/5.,Positive,None
REV-8318,PRD-6073,2,Review content for product PRD-6073. Overall rating 2/5.,Negative,Color Mismatch
REV-8319,PRD-6784,3,Review content for product PRD-6784. Overall rating 3/5.,Neutral,Fabric Defect
REV-8320,PRD-5161,2,Review content for product PRD-5161. Overall rating 2/5.,Negative,Fabric Defect
REV-8321,PRD-5658,5,Review content for product PRD-5658. Overall rating 5/5.,Positive,None
REV-8322,PRD-6027,5,Review content for product PRD-6027. Overall rating 5/5.,Positive,None
REV-8323,PRD-6904,4,Review content for product PRD-6904. Overall rating 4/5.,Positive,None
REV-8324,PRD-6427,5,Review content for product PRD-6427. Overall rating 5/5.,Positive,None
REV-8325,PRD-5711,4,Review content for product PRD-5711. Overall rating 4/5.,Positive,None
REV-8326,PRD-5152,5,Review content for product PRD-5152. Overall rating 5/5.,Positive,None
REV-8327,PRD-6048,5,Review content for product PRD-6048. Overall rating 5/5.,Positive,None
REV-8328,PRD-5459,5,Review content for product PRD-5459. Overall rating 5/5.,Positive,None
REV-8329,PRD-5646,1,Review content for product PRD-5646. Overall rating 1/5.,Negative,Color Mismatch
REV-8330,PRD-6754,4,Review content for product PRD-6754. Overall rating 4/5.,Positive,None
REV-8331,PRD-5771,5,Review content for product PRD-5771. Overall rating 5/5.,Positive,None
REV-8332,PRD-5340,5,Review content for product PRD-5340. Overall rating 5/5.,Positive,None
REV-8333,PRD-7124,3,Review content for product PRD-7124. Overall rating 3/5.,Neutral,Fabric Defect
REV-8334,PRD-6589,4,Review content for product PRD-6589. Overall rating 4/5.,Positive,None
REV-8335,PRD-5226,5,Review content for product PRD-5226. Overall rating 5/5.,Positive,None
REV-8336,PRD-5064,5,Review content for product PRD-5064. Overall rating 5/5.,Positive,None
REV-8337,PRD-6485,5,Review content for product PRD-6485. Overall rating 5/5.,Positive,None
REV-8338,PRD-5201,2,Review content for product PRD-5201. Overall rating 2/5.,Negative,Color Mismatch
REV-8339,PRD-5313,5,Review content for product PRD-5313. Overall rating 5/5.,Positive,None
REV-8340,PRD-5127,5,Review content for product PRD-5127. Overall rating 5/5.,Positive,None
REV-8341,PRD-5503,5,Review content for product PRD-5503. Overall rating 5/5.,Positive,None
REV-8342,PRD-5383,1,Review content for product PRD-5383. Overall rating 1/5.,Negative,Delayed Delivery
REV-8343,PRD-5019,4,Review content for product PRD-5019. Overall rating 4/5.,Positive,None
REV-8344,PRD-5634,5,Review content for product PRD-5634. Overall rating 5/5.,Positive,None
REV-8345,PRD-6946,5,Review content for product PRD-6946. Overall rating 5/5.,Positive,None
REV-8346,PRD-5083,5,Review content for product PRD-5083. Overall rating 5/5.,Positive,None
REV-8347,PRD-6691,4,Review content for product PRD-6691. Overall rating 4/5.,Positive,None
REV-8348,PRD-6907,5,Review content for product PRD-6907. Overall rating 5/5.,Positive,None
REV-8349,PRD-5664,5,Review content for product PRD-5664. Overall rating 5/5.,Positive,None
REV-8350,PRD-6502,4,Review content for product PRD-6502. Overall rating 4/5.,Positive,None
REV-8351,PRD-5852,5,Review content for product PRD-5852. Overall rating 5/5.,Positive,None
REV-8352,PRD-6473,5,Review content for product PRD-6473. Overall rating 5/5.,Positive,None
REV-8353,PRD-7274,5,Review content for product PRD-7274. Overall rating 5/5.,Positive,None
REV-8354,PRD-6363,1,Review content for product PRD-6363. Overall rating 1/5.,Negative,Damaged Packaging
REV-8355,PRD-6167,5,Review content for product PRD-6167. Overall rating 5/5.,Positive,None
REV-8356,PRD-7025,5,Review content for product PRD-7025. Overall rating 5/5.,Positive,None
REV-8357,PRD-6005,2,Review content for product PRD-6005. Overall rating 2/5.,Negative,Delayed Delivery
REV-8358,PRD-6788,5,Review content for product PRD-6788. Overall rating 5/5.,Positive,None
REV-8359,PRD-6771,5,Review content for product PRD-6771. Overall rating 5/5.,Positive,None
REV-8360,PRD-5456,5,Review content for product PRD-5456. Overall rating 5/5.,Positive,None
REV-8361,PRD-7237,4,Review content for product PRD-7237. Overall rating 4/5.,Positive,None
REV-8362,PRD-5982,5,Review content for product PRD-5982. Overall rating 5/5.,Positive,None
REV-8363,PRD-7123,5,Review content for product PRD-7123. Overall rating 5/5.,Positive,None
REV-8364,PRD-5895,4,Review content for product PRD-5895. Overall rating 4/5.,Positive,None
REV-8365,PRD-5725,5,Review content for product PRD-5725. Overall rating 5/5.,Positive,None
REV-8366,PRD-6567,5,Review content for product PRD-6567. Overall rating 5/5.,Positive,None
REV-8367,PRD-6306,3,Review content for product PRD-6306. Overall rating 3/5.,Neutral,Damaged Packaging
REV-8368,PRD-5650,5,Review content for product PRD-5650. Overall rating 5/5.,Positive,None
REV-8369,PRD-7345,5,Review content for product PRD-7345. Overall rating 5/5.,Positive,None
REV-8370,PRD-7104,4,Review content for product PRD-7104. Overall rating 4/5.,Positive,None
REV-8371,PRD-6397,5,Review content for product PRD-6397. Overall rating 5/5.,Positive,None
REV-8372,PRD-5749,1,Review content for product PRD-5749. Overall rating 1/5.,Negative,Fabric Defect
REV-8373,PRD-5893,4,Review content for product PRD-5893. Overall rating 4/5.,Positive,None
REV-8374,PRD-6967,3,Review content for product PRD-6967. Overall rating 3/5.,Neutral,Fit Size Issue
REV-8375,PRD-6663,5,Review content for product PRD-6663. Overall rating 5/5.,Positive,None
REV-8376,PRD-6915,5,Review content for product PRD-6915. Overall rating 5/5.,Positive,None
REV-8377,PRD-5308,5,Review content for product PRD-5308. Overall rating 5/5.,Positive,None
REV-8378,PRD-6914,5,Review content for product PRD-6914. Overall rating 5/5.,Positive,None
REV-8379,PRD-5325,1,Review content for product PRD-5325. Overall rating 1/5.,Negative,Fit Size Issue
REV-8380,PRD-6003,4,Review content for product PRD-6003. Overall rating 4/5.,Positive,None
REV-8381,PRD-6023,4,Review content for product PRD-6023. Overall rating 4/5.,Positive,None
REV-8382,PRD-7167,4,Review content for product PRD-7167. Overall rating 4/5.,Positive,None
REV-8383,PRD-6126,3,Review content for product PRD-6126. Overall rating 3/5.,Neutral,Damaged Packaging
REV-8384,PRD-6547,5,Review content for product PRD-6547. Overall rating 5/5.,Positive,None
REV-8385,PRD-5704,5,Review content for product PRD-5704. Overall rating 5/5.,Positive,None
REV-8386,PRD-5117,4,Review content for product PRD-5117. Overall rating 4/5.,Positive,None
REV-8387,PRD-5730,4,Review content for product PRD-5730. Overall rating 4/5.,Positive,None
REV-8388,PRD-5863,5,Review content for product PRD-5863. Overall rating 5/5.,Positive,None
REV-8389,PRD-7142,5,Review content for product PRD-7142. Overall rating 5/5.,Positive,None
REV-8390,PRD-6486,5,Review content for product PRD-6486. Overall rating 5/5.,Positive,None
REV-8391,PRD-5130,4,Review content for product PRD-5130. Overall rating 4/5.,Positive,None
REV-8392,PRD-6475,3,Review content for product PRD-6475. Overall rating 3/5.,Neutral,None
REV-8393,PRD-7112,5,Review content for product PRD-7112. Overall rating 5/5.,Positive,None
REV-8394,PRD-5989,2,Review content for product PRD-5989. Overall rating 2/5.,Negative,Delayed Delivery
REV-8395,PRD-5093,5,Review content for product PRD-5093. Overall rating 5/5.,Positive,None
REV-8396,PRD-7252,5,Review content for product PRD-7252. Overall rating 5/5.,Positive,None
REV-8397,PRD-5966,3,Review content for product PRD-5966. Overall rating 3/5.,Neutral,Delayed Delivery
REV-8398,PRD-6023,5,Review content for product PRD-6023. Overall rating 5/5.,Positive,None
REV-8399,PRD-5906,5,Review content for product PRD-5906. Overall rating 5/5.,Positive,None
REV-8400,PRD-5249,1,Review content for product PRD-5249. Overall rating 1/5.,Negative,Fabric Defect
REV-8401,PRD-6483,1,Review content for product PRD-6483. Overall rating 1/5.,Negative,Delayed Delivery
REV-8402,PRD-7061,2,Review content for product PRD-7061. Overall rating 2/5.,Negative,Delayed Delivery
REV-8403,PRD-6257,5,Review content for product PRD-6257. Overall rating 5/5.,Positive,None
REV-8404,PRD-6186,4,Review content for product PRD-6186. Overall rating 4/5.,Positive,None
REV-8405,PRD-6750,5,Review content for product PRD-6750. Overall rating 5/5.,Positive,None
REV-8406,PRD-5794,4,Review content for product PRD-5794. Overall rating 4/5.,Positive,None
REV-8407,PRD-6577,5,Review content for product PRD-6577. Overall rating 5/5.,Positive,None
REV-8408,PRD-6222,4,Review content for product PRD-6222. Overall rating 4/5.,Positive,None
REV-8409,PRD-5569,5,Review content for product PRD-5569. Overall rating 5/5.,Positive,None
REV-8410,PRD-6104,4,Review content for product PRD-6104. Overall rating 4/5.,Positive,None
REV-8411,PRD-5914,5,Review content for product PRD-5914. Overall rating 5/5.,Positive,None
REV-8412,PRD-5744,4,Review content for product PRD-5744. Overall rating 4/5.,Positive,None
REV-8413,PRD-6472,4,Review content for product PRD-6472. Overall rating 4/5.,Positive,None
REV-8414,PRD-6564,4,Review content for product PRD-6564. Overall rating 4/5.,Positive,None
REV-8415,PRD-6489,5,Review content for product PRD-6489. Overall rating 5/5.,Positive,None
REV-8416,PRD-5679,5,Review content for product PRD-5679. Overall rating 5/5.,Positive,None
REV-8417,PRD-6212,4,Review content for product PRD-6212. Overall rating 4/5.,Positive,None
REV-8418,PRD-6568,5,Review content for product PRD-6568. Overall rating 5/5.,Positive,None
REV-8419,PRD-5624,5,Review content for product PRD-5624. Overall rating 5/5.,Positive,None
REV-8420,PRD-5379,4,Review content for product PRD-5379. Overall rating 4/5.,Positive,None
REV-8421,PRD-5623,5,Review content for product PRD-5623. Overall rating 5/5.,Positive,None
REV-8422,PRD-5005,4,Review content for product PRD-5005. Overall rating 4/5.,Positive,None
REV-8423,PRD-5881,5,Review content for product PRD-5881. Overall rating 5/5.,Positive,None
REV-8424,PRD-6443,4,Review content for product PRD-6443. Overall rating 4/5.,Positive,None
REV-8425,PRD-6805,5,Review content for product PRD-6805. Overall rating 5/5.,Positive,None
REV-8426,PRD-7198,2,Review content for product PRD-7198. Overall rating 2/5.,Negative,Fit Size Issue
REV-8427,PRD-5916,5,Review content for product PRD-5916. Overall rating 5/5.,Positive,None
REV-8428,PRD-5684,5,Review content for product PRD-5684. Overall rating 5/5.,Positive,None
REV-8429,PRD-5357,4,Review content for product PRD-5357. Overall rating 4/5.,Positive,None
REV-8430,PRD-6716,5,Review content for product PRD-6716. Overall rating 5/5.,Positive,None
REV-8431,PRD-5590,5,Review content for product PRD-5590. Overall rating 5/5.,Positive,None
REV-8432,PRD-5081,3,Review content for product PRD-5081. Overall rating 3/5.,Neutral,Fabric Defect
REV-8433,PRD-7167,5,Review content for product PRD-7167. Overall rating 5/5.,Positive,None
REV-8434,PRD-5140,4,Review content for product PRD-5140. Overall rating 4/5.,Positive,None
REV-8435,PRD-6695,5,Review content for product PRD-6695. Overall rating 5/5.,Positive,None
REV-8436,PRD-6723,5,Review content for product PRD-6723. Overall rating 5/5.,Positive,None
REV-8437,PRD-5024,5,Review content for product PRD-5024. Overall rating 5/5.,Positive,None
REV-8438,PRD-6918,4,Review content for product PRD-6918. Overall rating 4/5.,Positive,None
REV-8439,PRD-5718,5,Review content for product PRD-5718. Overall rating 5/5.,Positive,None
REV-8440,PRD-6189,4,Review content for product PRD-6189. Overall rating 4/5.,Positive,None
REV-8441,PRD-5637,4,Review content for product PRD-5637. Overall rating 4/5.,Positive,None
REV-8442,PRD-5481,5,Review content for product PRD-5481. Overall rating 5/5.,Positive,None
REV-8443,PRD-5036,5,Review content for product PRD-5036. Overall rating 5/5.,Positive,None
REV-8444,PRD-6996,5,Review content for product PRD-6996. Overall rating 5/5.,Positive,None
REV-8445,PRD-5219,1,Review content for product PRD-5219. Overall rating 1/5.,Negative,Color Mismatch
REV-8446,PRD-5849,5,Review content for product PRD-5849. Overall rating 5/5.,Positive,None
REV-8447,PRD-5429,5,Review content for product PRD-5429. Overall rating 5/5.,Positive,None
REV-8448,PRD-7285,4,Review content for product PRD-7285. Overall rating 4/5.,Positive,None
REV-8449,PRD-6848,5,Review content for product PRD-6848. Overall rating 5/5.,Positive,None
REV-8450,PRD-5532,4,Review content for product PRD-5532. Overall rating 4/5.,Positive,None
REV-8451,PRD-6864,5,Review content for product PRD-6864. Overall rating 5/5.,Positive,None
REV-8452,PRD-6330,5,Review content for product PRD-6330. Overall rating 5/5.,Positive,None
REV-8453,PRD-5435,5,Review content for product PRD-5435. Overall rating 5/5.,Positive,None
REV-8454,PRD-6800,2,Review content for product PRD-6800. Overall rating 2/5.,Negative,Fit Size Issue
REV-8455,PRD-5703,3,Review content for product PRD-5703. Overall rating 3/5.,Neutral,Delayed Delivery
REV-8456,PRD-7407,3,Review content for product PRD-7407. Overall rating 3/5.,Neutral,Delayed Delivery
REV-8457,PRD-7220,5,Review content for product PRD-7220. Overall rating 5/5.,Positive,None
REV-8458,PRD-6689,5,Review content for product PRD-6689. Overall rating 5/5.,Positive,None
REV-8459,PRD-6906,2,Review content for product PRD-6906. Overall rating 2/5.,Negative,None
REV-8460,PRD-5725,5,Review content for product PRD-5725. Overall rating 5/5.,Positive,None
REV-8461,PRD-5555,5,Review content for product PRD-5555. Overall rating 5/5.,Positive,None
REV-8462,PRD-5572,4,Review content for product PRD-5572. Overall rating 4/5.,Positive,None
REV-8463,PRD-7438,4,Review content for product PRD-7438. Overall rating 4/5.,Positive,None
REV-8464,PRD-5974,4,Review content for product PRD-5974. Overall rating 4/5.,Positive,None
REV-8465,PRD-7006,2,Review content for product PRD-7006. Overall rating 2/5.,Negative,Color Mismatch
REV-8466,PRD-7321,5,Review content for product PRD-7321. Overall rating 5/5.,Positive,None
REV-8467,PRD-5182,2,Review content for product PRD-5182. Overall rating 2/5.,Negative,None
REV-8468,PRD-6660,5,Review content for product PRD-6660. Overall rating 5/5.,Positive,None
REV-8469,PRD-7273,2,Review content for product PRD-7273. Overall rating 2/5.,Negative,Delayed Delivery
REV-8470,PRD-7289,5,Review content for product PRD-7289. Overall rating 5/5.,Positive,None
REV-8471,PRD-6236,5,Review content for product PRD-6236. Overall rating 5/5.,Positive,None
REV-8472,PRD-5195,2,Review content for product PRD-5195. Overall rating 2/5.,Negative,Damaged Packaging
REV-8473,PRD-6017,5,Review content for product PRD-6017. Overall rating 5/5.,Positive,None
REV-8474,PRD-6692,5,Review content for product PRD-6692. Overall rating 5/5.,Positive,None
REV-8475,PRD-6580,5,Review content for product PRD-6580. Overall rating 5/5.,Positive,None
REV-8476,PRD-6929,4,Review content for product PRD-6929. Overall rating 4/5.,Positive,None
REV-8477,PRD-5316,5,Review content for product PRD-5316. Overall rating 5/5.,Positive,None
REV-8478,PRD-6661,5,Review content for product PRD-6661. Overall rating 5/5.,Positive,None
REV-8479,PRD-7354,4,Review content for product PRD-7354. Overall rating 4/5.,Positive,None
REV-8480,PRD-7278,2,Review content for product PRD-7278. Overall rating 2/5.,Negative,Fabric Defect
REV-8481,PRD-7493,3,Review content for product PRD-7493. Overall rating 3/5.,Neutral,None
REV-8482,PRD-5315,5,Review content for product PRD-5315. Overall rating 5/5.,Positive,None
REV-8483,PRD-7177,5,Review content for product PRD-7177. Overall rating 5/5.,Positive,None
REV-8484,PRD-6602,3,Review content for product PRD-6602. Overall rating 3/5.,Neutral,Fabric Defect
REV-8485,PRD-6337,4,Review content for product PRD-6337. Overall rating 4/5.,Positive,None
REV-8486,PRD-5183,5,Review content for product PRD-5183. Overall rating 5/5.,Positive,None
REV-8487,PRD-7061,5,Review content for product PRD-7061. Overall rating 5/5.,Positive,None
REV-8488,PRD-5471,5,Review content for product PRD-5471. Overall rating 5/5.,Positive,None
REV-8489,PRD-5298,5,Review content for product PRD-5298. Overall rating 5/5.,Positive,None
REV-8490,PRD-5840,3,Review content for product PRD-5840. Overall rating 3/5.,Neutral,Fit Size Issue
REV-8491,PRD-6151,1,Review content for product PRD-6151. Overall rating 1/5.,Negative,None
REV-8492,PRD-7294,1,Review content for product PRD-7294. Overall rating 1/5.,Negative,Fabric Defect
REV-8493,PRD-6539,5,Review content for product PRD-6539. Overall rating 5/5.,Positive,None
REV-8494,PRD-7181,5,Review content for product PRD-7181. Overall rating 5/5.,Positive,None
REV-8495,PRD-5234,5,Review content for product PRD-5234. Overall rating 5/5.,Positive,None
REV-8496,PRD-5405,5,Review content for product PRD-5405. Overall rating 5/5.,Positive,None
REV-8497,PRD-5525,1,Review content for product PRD-5525. Overall rating 1/5.,Negative,None
REV-8498,PRD-6643,5,Review content for product PRD-6643. Overall rating 5/5.,Positive,None
REV-8499,PRD-5828,1,Review content for product PRD-5828. Overall rating 1/5.,Negative,Delayed Delivery
REV-8500,PRD-5865,5,Review content for product PRD-5865. Overall rating 5/5.,Positive,None
REV-8501,PRD-6190,3,Review content for product PRD-6190. Overall rating 3/5.,Neutral,Color Mismatch
REV-8502,PRD-6950,3,Review content for product PRD-6950. Overall rating 3/5.,Neutral,Delayed Delivery
REV-8503,PRD-5009,4,Review content for product PRD-5009. Overall rating 4/5.,Positive,None
REV-8504,PRD-6620,5,Review content for product PRD-6620. Overall rating 5/5.,Positive,None
REV-8505,PRD-6933,4,Review content for product PRD-6933. Overall rating 4/5.,Positive,None
REV-8506,PRD-7070,5,Review content for product PRD-7070. Overall rating 5/5.,Positive,None
REV-8507,PRD-5376,4,Review content for product PRD-5376. Overall rating 4/5.,Positive,None
REV-8508,PRD-7281,3,Review content for product PRD-7281. Overall rating 3/5.,Neutral,Delayed Delivery
REV-8509,PRD-6652,4,Review content for product PRD-6652. Overall rating 4/5.,Positive,None
REV-8510,PRD-6524,5,Review content for product PRD-6524. Overall rating 5/5.,Positive,None
REV-8511,PRD-6635,5,Review content for product PRD-6635. Overall rating 5/5.,Positive,None
REV-8512,PRD-7133,5,Review content for product PRD-7133. Overall rating 5/5.,Positive,None
REV-8513,PRD-5880,4,Review content for product PRD-5880. Overall rating 4/5.,Positive,None
REV-8514,PRD-6436,4,Review content for product PRD-6436. Overall rating 4/5.,Positive,None
REV-8515,PRD-5864,5,Review content for product PRD-5864. Overall rating 5/5.,Positive,None
REV-8516,PRD-7147,5,Review content for product PRD-7147. Overall rating 5/5.,Positive,None
REV-8517,PRD-5418,5,Review content for product PRD-5418. Overall rating 5/5.,Positive,None
REV-8518,PRD-5353,4,Review content for product PRD-5353. Overall rating 4/5.,Positive,None
REV-8519,PRD-6157,5,Review content for product PRD-6157. Overall rating 5/5.,Positive,None
REV-8520,PRD-6930,5,Review content for product PRD-6930. Overall rating 5/5.,Positive,None
REV-8521,PRD-5797,5,Review content for product PRD-5797. Overall rating 5/5.,Positive,None
REV-8522,PRD-6444,5,Review content for product PRD-6444. Overall rating 5/5.,Positive,None
REV-8523,PRD-6056,2,Review content for product PRD-6056. Overall rating 2/5.,Negative,Fabric Defect
REV-8524,PRD-7215,3,Review content for product PRD-7215. Overall rating 3/5.,Neutral,Color Mismatch
REV-8525,PRD-5683,4,Review content for product PRD-5683. Overall rating 4/5.,Positive,None
REV-8526,PRD-7114,4,Review content for product PRD-7114. Overall rating 4/5.,Positive,None
REV-8527,PRD-6555,4,Review content for product PRD-6555. Overall rating 4/5.,Positive,None
REV-8528,PRD-5857,3,Review content for product PRD-5857. Overall rating 3/5.,Neutral,Damaged Packaging
REV-8529,PRD-7210,5,Review content for product PRD-7210. Overall rating 5/5.,Positive,None
REV-8530,PRD-5891,5,Review content for product PRD-5891. Overall rating 5/5.,Positive,None
REV-8531,PRD-5533,4,Review content for product PRD-5533. Overall rating 4/5.,Positive,None
REV-8532,PRD-7491,5,Review content for product PRD-7491. Overall rating 5/5.,Positive,None
REV-8533,PRD-5899,5,Review content for product PRD-5899. Overall rating 5/5.,Positive,None
REV-8534,PRD-6183,5,Review content for product PRD-6183. Overall rating 5/5.,Positive,None
REV-8535,PRD-5801,4,Review content for product PRD-5801. Overall rating 4/5.,Positive,None
REV-8536,PRD-6787,4,Review content for product PRD-6787. Overall rating 4/5.,Positive,None
REV-8537,PRD-5006,5,Review content for product PRD-5006. Overall rating 5/5.,Positive,None
REV-8538,PRD-7189,4,Review content for product PRD-7189. Overall rating 4/5.,Positive,None
REV-8539,PRD-6554,3,Review content for product PRD-6554. Overall rating 3/5.,Neutral,Color Mismatch
REV-8540,PRD-7423,5,Review content for product PRD-7423. Overall rating 5/5.,Positive,None
REV-8541,PRD-5619,4,Review content for product PRD-5619. Overall rating 4/5.,Positive,None
REV-8542,PRD-6630,5,Review content for product PRD-6630. Overall rating 5/5.,Positive,None
REV-8543,PRD-6047,2,Review content for product PRD-6047. Overall rating 2/5.,Negative,Fit Size Issue
REV-8544,PRD-6915,4,Review content for product PRD-6915. Overall rating 4/5.,Positive,None
REV-8545,PRD-5565,5,Review content for product PRD-5565. Overall rating 5/5.,Positive,None
REV-8546,PRD-5981,4,Review content for product PRD-5981. Overall rating 4/5.,Positive,None
REV-8547,PRD-7276,2,Review content for product PRD-7276. Overall rating 2/5.,Negative,Damaged Packaging
REV-8548,PRD-6960,4,Review content for product PRD-6960. Overall rating 4/5.,Positive,None
REV-8549,PRD-7332,5,Review content for product PRD-7332. Overall rating 5/5.,Positive,None
REV-8550,PRD-6581,1,Review content for product PRD-6581. Overall rating 1/5.,Negative,Damaged Packaging
REV-8551,PRD-6415,5,Review content for product PRD-6415. Overall rating 5/5.,Positive,None
REV-8552,PRD-6959,5,Review content for product PRD-6959. Overall rating 5/5.,Positive,None
REV-8553,PRD-5705,4,Review content for product PRD-5705. Overall rating 4/5.,Positive,None
REV-8554,PRD-6350,5,Review content for product PRD-6350. Overall rating 5/5.,Positive,None
REV-8555,PRD-5487,4,Review content for product PRD-5487. Overall rating 4/5.,Positive,None
REV-8556,PRD-6535,5,Review content for product PRD-6535. Overall rating 5/5.,Positive,None
REV-8557,PRD-5991,5,Review content for product PRD-5991. Overall rating 5/5.,Positive,None
REV-8558,PRD-7302,2,Review content for product PRD-7302. Overall rating 2/5.,Negative,None
REV-8559,PRD-5889,5,Review content for product PRD-5889. Overall rating 5/5.,Positive,None
REV-8560,PRD-6634,5,Review content for product PRD-6634. Overall rating 5/5.,Positive,None
REV-8561,PRD-6272,5,Review content for product PRD-6272. Overall rating 5/5.,Positive,None
REV-8562,PRD-6890,4,Review content for product PRD-6890. Overall rating 4/5.,Positive,None
REV-8563,PRD-6261,3,Review content for product PRD-6261. Overall rating 3/5.,Neutral,None
REV-8564,PRD-5394,5,Review content for product PRD-5394. Overall rating 5/5.,Positive,None
REV-8565,PRD-5304,3,Review content for product PRD-5304. Overall rating 3/5.,Neutral,Fabric Defect
REV-8566,PRD-6310,4,Review content for product PRD-6310. Overall rating 4/5.,Positive,None
REV-8567,PRD-6208,5,Review content for product PRD-6208. Overall rating 5/5.,Positive,None
REV-8568,PRD-6247,5,Review content for product PRD-6247. Overall rating 5/5.,Positive,None
REV-8569,PRD-6510,3,Review content for product PRD-6510. Overall rating 3/5.,Neutral,Fit Size Issue
REV-8570,PRD-6181,5,Review content for product PRD-6181. Overall rating 5/5.,Positive,None
REV-8571,PRD-6957,4,Review content for product PRD-6957. Overall rating 4/5.,Positive,None
REV-8572,PRD-6060,5,Review content for product PRD-6060. Overall rating 5/5.,Positive,None
REV-8573,PRD-5867,4,Review content for product PRD-5867. Overall rating 4/5.,Positive,None
REV-8574,PRD-5888,5,Review content for product PRD-5888. Overall rating 5/5.,Positive,None
REV-8575,PRD-5228,4,Review content for product PRD-5228. Overall rating 4/5.,Positive,None
REV-8576,PRD-5498,1,Review content for product PRD-5498. Overall rating 1/5.,Negative,Fit Size Issue
REV-8577,PRD-5974,5,Review content for product PRD-5974. Overall rating 5/5.,Positive,None
REV-8578,PRD-6910,5,Review content for product PRD-6910. Overall rating 5/5.,Positive,None
REV-8579,PRD-6948,2,Review content for product PRD-6948. Overall rating 2/5.,Negative,Delayed Delivery
REV-8580,PRD-6500,5,Review content for product PRD-6500. Overall rating 5/5.,Positive,None
REV-8581,PRD-7261,5,Review content for product PRD-7261. Overall rating 5/5.,Positive,None
REV-8582,PRD-5553,5,Review content for product PRD-5553. Overall rating 5/5.,Positive,None
REV-8583,PRD-6520,4,Review content for product PRD-6520. Overall rating 4/5.,Positive,None
REV-8584,PRD-7093,3,Review content for product PRD-7093. Overall rating 3/5.,Neutral,None
REV-8585,PRD-7007,5,Review content for product PRD-7007. Overall rating 5/5.,Positive,None
REV-8586,PRD-5892,5,Review content for product PRD-5892. Overall rating 5/5.,Positive,None
REV-8587,PRD-5138,5,Review content for product PRD-5138. Overall rating 5/5.,Positive,None
REV-8588,PRD-5294,4,Review content for product PRD-5294. Overall rating 4/5.,Positive,None
REV-8589,PRD-5035,5,Review content for product PRD-5035. Overall rating 5/5.,Positive,None
REV-8590,PRD-5866,1,Review content for product PRD-5866. Overall rating 1/5.,Negative,Fit Size Issue
REV-8591,PRD-6110,5,Review content for product PRD-6110. Overall rating 5/5.,Positive,None
REV-8592,PRD-6804,5,Review content for product PRD-6804. Overall rating 5/5.,Positive,None
REV-8593,PRD-7442,4,Review content for product PRD-7442. Overall rating 4/5.,Positive,None
REV-8594,PRD-5340,4,Review content for product PRD-5340. Overall rating 4/5.,Positive,None
REV-8595,PRD-6790,5,Review content for product PRD-6790. Overall rating 5/5.,Positive,None
REV-8596,PRD-5924,4,Review content for product PRD-5924. Overall rating 4/5.,Positive,None
REV-8597,PRD-6865,4,Review content for product PRD-6865. Overall rating 4/5.,Positive,None
REV-8598,PRD-6190,5,Review content for product PRD-6190. Overall rating 5/5.,Positive,None
REV-8599,PRD-5381,3,Review content for product PRD-5381. Overall rating 3/5.,Neutral,Damaged Packaging
REV-8600,PRD-5746,5,Review content for product PRD-5746. Overall rating 5/5.,Positive,None
REV-8601,PRD-5861,5,Review content for product PRD-5861. Overall rating 5/5.,Positive,None
REV-8602,PRD-6406,1,Review content for product PRD-6406. Overall rating 1/5.,Negative,None
REV-8603,PRD-5180,1,Review content for product PRD-5180. Overall rating 1/5.,Negative,Fit Size Issue
REV-8604,PRD-6790,5,Review content for product PRD-6790. Overall rating 5/5.,Positive,None
REV-8605,PRD-5580,5,Review content for product PRD-5580. Overall rating 5/5.,Positive,None
REV-8606,PRD-6507,5,Review content for product PRD-6507. Overall rating 5/5.,Positive,None
REV-8607,PRD-5079,5,Review content for product PRD-5079. Overall rating 5/5.,Positive,None
REV-8608,PRD-5034,4,Review content for product PRD-5034. Overall rating 4/5.,Positive,None
REV-8609,PRD-6600,5,Review content for product PRD-6600. Overall rating 5/5.,Positive,None
REV-8610,PRD-6446,3,Review content for product PRD-6446. Overall rating 3/5.,Neutral,None
REV-8611,PRD-7200,4,Review content for product PRD-7200. Overall rating 4/5.,Positive,None
REV-8612,PRD-6587,4,Review content for product PRD-6587. Overall rating 4/5.,Positive,None
REV-8613,PRD-5308,1,Review content for product PRD-5308. Overall rating 1/5.,Negative,Fabric Defect
REV-8614,PRD-7163,3,Review content for product PRD-7163. Overall rating 3/5.,Neutral,Damaged Packaging
REV-8615,PRD-7251,4,Review content for product PRD-7251. Overall rating 4/5.,Positive,None
REV-8616,PRD-5445,3,Review content for product PRD-5445. Overall rating 3/5.,Neutral,Color Mismatch
REV-8617,PRD-7248,4,Review content for product PRD-7248. Overall rating 4/5.,Positive,None
REV-8618,PRD-5316,5,Review content for product PRD-5316. Overall rating 5/5.,Positive,None
REV-8619,PRD-7245,5,Review content for product PRD-7245. Overall rating 5/5.,Positive,None
REV-8620,PRD-6087,4,Review content for product PRD-6087. Overall rating 4/5.,Positive,None
REV-8621,PRD-6157,4,Review content for product PRD-6157. Overall rating 4/5.,Positive,None
REV-8622,PRD-5038,5,Review content for product PRD-5038. Overall rating 5/5.,Positive,None
REV-8623,PRD-5130,5,Review content for product PRD-5130. Overall rating 5/5.,Positive,None
REV-8624,PRD-5144,3,Review content for product PRD-5144. Overall rating 3/5.,Neutral,Fabric Defect
REV-8625,PRD-6318,4,Review content for product PRD-6318. Overall rating 4/5.,Positive,None
REV-8626,PRD-6667,4,Review content for product PRD-6667. Overall rating 4/5.,Positive,None
REV-8627,PRD-5014,4,Review content for product PRD-5014. Overall rating 4/5.,Positive,None
REV-8628,PRD-6302,5,Review content for product PRD-6302. Overall rating 5/5.,Positive,None
REV-8629,PRD-7304,5,Review content for product PRD-7304. Overall rating 5/5.,Positive,None
REV-8630,PRD-7448,3,Review content for product PRD-7448. Overall rating 3/5.,Neutral,Damaged Packaging
REV-8631,PRD-6479,5,Review content for product PRD-6479. Overall rating 5/5.,Positive,None
REV-8632,PRD-7452,5,Review content for product PRD-7452. Overall rating 5/5.,Positive,None
REV-8633,PRD-7120,4,Review content for product PRD-7120. Overall rating 4/5.,Positive,None
REV-8634,PRD-5297,5,Review content for product PRD-5297. Overall rating 5/5.,Positive,None
REV-8635,PRD-5062,5,Review content for product PRD-5062. Overall rating 5/5.,Positive,None
REV-8636,PRD-6965,5,Review content for product PRD-6965. Overall rating 5/5.,Positive,None
REV-8637,PRD-6107,4,Review content for product PRD-6107. Overall rating 4/5.,Positive,None
REV-8638,PRD-6705,4,Review content for product PRD-6705. Overall rating 4/5.,Positive,None
REV-8639,PRD-6701,1,Review content for product PRD-6701. Overall rating 1/5.,Negative,Delayed Delivery
REV-8640,PRD-5911,4,Review content for product PRD-5911. Overall rating 4/5.,Positive,None
REV-8641,PRD-5224,4,Review content for product PRD-5224. Overall rating 4/5.,Positive,None
REV-8642,PRD-5032,5,Review content for product PRD-5032. Overall rating 5/5.,Positive,None
REV-8643,PRD-5802,4,Review content for product PRD-5802. Overall rating 4/5.,Positive,None
REV-8644,PRD-5672,5,Review content for product PRD-5672. Overall rating 5/5.,Positive,None
REV-8645,PRD-6445,2,Review content for product PRD-6445. Overall rating 2/5.,Negative,Color Mismatch
REV-8646,PRD-6646,3,Review content for product PRD-6646. Overall rating 3/5.,Neutral,Damaged Packaging
REV-8647,PRD-5788,4,Review content for product PRD-5788. Overall rating 4/5.,Positive,None
REV-8648,PRD-7165,5,Review content for product PRD-7165. Overall rating 5/5.,Positive,None
REV-8649,PRD-6353,3,Review content for product PRD-6353. Overall rating 3/5.,Neutral,Fit Size Issue
REV-8650,PRD-5402,5,Review content for product PRD-5402. Overall rating 5/5.,Positive,None
REV-8651,PRD-5640,4,Review content for product PRD-5640. Overall rating 4/5.,Positive,None
REV-8652,PRD-6300,5,Review content for product PRD-6300. Overall rating 5/5.,Positive,None
REV-8653,PRD-5527,3,Review content for product PRD-5527. Overall rating 3/5.,Neutral,None
REV-8654,PRD-5989,4,Review content for product PRD-5989. Overall rating 4/5.,Positive,None
REV-8655,PRD-5353,5,Review content for product PRD-5353. Overall rating 5/5.,Positive,None
REV-8656,PRD-6514,5,Review content for product PRD-6514. Overall rating 5/5.,Positive,None
REV-8657,PRD-6513,4,Review content for product PRD-6513. Overall rating 4/5.,Positive,None
REV-8658,PRD-7043,4,Review content for product PRD-7043. Overall rating 4/5.,Positive,None
REV-8659,PRD-6283,5,Review content for product PRD-6283. Overall rating 5/5.,Positive,None
REV-8660,PRD-7133,4,Review content for product PRD-7133. Overall rating 4/5.,Positive,None
REV-8661,PRD-7214,3,Review content for product PRD-7214. Overall rating 3/5.,Neutral,Color Mismatch
REV-8662,PRD-6050,5,Review content for product PRD-6050. Overall rating 5/5.,Positive,None
REV-8663,PRD-5113,5,Review content for product PRD-5113. Overall rating 5/5.,Positive,None
REV-8664,PRD-6258,4,Review content for product PRD-6258. Overall rating 4/5.,Positive,None
REV-8665,PRD-5065,5,Review content for product PRD-5065. Overall rating 5/5.,Positive,None
REV-8666,PRD-5617,4,Review content for product PRD-5617. Overall rating 4/5.,Positive,None
REV-8667,PRD-6345,5,Review content for product PRD-6345. Overall rating 5/5.,Positive,None
REV-8668,PRD-5531,5,Review content for product PRD-5531. Overall rating 5/5.,Positive,None
REV-8669,PRD-6465,5,Review content for product PRD-6465. Overall rating 5/5.,Positive,None
REV-8670,PRD-6535,5,Review content for product PRD-6535. Overall rating 5/5.,Positive,None
REV-8671,PRD-7052,3,Review content for product PRD-7052. Overall rating 3/5.,Neutral,Color Mismatch
REV-8672,PRD-7119,2,Review content for product PRD-7119. Overall rating 2/5.,Negative,Delayed Delivery
REV-8673,PRD-5130,5,Review content for product PRD-5130. Overall rating 5/5.,Positive,None
REV-8674,PRD-6439,2,Review content for product PRD-6439. Overall rating 2/5.,Negative,Fit Size Issue
REV-8675,PRD-5586,4,Review content for product PRD-5586. Overall rating 4/5.,Positive,None
REV-8676,PRD-5016,4,Review content for product PRD-5016. Overall rating 4/5.,Positive,None
REV-8677,PRD-5285,3,Review content for product PRD-5285. Overall rating 3/5.,Neutral,Damaged Packaging
REV-8678,PRD-6375,4,Review content for product PRD-6375. Overall rating 4/5.,Positive,None
REV-8679,PRD-5515,4,Review content for product PRD-5515. Overall rating 4/5.,Positive,None
REV-8680,PRD-5333,4,Review content for product PRD-5333. Overall rating 4/5.,Positive,None
REV-8681,PRD-5762,5,Review content for product PRD-5762. Overall rating 5/5.,Positive,None
REV-8682,PRD-7251,5,Review content for product PRD-7251. Overall rating 5/5.,Positive,None
REV-8683,PRD-7233,5,Review content for product PRD-7233. Overall rating 5/5.,Positive,None
REV-8684,PRD-5220,3,Review content for product PRD-5220. Overall rating 3/5.,Neutral,Delayed Delivery
REV-8685,PRD-5842,4,Review content for product PRD-5842. Overall rating 4/5.,Positive,None
REV-8686,PRD-6384,5,Review content for product PRD-6384. Overall rating 5/5.,Positive,None
REV-8687,PRD-6028,3,Review content for product PRD-6028. Overall rating 3/5.,Neutral,None
REV-8688,PRD-6631,4,Review content for product PRD-6631. Overall rating 4/5.,Positive,None
REV-8689,PRD-5456,4,Review content for product PRD-5456. Overall rating 4/5.,Positive,None
REV-8690,PRD-7169,5,Review content for product PRD-7169. Overall rating 5/5.,Positive,None
REV-8691,PRD-7000,5,Review content for product PRD-7000. Overall rating 5/5.,Positive,None
REV-8692,PRD-6885,1,Review content for product PRD-6885. Overall rating 1/5.,Negative,Fabric Defect
REV-8693,PRD-6175,5,Review content for product PRD-6175. Overall rating 5/5.,Positive,None
REV-8694,PRD-5055,3,Review content for product PRD-5055. Overall rating 3/5.,Neutral,Fabric Defect
REV-8695,PRD-6633,5,Review content for product PRD-6633. Overall rating 5/5.,Positive,None
REV-8696,PRD-6730,5,Review content for product PRD-6730. Overall rating 5/5.,Positive,None
REV-8697,PRD-7286,5,Review content for product PRD-7286. Overall rating 5/5.,Positive,None
REV-8698,PRD-6762,5,Review content for product PRD-6762. Overall rating 5/5.,Positive,None
REV-8699,PRD-6731,5,Review content for product PRD-6731. Overall rating 5/5.,Positive,None
REV-8700,PRD-6967,3,Review content for product PRD-6967. Overall rating 3/5.,Neutral,Fabric Defect
REV-8701,PRD-6504,5,Review content for product PRD-6504. Overall rating 5/5.,Positive,None
REV-8702,PRD-7498,5,Review content for product PRD-7498. Overall rating 5/5.,Positive,None
REV-8703,PRD-6682,5,Review content for product PRD-6682. Overall rating 5/5.,Positive,None
REV-8704,PRD-6742,4,Review content for product PRD-6742. Overall rating 4/5.,Positive,None
REV-8705,PRD-6567,5,Review content for product PRD-6567. Overall rating 5/5.,Positive,None
REV-8706,PRD-5988,4,Review content for product PRD-5988. Overall rating 4/5.,Positive,None
REV-8707,PRD-6321,4,Review content for product PRD-6321. Overall rating 4/5.,Positive,None
REV-8708,PRD-6410,5,Review content for product PRD-6410. Overall rating 5/5.,Positive,None
REV-8709,PRD-6776,3,Review content for product PRD-6776. Overall rating 3/5.,Neutral,None
REV-8710,PRD-6202,3,Review content for product PRD-6202. Overall rating 3/5.,Neutral,Delayed Delivery
REV-8711,PRD-5049,5,Review content for product PRD-5049. Overall rating 5/5.,Positive,None
REV-8712,PRD-5827,5,Review content for product PRD-5827. Overall rating 5/5.,Positive,None
REV-8713,PRD-7253,5,Review content for product PRD-7253. Overall rating 5/5.,Positive,None
REV-8714,PRD-5302,4,Review content for product PRD-5302. Overall rating 4/5.,Positive,None
REV-8715,PRD-6388,1,Review content for product PRD-6388. Overall rating 1/5.,Negative,Color Mismatch
REV-8716,PRD-5488,2,Review content for product PRD-5488. Overall rating 2/5.,Negative,None
REV-8717,PRD-6647,5,Review content for product PRD-6647. Overall rating 5/5.,Positive,None
REV-8718,PRD-5137,5,Review content for product PRD-5137. Overall rating 5/5.,Positive,None
REV-8719,PRD-6936,4,Review content for product PRD-6936. Overall rating 4/5.,Positive,None
REV-8720,PRD-5407,2,Review content for product PRD-5407. Overall rating 2/5.,Negative,None
REV-8721,PRD-5594,5,Review content for product PRD-5594. Overall rating 5/5.,Positive,None
REV-8722,PRD-5794,5,Review content for product PRD-5794. Overall rating 5/5.,Positive,None
REV-8723,PRD-7020,5,Review content for product PRD-7020. Overall rating 5/5.,Positive,None
REV-8724,PRD-6425,2,Review content for product PRD-6425. Overall rating 2/5.,Negative,None
REV-8725,PRD-6738,5,Review content for product PRD-6738. Overall rating 5/5.,Positive,None
REV-8726,PRD-6527,4,Review content for product PRD-6527. Overall rating 4/5.,Positive,None
REV-8727,PRD-6649,5,Review content for product PRD-6649. Overall rating 5/5.,Positive,None
REV-8728,PRD-6027,3,Review content for product PRD-6027. Overall rating 3/5.,Neutral,Fabric Defect
REV-8729,PRD-7249,5,Review content for product PRD-7249. Overall rating 5/5.,Positive,None
REV-8730,PRD-6967,5,Review content for product PRD-6967. Overall rating 5/5.,Positive,None
REV-8731,PRD-6354,5,Review content for product PRD-6354. Overall rating 5/5.,Positive,None
REV-8732,PRD-5746,4,Review content for product PRD-5746. Overall rating 4/5.,Positive,None
REV-8733,PRD-6849,5,Review content for product PRD-6849. Overall rating 5/5.,Positive,None
REV-8734,PRD-6419,5,Review content for product PRD-6419. Overall rating 5/5.,Positive,None
REV-8735,PRD-7385,4,Review content for product PRD-7385. Overall rating 4/5.,Positive,None
REV-8736,PRD-5555,5,Review content for product PRD-5555. Overall rating 5/5.,Positive,None
REV-8737,PRD-7078,2,Review content for product PRD-7078. Overall rating 2/5.,Negative,Color Mismatch
REV-8738,PRD-5537,3,Review content for product PRD-5537. Overall rating 3/5.,Neutral,Damaged Packaging
REV-8739,PRD-6893,5,Review content for product PRD-6893. Overall rating 5/5.,Positive,None
REV-8740,PRD-6382,4,Review content for product PRD-6382. Overall rating 4/5.,Positive,None
REV-8741,PRD-5249,5,Review content for product PRD-5249. Overall rating 5/5.,Positive,None
REV-8742,PRD-5598,5,Review content for product PRD-5598. Overall rating 5/5.,Positive,None
REV-8743,PRD-6578,1,Review content for product PRD-6578. Overall rating 1/5.,Negative,Delayed Delivery
REV-8744,PRD-7460,5,Review content for product PRD-7460. Overall rating 5/5.,Positive,None
REV-8745,PRD-5735,5,Review content for product PRD-5735. Overall rating 5/5.,Positive,None
REV-8746,PRD-7015,1,Review content for product PRD-7015. Overall rating 1/5.,Negative,Delayed Delivery
REV-8747,PRD-5455,5,Review content for product PRD-5455. Overall rating 5/5.,Positive,None
REV-8748,PRD-5228,4,Review content for product PRD-5228. Overall rating 4/5.,Positive,None
REV-8749,PRD-5484,5,Review content for product PRD-5484. Overall rating 5/5.,Positive,None
REV-8750,PRD-7484,5,Review content for product PRD-7484. Overall rating 5/5.,Positive,None
REV-8751,PRD-7377,2,Review content for product PRD-7377. Overall rating 2/5.,Negative,Delayed Delivery
REV-8752,PRD-5084,4,Review content for product PRD-5084. Overall rating 4/5.,Positive,None
REV-8753,PRD-7400,2,Review content for product PRD-7400. Overall rating 2/5.,Negative,Damaged Packaging
REV-8754,PRD-7072,5,Review content for product PRD-7072. Overall rating 5/5.,Positive,None
REV-8755,PRD-7030,5,Review content for product PRD-7030. Overall rating 5/5.,Positive,None
REV-8756,PRD-6699,2,Review content for product PRD-6699. Overall rating 2/5.,Negative,Fabric Defect
REV-8757,PRD-7273,2,Review content for product PRD-7273. Overall rating 2/5.,Negative,Delayed Delivery
REV-8758,PRD-5137,2,Review content for product PRD-5137. Overall rating 2/5.,Negative,Delayed Delivery
REV-8759,PRD-5843,3,Review content for product PRD-5843. Overall rating 3/5.,Neutral,Fit Size Issue
REV-8760,PRD-6696,4,Review content for product PRD-6696. Overall rating 4/5.,Positive,None
REV-8761,PRD-6352,5,Review content for product PRD-6352. Overall rating 5/5.,Positive,None
REV-8762,PRD-6746,5,Review content for product PRD-6746. Overall rating 5/5.,Positive,None
REV-8763,PRD-6825,4,Review content for product PRD-6825. Overall rating 4/5.,Positive,None
REV-8764,PRD-5906,4,Review content for product PRD-5906. Overall rating 4/5.,Positive,None
REV-8765,PRD-5269,5,Review content for product PRD-5269. Overall rating 5/5.,Positive,None
REV-8766,PRD-7408,4,Review content for product PRD-7408. Overall rating 4/5.,Positive,None
REV-8767,PRD-5153,4,Review content for product PRD-5153. Overall rating 4/5.,Positive,None
REV-8768,PRD-7087,3,Review content for product PRD-7087. Overall rating 3/5.,Neutral,None
REV-8769,PRD-6642,1,Review content for product PRD-6642. Overall rating 1/5.,Negative,None
REV-8770,PRD-7425,4,Review content for product PRD-7425. Overall rating 4/5.,Positive,None
REV-8771,PRD-6567,3,Review content for product PRD-6567. Overall rating 3/5.,Neutral,Color Mismatch
REV-8772,PRD-5074,5,Review content for product PRD-5074. Overall rating 5/5.,Positive,None
REV-8773,PRD-5539,4,Review content for product PRD-5539. Overall rating 4/5.,Positive,None
REV-8774,PRD-6285,5,Review content for product PRD-6285. Overall rating 5/5.,Positive,None
REV-8775,PRD-6198,5,Review content for product PRD-6198. Overall rating 5/5.,Positive,None
REV-8776,PRD-5138,5,Review content for product PRD-5138. Overall rating 5/5.,Positive,None
REV-8777,PRD-5856,5,Review content for product PRD-5856. Overall rating 5/5.,Positive,None
REV-8778,PRD-7398,4,Review content for product PRD-7398. Overall rating 4/5.,Positive,None
REV-8779,PRD-7422,3,Review content for product PRD-7422. Overall rating 3/5.,Neutral,Fit Size Issue
REV-8780,PRD-5274,5,Review content for product PRD-5274. Overall rating 5/5.,Positive,None
REV-8781,PRD-6481,5,Review content for product PRD-6481. Overall rating 5/5.,Positive,None
REV-8782,PRD-6307,4,Review content for product PRD-6307. Overall rating 4/5.,Positive,None
REV-8783,PRD-6448,5,Review content for product PRD-6448. Overall rating 5/5.,Positive,None
REV-8784,PRD-5420,3,Review content for product PRD-5420. Overall rating 3/5.,Neutral,Delayed Delivery
REV-8785,PRD-5904,4,Review content for product PRD-5904. Overall rating 4/5.,Positive,None
REV-8786,PRD-6344,5,Review content for product PRD-6344. Overall rating 5/5.,Positive,None
REV-8787,PRD-6628,4,Review content for product PRD-6628. Overall rating 4/5.,Positive,None
REV-8788,PRD-6413,5,Review content for product PRD-6413. Overall rating 5/5.,Positive,None
REV-8789,PRD-6405,4,Review content for product PRD-6405. Overall rating 4/5.,Positive,None
REV-8790,PRD-6853,5,Review content for product PRD-6853. Overall rating 5/5.,Positive,None
REV-8791,PRD-5330,5,Review content for product PRD-5330. Overall rating 5/5.,Positive,None
REV-8792,PRD-5480,5,Review content for product PRD-5480. Overall rating 5/5.,Positive,None
REV-8793,PRD-7194,3,Review content for product PRD-7194. Overall rating 3/5.,Neutral,Color Mismatch
REV-8794,PRD-5119,5,Review content for product PRD-5119. Overall rating 5/5.,Positive,None
REV-8795,PRD-6965,2,Review content for product PRD-6965. Overall rating 2/5.,Negative,Damaged Packaging
REV-8796,PRD-6354,5,Review content for product PRD-6354. Overall rating 5/5.,Positive,None
REV-8797,PRD-5491,4,Review content for product PRD-5491. Overall rating 4/5.,Positive,None
REV-8798,PRD-5762,5,Review content for product PRD-5762. Overall rating 5/5.,Positive,None
REV-8799,PRD-5163,5,Review content for product PRD-5163. Overall rating 5/5.,Positive,None
REV-8800,PRD-5531,5,Review content for product PRD-5531. Overall rating 5/5.,Positive,None
REV-8801,PRD-6209,5,Review content for product PRD-6209. Overall rating 5/5.,Positive,None
REV-8802,PRD-6134,4,Review content for product PRD-6134. Overall rating 4/5.,Positive,None
REV-8803,PRD-7288,5,Review content for product PRD-7288. Overall rating 5/5.,Positive,None
REV-8804,PRD-6035,5,Review content for product PRD-6035. Overall rating 5/5.,Positive,None
REV-8805,PRD-6195,2,Review content for product PRD-6195. Overall rating 2/5.,Negative,Delayed Delivery
REV-8806,PRD-5752,3,Review content for product PRD-5752. Overall rating 3/5.,Neutral,Damaged Packaging
REV-8807,PRD-5583,4,Review content for product PRD-5583. Overall rating 4/5.,Positive,None
REV-8808,PRD-7309,4,Review content for product PRD-7309. Overall rating 4/5.,Positive,None
REV-8809,PRD-5495,5,Review content for product PRD-5495. Overall rating 5/5.,Positive,None
REV-8810,PRD-7282,5,Review content for product PRD-7282. Overall rating 5/5.,Positive,None
REV-8811,PRD-5137,5,Review content for product PRD-5137. Overall rating 5/5.,Positive,None
REV-8812,PRD-5421,5,Review content for product PRD-5421. Overall rating 5/5.,Positive,None
REV-8813,PRD-7199,4,Review content for product PRD-7199. Overall rating 4/5.,Positive,None
REV-8814,PRD-5221,5,Review content for product PRD-5221. Overall rating 5/5.,Positive,None
REV-8815,PRD-5692,5,Review content for product PRD-5692. Overall rating 5/5.,Positive,None
REV-8816,PRD-6156,5,Review content for product PRD-6156. Overall rating 5/5.,Positive,None
REV-8817,PRD-7004,4,Review content for product PRD-7004. Overall rating 4/5.,Positive,None
REV-8818,PRD-7173,4,Review content for product PRD-7173. Overall rating 4/5.,Positive,None
REV-8819,PRD-6485,5,Review content for product PRD-6485. Overall rating 5/5.,Positive,None
REV-8820,PRD-5379,1,Review content for product PRD-5379. Overall rating 1/5.,Negative,Delayed Delivery
REV-8821,PRD-7287,5,Review content for product PRD-7287. Overall rating 5/5.,Positive,None
REV-8822,PRD-7328,5,Review content for product PRD-7328. Overall rating 5/5.,Positive,None
REV-8823,PRD-6421,4,Review content for product PRD-6421. Overall rating 4/5.,Positive,None
REV-8824,PRD-7077,4,Review content for product PRD-7077. Overall rating 4/5.,Positive,None
REV-8825,PRD-5556,4,Review content for product PRD-5556. Overall rating 4/5.,Positive,None
REV-8826,PRD-7053,5,Review content for product PRD-7053. Overall rating 5/5.,Positive,None
REV-8827,PRD-6104,2,Review content for product PRD-6104. Overall rating 2/5.,Negative,Fit Size Issue
REV-8828,PRD-5120,4,Review content for product PRD-5120. Overall rating 4/5.,Positive,None
REV-8829,PRD-5934,5,Review content for product PRD-5934. Overall rating 5/5.,Positive,None
REV-8830,PRD-6053,5,Review content for product PRD-6053. Overall rating 5/5.,Positive,None
REV-8831,PRD-6576,5,Review content for product PRD-6576. Overall rating 5/5.,Positive,None
REV-8832,PRD-7296,5,Review content for product PRD-7296. Overall rating 5/5.,Positive,None
REV-8833,PRD-5518,5,Review content for product PRD-5518. Overall rating 5/5.,Positive,None
REV-8834,PRD-5348,4,Review content for product PRD-5348. Overall rating 4/5.,Positive,None
REV-8835,PRD-6582,1,Review content for product PRD-6582. Overall rating 1/5.,Negative,Damaged Packaging
REV-8836,PRD-7262,5,Review content for product PRD-7262. Overall rating 5/5.,Positive,None
REV-8837,PRD-5638,1,Review content for product PRD-5638. Overall rating 1/5.,Negative,Color Mismatch
REV-8838,PRD-5479,5,Review content for product PRD-5479. Overall rating 5/5.,Positive,None
REV-8839,PRD-6069,5,Review content for product PRD-6069. Overall rating 5/5.,Positive,None
REV-8840,PRD-5959,3,Review content for product PRD-5959. Overall rating 3/5.,Neutral,Fit Size Issue
REV-8841,PRD-6731,1,Review content for product PRD-6731. Overall rating 1/5.,Negative,Damaged Packaging
REV-8842,PRD-5707,4,Review content for product PRD-5707. Overall rating 4/5.,Positive,None
REV-8843,PRD-5653,5,Review content for product PRD-5653. Overall rating 5/5.,Positive,None
REV-8844,PRD-7138,5,Review content for product PRD-7138. Overall rating 5/5.,Positive,None
REV-8845,PRD-7336,5,Review content for product PRD-7336. Overall rating 5/5.,Positive,None
REV-8846,PRD-5462,5,Review content for product PRD-5462. Overall rating 5/5.,Positive,None
REV-8847,PRD-7280,2,Review content for product PRD-7280. Overall rating 2/5.,Negative,Color Mismatch
REV-8848,PRD-6628,5,Review content for product PRD-6628. Overall rating 5/5.,Positive,None
REV-8849,PRD-5908,4,Review content for product PRD-5908. Overall rating 4/5.,Positive,None
REV-8850,PRD-6017,4,Review content for product PRD-6017. Overall rating 4/5.,Positive,None
REV-8851,PRD-5702,5,Review content for product PRD-5702. Overall rating 5/5.,Positive,None
REV-8852,PRD-5039,2,Review content for product PRD-5039. Overall rating 2/5.,Negative,None
REV-8853,PRD-5839,2,Review content for product PRD-5839. Overall rating 2/5.,Negative,Fit Size Issue
REV-8854,PRD-6545,1,Review content for product PRD-6545. Overall rating 1/5.,Negative,Damaged Packaging
REV-8855,PRD-7257,5,Review content for product PRD-7257. Overall rating 5/5.,Positive,None
REV-8856,PRD-6741,5,Review content for product PRD-6741. Overall rating 5/5.,Positive,None
REV-8857,PRD-7065,5,Review content for product PRD-7065. Overall rating 5/5.,Positive,None
REV-8858,PRD-6953,3,Review content for product PRD-6953. Overall rating 3/5.,Neutral,Fit Size Issue
REV-8859,PRD-6761,5,Review content for product PRD-6761. Overall rating 5/5.,Positive,None
REV-8860,PRD-5571,1,Review content for product PRD-5571. Overall rating 1/5.,Negative,Fabric Defect
REV-8861,PRD-5150,4,Review content for product PRD-5150. Overall rating 4/5.,Positive,None
REV-8862,PRD-5447,5,Review content for product PRD-5447. Overall rating 5/5.,Positive,None
REV-8863,PRD-5978,5,Review content for product PRD-5978. Overall rating 5/5.,Positive,None
REV-8864,PRD-7195,4,Review content for product PRD-7195. Overall rating 4/5.,Positive,None
REV-8865,PRD-5321,5,Review content for product PRD-5321. Overall rating 5/5.,Positive,None
REV-8866,PRD-5524,4,Review content for product PRD-5524. Overall rating 4/5.,Positive,None
REV-8867,PRD-7304,5,Review content for product PRD-7304. Overall rating 5/5.,Positive,None
REV-8868,PRD-6235,1,Review content for product PRD-6235. Overall rating 1/5.,Negative,Delayed Delivery
REV-8869,PRD-5264,5,Review content for product PRD-5264. Overall rating 5/5.,Positive,None
REV-8870,PRD-6691,5,Review content for product PRD-6691. Overall rating 5/5.,Positive,None
REV-8871,PRD-6499,4,Review content for product PRD-6499. Overall rating 4/5.,Positive,None
REV-8872,PRD-6070,3,Review content for product PRD-6070. Overall rating 3/5.,Neutral,Fit Size Issue
REV-8873,PRD-5213,5,Review content for product PRD-5213. Overall rating 5/5.,Positive,None
REV-8874,PRD-7333,5,Review content for product PRD-7333. Overall rating 5/5.,Positive,None
REV-8875,PRD-5233,2,Review content for product PRD-5233. Overall rating 2/5.,Negative,Delayed Delivery
REV-8876,PRD-6383,2,Review content for product PRD-6383. Overall rating 2/5.,Negative,Fabric Defect
REV-8877,PRD-6622,3,Review content for product PRD-6622. Overall rating 3/5.,Neutral,Fabric Defect
REV-8878,PRD-6210,5,Review content for product PRD-6210. Overall rating 5/5.,Positive,None
REV-8879,PRD-7169,5,Review content for product PRD-7169. Overall rating 5/5.,Positive,None
REV-8880,PRD-5352,2,Review content for product PRD-5352. Overall rating 2/5.,Negative,Damaged Packaging
REV-8881,PRD-6037,4,Review content for product PRD-6037. Overall rating 4/5.,Positive,None
REV-8882,PRD-6456,5,Review content for product PRD-6456. Overall rating 5/5.,Positive,None
REV-8883,PRD-6994,4,Review content for product PRD-6994. Overall rating 4/5.,Positive,None
REV-8884,PRD-5242,5,Review content for product PRD-5242. Overall rating 5/5.,Positive,None
REV-8885,PRD-6266,2,Review content for product PRD-6266. Overall rating 2/5.,Negative,None
REV-8886,PRD-6647,2,Review content for product PRD-6647. Overall rating 2/5.,Negative,Fit Size Issue
REV-8887,PRD-6166,1,Review content for product PRD-6166. Overall rating 1/5.,Negative,Damaged Packaging
REV-8888,PRD-6105,3,Review content for product PRD-6105. Overall rating 3/5.,Neutral,Color Mismatch
REV-8889,PRD-6153,5,Review content for product PRD-6153. Overall rating 5/5.,Positive,None
REV-8890,PRD-6840,1,Review content for product PRD-6840. Overall rating 1/5.,Negative,Color Mismatch
REV-8891,PRD-5110,5,Review content for product PRD-5110. Overall rating 5/5.,Positive,None
REV-8892,PRD-7171,5,Review content for product PRD-7171. Overall rating 5/5.,Positive,None
REV-8893,PRD-5386,3,Review content for product PRD-5386. Overall rating 3/5.,Neutral,None
REV-8894,PRD-5666,4,Review content for product PRD-5666. Overall rating 4/5.,Positive,None
REV-8895,PRD-6143,4,Review content for product PRD-6143. Overall rating 4/5.,Positive,None
REV-8896,PRD-5284,1,Review content for product PRD-5284. Overall rating 1/5.,Negative,Fabric Defect
REV-8897,PRD-7367,5,Review content for product PRD-7367. Overall rating 5/5.,Positive,None
REV-8898,PRD-5062,4,Review content for product PRD-5062. Overall rating 4/5.,Positive,None
REV-8899,PRD-6918,5,Review content for product PRD-6918. Overall rating 5/5.,Positive,None
REV-8900,PRD-6535,4,Review content for product PRD-6535. Overall rating 4/5.,Positive,None
REV-8901,PRD-5791,2,Review content for product PRD-5791. Overall rating 2/5.,Negative,Fabric Defect
REV-8902,PRD-5982,4,Review content for product PRD-5982. Overall rating 4/5.,Positive,None
REV-8903,PRD-7005,5,Review content for product PRD-7005. Overall rating 5/5.,Positive,None
REV-8904,PRD-5195,5,Review content for product PRD-5195. Overall rating 5/5.,Positive,None
REV-8905,PRD-7199,3,Review content for product PRD-7199. Overall rating 3/5.,Neutral,Fit Size Issue
REV-8906,PRD-5490,3,Review content for product PRD-5490. Overall rating 3/5.,Neutral,Damaged Packaging
REV-8907,PRD-6993,4,Review content for product PRD-6993. Overall rating 4/5.,Positive,None
REV-8908,PRD-7141,4,Review content for product PRD-7141. Overall rating 4/5.,Positive,None
REV-8909,PRD-5107,5,Review content for product PRD-5107. Overall rating 5/5.,Positive,None
REV-8910,PRD-5082,2,Review content for product PRD-5082. Overall rating 2/5.,Negative,Fabric Defect
REV-8911,PRD-5106,5,Review content for product PRD-5106. Overall rating 5/5.,Positive,None
REV-8912,PRD-6998,4,Review content for product PRD-6998. Overall rating 4/5.,Positive,None
REV-8913,PRD-6164,4,Review content for product PRD-6164. Overall rating 4/5.,Positive,None
REV-8914,PRD-5360,1,Review content for product PRD-5360. Overall rating 1/5.,Negative,Fit Size Issue
REV-8915,PRD-6982,5,Review content for product PRD-6982. Overall rating 5/5.,Positive,None
REV-8916,PRD-6403,5,Review content for product PRD-6403. Overall rating 5/5.,Positive,None
REV-8917,PRD-7238,4,Review content for product PRD-7238. Overall rating 4/5.,Positive,None
REV-8918,PRD-5839,2,Review content for product PRD-5839. Overall rating 2/5.,Negative,Damaged Packaging
REV-8919,PRD-5381,3,Review content for product PRD-5381. Overall rating 3/5.,Neutral,Delayed Delivery
REV-8920,PRD-6466,5,Review content for product PRD-6466. Overall rating 5/5.,Positive,None
REV-8921,PRD-7046,5,Review content for product PRD-7046. Overall rating 5/5.,Positive,None
REV-8922,PRD-5283,4,Review content for product PRD-5283. Overall rating 4/5.,Positive,None
REV-8923,PRD-5661,4,Review content for product PRD-5661. Overall rating 4/5.,Positive,None
REV-8924,PRD-6880,5,Review content for product PRD-6880. Overall rating 5/5.,Positive,None
REV-8925,PRD-6555,5,Review content for product PRD-6555. Overall rating 5/5.,Positive,None
REV-8926,PRD-5906,5,Review content for product PRD-5906. Overall rating 5/5.,Positive,None
REV-8927,PRD-5648,5,Review content for product PRD-5648. Overall rating 5/5.,Positive,None
REV-8928,PRD-5284,4,Review content for product PRD-5284. Overall rating 4/5.,Positive,None
REV-8929,PRD-5472,5,Review content for product PRD-5472. Overall rating 5/5.,Positive,None
REV-8930,PRD-6212,5,Review content for product PRD-6212. Overall rating 5/5.,Positive,None
REV-8931,PRD-5123,3,Review content for product PRD-5123. Overall rating 3/5.,Neutral,Color Mismatch
REV-8932,PRD-7308,1,Review content for product PRD-7308. Overall rating 1/5.,Negative,None
REV-8933,PRD-6304,5,Review content for product PRD-6304. Overall rating 5/5.,Positive,None
REV-8934,PRD-6380,5,Review content for product PRD-6380. Overall rating 5/5.,Positive,None
REV-8935,PRD-5165,5,Review content for product PRD-5165. Overall rating 5/5.,Positive,None
REV-8936,PRD-5954,5,Review content for product PRD-5954. Overall rating 5/5.,Positive,None
REV-8937,PRD-5371,5,Review content for product PRD-5371. Overall rating 5/5.,Positive,None
REV-8938,PRD-5767,4,Review content for product PRD-5767. Overall rating 4/5.,Positive,None
REV-8939,PRD-6619,5,Review content for product PRD-6619. Overall rating 5/5.,Positive,None
REV-8940,PRD-6810,3,Review content for product PRD-6810. Overall rating 3/5.,Neutral,Fabric Defect
REV-8941,PRD-5798,4,Review content for product PRD-5798. Overall rating 4/5.,Positive,None
REV-8942,PRD-6199,4,Review content for product PRD-6199. Overall rating 4/5.,Positive,None
REV-8943,PRD-5462,5,Review content for product PRD-5462. Overall rating 5/5.,Positive,None
REV-8944,PRD-5784,4,Review content for product PRD-5784. Overall rating 4/5.,Positive,None
REV-8945,PRD-5089,4,Review content for product PRD-5089. Overall rating 4/5.,Positive,None
REV-8946,PRD-7198,4,Review content for product PRD-7198. Overall rating 4/5.,Positive,None
REV-8947,PRD-6406,5,Review content for product PRD-6406. Overall rating 5/5.,Positive,None
REV-8948,PRD-5315,4,Review content for product PRD-5315. Overall rating 4/5.,Positive,None
REV-8949,PRD-6333,5,Review content for product PRD-6333. Overall rating 5/5.,Positive,None
REV-8950,PRD-6439,5,Review content for product PRD-6439. Overall rating 5/5.,Positive,None
REV-8951,PRD-6699,4,Review content for product PRD-6699. Overall rating 4/5.,Positive,None
REV-8952,PRD-7392,3,Review content for product PRD-7392. Overall rating 3/5.,Neutral,None
REV-8953,PRD-6567,4,Review content for product PRD-6567. Overall rating 4/5.,Positive,None
REV-8954,PRD-6127,5,Review content for product PRD-6127. Overall rating 5/5.,Positive,None
REV-8955,PRD-6402,5,Review content for product PRD-6402. Overall rating 5/5.,Positive,None
REV-8956,PRD-6591,3,Review content for product PRD-6591. Overall rating 3/5.,Neutral,Delayed Delivery
REV-8957,PRD-5880,5,Review content for product PRD-5880. Overall rating 5/5.,Positive,None
REV-8958,PRD-6916,2,Review content for product PRD-6916. Overall rating 2/5.,Negative,Fit Size Issue
REV-8959,PRD-5672,5,Review content for product PRD-5672. Overall rating 5/5.,Positive,None
REV-8960,PRD-5787,5,Review content for product PRD-5787. Overall rating 5/5.,Positive,None
REV-8961,PRD-6868,5,Review content for product PRD-6868. Overall rating 5/5.,Positive,None
REV-8962,PRD-6778,3,Review content for product PRD-6778. Overall rating 3/5.,Neutral,None
REV-8963,PRD-5733,5,Review content for product PRD-5733. Overall rating 5/5.,Positive,None
REV-8964,PRD-7326,5,Review content for product PRD-7326. Overall rating 5/5.,Positive,None
REV-8965,PRD-5489,1,Review content for product PRD-5489. Overall rating 1/5.,Negative,Color Mismatch
REV-8966,PRD-6124,4,Review content for product PRD-6124. Overall rating 4/5.,Positive,None
REV-8967,PRD-7188,5,Review content for product PRD-7188. Overall rating 5/5.,Positive,None
REV-8968,PRD-6854,4,Review content for product PRD-6854. Overall rating 4/5.,Positive,None
REV-8969,PRD-6056,5,Review content for product PRD-6056. Overall rating 5/5.,Positive,None
REV-8970,PRD-6410,5,Review content for product PRD-6410. Overall rating 5/5.,Positive,None
REV-8971,PRD-7258,4,Review content for product PRD-7258. Overall rating 4/5.,Positive,None
REV-8972,PRD-6484,5,Review content for product PRD-6484. Overall rating 5/5.,Positive,None
REV-8973,PRD-5508,5,Review content for product PRD-5508. Overall rating 5/5.,Positive,None
REV-8974,PRD-5113,4,Review content for product PRD-5113. Overall rating 4/5.,Positive,None
REV-8975,PRD-6388,5,Review content for product PRD-6388. Overall rating 5/5.,Positive,None
REV-8976,PRD-5857,4,Review content for product PRD-5857. Overall rating 4/5.,Positive,None
REV-8977,PRD-6976,5,Review content for product PRD-6976. Overall rating 5/5.,Positive,None
REV-8978,PRD-6531,4,Review content for product PRD-6531. Overall rating 4/5.,Positive,None
REV-8979,PRD-5995,5,Review content for product PRD-5995. Overall rating 5/5.,Positive,None
REV-8980,PRD-6996,2,Review content for product PRD-6996. Overall rating 2/5.,Negative,Color Mismatch
REV-8981,PRD-6033,5,Review content for product PRD-6033. Overall rating 5/5.,Positive,None
REV-8982,PRD-5364,1,Review content for product PRD-5364. Overall rating 1/5.,Negative,Color Mismatch
REV-8983,PRD-7372,4,Review content for product PRD-7372. Overall rating 4/5.,Positive,None
REV-8984,PRD-7296,4,Review content for product PRD-7296. Overall rating 4/5.,Positive,None
REV-8985,PRD-6405,2,Review content for product PRD-6405. Overall rating 2/5.,Negative,Delayed Delivery
REV-8986,PRD-6108,4,Review content for product PRD-6108. Overall rating 4/5.,Positive,None
REV-8987,PRD-5224,2,Review content for product PRD-5224. Overall rating 2/5.,Negative,None
REV-8988,PRD-5505,5,Review content for product PRD-5505. Overall rating 5/5.,Positive,None
REV-8989,PRD-6709,3,Review content for product PRD-6709. Overall rating 3/5.,Neutral,Fit Size Issue
REV-8990,PRD-5129,5,Review content for product PRD-5129. Overall rating 5/5.,Positive,None
REV-8991,PRD-6355,5,Review content for product PRD-6355. Overall rating 5/5.,Positive,None
REV-8992,PRD-6882,5,Review content for product PRD-6882. Overall rating 5/5.,Positive,None
REV-8993,PRD-7074,5,Review content for product PRD-7074. Overall rating 5/5.,Positive,None
REV-8994,PRD-6429,3,Review content for product PRD-6429. Overall rating 3/5.,Neutral,Delayed Delivery
REV-8995,PRD-6262,4,Review content for product PRD-6262. Overall rating 4/5.,Positive,None
REV-8996,PRD-5292,5,Review content for product PRD-5292. Overall rating 5/5.,Positive,None
REV-8997,PRD-5205,4,Review content for product PRD-5205. Overall rating 4/5.,Positive,None
REV-8998,PRD-5568,2,Review content for product PRD-5568. Overall rating 2/5.,Negative,Fit Size Issue
REV-8999,PRD-6263,2,Review content for product PRD-6263. Overall rating 2/5.,Negative,None
REV-9000,PRD-6840,4,Review content for product PRD-6840. Overall rating 4/5.,Positive,None
REV-9001,PRD-7131,5,Review content for product PRD-7131. Overall rating 5/5.,Positive,None
REV-9002,PRD-6253,4,Review content for product PRD-6253. Overall rating 4/5.,Positive,None
REV-9003,PRD-5858,4,Review content for product PRD-5858. Overall rating 4/5.,Positive,None
REV-9004,PRD-6879,5,Review content for product PRD-6879. Overall rating 5/5.,Positive,None
REV-9005,PRD-6776,3,Review content for product PRD-6776. Overall rating 3/5.,Neutral,Delayed Delivery
REV-9006,PRD-7218,4,Review content for product PRD-7218. Overall rating 4/5.,Positive,None
REV-9007,PRD-6550,2,Review content for product PRD-6550. Overall rating 2/5.,Negative,Fabric Defect
REV-9008,PRD-6258,5,Review content for product PRD-6258. Overall rating 5/5.,Positive,None
REV-9009,PRD-6533,4,Review content for product PRD-6533. Overall rating 4/5.,Positive,None
REV-9010,PRD-5799,4,Review content for product PRD-5799. Overall rating 4/5.,Positive,None
REV-9011,PRD-5535,5,Review content for product PRD-5535. Overall rating 5/5.,Positive,None
REV-9012,PRD-6121,5,Review content for product PRD-6121. Overall rating 5/5.,Positive,None
REV-9013,PRD-6898,3,Review content for product PRD-6898. Overall rating 3/5.,Neutral,Fit Size Issue
REV-9014,PRD-5211,5,Review content for product PRD-5211. Overall rating 5/5.,Positive,None
REV-9015,PRD-7074,5,Review content for product PRD-7074. Overall rating 5/5.,Positive,None
REV-9016,PRD-5842,1,Review content for product PRD-5842. Overall rating 1/5.,Negative,Fabric Defect
REV-9017,PRD-5501,5,Review content for product PRD-5501. Overall rating 5/5.,Positive,None
REV-9018,PRD-5985,5,Review content for product PRD-5985. Overall rating 5/5.,Positive,None
REV-9019,PRD-5433,4,Review content for product PRD-5433. Overall rating 4/5.,Positive,None
REV-9020,PRD-7386,2,Review content for product PRD-7386. Overall rating 2/5.,Negative,Fabric Defect
REV-9021,PRD-5685,5,Review content for product PRD-5685. Overall rating 5/5.,Positive,None
REV-9022,PRD-6975,3,Review content for product PRD-6975. Overall rating 3/5.,Neutral,Fabric Defect
REV-9023,PRD-5137,5,Review content for product PRD-5137. Overall rating 5/5.,Positive,None
REV-9024,PRD-7147,5,Review content for product PRD-7147. Overall rating 5/5.,Positive,None
REV-9025,PRD-5015,5,Review content for product PRD-5015. Overall rating 5/5.,Positive,None
REV-9026,PRD-7102,4,Review content for product PRD-7102. Overall rating 4/5.,Positive,None
REV-9027,PRD-7078,5,Review content for product PRD-7078. Overall rating 5/5.,Positive,None
REV-9028,PRD-6171,2,Review content for product PRD-6171. Overall rating 2/5.,Negative,Damaged Packaging
REV-9029,PRD-6889,2,Review content for product PRD-6889. Overall rating 2/5.,Negative,Fit Size Issue
REV-9030,PRD-7268,3,Review content for product PRD-7268. Overall rating 3/5.,Neutral,None
REV-9031,PRD-5488,4,Review content for product PRD-5488. Overall rating 4/5.,Positive,None
REV-9032,PRD-5474,3,Review content for product PRD-5474. Overall rating 3/5.,Neutral,Fabric Defect
REV-9033,PRD-6947,2,Review content for product PRD-6947. Overall rating 2/5.,Negative,Damaged Packaging
REV-9034,PRD-5322,3,Review content for product PRD-5322. Overall rating 3/5.,Neutral,Fabric Defect
REV-9035,PRD-5574,4,Review content for product PRD-5574. Overall rating 4/5.,Positive,None
REV-9036,PRD-6804,5,Review content for product PRD-6804. Overall rating 5/5.,Positive,None
REV-9037,PRD-7188,5,Review content for product PRD-7188. Overall rating 5/5.,Positive,None
REV-9038,PRD-7266,5,Review content for product PRD-7266. Overall rating 5/5.,Positive,None
REV-9039,PRD-7466,2,Review content for product PRD-7466. Overall rating 2/5.,Negative,Delayed Delivery
REV-9040,PRD-6580,4,Review content for product PRD-6580. Overall rating 4/5.,Positive,None
REV-9041,PRD-7486,4,Review content for product PRD-7486. Overall rating 4/5.,Positive,None
REV-9042,PRD-5078,3,Review content for product PRD-5078. Overall rating 3/5.,Neutral,None
REV-9043,PRD-5706,1,Review content for product PRD-5706. Overall rating 1/5.,Negative,Color Mismatch
REV-9044,PRD-5942,4,Review content for product PRD-5942. Overall rating 4/5.,Positive,None
REV-9045,PRD-7110,5,Review content for product PRD-7110. Overall rating 5/5.,Positive,None
REV-9046,PRD-6330,3,Review content for product PRD-6330. Overall rating 3/5.,Neutral,Fit Size Issue
REV-9047,PRD-6680,3,Review content for product PRD-6680. Overall rating 3/5.,Neutral,Fabric Defect
REV-9048,PRD-6497,4,Review content for product PRD-6497. Overall rating 4/5.,Positive,None
REV-9049,PRD-5747,5,Review content for product PRD-5747. Overall rating 5/5.,Positive,None
REV-9050,PRD-6182,5,Review content for product PRD-6182. Overall rating 5/5.,Positive,None
REV-9051,PRD-7437,5,Review content for product PRD-7437. Overall rating 5/5.,Positive,None
REV-9052,PRD-7172,5,Review content for product PRD-7172. Overall rating 5/5.,Positive,None
REV-9053,PRD-5716,5,Review content for product PRD-5716. Overall rating 5/5.,Positive,None
REV-9054,PRD-6305,5,Review content for product PRD-6305. Overall rating 5/5.,Positive,None
REV-9055,PRD-5161,4,Review content for product PRD-5161. Overall rating 4/5.,Positive,None
REV-9056,PRD-7130,5,Review content for product PRD-7130. Overall rating 5/5.,Positive,None
REV-9057,PRD-6403,5,Review content for product PRD-6403. Overall rating 5/5.,Positive,None
REV-9058,PRD-6282,3,Review content for product PRD-6282. Overall rating 3/5.,Neutral,Fabric Defect
REV-9059,PRD-6226,3,Review content for product PRD-6226. Overall rating 3/5.,Neutral,Color Mismatch
REV-9060,PRD-7415,5,Review content for product PRD-7415. Overall rating 5/5.,Positive,None
REV-9061,PRD-7165,5,Review content for product PRD-7165. Overall rating 5/5.,Positive,None
REV-9062,PRD-7489,3,Review content for product PRD-7489. Overall rating 3/5.,Neutral,Delayed Delivery
REV-9063,PRD-6083,3,Review content for product PRD-6083. Overall rating 3/5.,Neutral,Fabric Defect
REV-9064,PRD-6011,4,Review content for product PRD-6011. Overall rating 4/5.,Positive,None
REV-9065,PRD-6971,5,Review content for product PRD-6971. Overall rating 5/5.,Positive,None
REV-9066,PRD-5854,4,Review content for product PRD-5854. Overall rating 4/5.,Positive,None
REV-9067,PRD-5063,5,Review content for product PRD-5063. Overall rating 5/5.,Positive,None
REV-9068,PRD-5686,1,Review content for product PRD-5686. Overall rating 1/5.,Negative,Fit Size Issue
REV-9069,PRD-6321,5,Review content for product PRD-6321. Overall rating 5/5.,Positive,None
REV-9070,PRD-6395,5,Review content for product PRD-6395. Overall rating 5/5.,Positive,None
REV-9071,PRD-5798,1,Review content for product PRD-5798. Overall rating 1/5.,Negative,Fit Size Issue
REV-9072,PRD-5390,5,Review content for product PRD-5390. Overall rating 5/5.,Positive,None
REV-9073,PRD-6546,4,Review content for product PRD-6546. Overall rating 4/5.,Positive,None
REV-9074,PRD-5031,3,Review content for product PRD-5031. Overall rating 3/5.,Neutral,None
REV-9075,PRD-5946,5,Review content for product PRD-5946. Overall rating 5/5.,Positive,None
REV-9076,PRD-6353,5,Review content for product PRD-6353. Overall rating 5/5.,Positive,None
REV-9077,PRD-7183,4,Review content for product PRD-7183. Overall rating 4/5.,Positive,None
REV-9078,PRD-6512,5,Review content for product PRD-6512. Overall rating 5/5.,Positive,None
REV-9079,PRD-5957,5,Review content for product PRD-5957. Overall rating 5/5.,Positive,None
REV-9080,PRD-6181,4,Review content for product PRD-6181. Overall rating 4/5.,Positive,None
REV-9081,PRD-7308,3,Review content for product PRD-7308. Overall rating 3/5.,Neutral,Delayed Delivery
REV-9082,PRD-5908,5,Review content for product PRD-5908. Overall rating 5/5.,Positive,None
REV-9083,PRD-6740,1,Review content for product PRD-6740. Overall rating 1/5.,Negative,Fabric Defect
REV-9084,PRD-7095,5,Review content for product PRD-7095. Overall rating 5/5.,Positive,None
REV-9085,PRD-6924,2,Review content for product PRD-6924. Overall rating 2/5.,Negative,Delayed Delivery
REV-9086,PRD-5268,3,Review content for product PRD-5268. Overall rating 3/5.,Neutral,None
REV-9087,PRD-7101,3,Review content for product PRD-7101. Overall rating 3/5.,Neutral,Fabric Defect
REV-9088,PRD-5503,4,Review content for product PRD-5503. Overall rating 4/5.,Positive,None
REV-9089,PRD-7056,2,Review content for product PRD-7056. Overall rating 2/5.,Negative,None
REV-9090,PRD-7178,4,Review content for product PRD-7178. Overall rating 4/5.,Positive,None
REV-9091,PRD-7413,5,Review content for product PRD-7413. Overall rating 5/5.,Positive,None
REV-9092,PRD-5536,4,Review content for product PRD-5536. Overall rating 4/5.,Positive,None
REV-9093,PRD-6785,4,Review content for product PRD-6785. Overall rating 4/5.,Positive,None
REV-9094,PRD-7300,4,Review content for product PRD-7300. Overall rating 4/5.,Positive,None
REV-9095,PRD-6665,5,Review content for product PRD-6665. Overall rating 5/5.,Positive,None
REV-9096,PRD-7498,3,Review content for product PRD-7498. Overall rating 3/5.,Neutral,None
REV-9097,PRD-5027,4,Review content for product PRD-5027. Overall rating 4/5.,Positive,None
REV-9098,PRD-6631,4,Review content for product PRD-6631. Overall rating 4/5.,Positive,None
REV-9099,PRD-6979,4,Review content for product PRD-6979. Overall rating 4/5.,Positive,None
REV-9100,PRD-5017,4,Review content for product PRD-5017. Overall rating 4/5.,Positive,None
REV-9101,PRD-6148,3,Review content for product PRD-6148. Overall rating 3/5.,Neutral,Color Mismatch
REV-9102,PRD-5758,5,Review content for product PRD-5758. Overall rating 5/5.,Positive,None
REV-9103,PRD-5146,5,Review content for product PRD-5146. Overall rating 5/5.,Positive,None
REV-9104,PRD-5065,4,Review content for product PRD-5065. Overall rating 4/5.,Positive,None
REV-9105,PRD-6914,2,Review content for product PRD-6914. Overall rating 2/5.,Negative,Fabric Defect
REV-9106,PRD-7393,4,Review content for product PRD-7393. Overall rating 4/5.,Positive,None
REV-9107,PRD-5395,5,Review content for product PRD-5395. Overall rating 5/5.,Positive,None
REV-9108,PRD-7196,5,Review content for product PRD-7196. Overall rating 5/5.,Positive,None
REV-9109,PRD-5981,5,Review content for product PRD-5981. Overall rating 5/5.,Positive,None
REV-9110,PRD-6209,5,Review content for product PRD-6209. Overall rating 5/5.,Positive,None
REV-9111,PRD-5911,4,Review content for product PRD-5911. Overall rating 4/5.,Positive,None
REV-9112,PRD-5265,5,Review content for product PRD-5265. Overall rating 5/5.,Positive,None
REV-9113,PRD-6621,5,Review content for product PRD-6621. Overall rating 5/5.,Positive,None
REV-9114,PRD-5588,5,Review content for product PRD-5588. Overall rating 5/5.,Positive,None
REV-9115,PRD-5721,2,Review content for product PRD-5721. Overall rating 2/5.,Negative,Delayed Delivery
REV-9116,PRD-5554,5,Review content for product PRD-5554. Overall rating 5/5.,Positive,None
REV-9117,PRD-7171,3,Review content for product PRD-7171. Overall rating 3/5.,Neutral,Color Mismatch
REV-9118,PRD-5230,5,Review content for product PRD-5230. Overall rating 5/5.,Positive,None
REV-9119,PRD-5037,3,Review content for product PRD-5037. Overall rating 3/5.,Neutral,Fit Size Issue
REV-9120,PRD-7183,3,Review content for product PRD-7183. Overall rating 3/5.,Neutral,Delayed Delivery
REV-9121,PRD-5652,1,Review content for product PRD-5652. Overall rating 1/5.,Negative,Fabric Defect
REV-9122,PRD-6338,4,Review content for product PRD-6338. Overall rating 4/5.,Positive,None
REV-9123,PRD-5850,4,Review content for product PRD-5850. Overall rating 4/5.,Positive,None
REV-9124,PRD-6355,2,Review content for product PRD-6355. Overall rating 2/5.,Negative,Color Mismatch
REV-9125,PRD-6052,4,Review content for product PRD-6052. Overall rating 4/5.,Positive,None
REV-9126,PRD-6241,5,Review content for product PRD-6241. Overall rating 5/5.,Positive,None
REV-9127,PRD-6102,3,Review content for product PRD-6102. Overall rating 3/5.,Neutral,Color Mismatch
REV-9128,PRD-7000,5,Review content for product PRD-7000. Overall rating 5/5.,Positive,None
REV-9129,PRD-5042,5,Review content for product PRD-5042. Overall rating 5/5.,Positive,None
REV-9130,PRD-5602,5,Review content for product PRD-5602. Overall rating 5/5.,Positive,None
REV-9131,PRD-7034,5,Review content for product PRD-7034. Overall rating 5/5.,Positive,None
REV-9132,PRD-7098,5,Review content for product PRD-7098. Overall rating 5/5.,Positive,None
REV-9133,PRD-6931,4,Review content for product PRD-6931. Overall rating 4/5.,Positive,None
REV-9134,PRD-6979,5,Review content for product PRD-6979. Overall rating 5/5.,Positive,None
REV-9135,PRD-6725,4,Review content for product PRD-6725. Overall rating 4/5.,Positive,None
REV-9136,PRD-6816,4,Review content for product PRD-6816. Overall rating 4/5.,Positive,None
REV-9137,PRD-7201,2,Review content for product PRD-7201. Overall rating 2/5.,Negative,None
REV-9138,PRD-6151,5,Review content for product PRD-6151. Overall rating 5/5.,Positive,None
REV-9139,PRD-5096,5,Review content for product PRD-5096. Overall rating 5/5.,Positive,None
REV-9140,PRD-5509,5,Review content for product PRD-5509. Overall rating 5/5.,Positive,None
REV-9141,PRD-7327,5,Review content for product PRD-7327. Overall rating 5/5.,Positive,None
REV-9142,PRD-5999,1,Review content for product PRD-5999. Overall rating 1/5.,Negative,Color Mismatch
REV-9143,PRD-6787,3,Review content for product PRD-6787. Overall rating 3/5.,Neutral,Fit Size Issue
REV-9144,PRD-6414,5,Review content for product PRD-6414. Overall rating 5/5.,Positive,None
REV-9145,PRD-5784,4,Review content for product PRD-5784. Overall rating 4/5.,Positive,None
REV-9146,PRD-7324,5,Review content for product PRD-7324. Overall rating 5/5.,Positive,None
REV-9147,PRD-6238,5,Review content for product PRD-6238. Overall rating 5/5.,Positive,None
REV-9148,PRD-5861,4,Review content for product PRD-5861. Overall rating 4/5.,Positive,None
REV-9149,PRD-6082,5,Review content for product PRD-6082. Overall rating 5/5.,Positive,None
REV-9150,PRD-5171,4,Review content for product PRD-5171. Overall rating 4/5.,Positive,None
REV-9151,PRD-5525,5,Review content for product PRD-5525. Overall rating 5/5.,Positive,None
REV-9152,PRD-6893,1,Review content for product PRD-6893. Overall rating 1/5.,Negative,Damaged Packaging
REV-9153,PRD-6316,4,Review content for product PRD-6316. Overall rating 4/5.,Positive,None
REV-9154,PRD-7467,5,Review content for product PRD-7467. Overall rating 5/5.,Positive,None
REV-9155,PRD-6349,5,Review content for product PRD-6349. Overall rating 5/5.,Positive,None
REV-9156,PRD-6233,5,Review content for product PRD-6233. Overall rating 5/5.,Positive,None
REV-9157,PRD-6734,5,Review content for product PRD-6734. Overall rating 5/5.,Positive,None
REV-9158,PRD-6563,2,Review content for product PRD-6563. Overall rating 2/5.,Negative,Fit Size Issue
REV-9159,PRD-5017,4,Review content for product PRD-5017. Overall rating 4/5.,Positive,None
REV-9160,PRD-5897,5,Review content for product PRD-5897. Overall rating 5/5.,Positive,None
REV-9161,PRD-7121,4,Review content for product PRD-7121. Overall rating 4/5.,Positive,None
REV-9162,PRD-5724,5,Review content for product PRD-5724. Overall rating 5/5.,Positive,None
REV-9163,PRD-6428,5,Review content for product PRD-6428. Overall rating 5/5.,Positive,None
REV-9164,PRD-6906,5,Review content for product PRD-6906. Overall rating 5/5.,Positive,None
REV-9165,PRD-5712,5,Review content for product PRD-5712. Overall rating 5/5.,Positive,None
REV-9166,PRD-7376,3,Review content for product PRD-7376. Overall rating 3/5.,Neutral,Damaged Packaging
REV-9167,PRD-5329,5,Review content for product PRD-5329. Overall rating 5/5.,Positive,None
REV-9168,PRD-6387,5,Review content for product PRD-6387. Overall rating 5/5.,Positive,None
REV-9169,PRD-5022,5,Review content for product PRD-5022. Overall rating 5/5.,Positive,None
REV-9170,PRD-7428,3,Review content for product PRD-7428. Overall rating 3/5.,Neutral,Fabric Defect
REV-9171,PRD-5196,4,Review content for product PRD-5196. Overall rating 4/5.,Positive,None
REV-9172,PRD-5637,5,Review content for product PRD-5637. Overall rating 5/5.,Positive,None
REV-9173,PRD-5564,5,Review content for product PRD-5564. Overall rating 5/5.,Positive,None
REV-9174,PRD-6333,4,Review content for product PRD-6333. Overall rating 4/5.,Positive,None
REV-9175,PRD-5602,4,Review content for product PRD-5602. Overall rating 4/5.,Positive,None
REV-9176,PRD-6797,5,Review content for product PRD-6797. Overall rating 5/5.,Positive,None
REV-9177,PRD-6220,5,Review content for product PRD-6220. Overall rating 5/5.,Positive,None
REV-9178,PRD-6949,5,Review content for product PRD-6949. Overall rating 5/5.,Positive,None
REV-9179,PRD-7218,4,Review content for product PRD-7218. Overall rating 4/5.,Positive,None
REV-9180,PRD-6676,5,Review content for product PRD-6676. Overall rating 5/5.,Positive,None
REV-9181,PRD-5854,5,Review content for product PRD-5854. Overall rating 5/5.,Positive,None
REV-9182,PRD-6749,5,Review content for product PRD-6749. Overall rating 5/5.,Positive,None
REV-9183,PRD-6371,4,Review content for product PRD-6371. Overall rating 4/5.,Positive,None
REV-9184,PRD-5821,2,Review content for product PRD-5821. Overall rating 2/5.,Negative,Damaged Packaging
REV-9185,PRD-7363,4,Review content for product PRD-7363. Overall rating 4/5.,Positive,None
REV-9186,PRD-6250,1,Review content for product PRD-6250. Overall rating 1/5.,Negative,Damaged Packaging
REV-9187,PRD-6438,4,Review content for product PRD-6438. Overall rating 4/5.,Positive,None
REV-9188,PRD-5062,2,Review content for product PRD-5062. Overall rating 2/5.,Negative,Damaged Packaging
REV-9189,PRD-5596,5,Review content for product PRD-5596. Overall rating 5/5.,Positive,None
REV-9190,PRD-5656,5,Review content for product PRD-5656. Overall rating 5/5.,Positive,None
REV-9191,PRD-6639,5,Review content for product PRD-6639. Overall rating 5/5.,Positive,None
REV-9192,PRD-7442,5,Review content for product PRD-7442. Overall rating 5/5.,Positive,None
REV-9193,PRD-6228,4,Review content for product PRD-6228. Overall rating 4/5.,Positive,None
REV-9194,PRD-7276,5,Review content for product PRD-7276. Overall rating 5/5.,Positive,None
REV-9195,PRD-6034,4,Review content for product PRD-6034. Overall rating 4/5.,Positive,None
REV-9196,PRD-6459,3,Review content for product PRD-6459. Overall rating 3/5.,Neutral,Color Mismatch
REV-9197,PRD-6798,5,Review content for product PRD-6798. Overall rating 5/5.,Positive,None
REV-9198,PRD-5299,1,Review content for product PRD-5299. Overall rating 1/5.,Negative,None
REV-9199,PRD-5223,2,Review content for product PRD-5223. Overall rating 2/5.,Negative,Fit Size Issue
REV-9200,PRD-7110,5,Review content for product PRD-7110. Overall rating 5/5.,Positive,None
REV-9201,PRD-6203,4,Review content for product PRD-6203. Overall rating 4/5.,Positive,None
REV-9202,PRD-7387,2,Review content for product PRD-7387. Overall rating 2/5.,Negative,None
REV-9203,PRD-5148,3,Review content for product PRD-5148. Overall rating 3/5.,Neutral,None
REV-9204,PRD-5706,4,Review content for product PRD-5706. Overall rating 4/5.,Positive,None
REV-9205,PRD-5628,2,Review content for product PRD-5628. Overall rating 2/5.,Negative,Damaged Packaging
REV-9206,PRD-6309,3,Review content for product PRD-6309. Overall rating 3/5.,Neutral,Color Mismatch
REV-9207,PRD-5489,5,Review content for product PRD-5489. Overall rating 5/5.,Positive,None
REV-9208,PRD-5021,4,Review content for product PRD-5021. Overall rating 4/5.,Positive,None
REV-9209,PRD-7162,3,Review content for product PRD-7162. Overall rating 3/5.,Neutral,Fabric Defect
REV-9210,PRD-5123,5,Review content for product PRD-5123. Overall rating 5/5.,Positive,None
REV-9211,PRD-5010,5,Review content for product PRD-5010. Overall rating 5/5.,Positive,None
REV-9212,PRD-7017,4,Review content for product PRD-7017. Overall rating 4/5.,Positive,None
REV-9213,PRD-7006,5,Review content for product PRD-7006. Overall rating 5/5.,Positive,None
REV-9214,PRD-5597,4,Review content for product PRD-5597. Overall rating 4/5.,Positive,None
REV-9215,PRD-6779,5,Review content for product PRD-6779. Overall rating 5/5.,Positive,None
REV-9216,PRD-5731,5,Review content for product PRD-5731. Overall rating 5/5.,Positive,None
REV-9217,PRD-5860,5,Review content for product PRD-5860. Overall rating 5/5.,Positive,None
REV-9218,PRD-7218,5,Review content for product PRD-7218. Overall rating 5/5.,Positive,None
REV-9219,PRD-6615,4,Review content for product PRD-6615. Overall rating 4/5.,Positive,None
REV-9220,PRD-5326,4,Review content for product PRD-5326. Overall rating 4/5.,Positive,None
REV-9221,PRD-7332,5,Review content for product PRD-7332. Overall rating 5/5.,Positive,None
REV-9222,PRD-7169,5,Review content for product PRD-7169. Overall rating 5/5.,Positive,None
REV-9223,PRD-5490,4,Review content for product PRD-5490. Overall rating 4/5.,Positive,None
REV-9224,PRD-6071,1,Review content for product PRD-6071. Overall rating 1/5.,Negative,Delayed Delivery
REV-9225,PRD-6664,5,Review content for product PRD-6664. Overall rating 5/5.,Positive,None
REV-9226,PRD-6086,5,Review content for product PRD-6086. Overall rating 5/5.,Positive,None
REV-9227,PRD-6841,4,Review content for product PRD-6841. Overall rating 4/5.,Positive,None
REV-9228,PRD-5375,5,Review content for product PRD-5375. Overall rating 5/5.,Positive,None
REV-9229,PRD-6905,1,Review content for product PRD-6905. Overall rating 1/5.,Negative,Delayed Delivery
REV-9230,PRD-5782,5,Review content for product PRD-5782. Overall rating 5/5.,Positive,None
REV-9231,PRD-5752,5,Review content for product PRD-5752. Overall rating 5/5.,Positive,None
REV-9232,PRD-7465,5,Review content for product PRD-7465. Overall rating 5/5.,Positive,None
REV-9233,PRD-6427,5,Review content for product PRD-6427. Overall rating 5/5.,Positive,None
REV-9234,PRD-5810,5,Review content for product PRD-5810. Overall rating 5/5.,Positive,None
REV-9235,PRD-7340,5,Review content for product PRD-7340. Overall rating 5/5.,Positive,None
REV-9236,PRD-5750,5,Review content for product PRD-5750. Overall rating 5/5.,Positive,None
REV-9237,PRD-7038,5,Review content for product PRD-7038. Overall rating 5/5.,Positive,None
REV-9238,PRD-5721,5,Review content for product PRD-5721. Overall rating 5/5.,Positive,None
REV-9239,PRD-7495,5,Review content for product PRD-7495. Overall rating 5/5.,Positive,None
REV-9240,PRD-6890,3,Review content for product PRD-6890. Overall rating 3/5.,Neutral,None
REV-9241,PRD-6144,4,Review content for product PRD-6144. Overall rating 4/5.,Positive,None
REV-9242,PRD-5390,2,Review content for product PRD-5390. Overall rating 2/5.,Negative,Damaged Packaging
REV-9243,PRD-6373,5,Review content for product PRD-6373. Overall rating 5/5.,Positive,None
REV-9244,PRD-5155,4,Review content for product PRD-5155. Overall rating 4/5.,Positive,None
REV-9245,PRD-6461,5,Review content for product PRD-6461. Overall rating 5/5.,Positive,None
REV-9246,PRD-6580,5,Review content for product PRD-6580. Overall rating 5/5.,Positive,None
REV-9247,PRD-7388,5,Review content for product PRD-7388. Overall rating 5/5.,Positive,None
REV-9248,PRD-5461,4,Review content for product PRD-5461. Overall rating 4/5.,Positive,None
REV-9249,PRD-7316,5,Review content for product PRD-7316. Overall rating 5/5.,Positive,None
REV-9250,PRD-7029,4,Review content for product PRD-7029. Overall rating 4/5.,Positive,None
REV-9251,PRD-6553,5,Review content for product PRD-6553. Overall rating 5/5.,Positive,None
REV-9252,PRD-6867,5,Review content for product PRD-6867. Overall rating 5/5.,Positive,None
REV-9253,PRD-5899,3,Review content for product PRD-5899. Overall rating 3/5.,Neutral,Damaged Packaging
REV-9254,PRD-5858,5,Review content for product PRD-5858. Overall rating 5/5.,Positive,None
REV-9255,PRD-6931,4,Review content for product PRD-6931. Overall rating 4/5.,Positive,None
REV-9256,PRD-5498,4,Review content for product PRD-5498. Overall rating 4/5.,Positive,None
REV-9257,PRD-7000,5,Review content for product PRD-7000. Overall rating 5/5.,Positive,None
REV-9258,PRD-5671,4,Review content for product PRD-5671. Overall rating 4/5.,Positive,None
REV-9259,PRD-6840,5,Review content for product PRD-6840. Overall rating 5/5.,Positive,None
REV-9260,PRD-5056,3,Review content for product PRD-5056. Overall rating 3/5.,Neutral,Color Mismatch
REV-9261,PRD-6570,5,Review content for product PRD-6570. Overall rating 5/5.,Positive,None
REV-9262,PRD-7390,4,Review content for product PRD-7390. Overall rating 4/5.,Positive,None
REV-9263,PRD-7307,5,Review content for product PRD-7307. Overall rating 5/5.,Positive,None
REV-9264,PRD-5258,3,Review content for product PRD-5258. Overall rating 3/5.,Neutral,None
REV-9265,PRD-6338,5,Review content for product PRD-6338. Overall rating 5/5.,Positive,None
REV-9266,PRD-7432,5,Review content for product PRD-7432. Overall rating 5/5.,Positive,None
REV-9267,PRD-6366,5,Review content for product PRD-6366. Overall rating 5/5.,Positive,None
REV-9268,PRD-5098,5,Review content for product PRD-5098. Overall rating 5/5.,Positive,None
REV-9269,PRD-5236,4,Review content for product PRD-5236. Overall rating 4/5.,Positive,None
REV-9270,PRD-6908,5,Review content for product PRD-6908. Overall rating 5/5.,Positive,None
REV-9271,PRD-7395,5,Review content for product PRD-7395. Overall rating 5/5.,Positive,None
REV-9272,PRD-7417,5,Review content for product PRD-7417. Overall rating 5/5.,Positive,None
REV-9273,PRD-5618,4,Review content for product PRD-5618. Overall rating 4/5.,Positive,None
REV-9274,PRD-6927,4,Review content for product PRD-6927. Overall rating 4/5.,Positive,None
REV-9275,PRD-6682,5,Review content for product PRD-6682. Overall rating 5/5.,Positive,None
REV-9276,PRD-5204,4,Review content for product PRD-5204. Overall rating 4/5.,Positive,None
REV-9277,PRD-5918,3,Review content for product PRD-5918. Overall rating 3/5.,Neutral,None
REV-9278,PRD-7074,4,Review content for product PRD-7074. Overall rating 4/5.,Positive,None
REV-9279,PRD-5296,5,Review content for product PRD-5296. Overall rating 5/5.,Positive,None
REV-9280,PRD-5527,4,Review content for product PRD-5527. Overall rating 4/5.,Positive,None
REV-9281,PRD-5832,1,Review content for product PRD-5832. Overall rating 1/5.,Negative,Damaged Packaging
REV-9282,PRD-5892,3,Review content for product PRD-5892. Overall rating 3/5.,Neutral,None
REV-9283,PRD-6076,4,Review content for product PRD-6076. Overall rating 4/5.,Positive,None
REV-9284,PRD-7390,5,Review content for product PRD-7390. Overall rating 5/5.,Positive,None
REV-9285,PRD-6376,5,Review content for product PRD-6376. Overall rating 5/5.,Positive,None
REV-9286,PRD-6068,5,Review content for product PRD-6068. Overall rating 5/5.,Positive,None
REV-9287,PRD-5078,5,Review content for product PRD-5078. Overall rating 5/5.,Positive,None
REV-9288,PRD-6619,5,Review content for product PRD-6619. Overall rating 5/5.,Positive,None
REV-9289,PRD-5449,3,Review content for product PRD-5449. Overall rating 3/5.,Neutral,Delayed Delivery
REV-9290,PRD-6919,5,Review content for product PRD-6919. Overall rating 5/5.,Positive,None
REV-9291,PRD-5500,3,Review content for product PRD-5500. Overall rating 3/5.,Neutral,Color Mismatch
REV-9292,PRD-5390,5,Review content for product PRD-5390. Overall rating 5/5.,Positive,None
REV-9293,PRD-6338,1,Review content for product PRD-6338. Overall rating 1/5.,Negative,Color Mismatch
REV-9294,PRD-6223,4,Review content for product PRD-6223. Overall rating 4/5.,Positive,None
REV-9295,PRD-5862,5,Review content for product PRD-5862. Overall rating 5/5.,Positive,None
REV-9296,PRD-6980,2,Review content for product PRD-6980. Overall rating 2/5.,Negative,Delayed Delivery
REV-9297,PRD-5645,4,Review content for product PRD-5645. Overall rating 4/5.,Positive,None
REV-9298,PRD-7428,4,Review content for product PRD-7428. Overall rating 4/5.,Positive,None
REV-9299,PRD-6287,5,Review content for product PRD-6287. Overall rating 5/5.,Positive,None
REV-9300,PRD-6847,5,Review content for product PRD-6847. Overall rating 5/5.,Positive,None
REV-9301,PRD-6041,5,Review content for product PRD-6041. Overall rating 5/5.,Positive,None
REV-9302,PRD-5078,4,Review content for product PRD-5078. Overall rating 4/5.,Positive,None
REV-9303,PRD-5472,2,Review content for product PRD-5472. Overall rating 2/5.,Negative,Color Mismatch
REV-9304,PRD-5240,4,Review content for product PRD-5240. Overall rating 4/5.,Positive,None
REV-9305,PRD-5563,3,Review content for product PRD-5563. Overall rating 3/5.,Neutral,Damaged Packaging
REV-9306,PRD-6358,5,Review content for product PRD-6358. Overall rating 5/5.,Positive,None
REV-9307,PRD-6718,5,Review content for product PRD-6718. Overall rating 5/5.,Positive,None
REV-9308,PRD-7452,5,Review content for product PRD-7452. Overall rating 5/5.,Positive,None
REV-9309,PRD-6606,5,Review content for product PRD-6606. Overall rating 5/5.,Positive,None
REV-9310,PRD-5271,4,Review content for product PRD-5271. Overall rating 4/5.,Positive,None
REV-9311,PRD-6591,5,Review content for product PRD-6591. Overall rating 5/5.,Positive,None
REV-9312,PRD-5276,4,Review content for product PRD-5276. Overall rating 4/5.,Positive,None
REV-9313,PRD-6500,5,Review content for product PRD-6500. Overall rating 5/5.,Positive,None
REV-9314,PRD-5595,4,Review content for product PRD-5595. Overall rating 4/5.,Positive,None
REV-9315,PRD-5338,4,Review content for product PRD-5338. Overall rating 4/5.,Positive,None
REV-9316,PRD-6813,5,Review content for product PRD-6813. Overall rating 5/5.,Positive,None
REV-9317,PRD-5304,4,Review content for product PRD-5304. Overall rating 4/5.,Positive,None
REV-9318,PRD-6726,5,Review content for product PRD-6726. Overall rating 5/5.,Positive,None
REV-9319,PRD-6146,2,Review content for product PRD-6146. Overall rating 2/5.,Negative,None
REV-9320,PRD-7068,5,Review content for product PRD-7068. Overall rating 5/5.,Positive,None
REV-9321,PRD-5444,4,Review content for product PRD-5444. Overall rating 4/5.,Positive,None
REV-9322,PRD-6935,5,Review content for product PRD-6935. Overall rating 5/5.,Positive,None
REV-9323,PRD-5516,1,Review content for product PRD-5516. Overall rating 1/5.,Negative,Fabric Defect
REV-9324,PRD-7389,5,Review content for product PRD-7389. Overall rating 5/5.,Positive,None
REV-9325,PRD-5087,1,Review content for product PRD-5087. Overall rating 1/5.,Negative,Fit Size Issue
REV-9326,PRD-7107,5,Review content for product PRD-7107. Overall rating 5/5.,Positive,None
REV-9327,PRD-5420,4,Review content for product PRD-5420. Overall rating 4/5.,Positive,None
REV-9328,PRD-6654,5,Review content for product PRD-6654. Overall rating 5/5.,Positive,None
REV-9329,PRD-5587,5,Review content for product PRD-5587. Overall rating 5/5.,Positive,None
REV-9330,PRD-5980,3,Review content for product PRD-5980. Overall rating 3/5.,Neutral,Damaged Packaging
REV-9331,PRD-5722,4,Review content for product PRD-5722. Overall rating 4/5.,Positive,None
REV-9332,PRD-5357,3,Review content for product PRD-5357. Overall rating 3/5.,Neutral,Fabric Defect
REV-9333,PRD-6080,3,Review content for product PRD-6080. Overall rating 3/5.,Neutral,None
REV-9334,PRD-6664,2,Review content for product PRD-6664. Overall rating 2/5.,Negative,Fabric Defect
REV-9335,PRD-6533,5,Review content for product PRD-6533. Overall rating 5/5.,Positive,None
REV-9336,PRD-6768,4,Review content for product PRD-6768. Overall rating 4/5.,Positive,None
REV-9337,PRD-5687,5,Review content for product PRD-5687. Overall rating 5/5.,Positive,None
REV-9338,PRD-5057,5,Review content for product PRD-5057. Overall rating 5/5.,Positive,None
REV-9339,PRD-6179,5,Review content for product PRD-6179. Overall rating 5/5.,Positive,None
REV-9340,PRD-6544,5,Review content for product PRD-6544. Overall rating 5/5.,Positive,None
REV-9341,PRD-7226,1,Review content for product PRD-7226. Overall rating 1/5.,Negative,Fabric Defect
REV-9342,PRD-5573,5,Review content for product PRD-5573. Overall rating 5/5.,Positive,None
REV-9343,PRD-5299,5,Review content for product PRD-5299. Overall rating 5/5.,Positive,None
REV-9344,PRD-6063,4,Review content for product PRD-6063. Overall rating 4/5.,Positive,None
REV-9345,PRD-7447,5,Review content for product PRD-7447. Overall rating 5/5.,Positive,None
REV-9346,PRD-5921,5,Review content for product PRD-5921. Overall rating 5/5.,Positive,None
REV-9347,PRD-6520,4,Review content for product PRD-6520. Overall rating 4/5.,Positive,None
REV-9348,PRD-5616,4,Review content for product PRD-5616. Overall rating 4/5.,Positive,None
REV-9349,PRD-6094,5,Review content for product PRD-6094. Overall rating 5/5.,Positive,None
REV-9350,PRD-6898,5,Review content for product PRD-6898. Overall rating 5/5.,Positive,None
REV-9351,PRD-6273,5,Review content for product PRD-6273. Overall rating 5/5.,Positive,None
REV-9352,PRD-6646,4,Review content for product PRD-6646. Overall rating 4/5.,Positive,None
REV-9353,PRD-7116,5,Review content for product PRD-7116. Overall rating 5/5.,Positive,None
REV-9354,PRD-5604,1,Review content for product PRD-5604. Overall rating 1/5.,Negative,Color Mismatch
REV-9355,PRD-5947,5,Review content for product PRD-5947. Overall rating 5/5.,Positive,None
REV-9356,PRD-5812,5,Review content for product PRD-5812. Overall rating 5/5.,Positive,None
REV-9357,PRD-5388,5,Review content for product PRD-5388. Overall rating 5/5.,Positive,None
REV-9358,PRD-6133,5,Review content for product PRD-6133. Overall rating 5/5.,Positive,None
REV-9359,PRD-6457,1,Review content for product PRD-6457. Overall rating 1/5.,Negative,Fit Size Issue
REV-9360,PRD-5956,4,Review content for product PRD-5956. Overall rating 4/5.,Positive,None
REV-9361,PRD-5133,4,Review content for product PRD-5133. Overall rating 4/5.,Positive,None
REV-9362,PRD-5511,4,Review content for product PRD-5511. Overall rating 4/5.,Positive,None
REV-9363,PRD-6640,5,Review content for product PRD-6640. Overall rating 5/5.,Positive,None
REV-9364,PRD-5274,4,Review content for product PRD-5274. Overall rating 4/5.,Positive,None
REV-9365,PRD-5173,5,Review content for product PRD-5173. Overall rating 5/5.,Positive,None
REV-9366,PRD-5202,5,Review content for product PRD-5202. Overall rating 5/5.,Positive,None
REV-9367,PRD-7311,5,Review content for product PRD-7311. Overall rating 5/5.,Positive,None
REV-9368,PRD-6955,2,Review content for product PRD-6955. Overall rating 2/5.,Negative,Damaged Packaging
REV-9369,PRD-5687,3,Review content for product PRD-5687. Overall rating 3/5.,Neutral,Fit Size Issue
REV-9370,PRD-5651,5,Review content for product PRD-5651. Overall rating 5/5.,Positive,None
REV-9371,PRD-5518,5,Review content for product PRD-5518. Overall rating 5/5.,Positive,None
REV-9372,PRD-6074,5,Review content for product PRD-6074. Overall rating 5/5.,Positive,None
REV-9373,PRD-5317,5,Review content for product PRD-5317. Overall rating 5/5.,Positive,None
REV-9374,PRD-7421,5,Review content for product PRD-7421. Overall rating 5/5.,Positive,None
REV-9375,PRD-7098,4,Review content for product PRD-7098. Overall rating 4/5.,Positive,None
REV-9376,PRD-5932,4,Review content for product PRD-5932. Overall rating 4/5.,Positive,None
REV-9377,PRD-6522,3,Review content for product PRD-6522. Overall rating 3/5.,Neutral,None
REV-9378,PRD-6297,5,Review content for product PRD-6297. Overall rating 5/5.,Positive,None
REV-9379,PRD-5923,4,Review content for product PRD-5923. Overall rating 4/5.,Positive,None
REV-9380,PRD-5752,5,Review content for product PRD-5752. Overall rating 5/5.,Positive,None
REV-9381,PRD-7078,4,Review content for product PRD-7078. Overall rating 4/5.,Positive,None
REV-9382,PRD-6943,3,Review content for product PRD-6943. Overall rating 3/5.,Neutral,Fabric Defect
REV-9383,PRD-6759,2,Review content for product PRD-6759. Overall rating 2/5.,Negative,Delayed Delivery
REV-9384,PRD-6992,1,Review content for product PRD-6992. Overall rating 1/5.,Negative,Color Mismatch
REV-9385,PRD-6208,4,Review content for product PRD-6208. Overall rating 4/5.,Positive,None
REV-9386,PRD-7209,5,Review content for product PRD-7209. Overall rating 5/5.,Positive,None
REV-9387,PRD-5620,4,Review content for product PRD-5620. Overall rating 4/5.,Positive,None
REV-9388,PRD-5273,2,Review content for product PRD-5273. Overall rating 2/5.,Negative,None
REV-9389,PRD-6525,4,Review content for product PRD-6525. Overall rating 4/5.,Positive,None
REV-9390,PRD-7064,5,Review content for product PRD-7064. Overall rating 5/5.,Positive,None
REV-9391,PRD-5804,5,Review content for product PRD-5804. Overall rating 5/5.,Positive,None
REV-9392,PRD-5297,1,Review content for product PRD-5297. Overall rating 1/5.,Negative,Fabric Defect
REV-9393,PRD-5483,4,Review content for product PRD-5483. Overall rating 4/5.,Positive,None
REV-9394,PRD-6835,5,Review content for product PRD-6835. Overall rating 5/5.,Positive,None
REV-9395,PRD-5633,2,Review content for product PRD-5633. Overall rating 2/5.,Negative,Damaged Packaging
REV-9396,PRD-6868,5,Review content for product PRD-6868. Overall rating 5/5.,Positive,None
REV-9397,PRD-5673,5,Review content for product PRD-5673. Overall rating 5/5.,Positive,None
REV-9398,PRD-5748,4,Review content for product PRD-5748. Overall rating 4/5.,Positive,None
REV-9399,PRD-7292,4,Review content for product PRD-7292. Overall rating 4/5.,Positive,None
REV-9400,PRD-5741,4,Review content for product PRD-5741. Overall rating 4/5.,Positive,None
REV-9401,PRD-6171,3,Review content for product PRD-6171. Overall rating 3/5.,Neutral,Delayed Delivery
REV-9402,PRD-5258,5,Review content for product PRD-5258. Overall rating 5/5.,Positive,None
REV-9403,PRD-5282,5,Review content for product PRD-5282. Overall rating 5/5.,Positive,None
REV-9404,PRD-6754,5,Review content for product PRD-6754. Overall rating 5/5.,Positive,None
REV-9405,PRD-5741,1,Review content for product PRD-5741. Overall rating 1/5.,Negative,Damaged Packaging
REV-9406,PRD-7453,5,Review content for product PRD-7453. Overall rating 5/5.,Positive,None
REV-9407,PRD-7275,1,Review content for product PRD-7275. Overall rating 1/5.,Negative,Fabric Defect
REV-9408,PRD-5729,5,Review content for product PRD-5729. Overall rating 5/5.,Positive,None
REV-9409,PRD-5654,2,Review content for product PRD-5654. Overall rating 2/5.,Negative,Damaged Packaging
REV-9410,PRD-7107,5,Review content for product PRD-7107. Overall rating 5/5.,Positive,None
REV-9411,PRD-5778,4,Review content for product PRD-5778. Overall rating 4/5.,Positive,None
REV-9412,PRD-6385,5,Review content for product PRD-6385. Overall rating 5/5.,Positive,None
REV-9413,PRD-5809,4,Review content for product PRD-5809. Overall rating 4/5.,Positive,None
REV-9414,PRD-5430,4,Review content for product PRD-5430. Overall rating 4/5.,Positive,None
REV-9415,PRD-5266,5,Review content for product PRD-5266. Overall rating 5/5.,Positive,None
REV-9416,PRD-7008,5,Review content for product PRD-7008. Overall rating 5/5.,Positive,None
REV-9417,PRD-6471,5,Review content for product PRD-6471. Overall rating 5/5.,Positive,None
REV-9418,PRD-6839,4,Review content for product PRD-6839. Overall rating 4/5.,Positive,None
REV-9419,PRD-6271,4,Review content for product PRD-6271. Overall rating 4/5.,Positive,None
REV-9420,PRD-6152,2,Review content for product PRD-6152. Overall rating 2/5.,Negative,Color Mismatch
REV-9421,PRD-6173,4,Review content for product PRD-6173. Overall rating 4/5.,Positive,None
REV-9422,PRD-6254,4,Review content for product PRD-6254. Overall rating 4/5.,Positive,None
REV-9423,PRD-6994,5,Review content for product PRD-6994. Overall rating 5/5.,Positive,None
REV-9424,PRD-6292,5,Review content for product PRD-6292. Overall rating 5/5.,Positive,None
REV-9425,PRD-5585,4,Review content for product PRD-5585. Overall rating 4/5.,Positive,None
REV-9426,PRD-6798,5,Review content for product PRD-6798. Overall rating 5/5.,Positive,None
REV-9427,PRD-5584,4,Review content for product PRD-5584. Overall rating 4/5.,Positive,None
REV-9428,PRD-6926,4,Review content for product PRD-6926. Overall rating 4/5.,Positive,None
REV-9429,PRD-6808,5,Review content for product PRD-6808. Overall rating 5/5.,Positive,None
REV-9430,PRD-5222,5,Review content for product PRD-5222. Overall rating 5/5.,Positive,None
REV-9431,PRD-6282,2,Review content for product PRD-6282. Overall rating 2/5.,Negative,Damaged Packaging
REV-9432,PRD-5849,5,Review content for product PRD-5849. Overall rating 5/5.,Positive,None
REV-9433,PRD-7221,5,Review content for product PRD-7221. Overall rating 5/5.,Positive,None
REV-9434,PRD-5266,5,Review content for product PRD-5266. Overall rating 5/5.,Positive,None
REV-9435,PRD-6728,4,Review content for product PRD-6728. Overall rating 4/5.,Positive,None
REV-9436,PRD-5266,5,Review content for product PRD-5266. Overall rating 5/5.,Positive,None
REV-9437,PRD-5717,5,Review content for product PRD-5717. Overall rating 5/5.,Positive,None
REV-9438,PRD-6815,5,Review content for product PRD-6815. Overall rating 5/5.,Positive,None
REV-9439,PRD-7057,5,Review content for product PRD-7057. Overall rating 5/5.,Positive,None
REV-9440,PRD-5309,5,Review content for product PRD-5309. Overall rating 5/5.,Positive,None
REV-9441,PRD-5292,4,Review content for product PRD-5292. Overall rating 4/5.,Positive,None
REV-9442,PRD-6155,4,Review content for product PRD-6155. Overall rating 4/5.,Positive,None
REV-9443,PRD-6935,4,Review content for product PRD-6935. Overall rating 4/5.,Positive,None
REV-9444,PRD-6661,5,Review content for product PRD-6661. Overall rating 5/5.,Positive,None
REV-9445,PRD-6224,4,Review content for product PRD-6224. Overall rating 4/5.,Positive,None
REV-9446,PRD-7128,2,Review content for product PRD-7128. Overall rating 2/5.,Negative,Color Mismatch
REV-9447,PRD-6576,4,Review content for product PRD-6576. Overall rating 4/5.,Positive,None
REV-9448,PRD-5771,3,Review content for product PRD-5771. Overall rating 3/5.,Neutral,Fabric Defect
REV-9449,PRD-6617,5,Review content for product PRD-6617. Overall rating 5/5.,Positive,None
REV-9450,PRD-5381,5,Review content for product PRD-5381. Overall rating 5/5.,Positive,None
REV-9451,PRD-5602,4,Review content for product PRD-5602. Overall rating 4/5.,Positive,None
REV-9452,PRD-5977,4,Review content for product PRD-5977. Overall rating 4/5.,Positive,None
REV-9453,PRD-7231,5,Review content for product PRD-7231. Overall rating 5/5.,Positive,None
REV-9454,PRD-5833,5,Review content for product PRD-5833. Overall rating 5/5.,Positive,None
REV-9455,PRD-6684,5,Review content for product PRD-6684. Overall rating 5/5.,Positive,None
REV-9456,PRD-6638,2,Review content for product PRD-6638. Overall rating 2/5.,Negative,Fabric Defect
REV-9457,PRD-7220,5,Review content for product PRD-7220. Overall rating 5/5.,Positive,None
REV-9458,PRD-6574,3,Review content for product PRD-6574. Overall rating 3/5.,Neutral,None
REV-9459,PRD-6818,3,Review content for product PRD-6818. Overall rating 3/5.,Neutral,Color Mismatch
REV-9460,PRD-6167,4,Review content for product PRD-6167. Overall rating 4/5.,Positive,None
REV-9461,PRD-6612,5,Review content for product PRD-6612. Overall rating 5/5.,Positive,None
REV-9462,PRD-6289,5,Review content for product PRD-6289. Overall rating 5/5.,Positive,None
REV-9463,PRD-6926,5,Review content for product PRD-6926. Overall rating 5/5.,Positive,None
REV-9464,PRD-7229,5,Review content for product PRD-7229. Overall rating 5/5.,Positive,None
REV-9465,PRD-7319,5,Review content for product PRD-7319. Overall rating 5/5.,Positive,None
REV-9466,PRD-5872,5,Review content for product PRD-5872. Overall rating 5/5.,Positive,None
REV-9467,PRD-7330,5,Review content for product PRD-7330. Overall rating 5/5.,Positive,None
REV-9468,PRD-6049,4,Review content for product PRD-6049. Overall rating 4/5.,Positive,None
REV-9469,PRD-6055,5,Review content for product PRD-6055. Overall rating 5/5.,Positive,None
REV-9470,PRD-6563,5,Review content for product PRD-6563. Overall rating 5/5.,Positive,None
REV-9471,PRD-6650,5,Review content for product PRD-6650. Overall rating 5/5.,Positive,None
REV-9472,PRD-5658,4,Review content for product PRD-5658. Overall rating 4/5.,Positive,None
REV-9473,PRD-6403,3,Review content for product PRD-6403. Overall rating 3/5.,Neutral,Color Mismatch
REV-9474,PRD-5549,5,Review content for product PRD-5549. Overall rating 5/5.,Positive,None
REV-9475,PRD-5536,5,Review content for product PRD-5536. Overall rating 5/5.,Positive,None
REV-9476,PRD-5019,3,Review content for product PRD-5019. Overall rating 3/5.,Neutral,None
REV-9477,PRD-6995,4,Review content for product PRD-6995. Overall rating 4/5.,Positive,None
REV-9478,PRD-6663,4,Review content for product PRD-6663. Overall rating 4/5.,Positive,None
REV-9479,PRD-7355,5,Review content for product PRD-7355. Overall rating 5/5.,Positive,None
REV-9480,PRD-6585,2,Review content for product PRD-6585. Overall rating 2/5.,Negative,Damaged Packaging
REV-9481,PRD-6772,5,Review content for product PRD-6772. Overall rating 5/5.,Positive,None
REV-9482,PRD-5675,5,Review content for product PRD-5675. Overall rating 5/5.,Positive,None
REV-9483,PRD-7248,4,Review content for product PRD-7248. Overall rating 4/5.,Positive,None
REV-9484,PRD-5181,4,Review content for product PRD-5181. Overall rating 4/5.,Positive,None
REV-9485,PRD-6876,3,Review content for product PRD-6876. Overall rating 3/5.,Neutral,Color Mismatch
REV-9486,PRD-6543,5,Review content for product PRD-6543. Overall rating 5/5.,Positive,None
REV-9487,PRD-6253,5,Review content for product PRD-6253. Overall rating 5/5.,Positive,None
REV-9488,PRD-7406,4,Review content for product PRD-7406. Overall rating 4/5.,Positive,None
REV-9489,PRD-6453,1,Review content for product PRD-6453. Overall rating 1/5.,Negative,None
REV-9490,PRD-7387,4,Review content for product PRD-7387. Overall rating 4/5.,Positive,None
REV-9491,PRD-5172,4,Review content for product PRD-5172. Overall rating 4/5.,Positive,None
REV-9492,PRD-6644,5,Review content for product PRD-6644. Overall rating 5/5.,Positive,None
REV-9493,PRD-6172,3,Review content for product PRD-6172. Overall rating 3/5.,Neutral,Fabric Defect
REV-9494,PRD-6030,5,Review content for product PRD-6030. Overall rating 5/5.,Positive,None
REV-9495,PRD-5539,5,Review content for product PRD-5539. Overall rating 5/5.,Positive,None
REV-9496,PRD-7335,4,Review content for product PRD-7335. Overall rating 4/5.,Positive,None
REV-9497,PRD-7030,4,Review content for product PRD-7030. Overall rating 4/5.,Positive,None
REV-9498,PRD-7152,5,Review content for product PRD-7152. Overall rating 5/5.,Positive,None
REV-9499,PRD-7162,5,Review content for product PRD-7162. Overall rating 5/5.,Positive,None
REV-9500,PRD-7152,4,Review content for product PRD-7152. Overall rating 4/5.,Positive,None
REV-9501,PRD-7442,5,Review content for product PRD-7442. Overall rating 5/5.,Positive,None
REV-9502,PRD-5275,5,Review content for product PRD-5275. Overall rating 5/5.,Positive,None
REV-9503,PRD-5214,3,Review content for product PRD-5214. Overall rating 3/5.,Neutral,Fit Size Issue
REV-9504,PRD-5494,5,Review content for product PRD-5494. Overall rating 5/5.,Positive,None
REV-9505,PRD-6384,5,Review content for product PRD-6384. Overall rating 5/5.,Positive,None
REV-9506,PRD-6603,3,Review content for product PRD-6603. Overall rating 3/5.,Neutral,Fabric Defect
REV-9507,PRD-5346,4,Review content for product PRD-5346. Overall rating 4/5.,Positive,None
REV-9508,PRD-5385,4,Review content for product PRD-5385. Overall rating 4/5.,Positive,None
REV-9509,PRD-6094,5,Review content for product PRD-6094. Overall rating 5/5.,Positive,None
REV-9510,PRD-6260,5,Review content for product PRD-6260. Overall rating 5/5.,Positive,None
REV-9511,PRD-6899,2,Review content for product PRD-6899. Overall rating 2/5.,Negative,Fit Size Issue
REV-9512,PRD-5212,4,Review content for product PRD-5212. Overall rating 4/5.,Positive,None
REV-9513,PRD-5978,5,Review content for product PRD-5978. Overall rating 5/5.,Positive,None
REV-9514,PRD-5716,5,Review content for product PRD-5716. Overall rating 5/5.,Positive,None
REV-9515,PRD-5726,5,Review content for product PRD-5726. Overall rating 5/5.,Positive,None
REV-9516,PRD-7198,5,Review content for product PRD-7198. Overall rating 5/5.,Positive,None
REV-9517,PRD-6106,5,Review content for product PRD-6106. Overall rating 5/5.,Positive,None
REV-9518,PRD-5935,4,Review content for product PRD-5935. Overall rating 4/5.,Positive,None
REV-9519,PRD-6799,3,Review content for product PRD-6799. Overall rating 3/5.,Neutral,None
REV-9520,PRD-7296,5,Review content for product PRD-7296. Overall rating 5/5.,Positive,None
REV-9521,PRD-6541,5,Review content for product PRD-6541. Overall rating 5/5.,Positive,None
REV-9522,PRD-7196,5,Review content for product PRD-7196. Overall rating 5/5.,Positive,None
REV-9523,PRD-5519,4,Review content for product PRD-5519. Overall rating 4/5.,Positive,None
REV-9524,PRD-6472,5,Review content for product PRD-6472. Overall rating 5/5.,Positive,None
REV-9525,PRD-6613,5,Review content for product PRD-6613. Overall rating 5/5.,Positive,None
REV-9526,PRD-5771,4,Review content for product PRD-5771. Overall rating 4/5.,Positive,None
REV-9527,PRD-5677,1,Review content for product PRD-5677. Overall rating 1/5.,Negative,Color Mismatch
REV-9528,PRD-6227,5,Review content for product PRD-6227. Overall rating 5/5.,Positive,None
REV-9529,PRD-7003,5,Review content for product PRD-7003. Overall rating 5/5.,Positive,None
REV-9530,PRD-6769,5,Review content for product PRD-6769. Overall rating 5/5.,Positive,None
REV-9531,PRD-6420,5,Review content for product PRD-6420. Overall rating 5/5.,Positive,None
REV-9532,PRD-6207,5,Review content for product PRD-6207. Overall rating 5/5.,Positive,None
REV-9533,PRD-6663,3,Review content for product PRD-6663. Overall rating 3/5.,Neutral,Color Mismatch
REV-9534,PRD-6876,5,Review content for product PRD-6876. Overall rating 5/5.,Positive,None
REV-9535,PRD-6727,4,Review content for product PRD-6727. Overall rating 4/5.,Positive,None
REV-9536,PRD-7205,3,Review content for product PRD-7205. Overall rating 3/5.,Neutral,Fit Size Issue
REV-9537,PRD-6200,5,Review content for product PRD-6200. Overall rating 5/5.,Positive,None
REV-9538,PRD-7283,5,Review content for product PRD-7283. Overall rating 5/5.,Positive,None
REV-9539,PRD-6864,5,Review content for product PRD-6864. Overall rating 5/5.,Positive,None
REV-9540,PRD-6955,5,Review content for product PRD-6955. Overall rating 5/5.,Positive,None
REV-9541,PRD-6294,3,Review content for product PRD-6294. Overall rating 3/5.,Neutral,None
REV-9542,PRD-7263,4,Review content for product PRD-7263. Overall rating 4/5.,Positive,None
REV-9543,PRD-6466,5,Review content for product PRD-6466. Overall rating 5/5.,Positive,None
REV-9544,PRD-6471,4,Review content for product PRD-6471. Overall rating 4/5.,Positive,None
REV-9545,PRD-5078,4,Review content for product PRD-5078. Overall rating 4/5.,Positive,None
REV-9546,PRD-5638,5,Review content for product PRD-5638. Overall rating 5/5.,Positive,None
REV-9547,PRD-7273,5,Review content for product PRD-7273. Overall rating 5/5.,Positive,None
REV-9548,PRD-5966,5,Review content for product PRD-5966. Overall rating 5/5.,Positive,None
REV-9549,PRD-7306,4,Review content for product PRD-7306. Overall rating 4/5.,Positive,None
REV-9550,PRD-7002,5,Review content for product PRD-7002. Overall rating 5/5.,Positive,None
REV-9551,PRD-6948,4,Review content for product PRD-6948. Overall rating 4/5.,Positive,None
REV-9552,PRD-5677,3,Review content for product PRD-5677. Overall rating 3/5.,Neutral,Damaged Packaging
REV-9553,PRD-7060,5,Review content for product PRD-7060. Overall rating 5/5.,Positive,None
REV-9554,PRD-6855,5,Review content for product PRD-6855. Overall rating 5/5.,Positive,None
REV-9555,PRD-6570,4,Review content for product PRD-6570. Overall rating 4/5.,Positive,None
REV-9556,PRD-6159,5,Review content for product PRD-6159. Overall rating 5/5.,Positive,None
REV-9557,PRD-7161,4,Review content for product PRD-7161. Overall rating 4/5.,Positive,None
REV-9558,PRD-6837,4,Review content for product PRD-6837. Overall rating 4/5.,Positive,None
REV-9559,PRD-6697,5,Review content for product PRD-6697. Overall rating 5/5.,Positive,None
REV-9560,PRD-5375,2,Review content for product PRD-5375. Overall rating 2/5.,Negative,Damaged Packaging
REV-9561,PRD-7014,3,Review content for product PRD-7014. Overall rating 3/5.,Neutral,Damaged Packaging
REV-9562,PRD-5353,3,Review content for product PRD-5353. Overall rating 3/5.,Neutral,Delayed Delivery
REV-9563,PRD-5684,4,Review content for product PRD-5684. Overall rating 4/5.,Positive,None
REV-9564,PRD-5389,3,Review content for product PRD-5389. Overall rating 3/5.,Neutral,Delayed Delivery
REV-9565,PRD-5268,4,Review content for product PRD-5268. Overall rating 4/5.,Positive,None
REV-9566,PRD-6663,5,Review content for product PRD-6663. Overall rating 5/5.,Positive,None
REV-9567,PRD-5408,2,Review content for product PRD-5408. Overall rating 2/5.,Negative,Damaged Packaging
REV-9568,PRD-6076,5,Review content for product PRD-6076. Overall rating 5/5.,Positive,None
REV-9569,PRD-5824,4,Review content for product PRD-5824. Overall rating 4/5.,Positive,None
REV-9570,PRD-5018,5,Review content for product PRD-5018. Overall rating 5/5.,Positive,None
REV-9571,PRD-6135,5,Review content for product PRD-6135. Overall rating 5/5.,Positive,None
REV-9572,PRD-7262,4,Review content for product PRD-7262. Overall rating 4/5.,Positive,None
REV-9573,PRD-6405,5,Review content for product PRD-6405. Overall rating 5/5.,Positive,None
REV-9574,PRD-5524,1,Review content for product PRD-5524. Overall rating 1/5.,Negative,Fabric Defect
REV-9575,PRD-7002,5,Review content for product PRD-7002. Overall rating 5/5.,Positive,None
REV-9576,PRD-7039,5,Review content for product PRD-7039. Overall rating 5/5.,Positive,None
REV-9577,PRD-5118,5,Review content for product PRD-5118. Overall rating 5/5.,Positive,None
REV-9578,PRD-5331,4,Review content for product PRD-5331. Overall rating 4/5.,Positive,None
REV-9579,PRD-5321,4,Review content for product PRD-5321. Overall rating 4/5.,Positive,None
REV-9580,PRD-6039,5,Review content for product PRD-6039. Overall rating 5/5.,Positive,None
REV-9581,PRD-5955,5,Review content for product PRD-5955. Overall rating 5/5.,Positive,None
REV-9582,PRD-7155,4,Review content for product PRD-7155. Overall rating 4/5.,Positive,None
REV-9583,PRD-5285,4,Review content for product PRD-5285. Overall rating 4/5.,Positive,None
REV-9584,PRD-6450,5,Review content for product PRD-6450. Overall rating 5/5.,Positive,None
REV-9585,PRD-6875,3,Review content for product PRD-6875. Overall rating 3/5.,Neutral,Color Mismatch
REV-9586,PRD-5728,5,Review content for product PRD-5728. Overall rating 5/5.,Positive,None
REV-9587,PRD-6877,2,Review content for product PRD-6877. Overall rating 2/5.,Negative,Damaged Packaging
REV-9588,PRD-5713,2,Review content for product PRD-5713. Overall rating 2/5.,Negative,Fit Size Issue
REV-9589,PRD-6013,4,Review content for product PRD-6013. Overall rating 4/5.,Positive,None
REV-9590,PRD-6986,5,Review content for product PRD-6986. Overall rating 5/5.,Positive,None
REV-9591,PRD-6364,3,Review content for product PRD-6364. Overall rating 3/5.,Neutral,Fabric Defect
REV-9592,PRD-5147,5,Review content for product PRD-5147. Overall rating 5/5.,Positive,None
REV-9593,PRD-6189,5,Review content for product PRD-6189. Overall rating 5/5.,Positive,None
REV-9594,PRD-7014,4,Review content for product PRD-7014. Overall rating 4/5.,Positive,None
REV-9595,PRD-7448,3,Review content for product PRD-7448. Overall rating 3/5.,Neutral,Damaged Packaging
REV-9596,PRD-5321,5,Review content for product PRD-5321. Overall rating 5/5.,Positive,None
REV-9597,PRD-6334,2,Review content for product PRD-6334. Overall rating 2/5.,Negative,Damaged Packaging
REV-9598,PRD-5220,5,Review content for product PRD-5220. Overall rating 5/5.,Positive,None
REV-9599,PRD-5894,3,Review content for product PRD-5894. Overall rating 3/5.,Neutral,Color Mismatch
REV-9600,PRD-5897,5,Review content for product PRD-5897. Overall rating 5/5.,Positive,None
REV-9601,PRD-5254,4,Review content for product PRD-5254. Overall rating 4/5.,Positive,None
REV-9602,PRD-7194,4,Review content for product PRD-7194. Overall rating 4/5.,Positive,None
REV-9603,PRD-5442,5,Review content for product PRD-5442. Overall rating 5/5.,Positive,None
REV-9604,PRD-6893,4,Review content for product PRD-6893. Overall rating 4/5.,Positive,None
REV-9605,PRD-5734,5,Review content for product PRD-5734. Overall rating 5/5.,Positive,None
REV-9606,PRD-6862,5,Review content for product PRD-6862. Overall rating 5/5.,Positive,None
REV-9607,PRD-7204,5,Review content for product PRD-7204. Overall rating 5/5.,Positive,None
REV-9608,PRD-5084,5,Review content for product PRD-5084. Overall rating 5/5.,Positive,None
REV-9609,PRD-5407,4,Review content for product PRD-5407. Overall rating 4/5.,Positive,None
REV-9610,PRD-6330,4,Review content for product PRD-6330. Overall rating 4/5.,Positive,None
REV-9611,PRD-7288,5,Review content for product PRD-7288. Overall rating 5/5.,Positive,None
REV-9612,PRD-5744,4,Review content for product PRD-5744. Overall rating 4/5.,Positive,None
REV-9613,PRD-6030,5,Review content for product PRD-6030. Overall rating 5/5.,Positive,None
REV-9614,PRD-7134,5,Review content for product PRD-7134. Overall rating 5/5.,Positive,None
REV-9615,PRD-5570,2,Review content for product PRD-5570. Overall rating 2/5.,Negative,Fit Size Issue
REV-9616,PRD-5724,5,Review content for product PRD-5724. Overall rating 5/5.,Positive,None
REV-9617,PRD-5323,2,Review content for product PRD-5323. Overall rating 2/5.,Negative,Fit Size Issue
REV-9618,PRD-6391,5,Review content for product PRD-6391. Overall rating 5/5.,Positive,None
REV-9619,PRD-6834,4,Review content for product PRD-6834. Overall rating 4/5.,Positive,None
REV-9620,PRD-5990,3,Review content for product PRD-5990. Overall rating 3/5.,Neutral,Fit Size Issue
REV-9621,PRD-6683,5,Review content for product PRD-6683. Overall rating 5/5.,Positive,None
REV-9622,PRD-7014,5,Review content for product PRD-7014. Overall rating 5/5.,Positive,None
REV-9623,PRD-5766,4,Review content for product PRD-5766. Overall rating 4/5.,Positive,None
REV-9624,PRD-7075,4,Review content for product PRD-7075. Overall rating 4/5.,Positive,None
REV-9625,PRD-6716,1,Review content for product PRD-6716. Overall rating 1/5.,Negative,Fabric Defect
REV-9626,PRD-6992,1,Review content for product PRD-6992. Overall rating 1/5.,Negative,Damaged Packaging
REV-9627,PRD-5555,5,Review content for product PRD-5555. Overall rating 5/5.,Positive,None
REV-9628,PRD-7186,5,Review content for product PRD-7186. Overall rating 5/5.,Positive,None
REV-9629,PRD-7117,5,Review content for product PRD-7117. Overall rating 5/5.,Positive,None
REV-9630,PRD-6006,5,Review content for product PRD-6006. Overall rating 5/5.,Positive,None
REV-9631,PRD-5696,5,Review content for product PRD-5696. Overall rating 5/5.,Positive,None
REV-9632,PRD-5337,5,Review content for product PRD-5337. Overall rating 5/5.,Positive,None
REV-9633,PRD-7003,5,Review content for product PRD-7003. Overall rating 5/5.,Positive,None
REV-9634,PRD-5776,5,Review content for product PRD-5776. Overall rating 5/5.,Positive,None
REV-9635,PRD-7185,5,Review content for product PRD-7185. Overall rating 5/5.,Positive,None
REV-9636,PRD-5915,3,Review content for product PRD-5915. Overall rating 3/5.,Neutral,Damaged Packaging
REV-9637,PRD-6720,3,Review content for product PRD-6720. Overall rating 3/5.,Neutral,Color Mismatch
REV-9638,PRD-6320,5,Review content for product PRD-6320. Overall rating 5/5.,Positive,None
REV-9639,PRD-6874,5,Review content for product PRD-6874. Overall rating 5/5.,Positive,None
REV-9640,PRD-5435,2,Review content for product PRD-5435. Overall rating 2/5.,Negative,None
REV-9641,PRD-5830,5,Review content for product PRD-5830. Overall rating 5/5.,Positive,None
REV-9642,PRD-5714,5,Review content for product PRD-5714. Overall rating 5/5.,Positive,None
REV-9643,PRD-5779,5,Review content for product PRD-5779. Overall rating 5/5.,Positive,None
REV-9644,PRD-5444,5,Review content for product PRD-5444. Overall rating 5/5.,Positive,None
REV-9645,PRD-5228,1,Review content for product PRD-5228. Overall rating 1/5.,Negative,Color Mismatch
REV-9646,PRD-6480,5,Review content for product PRD-6480. Overall rating 5/5.,Positive,None
REV-9647,PRD-5488,4,Review content for product PRD-5488. Overall rating 4/5.,Positive,None
REV-9648,PRD-5246,4,Review content for product PRD-5246. Overall rating 4/5.,Positive,None
REV-9649,PRD-7393,4,Review content for product PRD-7393. Overall rating 4/5.,Positive,None
REV-9650,PRD-5953,5,Review content for product PRD-5953. Overall rating 5/5.,Positive,None
REV-9651,PRD-7008,5,Review content for product PRD-7008. Overall rating 5/5.,Positive,None
REV-9652,PRD-7056,1,Review content for product PRD-7056. Overall rating 1/5.,Negative,Fit Size Issue
REV-9653,PRD-6888,5,Review content for product PRD-6888. Overall rating 5/5.,Positive,None
REV-9654,PRD-5542,5,Review content for product PRD-5542. Overall rating 5/5.,Positive,None
REV-9655,PRD-6559,5,Review content for product PRD-6559. Overall rating 5/5.,Positive,None
REV-9656,PRD-5722,2,Review content for product PRD-5722. Overall rating 2/5.,Negative,Damaged Packaging
REV-9657,PRD-5531,3,Review content for product PRD-5531. Overall rating 3/5.,Neutral,Color Mismatch
REV-9658,PRD-6418,5,Review content for product PRD-6418. Overall rating 5/5.,Positive,None
REV-9659,PRD-5262,4,Review content for product PRD-5262. Overall rating 4/5.,Positive,None
REV-9660,PRD-7414,5,Review content for product PRD-7414. Overall rating 5/5.,Positive,None
REV-9661,PRD-5172,5,Review content for product PRD-5172. Overall rating 5/5.,Positive,None
REV-9662,PRD-5956,5,Review content for product PRD-5956. Overall rating 5/5.,Positive,None
REV-9663,PRD-6342,5,Review content for product PRD-6342. Overall rating 5/5.,Positive,None
REV-9664,PRD-6195,5,Review content for product PRD-6195. Overall rating 5/5.,Positive,None
REV-9665,PRD-7443,3,Review content for product PRD-7443. Overall rating 3/5.,Neutral,None
REV-9666,PRD-5991,5,Review content for product PRD-5991. Overall rating 5/5.,Positive,None
REV-9667,PRD-6367,5,Review content for product PRD-6367. Overall rating 5/5.,Positive,None
REV-9668,PRD-6342,5,Review content for product PRD-6342. Overall rating 5/5.,Positive,None
REV-9669,PRD-7421,2,Review content for product PRD-7421. Overall rating 2/5.,Negative,Damaged Packaging
REV-9670,PRD-5596,3,Review content for product PRD-5596. Overall rating 3/5.,Neutral,None
REV-9671,PRD-6030,5,Review content for product PRD-6030. Overall rating 5/5.,Positive,None
REV-9672,PRD-5427,5,Review content for product PRD-5427. Overall rating 5/5.,Positive,None
REV-9673,PRD-7484,5,Review content for product PRD-7484. Overall rating 5/5.,Positive,None
REV-9674,PRD-6100,5,Review content for product PRD-6100. Overall rating 5/5.,Positive,None
REV-9675,PRD-5253,5,Review content for product PRD-5253. Overall rating 5/5.,Positive,None
REV-9676,PRD-5922,5,Review content for product PRD-5922. Overall rating 5/5.,Positive,None
REV-9677,PRD-5017,3,Review content for product PRD-5017. Overall rating 3/5.,Neutral,Damaged Packaging
REV-9678,PRD-5182,5,Review content for product PRD-5182. Overall rating 5/5.,Positive,None
REV-9679,PRD-7417,2,Review content for product PRD-7417. Overall rating 2/5.,Negative,Color Mismatch
REV-9680,PRD-5701,3,Review content for product PRD-5701. Overall rating 3/5.,Neutral,Fit Size Issue
REV-9681,PRD-6469,4,Review content for product PRD-6469. Overall rating 4/5.,Positive,None
REV-9682,PRD-6657,5,Review content for product PRD-6657. Overall rating 5/5.,Positive,None
REV-9683,PRD-5712,4,Review content for product PRD-5712. Overall rating 4/5.,Positive,None
REV-9684,PRD-6282,3,Review content for product PRD-6282. Overall rating 3/5.,Neutral,Fabric Defect
REV-9685,PRD-5079,4,Review content for product PRD-5079. Overall rating 4/5.,Positive,None
REV-9686,PRD-6412,5,Review content for product PRD-6412. Overall rating 5/5.,Positive,None
REV-9687,PRD-5007,3,Review content for product PRD-5007. Overall rating 3/5.,Neutral,Damaged Packaging
REV-9688,PRD-5482,4,Review content for product PRD-5482. Overall rating 4/5.,Positive,None
REV-9689,PRD-5758,5,Review content for product PRD-5758. Overall rating 5/5.,Positive,None
REV-9690,PRD-6085,5,Review content for product PRD-6085. Overall rating 5/5.,Positive,None
REV-9691,PRD-5663,5,Review content for product PRD-5663. Overall rating 5/5.,Positive,None
REV-9692,PRD-6978,5,Review content for product PRD-6978. Overall rating 5/5.,Positive,None
REV-9693,PRD-6603,4,Review content for product PRD-6603. Overall rating 4/5.,Positive,None
REV-9694,PRD-6181,4,Review content for product PRD-6181. Overall rating 4/5.,Positive,None
REV-9695,PRD-7256,2,Review content for product PRD-7256. Overall rating 2/5.,Negative,Fabric Defect
REV-9696,PRD-6310,1,Review content for product PRD-6310. Overall rating 1/5.,Negative,Fabric Defect
REV-9697,PRD-7008,3,Review content for product PRD-7008. Overall rating 3/5.,Neutral,None
REV-9698,PRD-5579,5,Review content for product PRD-5579. Overall rating 5/5.,Positive,None
REV-9699,PRD-6507,4,Review content for product PRD-6507. Overall rating 4/5.,Positive,None
REV-9700,PRD-5883,5,Review content for product PRD-5883. Overall rating 5/5.,Positive,None
REV-9701,PRD-6872,4,Review content for product PRD-6872. Overall rating 4/5.,Positive,None
REV-9702,PRD-5140,5,Review content for product PRD-5140. Overall rating 5/5.,Positive,None
REV-9703,PRD-5290,5,Review content for product PRD-5290. Overall rating 5/5.,Positive,None
REV-9704,PRD-6720,4,Review content for product PRD-6720. Overall rating 4/5.,Positive,None
REV-9705,PRD-5631,5,Review content for product PRD-5631. Overall rating 5/5.,Positive,None
REV-9706,PRD-6340,5,Review content for product PRD-6340. Overall rating 5/5.,Positive,None
REV-9707,PRD-6671,5,Review content for product PRD-6671. Overall rating 5/5.,Positive,None
REV-9708,PRD-5104,3,Review content for product PRD-5104. Overall rating 3/5.,Neutral,Fabric Defect
REV-9709,PRD-5635,3,Review content for product PRD-5635. Overall rating 3/5.,Neutral,Fabric Defect
REV-9710,PRD-5892,2,Review content for product PRD-5892. Overall rating 2/5.,Negative,None
REV-9711,PRD-5279,5,Review content for product PRD-5279. Overall rating 5/5.,Positive,None
REV-9712,PRD-6399,4,Review content for product PRD-6399. Overall rating 4/5.,Positive,None
REV-9713,PRD-6483,5,Review content for product PRD-6483. Overall rating 5/5.,Positive,None
REV-9714,PRD-5897,1,Review content for product PRD-5897. Overall rating 1/5.,Negative,Fit Size Issue
REV-9715,PRD-6978,4,Review content for product PRD-6978. Overall rating 4/5.,Positive,None
REV-9716,PRD-6418,5,Review content for product PRD-6418. Overall rating 5/5.,Positive,None
REV-9717,PRD-6629,5,Review content for product PRD-6629. Overall rating 5/5.,Positive,None
REV-9718,PRD-7106,2,Review content for product PRD-7106. Overall rating 2/5.,Negative,Fit Size Issue
REV-9719,PRD-6856,4,Review content for product PRD-6856. Overall rating 4/5.,Positive,None
REV-9720,PRD-5176,5,Review content for product PRD-5176. Overall rating 5/5.,Positive,None
REV-9721,PRD-5356,5,Review content for product PRD-5356. Overall rating 5/5.,Positive,None
REV-9722,PRD-5691,5,Review content for product PRD-5691. Overall rating 5/5.,Positive,None
REV-9723,PRD-5490,2,Review content for product PRD-5490. Overall rating 2/5.,Negative,Damaged Packaging
REV-9724,PRD-5798,4,Review content for product PRD-5798. Overall rating 4/5.,Positive,None
REV-9725,PRD-6515,5,Review content for product PRD-6515. Overall rating 5/5.,Positive,None
REV-9726,PRD-7275,5,Review content for product PRD-7275. Overall rating 5/5.,Positive,None
REV-9727,PRD-5016,5,Review content for product PRD-5016. Overall rating 5/5.,Positive,None
REV-9728,PRD-5568,5,Review content for product PRD-5568. Overall rating 5/5.,Positive,None
REV-9729,PRD-7407,5,Review content for product PRD-7407. Overall rating 5/5.,Positive,None
REV-9730,PRD-5693,2,Review content for product PRD-5693. Overall rating 2/5.,Negative,Fit Size Issue
REV-9731,PRD-5861,4,Review content for product PRD-5861. Overall rating 4/5.,Positive,None
REV-9732,PRD-5080,3,Review content for product PRD-5080. Overall rating 3/5.,Neutral,Delayed Delivery
REV-9733,PRD-6138,4,Review content for product PRD-6138. Overall rating 4/5.,Positive,None
REV-9734,PRD-6647,2,Review content for product PRD-6647. Overall rating 2/5.,Negative,Fabric Defect
REV-9735,PRD-6503,2,Review content for product PRD-6503. Overall rating 2/5.,Negative,Color Mismatch
REV-9736,PRD-7007,3,Review content for product PRD-7007. Overall rating 3/5.,Neutral,Damaged Packaging
REV-9737,PRD-6386,3,Review content for product PRD-6386. Overall rating 3/5.,Neutral,Fabric Defect
REV-9738,PRD-6656,2,Review content for product PRD-6656. Overall rating 2/5.,Negative,None
REV-9739,PRD-6825,4,Review content for product PRD-6825. Overall rating 4/5.,Positive,None
REV-9740,PRD-7244,5,Review content for product PRD-7244. Overall rating 5/5.,Positive,None
REV-9741,PRD-5164,4,Review content for product PRD-5164. Overall rating 4/5.,Positive,None
REV-9742,PRD-5653,5,Review content for product PRD-5653. Overall rating 5/5.,Positive,None
REV-9743,PRD-7028,5,Review content for product PRD-7028. Overall rating 5/5.,Positive,None
REV-9744,PRD-7136,4,Review content for product PRD-7136. Overall rating 4/5.,Positive,None
REV-9745,PRD-6967,3,Review content for product PRD-6967. Overall rating 3/5.,Neutral,None
REV-9746,PRD-5449,3,Review content for product PRD-5449. Overall rating 3/5.,Neutral,Fabric Defect
REV-9747,PRD-5101,4,Review content for product PRD-5101. Overall rating 4/5.,Positive,None
REV-9748,PRD-6019,5,Review content for product PRD-6019. Overall rating 5/5.,Positive,None
REV-9749,PRD-5465,5,Review content for product PRD-5465. Overall rating 5/5.,Positive,None
REV-9750,PRD-5263,5,Review content for product PRD-5263. Overall rating 5/5.,Positive,None
REV-9751,PRD-6766,3,Review content for product PRD-6766. Overall rating 3/5.,Neutral,None
REV-9752,PRD-6320,3,Review content for product PRD-6320. Overall rating 3/5.,Neutral,None
REV-9753,PRD-5861,4,Review content for product PRD-5861. Overall rating 4/5.,Positive,None
REV-9754,PRD-6362,3,Review content for product PRD-6362. Overall rating 3/5.,Neutral,Fabric Defect
REV-9755,PRD-7329,3,Review content for product PRD-7329. Overall rating 3/5.,Neutral,Delayed Delivery
REV-9756,PRD-6654,3,Review content for product PRD-6654. Overall rating 3/5.,Neutral,Fabric Defect
REV-9757,PRD-7283,1,Review content for product PRD-7283. Overall rating 1/5.,Negative,Fit Size Issue
REV-9758,PRD-6399,4,Review content for product PRD-6399. Overall rating 4/5.,Positive,None
REV-9759,PRD-5044,5,Review content for product PRD-5044. Overall rating 5/5.,Positive,None
REV-9760,PRD-5006,5,Review content for product PRD-5006. Overall rating 5/5.,Positive,None
REV-9761,PRD-6409,5,Review content for product PRD-6409. Overall rating 5/5.,Positive,None
REV-9762,PRD-6408,1,Review content for product PRD-6408. Overall rating 1/5.,Negative,Fit Size Issue
REV-9763,PRD-6493,5,Review content for product PRD-6493. Overall rating 5/5.,Positive,None
REV-9764,PRD-7327,3,Review content for product PRD-7327. Overall rating 3/5.,Neutral,Damaged Packaging
REV-9765,PRD-6413,3,Review content for product PRD-6413. Overall rating 3/5.,Neutral,Delayed Delivery
REV-9766,PRD-5679,1,Review content for product PRD-5679. Overall rating 1/5.,Negative,Fabric Defect
REV-9767,PRD-5523,5,Review content for product PRD-5523. Overall rating 5/5.,Positive,None
REV-9768,PRD-5049,3,Review content for product PRD-5049. Overall rating 3/5.,Neutral,Damaged Packaging
REV-9769,PRD-6256,4,Review content for product PRD-6256. Overall rating 4/5.,Positive,None
REV-9770,PRD-5434,3,Review content for product PRD-5434. Overall rating 3/5.,Neutral,Fabric Defect
REV-9771,PRD-7069,3,Review content for product PRD-7069. Overall rating 3/5.,Neutral,Fabric Defect
REV-9772,PRD-6448,5,Review content for product PRD-6448. Overall rating 5/5.,Positive,None
REV-9773,PRD-5786,5,Review content for product PRD-5786. Overall rating 5/5.,Positive,None
REV-9774,PRD-7134,5,Review content for product PRD-7134. Overall rating 5/5.,Positive,None
REV-9775,PRD-6782,1,Review content for product PRD-6782. Overall rating 1/5.,Negative,None
REV-9776,PRD-5606,5,Review content for product PRD-5606. Overall rating 5/5.,Positive,None
REV-9777,PRD-7111,5,Review content for product PRD-7111. Overall rating 5/5.,Positive,None
REV-9778,PRD-5065,5,Review content for product PRD-5065. Overall rating 5/5.,Positive,None
REV-9779,PRD-6847,5,Review content for product PRD-6847. Overall rating 5/5.,Positive,None
REV-9780,PRD-5124,4,Review content for product PRD-5124. Overall rating 4/5.,Positive,None
REV-9781,PRD-7363,4,Review content for product PRD-7363. Overall rating 4/5.,Positive,None
REV-9782,PRD-5154,4,Review content for product PRD-5154. Overall rating 4/5.,Positive,None
REV-9783,PRD-5783,4,Review content for product PRD-5783. Overall rating 4/5.,Positive,None
REV-9784,PRD-6828,1,Review content for product PRD-6828. Overall rating 1/5.,Negative,Delayed Delivery
REV-9785,PRD-6022,2,Review content for product PRD-6022. Overall rating 2/5.,Negative,Fabric Defect
REV-9786,PRD-7359,5,Review content for product PRD-7359. Overall rating 5/5.,Positive,None
REV-9787,PRD-6477,2,Review content for product PRD-6477. Overall rating 2/5.,Negative,None
REV-9788,PRD-6632,4,Review content for product PRD-6632. Overall rating 4/5.,Positive,None
REV-9789,PRD-7389,4,Review content for product PRD-7389. Overall rating 4/5.,Positive,None
REV-9790,PRD-7295,5,Review content for product PRD-7295. Overall rating 5/5.,Positive,None
REV-9791,PRD-7445,5,Review content for product PRD-7445. Overall rating 5/5.,Positive,None
REV-9792,PRD-5125,3,Review content for product PRD-5125. Overall rating 3/5.,Neutral,Color Mismatch
REV-9793,PRD-5393,2,Review content for product PRD-5393. Overall rating 2/5.,Negative,Damaged Packaging
REV-9794,PRD-7071,4,Review content for product PRD-7071. Overall rating 4/5.,Positive,None
REV-9795,PRD-5721,4,Review content for product PRD-5721. Overall rating 4/5.,Positive,None
REV-9796,PRD-5102,5,Review content for product PRD-5102. Overall rating 5/5.,Positive,None
REV-9797,PRD-5109,5,Review content for product PRD-5109. Overall rating 5/5.,Positive,None
REV-9798,PRD-5095,4,Review content for product PRD-5095. Overall rating 4/5.,Positive,None
REV-9799,PRD-6134,4,Review content for product PRD-6134. Overall rating 4/5.,Positive,None
REV-9800,PRD-6141,4,Review content for product PRD-6141. Overall rating 4/5.,Positive,None
REV-9801,PRD-6001,5,Review content for product PRD-6001. Overall rating 5/5.,Positive,None
REV-9802,PRD-6934,5,Review content for product PRD-6934. Overall rating 5/5.,Positive,None
REV-9803,PRD-6281,5,Review content for product PRD-6281. Overall rating 5/5.,Positive,None
REV-9804,PRD-5765,1,Review content for product PRD-5765. Overall rating 1/5.,Negative,None
REV-9805,PRD-6566,5,Review content for product PRD-6566. Overall rating 5/5.,Positive,None
REV-9806,PRD-6487,5,Review content for product PRD-6487. Overall rating 5/5.,Positive,None
REV-9807,PRD-7488,4,Review content for product PRD-7488. Overall rating 4/5.,Positive,None
REV-9808,PRD-5081,3,Review content for product PRD-5081. Overall rating 3/5.,Neutral,None
REV-9809,PRD-6278,4,Review content for product PRD-6278. Overall rating 4/5.,Positive,None
REV-9810,PRD-5567,5,Review content for product PRD-5567. Overall rating 5/5.,Positive,None
REV-9811,PRD-5409,4,Review content for product PRD-5409. Overall rating 4/5.,Positive,None
REV-9812,PRD-5973,5,Review content for product PRD-5973. Overall rating 5/5.,Positive,None
REV-9813,PRD-5249,2,Review content for product PRD-5249. Overall rating 2/5.,Negative,Fabric Defect
REV-9814,PRD-5182,4,Review content for product PRD-5182. Overall rating 4/5.,Positive,None
REV-9815,PRD-7049,4,Review content for product PRD-7049. Overall rating 4/5.,Positive,None
REV-9816,PRD-6994,5,Review content for product PRD-6994. Overall rating 5/5.,Positive,None
REV-9817,PRD-7058,5,Review content for product PRD-7058. Overall rating 5/5.,Positive,None
REV-9818,PRD-5114,5,Review content for product PRD-5114. Overall rating 5/5.,Positive,None
REV-9819,PRD-7227,2,Review content for product PRD-7227. Overall rating 2/5.,Negative,None
REV-9820,PRD-7139,2,Review content for product PRD-7139. Overall rating 2/5.,Negative,Damaged Packaging
REV-9821,PRD-5860,3,Review content for product PRD-5860. Overall rating 3/5.,Neutral,None
REV-9822,PRD-7168,2,Review content for product PRD-7168. Overall rating 2/5.,Negative,Delayed Delivery
REV-9823,PRD-5203,2,Review content for product PRD-5203. Overall rating 2/5.,Negative,Fabric Defect
REV-9824,PRD-6335,2,Review content for product PRD-6335. Overall rating 2/5.,Negative,Damaged Packaging
REV-9825,PRD-6014,4,Review content for product PRD-6014. Overall rating 4/5.,Positive,None
REV-9826,PRD-6881,5,Review content for product PRD-6881. Overall rating 5/5.,Positive,None
REV-9827,PRD-7463,5,Review content for product PRD-7463. Overall rating 5/5.,Positive,None
REV-9828,PRD-5733,4,Review content for product PRD-5733. Overall rating 4/5.,Positive,None
REV-9829,PRD-6981,5,Review content for product PRD-6981. Overall rating 5/5.,Positive,None
REV-9830,PRD-5859,5,Review content for product PRD-5859. Overall rating 5/5.,Positive,None
REV-9831,PRD-7027,4,Review content for product PRD-7027. Overall rating 4/5.,Positive,None
REV-9832,PRD-5724,5,Review content for product PRD-5724. Overall rating 5/5.,Positive,None
REV-9833,PRD-5181,2,Review content for product PRD-5181. Overall rating 2/5.,Negative,Fabric Defect
REV-9834,PRD-5613,2,Review content for product PRD-5613. Overall rating 2/5.,Negative,Damaged Packaging
REV-9835,PRD-5518,4,Review content for product PRD-5518. Overall rating 4/5.,Positive,None
REV-9836,PRD-6323,2,Review content for product PRD-6323. Overall rating 2/5.,Negative,None
REV-9837,PRD-6563,4,Review content for product PRD-6563. Overall rating 4/5.,Positive,None
REV-9838,PRD-5397,5,Review content for product PRD-5397. Overall rating 5/5.,Positive,None
REV-9839,PRD-5140,2,Review content for product PRD-5140. Overall rating 2/5.,Negative,None
REV-9840,PRD-6867,5,Review content for product PRD-6867. Overall rating 5/5.,Positive,None
REV-9841,PRD-7175,4,Review content for product PRD-7175. Overall rating 4/5.,Positive,None
REV-9842,PRD-7356,2,Review content for product PRD-7356. Overall rating 2/5.,Negative,None
REV-9843,PRD-6387,4,Review content for product PRD-6387. Overall rating 4/5.,Positive,None
REV-9844,PRD-7277,5,Review content for product PRD-7277. Overall rating 5/5.,Positive,None
REV-9845,PRD-7033,4,Review content for product PRD-7033. Overall rating 4/5.,Positive,None
REV-9846,PRD-5206,5,Review content for product PRD-5206. Overall rating 5/5.,Positive,None
REV-9847,PRD-6839,4,Review content for product PRD-6839. Overall rating 4/5.,Positive,None
REV-9848,PRD-6216,3,Review content for product PRD-6216. Overall rating 3/5.,Neutral,None
REV-9849,PRD-5690,2,Review content for product PRD-5690. Overall rating 2/5.,Negative,Fit Size Issue
REV-9850,PRD-6452,3,Review content for product PRD-6452. Overall rating 3/5.,Neutral,Delayed Delivery
REV-9851,PRD-6845,2,Review content for product PRD-6845. Overall rating 2/5.,Negative,Color Mismatch
REV-9852,PRD-5750,5,Review content for product PRD-5750. Overall rating 5/5.,Positive,None
REV-9853,PRD-6641,4,Review content for product PRD-6641. Overall rating 4/5.,Positive,None
REV-9854,PRD-5925,4,Review content for product PRD-5925. Overall rating 4/5.,Positive,None
REV-9855,PRD-7369,4,Review content for product PRD-7369. Overall rating 4/5.,Positive,None
REV-9856,PRD-5573,4,Review content for product PRD-5573. Overall rating 4/5.,Positive,None
REV-9857,PRD-5830,3,Review content for product PRD-5830. Overall rating 3/5.,Neutral,Damaged Packaging
REV-9858,PRD-7257,3,Review content for product PRD-7257. Overall rating 3/5.,Neutral,Fit Size Issue
REV-9859,PRD-6026,5,Review content for product PRD-6026. Overall rating 5/5.,Positive,None
REV-9860,PRD-5529,4,Review content for product PRD-5529. Overall rating 4/5.,Positive,None
REV-9861,PRD-5730,4,Review content for product PRD-5730. Overall rating 4/5.,Positive,None
REV-9862,PRD-7117,1,Review content for product PRD-7117. Overall rating 1/5.,Negative,Color Mismatch
REV-9863,PRD-5849,5,Review content for product PRD-5849. Overall rating 5/5.,Positive,None
REV-9864,PRD-5325,4,Review content for product PRD-5325. Overall rating 4/5.,Positive,None
REV-9865,PRD-7286,1,Review content for product PRD-7286. Overall rating 1/5.,Negative,None
REV-9866,PRD-7285,5,Review content for product PRD-7285. Overall rating 5/5.,Positive,None
REV-9867,PRD-6793,5,Review content for product PRD-6793. Overall rating 5/5.,Positive,None
REV-9868,PRD-5398,5,Review content for product PRD-5398. Overall rating 5/5.,Positive,None
REV-9869,PRD-5150,3,Review content for product PRD-5150. Overall rating 3/5.,Neutral,None
REV-9870,PRD-5035,5,Review content for product PRD-5035. Overall rating 5/5.,Positive,None
REV-9871,PRD-5440,1,Review content for product PRD-5440. Overall rating 1/5.,Negative,Fit Size Issue
REV-9872,PRD-7170,2,Review content for product PRD-7170. Overall rating 2/5.,Negative,Damaged Packaging
REV-9873,PRD-5088,5,Review content for product PRD-5088. Overall rating 5/5.,Positive,None
REV-9874,PRD-6613,5,Review content for product PRD-6613. Overall rating 5/5.,Positive,None
REV-9875,PRD-5726,5,Review content for product PRD-5726. Overall rating 5/5.,Positive,None
REV-9876,PRD-6074,2,Review content for product PRD-6074. Overall rating 2/5.,Negative,Fit Size Issue
REV-9877,PRD-6496,5,Review content for product PRD-6496. Overall rating 5/5.,Positive,None
REV-9878,PRD-5422,4,Review content for product PRD-5422. Overall rating 4/5.,Positive,None
REV-9879,PRD-6997,5,Review content for product PRD-6997. Overall rating 5/5.,Positive,None
REV-9880,PRD-7232,5,Review content for product PRD-7232. Overall rating 5/5.,Positive,None
REV-9881,PRD-5672,1,Review content for product PRD-5672. Overall rating 1/5.,Negative,Damaged Packaging
REV-9882,PRD-5527,5,Review content for product PRD-5527. Overall rating 5/5.,Positive,None
REV-9883,PRD-7041,5,Review content for product PRD-7041. Overall rating 5/5.,Positive,None
REV-9884,PRD-6191,3,Review content for product PRD-6191. Overall rating 3/5.,Neutral,Damaged Packaging
REV-9885,PRD-5166,5,Review content for product PRD-5166. Overall rating 5/5.,Positive,None
REV-9886,PRD-5212,1,Review content for product PRD-5212. Overall rating 1/5.,Negative,None
REV-9887,PRD-5585,5,Review content for product PRD-5585. Overall rating 5/5.,Positive,None
REV-9888,PRD-5876,4,Review content for product PRD-5876. Overall rating 4/5.,Positive,None
REV-9889,PRD-6201,5,Review content for product PRD-6201. Overall rating 5/5.,Positive,None
REV-9890,PRD-5788,4,Review content for product PRD-5788. Overall rating 4/5.,Positive,None
REV-9891,PRD-7029,2,Review content for product PRD-7029. Overall rating 2/5.,Negative,Damaged Packaging
REV-9892,PRD-6801,5,Review content for product PRD-6801. Overall rating 5/5.,Positive,None
REV-9893,PRD-7486,2,Review content for product PRD-7486. Overall rating 2/5.,Negative,None
REV-9894,PRD-6830,4,Review content for product PRD-6830. Overall rating 4/5.,Positive,None
REV-9895,PRD-5284,5,Review content for product PRD-5284. Overall rating 5/5.,Positive,None
REV-9896,PRD-7473,4,Review content for product PRD-7473. Overall rating 4/5.,Positive,None
REV-9897,PRD-5403,4,Review content for product PRD-5403. Overall rating 4/5.,Positive,None
REV-9898,PRD-5501,3,Review content for product PRD-5501. Overall rating 3/5.,Neutral,Damaged Packaging
REV-9899,PRD-5494,5,Review content for product PRD-5494. Overall rating 5/5.,Positive,None
REV-9900,PRD-5912,5,Review content for product PRD-5912. Overall rating 5/5.,Positive,None
REV-9901,PRD-5976,4,Review content for product PRD-5976. Overall rating 4/5.,Positive,None
REV-9902,PRD-6100,5,Review content for product PRD-6100. Overall rating 5/5.,Positive,None
REV-9903,PRD-6146,5,Review content for product PRD-6146. Overall rating 5/5.,Positive,None
REV-9904,PRD-6716,5,Review content for product PRD-6716. Overall rating 5/5.,Positive,None
REV-9905,PRD-7206,5,Review content for product PRD-7206. Overall rating 5/5.,Positive,None
REV-9906,PRD-6932,5,Review content for product PRD-6932. Overall rating 5/5.,Positive,None
REV-9907,PRD-5239,1,Review content for product PRD-5239. Overall rating 1/5.,Negative,Color Mismatch
REV-9908,PRD-6022,4,Review content for product PRD-6022. Overall rating 4/5.,Positive,None
REV-9909,PRD-5952,5,Review content for product PRD-5952. Overall rating 5/5.,Positive,None
REV-9910,PRD-7096,5,Review content for product PRD-7096. Overall rating 5/5.,Positive,None
REV-9911,PRD-5994,4,Review content for product PRD-5994. Overall rating 4/5.,Positive,None
REV-9912,PRD-7352,5,Review content for product PRD-7352. Overall rating 5/5.,Positive,None
REV-9913,PRD-7053,3,Review content for product PRD-7053. Overall rating 3/5.,Neutral,None
REV-9914,PRD-5529,4,Review content for product PRD-5529. Overall rating 4/5.,Positive,None
REV-9915,PRD-5494,3,Review content for product PRD-5494. Overall rating 3/5.,Neutral,Damaged Packaging
REV-9916,PRD-7498,3,Review content for product PRD-7498. Overall rating 3/5.,Neutral,Fabric Defect
REV-9917,PRD-6341,4,Review content for product PRD-6341. Overall rating 4/5.,Positive,None
REV-9918,PRD-5927,3,Review content for product PRD-5927. Overall rating 3/5.,Neutral,None
REV-9919,PRD-6110,5,Review content for product PRD-6110. Overall rating 5/5.,Positive,None
REV-9920,PRD-5903,5,Review content for product PRD-5903. Overall rating 5/5.,Positive,None
REV-9921,PRD-6116,3,Review content for product PRD-6116. Overall rating 3/5.,Neutral,None
REV-9922,PRD-5209,3,Review content for product PRD-5209. Overall rating 3/5.,Neutral,Delayed Delivery
REV-9923,PRD-7492,5,Review content for product PRD-7492. Overall rating 5/5.,Positive,None
REV-9924,PRD-6420,4,Review content for product PRD-6420. Overall rating 4/5.,Positive,None
REV-9925,PRD-5053,2,Review content for product PRD-5053. Overall rating 2/5.,Negative,Fit Size Issue
REV-9926,PRD-5390,5,Review content for product PRD-5390. Overall rating 5/5.,Positive,None
REV-9927,PRD-5392,4,Review content for product PRD-5392. Overall rating 4/5.,Positive,None
REV-9928,PRD-7167,5,Review content for product PRD-7167. Overall rating 5/5.,Positive,None
REV-9929,PRD-6276,4,Review content for product PRD-6276. Overall rating 4/5.,Positive,None
REV-9930,PRD-5679,3,Review content for product PRD-5679. Overall rating 3/5.,Neutral,Color Mismatch
REV-9931,PRD-7083,5,Review content for product PRD-7083. Overall rating 5/5.,Positive,None
REV-9932,PRD-7165,4,Review content for product PRD-7165. Overall rating 4/5.,Positive,None
REV-9933,PRD-6467,4,Review content for product PRD-6467. Overall rating 4/5.,Positive,None
REV-9934,PRD-7311,5,Review content for product PRD-7311. Overall rating 5/5.,Positive,None
REV-9935,PRD-5153,5,Review content for product PRD-5153. Overall rating 5/5.,Positive,None
REV-9936,PRD-5843,3,Review content for product PRD-5843. Overall rating 3/5.,Neutral,Delayed Delivery
REV-9937,PRD-5346,5,Review content for product PRD-5346. Overall rating 5/5.,Positive,None
REV-9938,PRD-6821,3,Review content for product PRD-6821. Overall rating 3/5.,Neutral,Fit Size Issue
REV-9939,PRD-6306,2,Review content for product PRD-6306. Overall rating 2/5.,Negative,Damaged Packaging
REV-9940,PRD-6734,5,Review content for product PRD-6734. Overall rating 5/5.,Positive,None
REV-9941,PRD-5818,1,Review content for product PRD-5818. Overall rating 1/5.,Negative,Damaged Packaging
REV-9942,PRD-5295,5,Review content for product PRD-5295. Overall rating 5/5.,Positive,None
REV-9943,PRD-6949,2,Review content for product PRD-6949. Overall rating 2/5.,Negative,Color Mismatch
REV-9944,PRD-6618,5,Review content for product PRD-6618. Overall rating 5/5.,Positive,None
REV-9945,PRD-6249,4,Review content for product PRD-6249. Overall rating 4/5.,Positive,None
REV-9946,PRD-5959,5,Review content for product PRD-5959. Overall rating 5/5.,Positive,None
REV-9947,PRD-7019,4,Review content for product PRD-7019. Overall rating 4/5.,Positive,None
REV-9948,PRD-7059,4,Review content for product PRD-7059. Overall rating 4/5.,Positive,None
REV-9949,PRD-5199,4,Review content for product PRD-5199. Overall rating 4/5.,Positive,None
REV-9950,PRD-7386,5,Review content for product PRD-7386. Overall rating 5/5.,Positive,None
REV-9951,PRD-5302,5,Review content for product PRD-5302. Overall rating 5/5.,Positive,None
REV-9952,PRD-5255,2,Review content for product PRD-5255. Overall rating 2/5.,Negative,Fabric Defect
REV-9953,PRD-6294,5,Review content for product PRD-6294. Overall rating 5/5.,Positive,None
REV-9954,PRD-6062,5,Review content for product PRD-6062. Overall rating 5/5.,Positive,None
REV-9955,PRD-7174,5,Review content for product PRD-7174. Overall rating 5/5.,Positive,None
REV-9956,PRD-5777,5,Review content for product PRD-5777. Overall rating 5/5.,Positive,None
REV-9957,PRD-7471,5,Review content for product PRD-7471. Overall rating 5/5.,Positive,None
REV-9958,PRD-7028,4,Review content for product PRD-7028. Overall rating 4/5.,Positive,None
REV-9959,PRD-6260,5,Review content for product PRD-6260. Overall rating 5/5.,Positive,None
REV-9960,PRD-5270,5,Review content for product PRD-5270. Overall rating 5/5.,Positive,None
REV-9961,PRD-6942,4,Review content for product PRD-6942. Overall rating 4/5.,Positive,None
REV-9962,PRD-6888,4,Review content for product PRD-6888. Overall rating 4/5.,Positive,None
REV-9963,PRD-6803,4,Review content for product PRD-6803. Overall rating 4/5.,Positive,None
REV-9964,PRD-6632,5,Review content for product PRD-6632. Overall rating 5/5.,Positive,None
REV-9965,PRD-7180,4,Review content for product PRD-7180. Overall rating 4/5.,Positive,None
REV-9966,PRD-6631,5,Review content for product PRD-6631. Overall rating 5/5.,Positive,None
REV-9967,PRD-6708,4,Review content for product PRD-6708. Overall rating 4/5.,Positive,None
REV-9968,PRD-5334,2,Review content for product PRD-5334. Overall rating 2/5.,Negative,Damaged Packaging
REV-9969,PRD-5844,5,Review content for product PRD-5844. Overall rating 5/5.,Positive,None
REV-9970,PRD-6538,5,Review content for product PRD-6538. Overall rating 5/5.,Positive,None
REV-9971,PRD-5951,5,Review content for product PRD-5951. Overall rating 5/5.,Positive,None
REV-9972,PRD-5955,5,Review content for product PRD-5955. Overall rating 5/5.,Positive,None
REV-9973,PRD-6419,5,Review content for product PRD-6419. Overall rating 5/5.,Positive,None
REV-9974,PRD-5703,5,Review content for product PRD-5703. Overall rating 5/5.,Positive,None
REV-9975,PRD-5955,5,Review content for product PRD-5955. Overall rating 5/5.,Positive,None
REV-9976,PRD-5023,5,Review content for product PRD-5023. Overall rating 5/5.,Positive,None
REV-9977,PRD-5728,2,Review content for product PRD-5728. Overall rating 2/5.,Negative,Delayed Delivery
REV-9978,PRD-5758,5,Review content for product PRD-5758. Overall rating 5/5.,Positive,None
REV-9979,PRD-5424,5,Review content for product PRD-5424. Overall rating 5/5.,Positive,None
REV-9980,PRD-5851,4,Review content for product PRD-5851. Overall rating 4/5.,Positive,None
REV-9981,PRD-6277,4,Review content for product PRD-6277. Overall rating 4/5.,Positive,None
REV-9982,PRD-6501,5,Review content for product PRD-6501. Overall rating 5/5.,Positive,None
REV-9983,PRD-5721,5,Review content for product PRD-5721. Overall rating 5/5.,Positive,None
REV-9984,PRD-5285,5,Review content for product PRD-5285. Overall rating 5/5.,Positive,None
REV-9985,PRD-7172,4,Review content for product PRD-7172. Overall rating 4/5.,Positive,None
REV-9986,PRD-5123,5,Review content for product PRD-5123. Overall rating 5/5.,Positive,None
REV-9987,PRD-7291,5,Review content for product PRD-7291. Overall rating 5/5.,Positive,None
REV-9988,PRD-7301,3,Review content for product PRD-7301. Overall rating 3/5.,Neutral,Fit Size Issue
REV-9989,PRD-7487,2,Review content for product PRD-7487. Overall rating 2/5.,Negative,Fit Size Issue
REV-9990,PRD-5893,2,Review content for product PRD-5893. Overall rating 2/5.,Negative,Fabric Defect
REV-9991,PRD-6801,3,Review content for product PRD-6801. Overall rating 3/5.,Neutral,None
REV-9992,PRD-6798,5,Review content for product PRD-6798. Overall rating 5/5.,Positive,None
REV-9993,PRD-5921,5,Review content for product PRD-5921. Overall rating 5/5.,Positive,None
REV-9994,PRD-6162,5,Review content for product PRD-6162. Overall rating 5/5.,Positive,None
REV-9995,PRD-6897,5,Review content for product PRD-6897. Overall rating 5/5.,Positive,None
REV-9996,PRD-6333,5,Review content for product PRD-6333. Overall rating 5/5.,Positive,None
REV-9997,PRD-6493,1,Review content for product PRD-6493. Overall rating 1/5.,Negative,Delayed Delivery
REV-9998,PRD-5743,5,Review content for product PRD-5743. Overall rating 5/5.,Positive,None
REV-9999,PRD-5499,4,Review content for product PRD-5499. Overall rating 4/5.,Positive,None
REV-10000,PRD-5335,5,Review content for product PRD-5335. Overall rating 5/5.,Positive,None
